lead_id,prospect_id,session_id,customer_id,segment_code,segment,product,creative_id,channel,utm_campaign,submitted_ts,branch_id,branch_name,assigned_ts,qualified_flag,duplicate_flag,contact_attempts,contacted_ts,docs_submitted_ts,lead_status,lost_reason
L200000,P100352,S0000020,,FAM,Family Upgraders,housing,CR-F-payless,google,DCO2026,2026-10-14 16:07:00,BR-022,Bang Khae,2026-10-14 17:03:40.839085640,True,False,3,,,Cannot Contact,cannot_contact
L200001,P148192,S0000030,,FAM,Family Upgraders,housing,CR-F-payless,line,DCO2026,2026-10-22 13:37:00,BR-061,Rangsit,2026-10-22 13:57:59.628644080,True,False,2,2026-10-22 15:26:05.476591837,2026-10-30 16:57:58.841666206,Document Pending,
L200002,P167804,S0000054,,FAM,Family Upgraders,housing,CR-D-bizasset,google,DCO2026,2026-09-27 16:22:00,BR-061,Rangsit,2026-09-27 17:56:27.080747806,True,False,1,,,Cannot Contact,cannot_contact
L200003,P157937,S0000127,,FAM,Family Upgraders,housing,CR-B-calculator,google,DCO2026,2026-09-14 10:09:00,BR-044,Khon Kaen,2026-09-14 17:57:31.046906397,False,False,1,,,Not Qualified,not_qualified
L200004,P173781,S0000158,CIF773781,FAM,Family Upgraders,housing,CR-A-ratecut,google,DCO2026,2026-10-30 09:06:00,BR-044,Khon Kaen,2026-10-30 12:56:06.348423958,True,False,1,2026-10-31 10:32:47.166399146,2026-11-05 19:57:59.333342382,Document Pending,
L200005,P130276,S0000169,,FHB,First-Home Urban Starters,housing,CR-A-ratecut,line,DCO2026,2026-09-07 20:24:00,BR-014,Ratchadaphisek,,True,False,2,2026-09-09 12:41:30.317156890,,Contacted,
L200006,P149154,S0000234,,OPT,The Optimizer,refinance,CR-G-firsthome,facebook,DCO2026,2026-11-08 18:10:00,BR-044,Khon Kaen,,True,False,3,,,Document Pending,
L200007,P132119,S0000267,,OPT,The Optimizer,refinance,CR-H-refi-fast,facebook,DCO2026,2026-11-08 09:49:00,BR-052,Chiang Mai,,True,False,2,,,Cannot Contact,cannot_contact
L200008,P135703,S0000279,CIF735703,FHB,First-Home Urban Starters,housing,CR-A-ratecut,line,DCO2026,2026-10-21 21:05:00,BR-044,Khon Kaen,2026-10-21 21:20:14.207005645,True,False,1,2026-10-22 13:31:00.658863715,2026-10-23 22:21:12.029808201,Document Pending,
L200009,P115914,S0000283,,OPT,The Optimizer,refinance,CR-D-bizasset,facebook,DCO2026,2026-10-23 19:01:00,BR-052,Chiang Mai,2026-10-23 19:08:51.215803579,True,False,3,2026-10-24 23:37:09.754826486,,Contacted,
L200010,P163165,S0000298,,FHB,First-Home Urban Starters,housing,CR-B-calculator,facebook,,2026-10-25 13:03:00,BR-014,Ratchadaphisek,2026-10-25 14:29:34.632211214,True,False,2,2026-10-30 04:17:23.374855993,,Contacted,
L200011,P170472,S0000324,,OPT,The Optimizer,refinance,CR-C-familyhome,facebook,DCO2026,2026-09-09 08:32:00,BR-044,Khon Kaen,2026-09-09 12:51:45.514744129,False,False,3,,,Not Qualified,not_qualified
L200012,P101087,S0000359,,OPT,The Optimizer,refinance,CR-A-ratecut,facebook,DCO2026,2026-10-15 14:21:00,BR-052,Chiang Mai,2026-10-15 15:14:31.265092212,True,False,2,2026-10-18 10:00:16.033450849,,Contacted,
L200013,P149816,S0000375,,OPT,The Optimizer,refinance,CR-G-firsthome,display,DCO2026,2026-09-22 18:34:00,BR-031,Hat Yai,2026-09-22 19:25:04.332612524,False,False,5,,,Not Qualified,not_qualified
L200014,P171036,S0000428,,MRL,The Monthly Relief,refinance,CR-B-calculator,line,DCO2026,2026-09-04 12:05:00,BR-061,Rangsit,2026-09-04 14:45:49.229051664,False,False,1,,,Not Qualified,not_qualified
L200015,P111722,S0000431,CIF711722,SAE,Smart Asset Entrepreneurs,housing,CR-B-calculator,google,DCO2026,2026-10-02 07:58:00,BR-014,Ratchadaphisek,2026-10-02 09:13:57.822537027,True,False,2,2026-10-03 02:51:40.712802532,,Contacted,
L200016,P179532,S0000441,,OPT,The Optimizer,refinance,CR-B-calculator,google,DCO2026,2026-09-06 09:35:00,BR-052,Chiang Mai,2026-09-06 09:53:47.935735927,False,False,1,,,Not Qualified,not_qualified
L200017,P116303,S0000454,,MRL,The Monthly Relief,refinance,CR-D-bizasset,google,DCO2026,2026-10-22 12:56:00,BR-044,Khon Kaen,2026-10-22 16:06:32.449018987,False,False,2,,,Not Qualified,not_qualified
L200018,P106468,S0000474,,SAE,Smart Asset Entrepreneurs,housing,CR-B-calculator,google,DCO2026,2026-09-26 17:59:00,BR-052,Chiang Mai,2026-09-26 19:04:47.527578661,True,False,1,2026-09-27 21:45:29.421850839,2026-10-02 02:42:09.140455311,Document Pending,
L200019,P163306,S0000501,,FHB,First-Home Urban Starters,housing,CR-E-refi-save,facebook,DCO2026,2026-09-21 08:51:00,BR-052,Chiang Mai,2026-09-21 09:00:43.528196005,True,False,3,2026-09-23 05:52:55.260460682,2026-10-05 07:42:17.465178693,Document Pending,
L200020,P160060,S0000563,CIF760060,OPT,The Optimizer,refinance,CR-F-payless,line,DCO2026,2026-09-05 10:26:00,BR-031,Hat Yai,2026-09-05 12:00:16.815863254,True,False,1,2026-09-08 11:26:58.511109945,,Contacted,
L200021,P166914,S0000577,,SAE,Smart Asset Entrepreneurs,housing,CR-D-bizasset,facebook,DCO2026,2026-09-26 08:10:00,BR-044,Khon Kaen,2026-09-26 09:45:57.761023506,True,False,1,2026-09-27 10:34:28.974829701,2026-09-29 08:01:37.672116469,Document Pending,
L200022,P119807,S0000580,,MRL,The Monthly Relief,refinance,CR-G-firsthome,google,DCO2026,2026-10-02 21:30:00,BR-014,Ratchadaphisek,2026-10-02 22:45:58.910563342,False,False,2,,,Not Qualified,not_qualified
L200023,P157285,S0000609,,MRL,The Monthly Relief,refinance,CR-A-ratecut,facebook,DCO2026,2026-10-17 15:01:00,BR-022,Bang Khae,,True,False,2,2026-10-19 22:29:27.220361685,2026-10-24 01:27:00.215331392,Document Pending,
L200024,P181499,S0000618,,OPT,The Optimizer,refinance,CR-D-bizasset,display,,2026-09-08 21:25:00,BR-052,Chiang Mai,2026-09-09 00:38:31.115009719,True,False,2,2026-09-10 04:39:45.816431290,2026-09-20 10:29:47.677809766,Document Pending,
L200025,P138243,S0000773,CIF738243,FHB,First-Home Urban Starters,housing,CR-D-bizasset,line,DCO2026,2026-09-26 19:00:00,BR-044,Khon Kaen,2026-09-27 00:11:36.420031287,False,False,4,,,Not Qualified,not_qualified
L200026,P161146,S0000782,,SAE,Smart Asset Entrepreneurs,housing,CR-H-refi-fast,google,DCO2026,2026-10-16 17:04:00,BR-061,Rangsit,2026-10-16 18:44:47.623197835,False,False,4,,,Not Qualified,not_qualified
L200027,P125768,S0000787,,OPT,The Optimizer,refinance,CR-F-payless,facebook,DCO2026,2026-10-01 10:54:00,BR-052,Chiang Mai,2026-10-01 11:31:07.075992504,False,False,3,,,Not Qualified,not_qualified
L200028,P102495,S0000796,CIF702495,FHB,First-Home Urban Starters,housing,CR-D-bizasset,google,,2026-10-10 11:55:00,BR-031,Hat Yai,2026-10-10 16:03:49.406441402,False,False,2,,,Not Qualified,not_qualified
L200029,P113932,S0000814,CIF713932,OPT,The Optimizer,refinance,CR-A-ratecut,facebook,DCO2026,2026-10-03 19:19:00,BR-052,Chiang Mai,2026-10-03 20:27:56.350921074,False,False,5,,,Not Qualified,not_qualified
L200030,P119652,S0000850,CIF719652,FHB,First-Home Urban Starters,housing,CR-E-refi-save,google,DCO2026,2026-10-26 14:53:00,BR-044,Khon Kaen,2026-10-26 17:07:03.122200010,True,False,2,2026-10-27 07:19:12.871246560,,Contacted,
L200031,P179212,S0000882,,FHB,First-Home Urban Starters,housing,CR-E-refi-save,display,DCO2026,2026-09-20 14:19:00,BR-022,Bang Khae,2026-09-20 17:19:19.521062737,True,False,2,2026-09-21 04:31:34.866688914,2026-09-25 03:01:18.496845316,Document Pending,
L200032,P163027,S0000950,,OPT,The Optimizer,refinance,CR-H-refi-fast,display,DCO2026,2026-09-05 07:18:00,BR-031,Hat Yai,2026-09-05 11:10:56.661174724,True,False,2,2026-09-05 21:03:28.809213548,2026-09-13 13:46:07.235824468,Document Pending,
L200033,P161975,S0000966,,MRL,The Monthly Relief,refinance,CR-A-ratecut,display,DCO2026,2026-09-01 21:47:00,BR-014,Ratchadaphisek,2026-09-01 21:51:17.165582821,False,False,1,,,Not Qualified,not_qualified
L200034,P179477,S0000972,,MRL,The Monthly Relief,refinance,CR-E-refi-save,line,DCO2026,2026-09-26 11:11:00,BR-031,Hat Yai,2026-09-26 14:25:14.671281706,False,False,1,,,Not Qualified,not_qualified
L200035,P164794,S0001008,,OPT,The Optimizer,refinance,CR-B-calculator,facebook,DCO2026,2026-10-14 15:15:00,BR-044,Khon Kaen,2026-10-14 15:35:43.295444620,True,False,5,,,Cannot Contact,cannot_contact
L200036,,S0001048,,FHB,First-Home Urban Starters,housing,CR-A-ratecut,facebook,DCO2026,2026-10-19 11:34:00,BR-014,Ratchadaphisek,2026-10-19 12:13:16.133674028,False,False,1,,,Not Qualified,not_qualified
L200037,P100519,S0001055,,FHB,First-Home Urban Starters,housing,CR-D-bizasset,google,DCO2026,2026-09-12 13:24:00,BR-052,Chiang Mai,2026-09-12 14:59:22.712556087,False,False,1,,,Not Qualified,not_qualified
L200038,P129451,S0001077,,FAM,Family Upgraders,housing,CR-C-familyhome,google,DCO2026,2026-11-09 10:02:00,BR-014,Ratchadaphisek,,False,False,2,,,Not Qualified,not_qualified
L200039,P162776,S0001173,,FHB,First-Home Urban Starters,housing,CR-F-payless,display,DCO2026,2026-10-09 14:01:00,BR-014,Ratchadaphisek,2026-10-09 14:51:33.472223102,False,False,5,,,Not Qualified,not_qualified
L200040,,S0001182,CIF745436,FHB,First-Home Urban Starters,housing,CR-F-payless,facebook,DCO2026,2026-09-30 11:46:00,BR-031,Hat Yai,2026-09-30 12:54:39.949285750,False,False,1,,,Not Qualified,not_qualified
L200041,P158384,S0001190,CIF758384,FAM,Family Upgraders,housing,CR-F-payless,facebook,,2026-10-09 10:50:00,BR-031,Hat Yai,2026-10-09 12:01:30.476347216,False,False,5,,,Not Qualified,not_qualified
L200042,P116330,S0001266,,MRL,The Monthly Relief,refinance,CR-D-bizasset,line,DCO2026,2026-11-08 20:50:00,BR-052,Chiang Mai,,True,False,1,,,Cannot Contact,cannot_contact
L200043,P129342,S0001323,,FHB,First-Home Urban Starters,housing,CR-D-bizasset,facebook,DCO2026,2026-09-20 18:40:00,BR-031,Hat Yai,,True,False,3,2026-09-21 05:14:45.191589725,,Contacted,
L200044,P142328,S0001341,,OPT,The Optimizer,refinance,CR-E-refi-save,facebook,DCO2026,2026-10-29 21:04:00,BR-022,Bang Khae,2026-10-29 22:03:15.292733841,True,True,4,,,Duplicate Lead,duplicate_lead
L200045,P170341,S0001356,,SAE,Smart Asset Entrepreneurs,housing,CR-D-bizasset,facebook,DCO2026,2026-10-04 20:33:00,BR-022,Bang Khae,2026-10-04 23:48:22.031815690,True,False,2,2026-10-06 01:54:11.284724437,,Contacted,
L200046,P160915,S0001390,,FAM,Family Upgraders,housing,CR-F-payless,display,DCO2026,2026-10-14 15:57:00,BR-061,Rangsit,,True,False,1,2026-10-15 20:36:26.034367003,2026-10-18 08:49:58.978625174,Document Pending,
L200047,P108073,S0001439,,FHB,First-Home Urban Starters,housing,CR-H-refi-fast,facebook,DCO2026,2026-10-11 07:07:00,BR-044,Khon Kaen,2026-10-11 08:02:02.524582956,False,False,5,,,Not Qualified,not_qualified
L200048,P165858,S0001491,CIF765858,FAM,Family Upgraders,housing,CR-D-bizasset,facebook,DCO2026,2026-09-18 20:19:00,BR-044,Khon Kaen,2026-09-18 21:44:31.241140212,False,False,4,,,Not Qualified,not_qualified
L200049,P173919,S0001509,CIF773919,FHB,First-Home Urban Starters,housing,CR-F-payless,facebook,DCO2026,2026-09-27 12:22:00,BR-031,Hat Yai,2026-09-27 13:52:31.535209512,False,False,1,,,Not Qualified,not_qualified
L200050,P111257,S0001572,,OPT,The Optimizer,refinance,CR-C-familyhome,facebook,DCO2026,2026-09-02 12:29:00,BR-022,Bang Khae,2026-09-02 16:36:47.150875999,False,False,4,,,Not Qualified,not_qualified
L200051,P181580,S0001582,,OPT,The Optimizer,refinance,CR-B-calculator,google,DCO2026,2026-09-04 21:12:00,BR-052,Chiang Mai,2026-09-05 00:32:57.514506072,False,False,1,,,Not Qualified,not_qualified
L200052,P102856,S0001621,,FHB,First-Home Urban Starters,housing,CR-C-familyhome,facebook,DCO2026,2026-10-04 08:42:00,BR-022,Bang Khae,2026-10-04 09:07:14.085961870,False,False,5,,,Not Qualified,not_qualified
L200053,P141850,S0001677,,MRL,The Monthly Relief,refinance,CR-F-payless,google,DCO2026,2026-10-01 20:25:00,BR-022,Bang Khae,2026-10-01 20:26:28.547973757,True,False,1,,,Cannot Contact,cannot_contact
L200054,P152281,S0001695,,SAE,Smart Asset Entrepreneurs,housing,CR-A-ratecut,facebook,DCO2026,2026-11-06 13:45:00,BR-014,Ratchadaphisek,2026-11-06 14:09:55.936143662,False,False,3,,,Not Qualified,not_qualified
L200055,P128343,S0001738,,MRL,The Monthly Relief,refinance,CR-H-refi-fast,google,DCO2026,2026-10-21 07:39:00,BR-014,Ratchadaphisek,2026-10-21 10:30:11.199878924,False,False,2,,,Not Qualified,not_qualified
L200056,P113638,S0001740,,MRL,The Monthly Relief,refinance,CR-G-firsthome,facebook,DCO2026,2026-10-07 22:36:00,BR-044,Khon Kaen,2026-10-07 23:41:17.585150708,True,False,2,2026-10-09 08:01:54.029132839,,Contacted,
L200057,,S0001833,,MRL,The Monthly Relief,refinance,CR-G-firsthome,line,DCO2026,2026-09-24 17:00:00,BR-061,Rangsit,2026-09-24 21:23:39.464427649,False,False,5,,,Not Qualified,not_qualified
L200058,P168960,S0001896,,SAE,Smart Asset Entrepreneurs,housing,CR-H-refi-fast,facebook,DCO2026,2026-10-21 10:06:00,BR-052,Chiang Mai,2026-10-21 11:01:39.640345219,False,False,3,,,Not Qualified,not_qualified
L200059,P157695,S0001958,CIF757695,SAE,Smart Asset Entrepreneurs,housing,CR-C-familyhome,line,DCO2026,2026-09-25 18:49:00,BR-061,Rangsit,2026-09-25 20:22:16.298602740,True,False,2,2026-09-26 14:42:29.730714334,,Contacted,
L200060,P128894,S0001995,,OPT,The Optimizer,refinance,CR-E-refi-save,line,DCO2026,2026-10-15 10:05:00,BR-061,Rangsit,2026-10-15 16:07:29.620532990,False,False,2,,,Not Qualified,not_qualified
L200061,,S0002189,,SAE,Smart Asset Entrepreneurs,housing,CR-B-calculator,google,DCO2026,2026-09-21 22:44:00,BR-014,Ratchadaphisek,2026-09-22 01:25:28.591180422,True,False,2,2026-09-23 06:39:37.075251748,2026-09-25 06:48:49.344341426,Document Pending,
L200062,P151400,S0002205,CIF751400,FAM,Family Upgraders,housing,CR-H-refi-fast,facebook,DCO2026,2026-11-04 13:08:00,BR-022,Bang Khae,2026-11-04 15:41:26.126891146,True,False,5,,,Cannot Contact,cannot_contact
L200063,P171533,S0002228,,MRL,The Monthly Relief,refinance,CR-B-calculator,facebook,DCO2026,2026-09-20 19:00:00,BR-052,Chiang Mai,2026-09-21 02:39:46.597933411,False,False,2,,,Not Qualified,not_qualified
L200064,P149881,S0002257,,OPT,The Optimizer,refinance,CR-D-bizasset,google,DCO2026,2026-09-06 15:12:00,BR-022,Bang Khae,2026-09-06 16:30:01.309436568,True,False,5,,,Cannot Contact,cannot_contact
L200065,P116616,S0002279,,FAM,Family Upgraders,housing,CR-E-refi-save,facebook,DCO2026,2026-10-13 20:50:00,BR-031,Hat Yai,2026-10-13 23:08:54.788777312,True,False,3,,,Cannot Contact,cannot_contact
L200066,P173562,S0002286,,MRL,The Monthly Relief,refinance,CR-B-calculator,facebook,DCO2026,2026-09-27 08:41:00,BR-061,Rangsit,2026-09-27 10:01:56.449302252,False,False,1,,,Not Qualified,not_qualified
L200067,P166861,S0002288,,OPT,The Optimizer,refinance,CR-G-firsthome,facebook,DCO2026,2026-10-08 10:13:00,BR-052,Chiang Mai,2026-10-08 10:31:23.000123649,False,False,5,,,Not Qualified,not_qualified
L200068,P176398,S0002294,,OPT,The Optimizer,refinance,CR-F-payless,facebook,DCO2026,2026-11-04 20:58:00,BR-031,Hat Yai,2026-11-04 21:32:06.500136118,True,False,2,2026-11-06 17:14:14.095689502,2026-11-08 01:48:01.364092375,Document Pending,
L200069,,S0002320,,FHB,First-Home Urban Starters,housing,CR-A-ratecut,facebook,DCO2026,2026-09-13 08:58:00,BR-052,Chiang Mai,2026-09-13 09:31:17.604775652,False,False,4,,,Not Qualified,not_qualified
L200070,P105495,S0002338,,FHB,First-Home Urban Starters,housing,CR-G-firsthome,facebook,DCO2026,2026-09-25 20:48:00,BR-061,Rangsit,2026-09-26 00:33:54.840787570,False,False,3,,,Not Qualified,not_qualified
L200071,P150073,S0002392,,SAE,Smart Asset Entrepreneurs,housing,CR-F-payless,google,DCO2026,2026-09-20 08:27:00,BR-061,Rangsit,2026-09-20 08:49:47.119782280,True,False,2,,,Cannot Contact,cannot_contact
L200072,P132926,S0002419,,FHB,First-Home Urban Starters,housing,CR-F-payless,line,DCO2026,2026-10-12 20:54:00,BR-052,Chiang Mai,2026-10-12 22:40:15.358858532,True,False,2,2026-10-15 16:43:03.679280666,,Contacted,
L200073,P156937,S0002454,,OPT,The Optimizer,refinance,CR-B-calculator,line,DCO2026,2026-10-16 21:30:00,BR-031,Hat Yai,2026-10-16 21:52:36.620192319,False,False,1,,,Not Qualified,not_qualified
L200074,P129883,S0002548,,FHB,First-Home Urban Starters,housing,CR-G-firsthome,google,DCO2026,2026-09-13 15:32:00,BR-044,Khon Kaen,2026-09-13 17:41:21.390715108,True,False,3,2026-09-14 19:17:24.568851236,,Contacted,
L200075,P127654,S0002554,,FAM,Family Upgraders,housing,CR-E-refi-save,google,DCO2026,2026-10-21 15:19:00,BR-052,Chiang Mai,2026-10-21 20:47:32.251287824,False,False,4,,,Not Qualified,not_qualified
L200076,P100590,S0002598,CIF700590,MRL,The Monthly Relief,refinance,CR-G-firsthome,facebook,DCO2026,2026-09-28 08:18:00,BR-031,Hat Yai,2026-09-28 10:13:23.307549646,False,False,5,,,Not Qualified,not_qualified
L200077,P117823,S0002615,,FAM,Family Upgraders,housing,CR-G-firsthome,google,DCO2026,2026-09-29 08:13:00,BR-061,Rangsit,2026-09-29 09:02:49.570110012,True,False,1,2026-09-30 03:58:41.859491533,,Contacted,
L200078,P170761,S0002623,,MRL,The Monthly Relief,refinance,CR-A-ratecut,line,DCO2026,2026-09-21 21:33:00,BR-052,Chiang Mai,2026-09-21 22:54:03.540268630,True,False,3,2026-09-22 13:01:31.300883014,,Contacted,
L200079,,S0002629,,OPT,The Optimizer,refinance,CR-F-payless,facebook,,2026-09-27 20:33:00,BR-031,Hat Yai,2026-09-27 20:46:03.012448857,True,False,2,,,Cannot Contact,cannot_contact
L200080,P152283,S0002673,,FHB,First-Home Urban Starters,housing,CR-C-familyhome,facebook,DCO2026,2026-10-28 12:52:00,BR-014,Ratchadaphisek,2026-10-28 15:08:23.218211283,False,False,1,,,Not Qualified,not_qualified
L200081,P105086,S0002678,,SAE,Smart Asset Entrepreneurs,housing,CR-G-firsthome,facebook,DCO2026,2026-10-31 17:24:00,BR-022,Bang Khae,2026-10-31 19:12:00.509829300,False,False,1,,,Not Qualified,not_qualified
L200082,P139688,S0002730,,FAM,Family Upgraders,housing,CR-D-bizasset,facebook,DCO2026,2026-09-21 20:13:00,BR-061,Rangsit,2026-09-21 22:01:00.904738554,True,True,1,,,Duplicate Lead,duplicate_lead
L200083,P148658,S0002734,,FAM,Family Upgraders,housing,CR-H-refi-fast,line,DCO2026,2026-09-05 15:01:00,BR-052,Chiang Mai,2026-09-05 15:40:40.714059088,False,False,4,,,Not Qualified,not_qualified
L200084,P152145,S0002754,,FAM,Family Upgraders,housing,CR-G-firsthome,facebook,DCO2026,2026-11-01 22:44:00,BR-052,Chiang Mai,2026-11-02 01:35:58.661990967,True,False,1,2026-11-02 14:23:54.769850773,,Contacted,
L200085,P146735,S0002779,CIF746735,FHB,First-Home Urban Starters,housing,CR-C-familyhome,google,DCO2026,2026-09-05 21:41:00,BR-022,Bang Khae,2026-09-06 00:13:58.693776856,True,False,2,2026-09-08 07:46:03.664037626,,Contacted,
L200086,P126764,S0002835,,SAE,Smart Asset Entrepreneurs,housing,CR-H-refi-fast,facebook,DCO2026,2026-09-03 10:42:00,BR-044,Khon Kaen,2026-09-03 15:37:07.420855713,False,False,4,,,Not Qualified,not_qualified
L200087,P136589,S0002888,,SAE,Smart Asset Entrepreneurs,housing,CR-C-familyhome,facebook,DCO2026,2026-09-23 12:48:00,BR-031,Hat Yai,2026-09-23 13:08:25.737189129,True,False,3,2026-09-25 11:36:48.985886548,,Contacted,
L200088,P162407,S0002968,,FAM,Family Upgraders,housing,CR-D-bizasset,facebook,DCO2026,2026-09-18 08:56:00,BR-022,Bang Khae,2026-09-18 10:14:15.168161898,False,False,5,,,Not Qualified,not_qualified
L200089,P152444,S0002996,,FAM,Family Upgraders,housing,CR-F-payless,facebook,DCO2026,2026-09-16 09:30:00,BR-052,Chiang Mai,2026-09-16 11:56:20.023376784,True,False,2,2026-09-16 18:39:59.888923909,2026-09-26 17:22:20.260436862,Document Pending,
L200090,P167055,S0002998,,FHB,First-Home Urban Starters,housing,CR-F-payless,display,DCO2026,2026-10-05 08:46:00,BR-052,Chiang Mai,2026-10-05 11:32:18.661730656,False,False,2,,,Not Qualified,not_qualified
L200091,P138168,S0003052,,SAE,Smart Asset Entrepreneurs,housing,CR-B-calculator,facebook,DCO2026,2026-10-05 07:49:00,BR-044,Khon Kaen,2026-10-05 08:15:03.149598170,False,False,4,,,Not Qualified,not_qualified
L200092,P139405,S0003064,CIF739405,SAE,Smart Asset Entrepreneurs,housing,CR-G-firsthome,display,DCO2026,2026-10-06 18:45:00,BR-014,Ratchadaphisek,2026-10-06 21:08:16.168084087,False,False,1,,,Not Qualified,not_qualified
L200093,,S0003093,,OPT,The Optimizer,refinance,CR-H-refi-fast,facebook,DCO2026,2026-10-23 17:49:00,BR-044,Khon Kaen,2026-10-23 20:15:26.419710156,True,False,3,2026-10-25 19:56:29.525496398,,Contacted,
L200094,P181067,S0003102,,OPT,The Optimizer,refinance,CR-A-ratecut,facebook,DCO2026,2026-09-28 22:00:00,BR-022,Bang Khae,2026-09-29 01:53:45.993235178,True,False,2,2026-09-30 14:41:49.636598150,,Contacted,
L200095,P152784,S0003124,,OPT,The Optimizer,refinance,CR-B-calculator,facebook,DCO2026,2026-09-28 13:33:00,BR-031,Hat Yai,2026-09-28 15:54:27.393398179,False,False,2,,,Not Qualified,not_qualified
L200096,P132331,S0003144,,OPT,The Optimizer,refinance,CR-G-firsthome,google,DCO2026,2026-09-09 19:42:00,BR-044,Khon Kaen,2026-09-09 22:46:38.529661123,True,False,2,2026-09-10 04:01:07.679766360,,Contacted,
L200097,,S0003174,CIF762043,FHB,First-Home Urban Starters,housing,CR-G-firsthome,facebook,DCO2026,2026-10-27 20:44:00,BR-014,Ratchadaphisek,2026-10-27 22:40:47.150888730,False,False,4,,,Not Qualified,not_qualified
L200098,P178861,S0003213,,FHB,First-Home Urban Starters,housing,CR-B-calculator,google,DCO2026,2026-09-29 14:15:00,BR-061,Rangsit,2026-09-29 18:21:51.545115532,False,False,2,,,Not Qualified,not_qualified
L200099,P131902,S0003237,CIF731902,OPT,The Optimizer,refinance,CR-F-payless,google,DCO2026,2026-09-05 07:18:00,BR-044,Khon Kaen,2026-09-05 11:17:59.731801533,False,False,5,,,Not Qualified,not_qualified
L200100,P114694,S0003242,,OPT,The Optimizer,refinance,CR-D-bizasset,line,DCO2026,2026-10-23 16:51:00,BR-044,Khon Kaen,2026-10-23 19:19:59.135991841,False,False,3,,,Not Qualified,not_qualified
L200101,P101218,S0003254,,OPT,The Optimizer,refinance,CR-H-refi-fast,facebook,DCO2026,2026-10-17 09:03:00,BR-044,Khon Kaen,2026-10-17 11:10:20.698683103,False,False,3,,,Not Qualified,not_qualified
L200102,P159833,S0003280,,FHB,First-Home Urban Starters,housing,CR-B-calculator,facebook,DCO2026,2026-10-10 22:08:00,BR-052,Chiang Mai,2026-10-10 22:42:30.027495853,False,False,5,,,Not Qualified,not_qualified
L200103,P167004,S0003316,,OPT,The Optimizer,refinance,CR-F-payless,facebook,DCO2026,2026-10-29 11:52:00,BR-031,Hat Yai,2026-10-29 12:19:46.179459813,True,False,2,2026-10-31 01:05:27.748840659,2026-11-01 05:58:19.750827448,Document Pending,
L200104,P138292,S0003366,,MRL,The Monthly Relief,refinance,CR-B-calculator,line,DCO2026,2026-09-03 12:00:00,BR-014,Ratchadaphisek,2026-09-03 13:15:27.054387406,True,False,2,,,Cannot Contact,cannot_contact
L200105,P134163,S0003382,,FHB,First-Home Urban Starters,housing,CR-G-firsthome,display,DCO2026,2026-10-06 18:41:00,BR-044,Khon Kaen,2026-10-06 19:36:57.718574461,False,False,2,,,Not Qualified,not_qualified
L200106,P100602,S0003388,,FAM,Family Upgraders,housing,CR-C-familyhome,google,,2026-09-11 22:01:00,BR-031,Hat Yai,2026-09-12 03:04:39.558275910,True,False,1,2026-09-12 09:11:20.438207259,,Contacted,
L200107,P158073,S0003442,CIF758073,FHB,First-Home Urban Starters,housing,CR-H-refi-fast,google,DCO2026,2026-09-10 22:55:00,BR-014,Ratchadaphisek,2026-09-11 02:05:03.511016403,True,False,1,2026-09-12 12:13:44.310893187,,Contacted,
L200108,P103283,S0003443,,FAM,Family Upgraders,housing,CR-D-bizasset,line,DCO2026,2026-10-19 18:57:00,BR-044,Khon Kaen,2026-10-19 21:00:36.516271068,True,False,3,2026-10-22 04:56:13.303954150,,Contacted,
L200109,P167153,S0003570,,FAM,Family Upgraders,housing,CR-H-refi-fast,google,DCO2026,2026-10-11 11:43:00,BR-061,Rangsit,2026-10-11 14:07:07.534070992,True,False,2,2026-10-12 08:02:42.836762499,2026-10-15 01:26:06.634539980,Document Pending,
L200110,P160030,S0003624,,OPT,The Optimizer,refinance,CR-G-firsthome,facebook,DCO2026,2026-10-04 20:15:00,BR-044,Khon Kaen,2026-10-04 21:00:33.068149750,False,False,5,,,Not Qualified,not_qualified
L200111,P114598,S0003651,,FAM,Family Upgraders,housing,CR-H-refi-fast,google,DCO2026,2026-10-13 22:56:00,BR-022,Bang Khae,2026-10-14 00:25:43.994082937,True,False,1,2026-10-16 04:24:10.363011938,2026-10-20 10:22:17.528562099,Document Pending,
L200112,P126365,S0003708,,MRL,The Monthly Relief,refinance,CR-F-payless,facebook,DCO2026,2026-09-12 07:23:00,BR-014,Ratchadaphisek,2026-09-12 08:21:05.919791365,False,False,3,,,Not Qualified,not_qualified
L200113,P140448,S0003774,CIF740448,FHB,First-Home Urban Starters,housing,CR-C-familyhome,google,DCO2026,2026-09-30 07:32:00,BR-022,Bang Khae,2026-09-30 08:43:23.371665050,True,False,3,2026-10-01 12:24:14.616227002,2026-10-07 11:48:39.346698309,Document Pending,
L200114,P104918,S0003872,CIF704918,FHB,First-Home Urban Starters,housing,CR-E-refi-save,google,DCO2026,2026-10-25 22:22:00,BR-031,Hat Yai,2026-10-25 22:35:19.477203996,False,False,5,,,Not Qualified,not_qualified
L200115,P178506,S0003876,,FHB,First-Home Urban Starters,housing,CR-F-payless,facebook,DCO2026,2026-10-05 09:32:00,BR-044,Khon Kaen,2026-10-05 12:25:06.360915210,True,False,3,2026-10-06 10:25:17.157237770,,Contacted,
L200116,P119625,S0003882,,MRL,The Monthly Relief,refinance,CR-F-payless,display,DCO2026,2026-11-05 10:55:00,BR-014,Ratchadaphisek,2026-11-05 12:45:53.902289626,False,False,4,,,Not Qualified,not_qualified
L200117,P174355,S0003927,CIF774355,FAM,Family Upgraders,housing,CR-H-refi-fast,line,DCO2026,2026-09-26 17:17:00,BR-031,Hat Yai,,True,False,1,2026-09-27 22:37:44.626769966,,Contacted,
L200118,P147567,S0003950,CIF747567,FAM,Family Upgraders,housing,CR-G-firsthome,facebook,DCO2026,2026-09-22 14:45:00,BR-044,Khon Kaen,2026-09-22 15:36:30.965472349,True,False,1,2026-09-23 01:56:30.603861700,,Contacted,
L200119,,S0003967,,SAE,Smart Asset Entrepreneurs,housing,CR-C-familyhome,google,DCO2026,2026-10-09 11:12:00,BR-044,Khon Kaen,2026-10-09 12:00:52.896141342,False,False,3,,,Not Qualified,not_qualified
L200120,P105034,S0003996,CIF705034,OPT,The Optimizer,refinance,CR-E-refi-save,google,,2026-09-03 22:11:00,BR-022,Bang Khae,2026-09-04 01:05:24.575602546,True,True,2,,,Duplicate Lead,duplicate_lead
L200121,P137874,S0004041,,FHB,First-Home Urban Starters,housing,CR-B-calculator,display,,2026-10-30 11:23:00,BR-052,Chiang Mai,2026-10-30 11:57:32.290623976,False,False,2,,,Not Qualified,not_qualified
L200122,P102470,S0004086,,FHB,First-Home Urban Starters,housing,CR-E-refi-save,line,DCO2026,2026-10-12 17:27:00,BR-022,Bang Khae,2026-10-12 18:16:04.121985255,True,False,1,2026-10-13 07:28:48.859487428,,Contacted,
L200123,P128367,S0004135,CIF728367,FHB,First-Home Urban Starters,housing,CR-H-refi-fast,google,DCO2026,2026-10-14 08:31:00,BR-014,Ratchadaphisek,2026-10-14 09:03:55.450973713,False,False,1,,,Not Qualified,not_qualified
L200124,P181684,S0004234,,OPT,The Optimizer,refinance,CR-C-familyhome,facebook,DCO2026,2026-09-26 21:13:00,BR-052,Chiang Mai,2026-09-26 22:17:36.255492184,True,False,2,2026-09-29 13:48:28.571384695,2026-10-02 19:20:56.617977327,Document Pending,
L200125,P137308,S0004265,,OPT,The Optimizer,refinance,CR-F-payless,google,DCO2026,2026-10-04 11:33:00,BR-014,Ratchadaphisek,,False,False,4,,,Not Qualified,not_qualified
L200126,P125582,S0004268,,FAM,Family Upgraders,housing,CR-D-bizasset,google,DCO2026,2026-09-28 09:34:00,BR-014,Ratchadaphisek,2026-09-28 14:08:42.615183432,False,False,1,,,Not Qualified,not_qualified
L200127,P141732,S0004272,CIF741732,MRL,The Monthly Relief,refinance,CR-F-payless,facebook,DCO2026,2026-10-16 18:06:00,BR-031,Hat Yai,2026-10-16 20:55:47.559194641,True,False,1,2026-10-17 11:18:16.328548350,,Contacted,
L200128,P104100,S0004312,,OPT,The Optimizer,refinance,CR-G-firsthome,facebook,DCO2026,2026-09-27 18:18:00,BR-044,Khon Kaen,2026-09-27 21:32:56.683616096,False,False,5,,,Not Qualified,not_qualified
L200129,P181145,S0004372,CIF781145,FAM,Family Upgraders,housing,CR-B-calculator,display,DCO2026,2026-09-26 21:46:00,BR-014,Ratchadaphisek,2026-09-26 22:07:01.488455488,True,False,2,2026-09-27 21:45:15.756727077,,Contacted,
L200130,P123472,S0004377,CIF723472,FAM,Family Upgraders,housing,CR-F-payless,facebook,DCO2026,2026-09-04 11:30:00,BR-044,Khon Kaen,2026-09-04 14:21:41.205115044,True,True,4,,,Duplicate Lead,duplicate_lead
L200131,P147838,S0004386,CIF747838,OPT,The Optimizer,refinance,CR-G-firsthome,display,DCO2026,2026-10-03 07:25:00,BR-031,Hat Yai,2026-10-03 08:32:15.993619827,True,False,2,2026-10-04 07:44:05.034304754,,Contacted,
L200132,P177620,S0004397,,FHB,First-Home Urban Starters,housing,CR-G-firsthome,line,DCO2026,2026-09-08 22:35:00,BR-022,Bang Khae,,False,False,4,,,Not Qualified,not_qualified
L200133,P151501,S0004459,,SAE,Smart Asset Entrepreneurs,housing,CR-B-calculator,display,DCO2026,2026-09-25 21:17:00,BR-022,Bang Khae,2026-09-25 22:21:05.798708900,False,False,2,,,Not Qualified,not_qualified
L200134,P135345,S0004468,,FAM,Family Upgraders,housing,CR-A-ratecut,facebook,DCO2026,2026-10-10 11:17:00,BR-044,Khon Kaen,2026-10-10 12:21:24.074373993,True,False,3,2026-10-11 15:58:30.127338607,2026-10-17 15:10:11.313185146,Document Pending,
L200135,,S0004517,,OPT,The Optimizer,refinance,CR-F-payless,line,DCO2026,2026-09-19 21:46:00,BR-014,Ratchadaphisek,2026-09-19 23:01:46.235424560,True,False,1,2026-09-21 17:28:41.616804146,2026-09-30 22:34:44.528822488,Document Pending,
L200136,P140961,S0004554,,OPT,The Optimizer,refinance,CR-G-firsthome,facebook,DCO2026,2026-09-05 15:18:00,BR-031,Hat Yai,2026-09-05 16:13:02.366754297,True,False,4,,,Cannot Contact,cannot_contact
L200137,P141161,S0004564,CIF741161,SAE,Smart Asset Entrepreneurs,housing,CR-A-ratecut,facebook,DCO2026,2026-10-02 19:21:00,BR-061,Rangsit,2026-10-02 21:22:11.890495902,True,False,2,,,Cannot Contact,cannot_contact
L200138,P138683,S0004576,,MRL,The Monthly Relief,refinance,CR-D-bizasset,facebook,DCO2026,2026-09-27 16:57:00,BR-014,Ratchadaphisek,2026-09-27 21:21:08.520364270,True,False,2,2026-09-30 13:57:45.913542573,,Contacted,
L200139,P103386,S0004588,,FHB,First-Home Urban Starters,housing,CR-B-calculator,facebook,DCO2026,2026-09-02 07:46:00,BR-044,Khon Kaen,2026-09-02 13:05:23.347125555,False,False,2,,,Not Qualified,not_qualified
L200140,,S0004649,,FHB,First-Home Urban Starters,housing,CR-B-calculator,google,DCO2026,2026-09-01 18:56:00,BR-031,Hat Yai,2026-09-01 22:18:00.335005590,True,False,4,,,Cannot Contact,cannot_contact
L200141,P140187,S0004775,,FHB,First-Home Urban Starters,housing,CR-C-familyhome,line,DCO2026,2026-11-06 09:25:00,BR-022,Bang Khae,2026-11-06 15:48:27.032926549,False,False,3,,,Not Qualified,not_qualified
L200142,,S0004811,,FAM,Family Upgraders,housing,CR-A-ratecut,facebook,DCO2026,2026-10-05 17:20:00,BR-052,Chiang Mai,2026-10-05 20:11:45.489686850,True,False,2,2026-10-06 20:11:59.211731952,,Contacted,
L200143,P126287,S0004819,,OPT,The Optimizer,refinance,CR-E-refi-save,facebook,DCO2026,2026-09-07 16:53:00,BR-014,Ratchadaphisek,2026-09-07 18:06:54.322830962,False,False,5,,,Not Qualified,not_qualified
L200144,P132645,S0004821,,MRL,The Monthly Relief,refinance,CR-A-ratecut,facebook,DCO2026,2026-10-29 22:47:00,BR-031,Hat Yai,2026-10-30 00:47:12.113301452,False,False,2,,,Not Qualified,not_qualified
L200145,P155424,S0004854,,OPT,The Optimizer,refinance,CR-E-refi-save,google,DCO2026,2026-10-06 08:33:00,BR-031,Hat Yai,2026-10-06 10:42:48.973963381,False,False,3,,,Not Qualified,not_qualified
L200146,P143243,S0004867,,MRL,The Monthly Relief,refinance,CR-A-ratecut,line,DCO2026,2026-09-01 22:40:00,BR-031,Hat Yai,,False,False,2,,,Not Qualified,not_qualified
L200147,P119911,S0004869,,FAM,Family Upgraders,housing,CR-A-ratecut,display,DCO2026,2026-09-01 15:57:00,BR-031,Hat Yai,2026-09-01 18:17:14.465040655,True,False,3,2026-09-02 20:24:33.550712924,,Contacted,
L200148,P173059,S0004893,,OPT,The Optimizer,refinance,CR-E-refi-save,google,DCO2026,2026-10-07 18:48:00,BR-061,Rangsit,2026-10-07 19:25:08.045371261,True,False,3,2026-10-08 03:40:59.365874247,,Contacted,
L200149,P119200,S0004899,,SAE,Smart Asset Entrepreneurs,housing,CR-C-familyhome,google,DCO2026,2026-10-02 16:53:00,BR-061,Rangsit,2026-10-03 00:33:49.974898792,False,False,1,,,Not Qualified,not_qualified
L200150,,S0004974,,FHB,First-Home Urban Starters,housing,CR-B-calculator,facebook,DCO2026,2026-09-25 20:11:00,BR-022,Bang Khae,2026-09-25 22:04:41.087813197,False,False,4,,,Not Qualified,not_qualified
L200151,P140274,S0004979,,FHB,First-Home Urban Starters,housing,CR-G-firsthome,facebook,DCO2026,2026-09-22 12:32:00,BR-044,Khon Kaen,2026-09-22 12:58:21.565241995,False,False,3,,,Not Qualified,not_qualified
L200152,P178227,S0005060,,FHB,First-Home Urban Starters,housing,CR-E-refi-save,display,DCO2026,2026-09-10 09:51:00,BR-052,Chiang Mai,2026-09-10 10:04:03.859468860,True,False,2,2026-09-11 00:19:16.781158174,,Contacted,
L200153,P127149,S0005072,,FAM,Family Upgraders,housing,CR-E-refi-save,facebook,DCO2026,2026-09-15 21:00:00,BR-044,Khon Kaen,2026-09-15 22:42:06.266956219,False,False,4,,,Not Qualified,not_qualified
L200154,P135501,S0005087,,OPT,The Optimizer,refinance,CR-B-calculator,line,DCO2026,2026-09-19 18:24:00,BR-044,Khon Kaen,2026-09-20 01:20:17.580903410,True,False,1,2026-09-20 22:04:40.717599398,2026-09-23 09:27:03.953046895,Document Pending,
L200155,P106492,S0005096,,FHB,First-Home Urban Starters,housing,CR-F-payless,facebook,DCO2026,2026-09-25 13:12:00,BR-022,Bang Khae,2026-09-25 13:54:22.848796940,True,False,3,2026-09-25 18:37:04.805144191,,Contacted,
L200156,P162408,S0005132,,FHB,First-Home Urban Starters,housing,CR-A-ratecut,facebook,DCO2026,2026-09-07 15:10:00,BR-044,Khon Kaen,2026-09-07 18:38:59.635084346,False,False,4,,,Not Qualified,not_qualified
L200157,P163893,S0005152,,OPT,The Optimizer,refinance,CR-E-refi-save,facebook,DCO2026,2026-10-26 07:34:00,BR-014,Ratchadaphisek,2026-10-26 08:47:15.163107193,True,False,4,,,Cannot Contact,cannot_contact
L200158,,S0005154,,SAE,Smart Asset Entrepreneurs,housing,CR-F-payless,facebook,DCO2026,2026-09-16 12:44:00,BR-031,Hat Yai,2026-09-16 14:49:44.749269513,False,False,1,,,Not Qualified,not_qualified
L200159,P175528,S0005183,,FHB,First-Home Urban Starters,housing,CR-E-refi-save,google,DCO2026,2026-10-23 17:13:00,BR-031,Hat Yai,2026-10-23 18:49:58.166580117,True,False,2,2026-10-25 05:55:52.558978788,,Contacted,
L200160,P180326,S0005283,CIF780326,FHB,First-Home Urban Starters,housing,CR-H-refi-fast,google,DCO2026,2026-09-30 22:08:00,BR-014,Ratchadaphisek,2026-09-30 22:46:45.349084780,True,False,1,2026-10-01 19:59:06.413958885,,Contacted,
L200161,P151048,S0005285,,FHB,First-Home Urban Starters,housing,CR-H-refi-fast,facebook,DCO2026,2026-10-20 11:11:00,BR-044,Khon Kaen,2026-10-20 13:54:55.617896038,True,False,2,2026-10-21 06:25:04.105492803,,Contacted,
L200162,,S0005316,CIF706599,FHB,First-Home Urban Starters,housing,CR-A-ratecut,display,DCO2026,2026-09-07 07:18:00,BR-061,Rangsit,2026-09-07 09:44:17.051923381,True,True,1,,,Duplicate Lead,duplicate_lead
L200163,P118235,S0005388,CIF718235,OPT,The Optimizer,refinance,CR-F-payless,google,DCO2026,2026-09-23 20:30:00,BR-061,Rangsit,2026-09-23 21:04:43.228408206,False,False,2,,,Not Qualified,not_qualified
L200164,P109953,S0005463,,OPT,The Optimizer,refinance,CR-C-familyhome,google,DCO2026,2026-11-04 16:31:00,BR-022,Bang Khae,2026-11-04 17:55:23.912027942,True,False,5,,,Cannot Contact,cannot_contact
L200165,P166625,S0005496,,FHB,First-Home Urban Starters,housing,CR-D-bizasset,facebook,DCO2026,2026-10-25 13:02:00,BR-031,Hat Yai,2026-10-25 14:38:57.973047883,False,False,2,,,Not Qualified,not_qualified
L200166,P127190,S0005621,CIF727190,OPT,The Optimizer,refinance,CR-B-calculator,facebook,DCO2026,2026-10-15 09:15:00,BR-061,Rangsit,2026-10-15 11:01:52.561782778,False,False,5,,,Not Qualified,not_qualified
L200167,P116768,S0005656,,MRL,The Monthly Relief,refinance,CR-E-refi-save,google,DCO2026,2026-10-31 22:16:00,BR-044,Khon Kaen,2026-11-01 04:05:51.268856732,False,False,4,,,Not Qualified,not_qualified
L200168,P171452,S0005660,CIF771452,OPT,The Optimizer,refinance,CR-H-refi-fast,facebook,DCO2026,2026-09-02 14:10:00,BR-022,Bang Khae,2026-09-02 14:38:59.465157870,False,False,4,,,Not Qualified,not_qualified
L200169,P130219,S0005671,CIF730219,FHB,First-Home Urban Starters,housing,CR-D-bizasset,google,DCO2026,2026-10-14 12:16:00,BR-014,Ratchadaphisek,2026-10-14 13:26:05.668707770,False,False,2,,,Not Qualified,not_qualified
L200170,P113822,S0005749,CIF713822,FHB,First-Home Urban Starters,housing,CR-G-firsthome,display,DCO2026,2026-11-06 16:19:00,BR-014,Ratchadaphisek,2026-11-07 01:42:54.834061084,True,False,3,2026-11-08 02:31:06.315686852,,Contacted,
L200171,P113579,S0005759,,FAM,Family Upgraders,housing,CR-E-refi-save,facebook,DCO2026,2026-09-25 15:33:00,BR-014,Ratchadaphisek,2026-09-25 16:56:56.765810227,False,False,3,,,Not Qualified,not_qualified
L200172,P138420,S0005765,,MRL,The Monthly Relief,refinance,CR-F-payless,facebook,DCO2026,2026-10-28 09:11:00,BR-022,Bang Khae,2026-10-28 09:39:00.386792986,False,False,1,,,Not Qualified,not_qualified
L200173,P161910,S0005795,CIF761910,OPT,The Optimizer,refinance,CR-F-payless,facebook,DCO2026,2026-10-01 07:38:00,BR-022,Bang Khae,2026-10-01 08:59:46.397639869,True,False,3,2026-10-02 06:37:41.156927584,,Contacted,
L200174,P103881,S0005797,CIF703881,FAM,Family Upgraders,housing,CR-A-ratecut,facebook,DCO2026,2026-09-18 07:17:00,BR-061,Rangsit,2026-09-18 12:21:57.007891221,True,False,3,2026-09-19 12:58:46.900621284,2026-09-22 05:31:33.642174505,Document Pending,
L200175,P146545,S0005807,,SAE,Smart Asset Entrepreneurs,housing,CR-E-refi-save,facebook,DCO2026,2026-09-14 08:26:00,BR-052,Chiang Mai,2026-09-14 08:31:22.028355643,False,False,3,,,Not Qualified,not_qualified
L200176,P146479,S0005818,,FHB,First-Home Urban Starters,housing,CR-C-familyhome,facebook,DCO2026,2026-09-21 11:58:00,BR-052,Chiang Mai,2026-09-21 17:15:27.260043424,True,False,3,,,Cannot Contact,cannot_contact
L200177,P134654,S0005830,CIF734654,OPT,The Optimizer,refinance,CR-C-familyhome,google,DCO2026,2026-11-09 17:14:00,BR-044,Khon Kaen,,True,False,3,,,Document Pending,
L200178,P153090,S0005857,,OPT,The Optimizer,refinance,CR-D-bizasset,facebook,DCO2026,2026-10-24 11:23:00,BR-052,Chiang Mai,2026-10-24 11:37:35.728865926,False,False,5,,,Not Qualified,not_qualified
L200179,P171316,S0005913,CIF771316,MRL,The Monthly Relief,refinance,CR-G-firsthome,line,DCO2026,2026-09-21 10:22:00,BR-031,Hat Yai,2026-09-21 10:43:56.984337666,False,False,1,,,Not Qualified,not_qualified
L200180,P130814,S0005944,,FAM,Family Upgraders,housing,CR-B-calculator,google,DCO2026,2026-10-20 19:05:00,BR-014,Ratchadaphisek,2026-10-20 20:04:18.079684429,True,False,3,2026-10-21 15:15:27.516965221,2026-11-06 06:15:13.882083506,Document Pending,
L200181,P141759,S0005983,CIF741759,FHB,First-Home Urban Starters,housing,CR-A-ratecut,google,DCO2026,2026-09-09 07:12:00,BR-014,Ratchadaphisek,2026-09-09 09:12:16.260004443,False,False,5,,,Not Qualified,not_qualified
L200182,P136421,S0006016,CIF736421,OPT,The Optimizer,refinance,CR-F-payless,display,DCO2026,2026-10-30 21:21:00,BR-052,Chiang Mai,2026-10-31 04:40:27.281344382,True,False,2,2026-11-01 23:50:02.086452211,,Contacted,
L200183,P179210,S0006035,,OPT,The Optimizer,refinance,CR-B-calculator,facebook,DCO2026,2026-11-04 20:51:00,BR-044,Khon Kaen,2026-11-04 23:01:41.624999742,False,False,4,,,Not Qualified,not_qualified
L200184,,S0006126,,OPT,The Optimizer,refinance,CR-C-familyhome,line,DCO2026,2026-09-14 08:48:00,BR-044,Khon Kaen,2026-09-14 08:57:17.054181489,False,False,2,,,Not Qualified,not_qualified
L200185,P116066,S0006135,,SAE,Smart Asset Entrepreneurs,housing,CR-F-payless,facebook,DCO2026,2026-09-07 12:47:00,BR-061,Rangsit,2026-09-07 13:51:08.802149260,True,False,3,2026-09-09 23:25:38.350721104,,Contacted,
L200186,P130483,S0006169,,FHB,First-Home Urban Starters,housing,CR-F-payless,facebook,DCO2026,2026-09-21 21:58:00,BR-031,Hat Yai,2026-09-22 02:57:43.269638780,False,False,3,,,Not Qualified,not_qualified
L200187,P135516,S0006176,,MRL,The Monthly Relief,refinance,CR-B-calculator,line,DCO2026,2026-10-25 12:41:00,BR-031,Hat Yai,2026-10-25 14:34:51.371414329,False,False,2,,,Not Qualified,not_qualified
L200188,P135434,S0006191,,SAE,Smart Asset Entrepreneurs,housing,CR-G-firsthome,facebook,DCO2026,2026-10-13 19:54:00,BR-031,Hat Yai,2026-10-13 20:20:30.345511650,True,False,3,,,Cannot Contact,cannot_contact
L200189,P109355,S0006197,,OPT,The Optimizer,refinance,CR-D-bizasset,google,DCO2026,2026-09-24 12:52:00,BR-031,Hat Yai,2026-09-24 13:55:05.352358874,False,False,2,,,Not Qualified,not_qualified
L200190,P142898,S0006207,,FHB,First-Home Urban Starters,housing,CR-H-refi-fast,google,DCO2026,2026-10-22 18:10:00,BR-014,Ratchadaphisek,2026-10-22 19:40:40.690151557,True,False,3,2026-10-23 13:07:13.827742974,,Contacted,
L200191,P161471,S0006213,,FHB,First-Home Urban Starters,housing,CR-F-payless,display,DCO2026,2026-10-20 21:39:00,BR-022,Bang Khae,2026-10-21 00:08:26.857070736,True,False,1,2026-10-22 23:34:58.260193028,2026-11-04 22:27:33.397054941,Document Pending,
L200192,P140376,S0006218,,OPT,The Optimizer,refinance,CR-E-refi-save,display,DCO2026,2026-09-04 17:52:00,BR-052,Chiang Mai,2026-09-04 19:16:30.627324270,True,False,3,2026-09-06 02:30:21.472887494,,Contacted,
L200193,P158286,S0006257,,OPT,The Optimizer,refinance,CR-H-refi-fast,facebook,DCO2026,2026-10-22 15:03:00,BR-052,Chiang Mai,2026-10-22 17:01:41.733849741,False,False,2,,,Not Qualified,not_qualified
L200194,P152955,S0006261,CIF752955,FAM,Family Upgraders,housing,CR-G-firsthome,facebook,DCO2026,2026-10-16 15:05:00,BR-014,Ratchadaphisek,2026-10-16 15:49:23.684628285,True,False,1,2026-10-17 22:31:25.852738786,,Contacted,
L200195,P178202,S0006298,,SAE,Smart Asset Entrepreneurs,housing,CR-B-calculator,facebook,DCO2026,2026-09-03 10:00:00,BR-052,Chiang Mai,2026-09-03 13:32:22.297360131,False,False,4,,,Not Qualified,not_qualified
L200196,P112677,S0006303,CIF712677,FHB,First-Home Urban Starters,housing,CR-D-bizasset,line,DCO2026,2026-10-19 20:02:00,BR-031,Hat Yai,2026-10-19 23:07:00.558081772,True,False,2,2026-10-21 07:27:19.405623946,,Contacted,
L200197,P177752,S0006318,CIF777752,FAM,Family Upgraders,housing,CR-E-refi-save,google,DCO2026,2026-10-15 10:46:00,BR-044,Khon Kaen,2026-10-15 14:56:23.244512257,False,False,2,,,Not Qualified,not_qualified
L200198,P101132,S0006332,,MRL,The Monthly Relief,refinance,CR-H-refi-fast,facebook,DCO2026,2026-09-27 15:29:00,BR-022,Bang Khae,2026-09-27 16:56:00.420540292,False,False,3,,,Not Qualified,not_qualified
L200199,P157942,S0006335,,OPT,The Optimizer,refinance,CR-C-familyhome,facebook,DCO2026,2026-09-29 22:29:00,BR-061,Rangsit,2026-09-30 00:23:32.681638314,False,False,4,,,Not Qualified,not_qualified
L200200,P118739,S0006336,,FHB,First-Home Urban Starters,housing,CR-A-ratecut,facebook,DCO2026,2026-09-03 19:53:00,BR-052,Chiang Mai,2026-09-03 20:45:39.294266570,True,False,3,2026-09-05 19:44:09.504865796,2026-09-09 00:09:13.538010205,Document Pending,
L200201,P162698,S0006369,CIF762698,FHB,First-Home Urban Starters,housing,CR-F-payless,facebook,,2026-10-09 17:49:00,BR-052,Chiang Mai,2026-10-09 18:07:59.147346553,False,False,2,,,Not Qualified,not_qualified
L200202,P173328,S0006503,,MRL,The Monthly Relief,refinance,CR-D-bizasset,line,DCO2026,2026-11-07 13:29:00,BR-061,Rangsit,,True,False,2,2026-11-09 03:21:13.941494821,,Document Pending,
L200203,P143652,S0006556,,FAM,Family Upgraders,housing,CR-C-familyhome,google,DCO2026,2026-11-03 20:28:00,BR-031,Hat Yai,2026-11-03 23:26:20.362703394,False,False,4,,,Not Qualified,not_qualified
L200204,P171058,S0006610,CIF771058,SAE,Smart Asset Entrepreneurs,housing,CR-D-bizasset,google,DCO2026,2026-10-03 21:00:00,BR-044,Khon Kaen,2026-10-04 00:37:19.644442680,False,False,5,,,Not Qualified,not_qualified
L200205,P149678,S0006615,,FHB,First-Home Urban Starters,housing,CR-H-refi-fast,line,DCO2026,2026-10-15 17:34:00,BR-014,Ratchadaphisek,2026-10-15 19:41:56.749947124,False,False,3,,,Not Qualified,not_qualified
L200206,P175502,S0006694,,OPT,The Optimizer,refinance,CR-B-calculator,facebook,,2026-09-08 15:43:00,BR-014,Ratchadaphisek,2026-09-08 16:11:40.280007986,False,False,3,,,Not Qualified,not_qualified
L200207,P132879,S0006735,,FHB,First-Home Urban Starters,housing,CR-E-refi-save,google,DCO2026,2026-10-01 09:04:00,BR-044,Khon Kaen,2026-10-01 09:27:05.500688517,False,False,1,,,Not Qualified,not_qualified
L200208,P121607,S0006764,CIF721607,FHB,First-Home Urban Starters,housing,CR-C-familyhome,facebook,DCO2026,2026-10-01 20:02:00,BR-052,Chiang Mai,2026-10-01 20:13:50.854977837,False,False,5,,,Not Qualified,not_qualified
L200209,P128994,S0006830,,FHB,First-Home Urban Starters,housing,CR-B-calculator,facebook,DCO2026,2026-09-14 09:10:00,BR-044,Khon Kaen,,False,False,1,,,Not Qualified,not_qualified
L200210,,S0006937,,MRL,The Monthly Relief,refinance,CR-D-bizasset,google,DCO2026,2026-10-18 09:09:00,BR-022,Bang Khae,2026-10-18 09:12:23.954156290,False,False,2,,,Not Qualified,not_qualified
L200211,P130973,S0006989,,SAE,Smart Asset Entrepreneurs,housing,CR-G-firsthome,facebook,DCO2026,2026-09-26 09:23:00,BR-052,Chiang Mai,2026-09-26 11:42:48.649964242,False,False,5,,,Not Qualified,not_qualified
L200212,P155537,S0007029,,OPT,The Optimizer,refinance,CR-H-refi-fast,facebook,DCO2026,2026-09-16 07:38:00,BR-052,Chiang Mai,2026-09-16 07:49:05.581720831,True,False,3,2026-09-17 10:09:55.982487525,2026-09-21 13:28:16.287286066,Document Pending,
L200213,P126366,S0007044,,OPT,The Optimizer,refinance,CR-E-refi-save,facebook,DCO2026,2026-09-08 12:28:00,BR-022,Bang Khae,2026-09-08 12:34:32.887805104,True,False,1,2026-09-09 02:50:33.023295804,2026-09-10 23:58:44.816237222,Document Pending,
L200214,P101170,S0007056,,OPT,The Optimizer,refinance,CR-E-refi-save,facebook,DCO2026,2026-11-08 09:54:00,BR-022,Bang Khae,,False,False,3,,,Not Qualified,not_qualified
L200215,P133847,S0007100,,FHB,First-Home Urban Starters,housing,CR-A-ratecut,google,DCO2026,2026-10-19 08:25:00,BR-031,Hat Yai,2026-10-19 09:52:10.652596484,True,True,3,,,Duplicate Lead,duplicate_lead
L200216,P101444,S0007123,,SAE,Smart Asset Entrepreneurs,housing,CR-E-refi-save,facebook,DCO2026,2026-10-03 18:04:00,BR-022,Bang Khae,2026-10-03 20:18:09.314418292,False,False,3,,,Not Qualified,not_qualified
L200217,P137327,S0007184,,FHB,First-Home Urban Starters,housing,CR-D-bizasset,facebook,DCO2026,2026-10-25 08:46:00,BR-061,Rangsit,2026-10-25 11:24:45.324168741,False,False,4,,,Not Qualified,not_qualified
L200218,P172375,S0007212,,OPT,The Optimizer,refinance,CR-C-familyhome,google,DCO2026,2026-09-12 12:17:00,BR-014,Ratchadaphisek,2026-09-12 14:25:19.427161023,True,False,5,,,Cannot Contact,cannot_contact
L200219,P146820,S0007216,CIF746820,FHB,First-Home Urban Starters,housing,CR-A-ratecut,display,DCO2026,2026-10-08 19:48:00,BR-014,Ratchadaphisek,2026-10-08 21:59:17.726464399,True,False,1,2026-10-09 19:35:00.282386086,,Contacted,
L200220,P164722,S0007231,CIF764722,FHB,First-Home Urban Starters,housing,CR-G-firsthome,google,DCO2026,2026-09-28 20:59:00,BR-061,Rangsit,2026-09-28 23:13:59.731378846,False,False,5,,,Not Qualified,not_qualified
L200221,P139117,S0007294,CIF739117,FHB,First-Home Urban Starters,housing,CR-C-familyhome,display,DCO2026,2026-09-26 14:38:00,BR-044,Khon Kaen,2026-09-26 15:48:42.903774292,True,False,3,,,Cannot Contact,cannot_contact
L200222,P181755,S0007316,,FHB,First-Home Urban Starters,housing,CR-B-calculator,facebook,DCO2026,2026-10-25 18:52:00,BR-031,Hat Yai,2026-10-25 19:43:00.696126988,False,False,5,,,Not Qualified,not_qualified
L200223,P126055,S0007334,,MRL,The Monthly Relief,refinance,CR-E-refi-save,google,DCO2026,2026-11-03 11:08:00,BR-031,Hat Yai,2026-11-03 12:13:24.688943314,False,False,1,,,Not Qualified,not_qualified
L200224,P104661,S0007360,,FHB,First-Home Urban Starters,housing,CR-C-familyhome,google,DCO2026,2026-10-15 15:38:00,BR-052,Chiang Mai,2026-10-15 16:26:32.641264440,False,False,2,,,Not Qualified,not_qualified
L200225,P100909,S0007370,,MRL,The Monthly Relief,refinance,CR-A-ratecut,google,DCO2026,2026-10-29 19:59:00,BR-061,Rangsit,2026-10-29 20:32:21.942503877,False,False,1,,,Not Qualified,not_qualified
L200226,P157820,S0007478,CIF757820,FAM,Family Upgraders,housing,CR-C-familyhome,google,DCO2026,2026-09-06 22:45:00,BR-022,Bang Khae,2026-09-07 07:17:55.806235501,True,False,3,2026-09-09 21:28:21.349272500,,Contacted,
L200227,P125046,S0007490,,OPT,The Optimizer,refinance,CR-G-firsthome,display,DCO2026,2026-09-18 21:55:00,BR-022,Bang Khae,2026-09-18 22:41:31.936627574,True,False,1,2026-09-19 15:09:45.746131858,2026-09-30 09:20:15.635726205,Document Pending,
L200228,P179617,S0007506,CIF779617,FHB,First-Home Urban Starters,housing,CR-C-familyhome,facebook,DCO2026,2026-09-13 13:42:00,BR-044,Khon Kaen,2026-09-13 16:25:38.343958399,False,False,2,,,Not Qualified,not_qualified
L200229,P173190,S0007525,,FAM,Family Upgraders,housing,CR-C-familyhome,facebook,DCO2026,2026-09-09 21:43:00,BR-014,Ratchadaphisek,2026-09-10 02:51:35.016550184,True,False,3,2026-09-11 05:39:06.169406780,,Contacted,
L200230,P174797,S0007528,CIF774797,OPT,The Optimizer,refinance,CR-G-firsthome,facebook,DCO2026,2026-09-15 11:14:00,BR-052,Chiang Mai,2026-09-15 13:11:14.830303147,True,False,4,,,Cannot Contact,cannot_contact
L200231,P110756,S0007574,,MRL,The Monthly Relief,refinance,CR-D-bizasset,google,DCO2026,2026-10-02 15:27:00,BR-014,Ratchadaphisek,2026-10-02 15:54:04.793383198,True,False,3,2026-10-03 07:37:55.648663597,,Contacted,
L200232,P124930,S0007602,CIF724930,MRL,The Monthly Relief,refinance,CR-E-refi-save,facebook,,2026-10-11 20:49:00,BR-044,Khon Kaen,2026-10-11 23:23:31.422679237,False,False,3,,,Not Qualified,not_qualified
L200233,P142899,S0007642,,SAE,Smart Asset Entrepreneurs,housing,CR-D-bizasset,facebook,DCO2026,2026-09-04 15:15:00,BR-014,Ratchadaphisek,2026-09-04 18:43:15.406332603,True,False,2,,,Cannot Contact,cannot_contact
L200234,P127788,S0007649,,FAM,Family Upgraders,housing,CR-F-payless,facebook,DCO2026,2026-10-27 09:49:00,BR-061,Rangsit,2026-10-27 13:27:36.203630661,False,False,3,,,Not Qualified,not_qualified
L200235,P146183,S0007690,,OPT,The Optimizer,refinance,CR-F-payless,display,DCO2026,2026-09-07 22:59:00,BR-044,Khon Kaen,2026-09-07 23:51:47.296217247,True,False,1,2026-09-09 21:18:58.102737452,,Contacted,
L200236,P128280,S0007724,,MRL,The Monthly Relief,refinance,CR-D-bizasset,google,DCO2026,2026-09-09 07:40:00,BR-022,Bang Khae,2026-09-09 07:50:22.782103154,False,False,1,,,Not Qualified,not_qualified
L200237,P116223,S0007743,CIF716223,OPT,The Optimizer,refinance,CR-H-refi-fast,facebook,DCO2026,2026-09-16 09:26:00,BR-014,Ratchadaphisek,2026-09-16 13:36:46.061074174,True,False,2,2026-09-17 05:55:31.537768956,2026-09-24 15:13:54.472266186,Document Pending,
L200238,P180644,S0007758,,FAM,Family Upgraders,housing,CR-G-firsthome,google,DCO2026,2026-11-01 09:04:00,BR-022,Bang Khae,2026-11-01 09:11:39.892506740,False,False,4,,,Not Qualified,not_qualified
L200239,P148096,S0007800,,SAE,Smart Asset Entrepreneurs,housing,CR-D-bizasset,line,DCO2026,2026-11-09 17:57:00,BR-031,Hat Yai,,True,False,3,,,Contacted,
L200240,P157121,S0007840,,OPT,The Optimizer,refinance,CR-B-calculator,facebook,DCO2026,2026-09-28 07:28:00,BR-022,Bang Khae,2026-09-28 09:29:47.672959288,True,False,3,2026-09-30 04:26:12.804938065,,Contacted,
L200241,P122630,S0007865,,OPT,The Optimizer,refinance,CR-G-firsthome,line,DCO2026,2026-09-22 21:59:00,BR-061,Rangsit,2026-09-23 03:53:30.389395482,False,False,3,,,Not Qualified,not_qualified
L200242,P125375,S0007877,,OPT,The Optimizer,refinance,CR-D-bizasset,google,DCO2026,2026-09-11 12:29:00,BR-061,Rangsit,2026-09-11 13:31:48.963211170,True,False,5,,,Cannot Contact,cannot_contact
L200243,P181797,S0007894,,MRL,The Monthly Relief,refinance,CR-F-payless,line,DCO2026,2026-10-11 09:23:00,BR-044,Khon Kaen,2026-10-11 11:21:53.547863660,True,False,1,,,Cannot Contact,cannot_contact
L200244,P108024,S0007922,,FHB,First-Home Urban Starters,housing,CR-E-refi-save,facebook,DCO2026,2026-11-08 09:24:00,BR-061,Rangsit,,False,False,3,,,Not Qualified,not_qualified
L200245,P146108,S0007941,,FAM,Family Upgraders,housing,CR-D-bizasset,facebook,DCO2026,2026-10-19 20:48:00,BR-014,Ratchadaphisek,2026-10-19 21:39:34.559073597,True,False,1,,,Cannot Contact,cannot_contact
L200246,P163641,S0008011,CIF763641,OPT,The Optimizer,refinance,CR-D-bizasset,facebook,DCO2026,2026-09-14 22:28:00,BR-014,Ratchadaphisek,2026-09-14 23:31:27.921895081,True,False,1,2026-09-15 17:53:27.691654202,,Contacted,
L200247,P131798,S0008012,,MRL,The Monthly Relief,refinance,CR-E-refi-save,display,DCO2026,2026-10-07 22:04:00,BR-044,Khon Kaen,2026-10-08 03:38:21.794449688,False,False,2,,,Not Qualified,not_qualified
L200248,P144505,S0008017,CIF744505,FHB,First-Home Urban Starters,housing,CR-D-bizasset,facebook,DCO2026,2026-09-19 08:24:00,BR-031,Hat Yai,2026-09-19 10:30:45.025489584,False,False,2,,,Not Qualified,not_qualified
L200249,P167143,S0008081,,OPT,The Optimizer,refinance,CR-F-payless,facebook,DCO2026,2026-10-29 10:09:00,BR-014,Ratchadaphisek,2026-10-29 11:08:34.382727366,True,False,1,2026-10-31 10:15:18.310501386,,Contacted,
L200250,P163559,S0008088,,MRL,The Monthly Relief,refinance,CR-F-payless,facebook,DCO2026,2026-10-27 16:54:00,BR-022,Bang Khae,2026-10-27 18:42:40.974897070,True,True,4,,,Duplicate Lead,duplicate_lead
L200251,P101034,S0008116,,OPT,The Optimizer,refinance,CR-B-calculator,google,DCO2026,2026-09-09 07:36:00,BR-031,Hat Yai,2026-09-09 09:22:45.008841752,True,False,2,2026-09-09 13:52:10.244464136,2026-09-15 01:23:41.766756871,Document Pending,
L200252,P111619,S0008130,CIF711619,OPT,The Optimizer,refinance,CR-D-bizasset,google,DCO2026,2026-09-05 10:00:00,BR-022,Bang Khae,2026-09-05 12:34:42.663576039,True,False,3,2026-09-06 07:13:27.247861812,2026-09-08 07:17:35.375422016,Document Pending,
L200253,P175160,S0008146,CIF775160,MRL,The Monthly Relief,refinance,CR-H-refi-fast,facebook,DCO2026,2026-11-08 22:57:00,BR-052,Chiang Mai,,True,False,3,,,Cannot Contact,cannot_contact
L200254,,S0008217,,FHB,First-Home Urban Starters,housing,CR-A-ratecut,facebook,DCO2026,2026-09-18 22:06:00,BR-044,Khon Kaen,2026-09-18 23:28:22.384807071,True,False,2,2026-09-19 01:11:49.459557364,,Contacted,
L200255,P110744,S0008221,,OPT,The Optimizer,refinance,CR-E-refi-save,facebook,DCO2026,2026-10-15 17:16:00,BR-061,Rangsit,2026-10-15 21:06:38.500918108,True,False,2,2026-10-16 04:32:07.239777150,,Contacted,
L200256,,S0008252,CIF707222,FAM,Family Upgraders,housing,CR-C-familyhome,google,DCO2026,2026-09-19 22:01:00,BR-061,Rangsit,2026-09-20 00:52:05.616943761,True,False,1,2026-09-20 10:41:34.161635946,,Contacted,
L200257,P162368,S0008270,CIF762368,OPT,The Optimizer,refinance,CR-C-familyhome,google,DCO2026,2026-09-11 16:03:00,BR-044,Khon Kaen,2026-09-11 20:29:02.662900098,True,False,2,,,Cannot Contact,cannot_contact
L200258,,S0008336,CIF756997,FHB,First-Home Urban Starters,housing,CR-C-familyhome,facebook,DCO2026,2026-09-23 12:14:00,BR-031,Hat Yai,2026-09-23 15:02:19.750766410,False,False,1,,,Not Qualified,not_qualified
L200259,P177562,S0008359,CIF777562,OPT,The Optimizer,refinance,CR-F-payless,facebook,DCO2026,2026-09-15 10:40:00,BR-044,Khon Kaen,2026-09-15 11:54:34.682221478,False,False,3,,,Not Qualified,not_qualified
L200260,P128565,S0008368,,FAM,Family Upgraders,housing,CR-G-firsthome,google,DCO2026,2026-09-04 08:04:00,BR-022,Bang Khae,2026-09-04 10:19:06.205997163,True,False,1,2026-09-06 05:31:44.934296313,2026-09-13 21:09:59.114509450,Document Pending,
L200261,P174921,S0008499,CIF774921,SAE,Smart Asset Entrepreneurs,housing,CR-C-familyhome,display,DCO2026,2026-09-12 10:05:00,BR-044,Khon Kaen,2026-09-12 12:08:05.836434778,False,False,4,,,Not Qualified,not_qualified
L200262,P173198,S0008505,,OPT,The Optimizer,refinance,CR-D-bizasset,display,DCO2026,2026-10-05 15:17:00,BR-044,Khon Kaen,2026-10-05 15:27:31.109105996,True,False,2,2026-10-11 00:10:37.562454416,2026-10-11 07:50:45.167969397,Document Pending,
L200263,P114128,S0008511,,SAE,Smart Asset Entrepreneurs,housing,CR-H-refi-fast,line,DCO2026,2026-09-30 21:04:00,BR-022,Bang Khae,2026-10-01 03:37:08.705315714,True,False,3,2026-10-01 18:09:07.478309648,2026-10-04 02:20:13.519131013,Document Pending,
L200264,P177911,S0008518,CIF777911,FHB,First-Home Urban Starters,housing,CR-B-calculator,google,DCO2026,2026-09-10 07:32:00,BR-061,Rangsit,2026-09-10 11:03:55.627137692,False,False,4,,,Not Qualified,not_qualified
L200265,P172087,S0008533,CIF772087,SAE,Smart Asset Entrepreneurs,housing,CR-E-refi-save,facebook,DCO2026,2026-10-09 17:50:00,BR-022,Bang Khae,2026-10-09 20:06:01.361496907,False,False,3,,,Not Qualified,not_qualified
L200266,P158349,S0008542,CIF758349,OPT,The Optimizer,refinance,CR-B-calculator,line,DCO2026,2026-10-02 14:02:00,BR-061,Rangsit,2026-10-02 17:05:19.188910267,True,False,2,2026-10-03 22:59:41.431929375,,Contacted,
L200267,P129198,S0008548,CIF729198,FHB,First-Home Urban Starters,housing,CR-B-calculator,google,DCO2026,2026-10-28 17:37:00,BR-031,Hat Yai,2026-10-28 21:06:00.328332076,False,False,5,,,Not Qualified,not_qualified
L200268,P147447,S0008692,,OPT,The Optimizer,refinance,CR-A-ratecut,google,,2026-09-29 13:27:00,BR-044,Khon Kaen,2026-09-29 15:18:40.830579864,True,False,1,2026-09-30 11:25:39.221414774,2026-10-08 15:30:23.614879132,Document Pending,
L200269,P147731,S0008709,,FAM,Family Upgraders,housing,CR-A-ratecut,facebook,DCO2026,2026-09-01 21:12:00,BR-061,Rangsit,2026-09-01 21:18:17.905577306,True,False,4,,,Cannot Contact,cannot_contact
L200270,P126203,S0008765,CIF726203,FHB,First-Home Urban Starters,housing,CR-B-calculator,google,DCO2026,2026-10-09 12:13:00,BR-014,Ratchadaphisek,2026-10-09 13:54:46.619304378,True,False,2,2026-10-09 20:49:56.889667893,2026-10-13 07:26:17.050189317,Document Pending,
L200271,P151608,S0008885,,MRL,The Monthly Relief,refinance,CR-A-ratecut,facebook,DCO2026,2026-11-01 11:09:00,BR-052,Chiang Mai,2026-11-01 12:08:40.968061843,True,False,3,2026-11-01 13:10:22.698327162,,Contacted,
L200272,P146425,S0008888,,MRL,The Monthly Relief,refinance,CR-A-ratecut,facebook,DCO2026,2026-10-31 16:25:00,BR-014,Ratchadaphisek,2026-10-31 17:47:35.420966252,False,True,5,,,Duplicate Lead,duplicate_lead
L200273,P177144,S0008928,,FHB,First-Home Urban Starters,housing,CR-F-payless,facebook,DCO2026,2026-09-18 21:33:00,BR-061,Rangsit,2026-09-18 21:49:08.026702860,True,False,2,2026-09-20 19:01:10.129158516,2026-09-26 23:14:03.185381806,Document Pending,
L200274,P159239,S0008953,,FAM,Family Upgraders,housing,CR-A-ratecut,facebook,DCO2026,2026-11-05 20:30:00,BR-022,Bang Khae,2026-11-05 21:39:26.147279728,False,False,4,,,Not Qualified,not_qualified
L200275,P159630,S0009006,,MRL,The Monthly Relief,refinance,CR-F-payless,display,DCO2026,2026-10-14 08:37:00,BR-061,Rangsit,2026-10-14 10:18:14.790566997,True,False,3,2026-10-14 20:00:27.402460760,,Contacted,
L200276,,S0009040,,OPT,The Optimizer,refinance,CR-E-refi-save,google,DCO2026,2026-10-29 14:15:00,BR-022,Bang Khae,2026-10-29 17:43:00.992042698,True,False,1,,,Cannot Contact,cannot_contact
L200277,P157076,S0009045,,FHB,First-Home Urban Starters,housing,CR-C-familyhome,facebook,DCO2026,2026-09-21 18:14:00,BR-061,Rangsit,2026-09-21 19:15:37.818284707,True,False,3,2026-09-23 14:50:00.696567085,,Contacted,
L200278,P103838,S0009070,,FHB,First-Home Urban Starters,housing,CR-D-bizasset,facebook,DCO2026,2026-10-25 13:36:00,BR-031,Hat Yai,2026-10-25 20:51:16.271363127,True,False,3,2026-10-27 01:46:32.954751595,,Contacted,
L200279,P168627,S0009073,,OPT,The Optimizer,refinance,CR-C-familyhome,facebook,DCO2026,2026-09-28 16:37:00,BR-044,Khon Kaen,2026-09-28 19:11:27.866020789,True,False,3,2026-09-30 04:11:15.600751687,2026-10-04 18:30:12.593378472,Document Pending,
L200280,,S0009090,CIF714466,FAM,Family Upgraders,housing,CR-G-firsthome,facebook,DCO2026,2026-09-13 08:31:00,BR-031,Hat Yai,2026-09-13 09:08:04.315090656,True,False,5,,,Cannot Contact,cannot_contact
L200281,P143669,S0009112,,OPT,The Optimizer,refinance,CR-D-bizasset,facebook,DCO2026,2026-10-08 21:57:00,BR-044,Khon Kaen,2026-10-09 02:53:25.568182705,True,False,2,,,Cannot Contact,cannot_contact
L200282,,S0009137,,FHB,First-Home Urban Starters,housing,CR-C-familyhome,facebook,DCO2026,2026-10-01 09:36:00,BR-044,Khon Kaen,2026-10-01 12:14:18.783413804,True,False,1,2026-10-02 14:35:39.969764008,,Contacted,
L200283,P126070,S0009185,,FHB,First-Home Urban Starters,housing,CR-G-firsthome,facebook,DCO2026,2026-09-29 14:22:00,BR-061,Rangsit,2026-09-29 15:32:42.748412836,False,False,1,,,Not Qualified,not_qualified
L200284,P104814,S0009231,CIF704814,OPT,The Optimizer,refinance,CR-E-refi-save,line,DCO2026,2026-10-16 11:17:00,BR-052,Chiang Mai,2026-10-16 11:45:39.580151995,False,False,5,,,Not Qualified,not_qualified
L200285,P151572,S0009245,CIF751572,FAM,Family Upgraders,housing,CR-G-firsthome,facebook,DCO2026,2026-09-20 14:41:00,BR-014,Ratchadaphisek,2026-09-20 18:20:19.865549977,True,False,3,,,Cannot Contact,cannot_contact
L200286,P126469,S0009254,CIF726469,MRL,The Monthly Relief,refinance,CR-D-bizasset,facebook,DCO2026,2026-09-03 20:17:00,BR-044,Khon Kaen,2026-09-03 21:20:34.991674506,True,False,1,2026-09-04 08:49:27.171640993,,Contacted,
L200287,P171673,S0009333,,FHB,First-Home Urban Starters,housing,CR-F-payless,google,DCO2026,2026-09-28 08:08:00,BR-031,Hat Yai,2026-09-28 12:20:11.584080198,True,False,3,2026-09-30 19:22:49.049768648,,Contacted,
L200288,P109717,S0009347,,FHB,First-Home Urban Starters,housing,CR-D-bizasset,facebook,DCO2026,2026-09-24 21:28:00,BR-044,Khon Kaen,2026-09-24 22:31:24.869836281,False,False,2,,,Not Qualified,not_qualified
L200289,P144554,S0009362,,MRL,The Monthly Relief,refinance,CR-E-refi-save,facebook,DCO2026,2026-10-20 16:11:00,BR-052,Chiang Mai,2026-10-20 16:28:46.662851608,True,False,3,,,Cannot Contact,cannot_contact
L200290,P131467,S0009368,,OPT,The Optimizer,refinance,CR-A-ratecut,facebook,DCO2026,2026-09-22 15:24:00,BR-014,Ratchadaphisek,2026-09-22 15:49:52.089909085,True,False,3,2026-09-22 18:49:19.205332950,,Contacted,
L200291,P102158,S0009372,CIF702158,FHB,First-Home Urban Starters,housing,CR-D-bizasset,display,DCO2026,2026-09-21 10:58:00,BR-052,Chiang Mai,2026-09-21 13:38:04.092331054,True,False,1,2026-09-22 22:14:23.230722036,,Contacted,
L200292,,S0009426,,FAM,Family Upgraders,housing,CR-B-calculator,facebook,DCO2026,2026-09-21 20:27:00,BR-014,Ratchadaphisek,2026-09-21 23:02:34.376501734,False,False,1,,,Not Qualified,not_qualified
L200293,P178234,S0009432,,FHB,First-Home Urban Starters,housing,CR-A-ratecut,facebook,DCO2026,2026-09-23 16:20:00,BR-031,Hat Yai,2026-09-23 19:52:16.783541620,True,False,4,,,Cannot Contact,cannot_contact
L200294,P179451,S0009443,,FHB,First-Home Urban Starters,housing,CR-G-firsthome,line,DCO2026,2026-10-25 07:14:00,BR-022,Bang Khae,2026-10-25 08:06:27.342650308,False,False,1,,,Not Qualified,not_qualified
L200295,P116310,S0009452,CIF716310,MRL,The Monthly Relief,refinance,CR-D-bizasset,facebook,DCO2026,2026-10-02 07:21:00,BR-014,Ratchadaphisek,2026-10-02 09:09:58.411176235,True,False,1,2026-10-02 14:06:03.906434678,,Contacted,
L200296,P117243,S0009469,,FHB,First-Home Urban Starters,housing,CR-C-familyhome,facebook,DCO2026,2026-11-01 18:38:00,BR-061,Rangsit,2026-11-01 18:47:39.605788188,False,False,1,,,Not Qualified,not_qualified
L200297,P101048,S0009511,,SAE,Smart Asset Entrepreneurs,housing,CR-D-bizasset,facebook,DCO2026,2026-09-12 21:46:00,BR-061,Rangsit,2026-09-13 01:10:11.432766189,True,False,2,2026-09-13 13:24:25.242509439,,Contacted,
L200298,P135362,S0009591,,FAM,Family Upgraders,housing,CR-A-ratecut,google,DCO2026,2026-09-17 13:19:00,BR-022,Bang Khae,2026-09-17 13:36:28.648250606,True,False,1,2026-09-18 07:45:29.974302870,,Contacted,
L200299,P153670,S0009647,,OPT,The Optimizer,refinance,CR-G-firsthome,facebook,,2026-10-05 14:32:00,BR-044,Khon Kaen,2026-10-05 19:52:40.817377507,True,False,1,2026-10-06 04:36:22.212325243,,Contacted,
L200300,P102895,S0009650,,FHB,First-Home Urban Starters,housing,CR-H-refi-fast,facebook,DCO2026,2026-09-03 09:03:00,BR-044,Khon Kaen,2026-09-03 13:08:22.050026210,True,False,2,2026-09-04 09:49:09.252700986,,Contacted,
L200301,P163318,S0009716,,OPT,The Optimizer,refinance,CR-E-refi-save,line,DCO2026,2026-10-14 09:11:00,BR-061,Rangsit,2026-10-14 12:11:06.162091012,False,False,1,,,Not Qualified,not_qualified
L200302,P162850,S0009717,CIF762850,OPT,The Optimizer,refinance,CR-H-refi-fast,google,DCO2026,2026-09-25 22:15:00,BR-044,Khon Kaen,2026-09-26 00:53:00.204764913,False,False,1,,,Not Qualified,not_qualified
L200303,,S0009770,,FHB,First-Home Urban Starters,housing,CR-G-firsthome,facebook,DCO2026,2026-09-19 13:15:00,BR-014,Ratchadaphisek,2026-09-19 14:54:15.729183226,True,False,2,2026-09-20 02:44:49.686348912,,Contacted,
L200304,P128488,S0009807,,FHB,First-Home Urban Starters,housing,CR-B-calculator,facebook,DCO2026,2026-10-29 15:42:00,BR-061,Rangsit,2026-10-29 18:37:38.248741891,True,False,1,2026-10-31 06:16:17.014575475,2026-11-09 08:27:15.189394478,Document Pending,
L200305,P161356,S0009852,,FHB,First-Home Urban Starters,housing,CR-B-calculator,line,DCO2026,2026-09-13 09:16:00,BR-044,Khon Kaen,2026-09-13 12:29:28.350389190,False,False,4,,,Not Qualified,not_qualified
L200306,P150730,S0009900,,MRL,The Monthly Relief,refinance,CR-B-calculator,display,DCO2026,2026-11-09 14:36:00,BR-014,Ratchadaphisek,,False,False,3,,,Not Qualified,not_qualified
L200307,P164915,S0009910,,OPT,The Optimizer,refinance,CR-B-calculator,facebook,DCO2026,2026-10-11 16:24:00,BR-014,Ratchadaphisek,2026-10-11 16:47:59.645563440,True,False,3,2026-10-11 19:32:56.366302509,,Contacted,
L200308,P147935,S0009913,,MRL,The Monthly Relief,refinance,CR-C-familyhome,google,DCO2026,2026-09-21 10:11:00,BR-022,Bang Khae,2026-09-21 10:12:16.770153705,False,False,5,,,Not Qualified,not_qualified
L200309,P151393,S0009930,,FAM,Family Upgraders,housing,CR-E-refi-save,display,DCO2026,2026-09-21 17:12:00,BR-044,Khon Kaen,2026-09-21 18:19:11.264240132,True,False,3,2026-09-22 20:04:34.888508227,,Contacted,
L200310,P104922,S0009972,,MRL,The Monthly Relief,refinance,CR-F-payless,line,,2026-09-04 21:16:00,BR-044,Khon Kaen,2026-09-04 23:46:31.810410000,False,False,3,,,Not Qualified,not_qualified
L200311,P113915,S0009978,,FAM,Family Upgraders,housing,CR-F-payless,facebook,DCO2026,2026-10-20 10:35:00,BR-022,Bang Khae,2026-10-20 12:32:32.646892539,True,False,1,,,Cannot Contact,cannot_contact
L200312,P108777,S0010075,CIF708777,OPT,The Optimizer,refinance,CR-F-payless,google,DCO2026,2026-11-05 18:15:00,BR-052,Chiang Mai,2026-11-05 20:26:30.762155173,True,False,3,2026-11-06 22:48:35.129943683,,Contacted,
L200313,P181157,S0010086,CIF781157,FAM,Family Upgraders,housing,CR-C-familyhome,facebook,DCO2026,2026-09-10 12:22:00,BR-022,Bang Khae,2026-09-10 13:57:13.011307782,False,False,5,,,Not Qualified,not_qualified
L200314,P160679,S0010144,,FHB,First-Home Urban Starters,housing,CR-A-ratecut,google,DCO2026,2026-10-29 22:10:00,BR-022,Bang Khae,2026-10-29 22:25:34.280327275,True,False,3,2026-10-31 04:10:28.418945212,2026-11-02 14:55:40.847760093,Document Pending,
L200315,P153077,S0010196,,FHB,First-Home Urban Starters,housing,CR-B-calculator,facebook,DCO2026,2026-10-17 15:37:00,BR-014,Ratchadaphisek,2026-10-17 15:44:09.096717921,False,False,1,,,Not Qualified,not_qualified
L200316,,S0010334,,FHB,First-Home Urban Starters,housing,CR-F-payless,display,DCO2026,2026-10-01 12:24:00,BR-061,Rangsit,2026-10-01 12:50:11.970703809,True,False,5,,,Cannot Contact,cannot_contact
L200317,P153479,S0010346,,FHB,First-Home Urban Starters,housing,CR-F-payless,google,DCO2026,2026-09-29 08:22:00,BR-014,Ratchadaphisek,2026-09-29 15:51:39.881318226,False,False,1,,,Not Qualified,not_qualified
L200318,P157097,S0010348,CIF757097,SAE,Smart Asset Entrepreneurs,housing,CR-A-ratecut,display,DCO2026,2026-11-01 13:53:00,BR-061,Rangsit,2026-11-01 16:42:42.021654078,True,False,4,,,Cannot Contact,cannot_contact
L200319,P124990,S0010453,CIF724990,OPT,The Optimizer,refinance,CR-H-refi-fast,facebook,DCO2026,2026-10-10 18:47:00,BR-022,Bang Khae,2026-10-10 19:29:27.781439961,True,False,3,2026-10-11 08:38:52.885434596,2026-10-12 08:24:06.884162479,Document Pending,
L200320,P164210,S0010516,,FHB,First-Home Urban Starters,housing,CR-A-ratecut,facebook,DCO2026,2026-10-01 19:38:00,BR-031,Hat Yai,2026-10-01 19:49:03.584020610,False,False,3,,,Not Qualified,not_qualified
L200321,P118934,S0010533,CIF718934,FAM,Family Upgraders,housing,CR-B-calculator,facebook,DCO2026,2026-10-17 16:30:00,BR-022,Bang Khae,2026-10-17 22:28:59.652955149,True,False,1,2026-10-18 10:34:02.462002226,,Contacted,
L200322,P138876,S0010606,,OPT,The Optimizer,refinance,CR-E-refi-save,facebook,DCO2026,2026-11-05 09:10:00,BR-061,Rangsit,2026-11-05 10:09:35.477132751,True,False,2,2026-11-07 03:06:08.660414277,,Contacted,
L200323,,S0010607,CIF752569,SAE,Smart Asset Entrepreneurs,housing,CR-A-ratecut,line,DCO2026,2026-09-30 15:39:00,BR-044,Khon Kaen,2026-09-30 19:04:29.134671938,True,False,3,2026-10-01 11:42:07.913321744,2026-10-05 10:17:44.509189369,Document Pending,
L200324,P106146,S0010623,CIF706146,FHB,First-Home Urban Starters,housing,CR-C-familyhome,facebook,DCO2026,2026-09-24 18:17:00,BR-014,Ratchadaphisek,2026-09-24 19:34:50.303319608,True,False,2,2026-09-25 13:23:18.592103919,,Contacted,
L200325,,S0010668,CIF781244,FHB,First-Home Urban Starters,housing,CR-F-payless,display,DCO2026,2026-09-18 12:37:00,BR-061,Rangsit,2026-09-18 21:00:14.751518910,False,False,4,,,Not Qualified,not_qualified
L200326,P159594,S0010669,,FHB,First-Home Urban Starters,housing,CR-D-bizasset,facebook,DCO2026,2026-10-16 12:58:00,BR-022,Bang Khae,2026-10-16 14:01:08.163690033,False,False,3,,,Not Qualified,not_qualified
L200327,P167279,S0010670,,OPT,The Optimizer,refinance,CR-C-familyhome,facebook,DCO2026,2026-11-01 11:33:00,BR-052,Chiang Mai,2026-11-01 12:19:30.488198412,True,False,1,,,Cannot Contact,cannot_contact
L200328,,S0010691,,SAE,Smart Asset Entrepreneurs,housing,CR-C-familyhome,facebook,DCO2026,2026-10-25 16:42:00,BR-031,Hat Yai,2026-10-25 18:23:30.004987207,False,False,4,,,Not Qualified,not_qualified
L200329,P113322,S0010716,,OPT,The Optimizer,refinance,CR-H-refi-fast,google,DCO2026,2026-10-29 08:38:00,BR-022,Bang Khae,2026-10-29 10:25:47.146131596,False,False,3,,,Not Qualified,not_qualified
L200330,P115535,S0010721,CIF715535,FHB,First-Home Urban Starters,housing,CR-D-bizasset,google,DCO2026,2026-09-20 20:57:00,BR-014,Ratchadaphisek,2026-09-20 21:55:03.253689494,False,False,3,,,Not Qualified,not_qualified
L200331,P111486,S0010762,CIF711486,FHB,First-Home Urban Starters,housing,CR-B-calculator,facebook,DCO2026,2026-09-11 14:23:00,BR-014,Ratchadaphisek,2026-09-11 15:43:22.519549705,False,False,1,,,Not Qualified,not_qualified
L200332,P114069,S0010852,,FAM,Family Upgraders,housing,CR-B-calculator,line,DCO2026,2026-09-04 08:31:00,BR-014,Ratchadaphisek,2026-09-04 10:12:44.901263806,False,False,1,,,Not Qualified,not_qualified
L200333,P141941,S0010864,,SAE,Smart Asset Entrepreneurs,housing,CR-G-firsthome,line,DCO2026,2026-10-13 14:33:00,BR-052,Chiang Mai,2026-10-13 16:09:40.757086256,True,False,1,,,Cannot Contact,cannot_contact
L200334,P136763,S0010888,,OPT,The Optimizer,refinance,CR-C-familyhome,line,DCO2026,2026-10-25 10:22:00,BR-044,Khon Kaen,2026-10-25 13:03:05.636341863,False,False,4,,,Not Qualified,not_qualified
L200335,P121523,S0011020,,FAM,Family Upgraders,housing,CR-A-ratecut,facebook,DCO2026,2026-09-16 12:25:00,BR-044,Khon Kaen,2026-09-16 12:57:48.118816409,False,False,3,,,Not Qualified,not_qualified
L200336,P169303,S0011023,,FHB,First-Home Urban Starters,housing,CR-B-calculator,display,DCO2026,2026-09-15 21:06:00,BR-014,Ratchadaphisek,2026-09-15 21:54:35.648850585,True,False,3,2026-09-17 19:38:30.278111424,,Contacted,
L200337,,S0011036,CIF728785,OPT,The Optimizer,refinance,CR-H-refi-fast,facebook,DCO2026,2026-09-03 11:30:00,BR-022,Bang Khae,2026-09-03 12:29:46.250563437,True,False,2,2026-09-05 22:20:48.266986837,2026-09-06 22:04:38.346519500,Document Pending,
L200338,P156206,S0011039,CIF756206,FAM,Family Upgraders,housing,CR-H-refi-fast,facebook,,2026-10-01 12:27:00,BR-052,Chiang Mai,2026-10-01 13:42:46.323143380,True,False,1,2026-10-02 12:44:02.061227363,2026-10-05 21:05:17.449004158,Document Pending,
L200339,P138071,S0011089,CIF738071,FHB,First-Home Urban Starters,housing,CR-G-firsthome,facebook,DCO2026,2026-09-23 21:36:00,BR-052,Chiang Mai,2026-09-24 03:39:13.602516278,True,False,2,2026-09-24 16:25:20.536240713,2026-09-27 21:57:13.995446191,Document Pending,
L200340,P172296,S0011095,,FHB,First-Home Urban Starters,housing,CR-G-firsthome,facebook,DCO2026,2026-09-24 18:11:00,BR-031,Hat Yai,2026-09-24 18:35:55.759401478,True,False,1,2026-09-24 22:45:25.984215868,,Contacted,
L200341,P172675,S0011129,,OPT,The Optimizer,refinance,CR-F-payless,facebook,DCO2026,2026-11-02 22:28:00,BR-061,Rangsit,2026-11-03 00:54:42.415744812,False,False,4,,,Not Qualified,not_qualified
L200342,P141607,S0011190,,OPT,The Optimizer,refinance,CR-C-familyhome,line,DCO2026,2026-09-24 11:53:00,BR-031,Hat Yai,2026-09-24 14:26:06.791217501,True,False,3,2026-09-25 01:55:11.660225467,,Contacted,
L200343,P129384,S0011221,CIF729384,FHB,First-Home Urban Starters,housing,CR-B-calculator,facebook,DCO2026,2026-09-28 09:55:00,BR-044,Khon Kaen,2026-09-28 15:06:41.704133470,True,False,1,,,Cannot Contact,cannot_contact
L200344,P106499,S0011295,,OPT,The Optimizer,refinance,CR-B-calculator,facebook,DCO2026,2026-10-29 11:46:00,BR-014,Ratchadaphisek,2026-10-29 12:56:46.307750001,True,False,1,,,Cannot Contact,cannot_contact
L200345,P143587,S0011331,CIF743587,FAM,Family Upgraders,housing,CR-H-refi-fast,facebook,DCO2026,2026-10-12 16:31:00,BR-052,Chiang Mai,2026-10-12 19:27:09.718066323,True,False,2,2026-10-14 10:24:51.165864402,,Contacted,
L200346,P164012,S0011406,,FAM,Family Upgraders,housing,CR-C-familyhome,display,DCO2026,2026-10-06 20:18:00,BR-061,Rangsit,2026-10-06 23:53:48.228797306,True,False,1,2026-10-10 02:42:52.125662538,2026-10-13 03:28:22.453079372,Document Pending,
L200347,P175070,S0011408,,OPT,The Optimizer,refinance,CR-F-payless,facebook,DCO2026,2026-09-23 07:13:00,BR-052,Chiang Mai,2026-09-23 10:09:54.696187694,True,False,3,2026-09-24 07:01:53.580990153,,Contacted,
L200348,P131148,S0011423,,FHB,First-Home Urban Starters,housing,CR-G-firsthome,display,DCO2026,2026-10-29 13:07:00,BR-052,Chiang Mai,2026-10-29 16:12:07.997342791,True,False,1,2026-10-30 20:21:47.473182722,,Contacted,
L200349,P129444,S0011461,CIF729444,FHB,First-Home Urban Starters,housing,CR-D-bizasset,display,DCO2026,2026-09-04 20:21:00,BR-022,Bang Khae,2026-09-04 22:03:25.212733545,True,False,2,2026-09-06 14:22:36.573104899,,Contacted,
L200350,P147045,S0011487,,OPT,The Optimizer,refinance,CR-F-payless,google,DCO2026,2026-10-20 16:46:00,BR-014,Ratchadaphisek,2026-10-20 17:19:18.683681882,False,False,1,,,Not Qualified,not_qualified
L200351,P132964,S0011547,,FAM,Family Upgraders,housing,CR-A-ratecut,facebook,DCO2026,2026-10-24 12:22:00,BR-052,Chiang Mai,2026-10-24 18:40:37.473469606,True,False,3,2026-10-26 02:49:07.586501410,,Contacted,
L200352,P128718,S0011561,,FHB,First-Home Urban Starters,housing,CR-D-bizasset,google,DCO2026,2026-11-08 11:41:00,BR-031,Hat Yai,,False,False,2,,,Not Qualified,not_qualified
L200353,P126278,S0011563,,OPT,The Optimizer,refinance,CR-C-familyhome,facebook,DCO2026,2026-09-17 22:47:00,BR-014,Ratchadaphisek,2026-09-18 04:43:21.620326243,True,False,2,2026-09-19 00:05:48.377822061,,Contacted,
L200354,P128902,S0011618,CIF728902,OPT,The Optimizer,refinance,CR-B-calculator,google,DCO2026,2026-10-27 21:31:00,BR-031,Hat Yai,2026-10-27 23:52:42.804238820,False,False,2,,,Not Qualified,not_qualified
L200355,P109779,S0011628,,FAM,Family Upgraders,housing,CR-D-bizasset,line,DCO2026,2026-09-29 07:36:00,BR-031,Hat Yai,2026-09-29 09:08:54.676629229,True,False,3,,,Cannot Contact,cannot_contact
L200356,P170415,S0011638,CIF770415,FAM,Family Upgraders,housing,CR-F-payless,google,DCO2026,2026-09-10 07:32:00,BR-014,Ratchadaphisek,2026-09-10 07:37:24.680132448,True,False,3,2026-09-11 12:22:01.137157112,,Contacted,
L200357,P164614,S0011665,,SAE,Smart Asset Entrepreneurs,housing,CR-C-familyhome,facebook,DCO2026,2026-10-21 11:19:00,BR-031,Hat Yai,2026-10-21 12:23:02.541489056,False,False,4,,,Not Qualified,not_qualified
L200358,P171112,S0011731,CIF771112,FHB,First-Home Urban Starters,housing,CR-F-payless,google,DCO2026,2026-09-21 07:56:00,BR-044,Khon Kaen,2026-09-21 08:17:28.459498863,True,False,3,2026-09-23 18:02:14.698060074,2026-09-27 08:58:40.718720623,Document Pending,
L200359,P165480,S0011859,CIF765480,FHB,First-Home Urban Starters,housing,CR-H-refi-fast,display,DCO2026,2026-09-30 21:33:00,BR-061,Rangsit,2026-09-30 23:06:30.877388640,False,False,2,,,Not Qualified,not_qualified
L200360,P137934,S0011882,,FHB,First-Home Urban Starters,housing,CR-G-firsthome,line,DCO2026,2026-09-09 17:45:00,BR-031,Hat Yai,2026-09-09 18:24:14.526469810,False,False,4,,,Not Qualified,not_qualified
L200361,P123141,S0011889,,FHB,First-Home Urban Starters,housing,CR-A-ratecut,facebook,DCO2026,2026-09-18 10:17:00,BR-052,Chiang Mai,2026-09-18 10:32:00.585260298,False,False,2,,,Not Qualified,not_qualified
L200362,P122587,S0011896,,OPT,The Optimizer,refinance,CR-E-refi-save,facebook,DCO2026,2026-09-01 18:42:00,BR-031,Hat Yai,2026-09-01 20:58:36.100779888,False,False,2,,,Not Qualified,not_qualified
L200363,P107979,S0011916,,MRL,The Monthly Relief,refinance,CR-F-payless,facebook,DCO2026,2026-09-10 07:45:00,BR-022,Bang Khae,2026-09-10 08:48:59.284629792,True,False,1,2026-09-11 07:10:50.425070494,2026-09-15 01:02:36.316984182,Document Pending,
L200364,P115112,S0011935,CIF715112,FHB,First-Home Urban Starters,housing,CR-A-ratecut,google,DCO2026,2026-10-19 19:23:00,BR-031,Hat Yai,2026-10-19 19:47:14.985843066,True,False,2,2026-10-20 10:07:31.078354902,,Contacted,
L200365,P123092,S0011964,,SAE,Smart Asset Entrepreneurs,housing,CR-A-ratecut,line,DCO2026,2026-11-08 10:42:00,BR-022,Bang Khae,,True,False,3,2026-11-09 02:26:33.754326453,,Document Pending,
L200366,P143871,S0011991,,FAM,Family Upgraders,housing,CR-F-payless,google,DCO2026,2026-11-06 13:50:00,BR-052,Chiang Mai,2026-11-06 15:56:25.898162857,False,False,2,,,Not Qualified,not_qualified
L200367,P158246,S0012017,,FHB,First-Home Urban Starters,housing,CR-D-bizasset,facebook,DCO2026,2026-10-04 20:12:00,BR-061,Rangsit,2026-10-05 00:07:18.073492791,True,False,1,2026-10-05 22:57:28.457883309,,Contacted,
L200368,,S0012046,,FAM,Family Upgraders,housing,CR-B-calculator,google,DCO2026,2026-11-05 19:38:00,BR-022,Bang Khae,2026-11-05 20:30:17.268267313,True,False,1,,,Cannot Contact,cannot_contact
L200369,P145383,S0012124,,OPT,The Optimizer,refinance,CR-H-refi-fast,line,DCO2026,2026-09-01 10:20:00,BR-052,Chiang Mai,2026-09-01 11:10:01.518573991,True,False,3,2026-09-03 15:00:38.090540845,2026-09-12 20:32:31.643178825,Document Pending,
L200370,P127714,S0012129,,FHB,First-Home Urban Starters,housing,CR-A-ratecut,line,DCO2026,2026-09-27 21:10:00,BR-044,Khon Kaen,2026-09-27 23:33:22.969476150,True,False,3,2026-09-28 18:42:20.134915972,2026-10-01 18:10:52.555522575,Document Pending,
L200371,P166616,S0012144,,FHB,First-Home Urban Starters,housing,CR-A-ratecut,line,DCO2026,2026-09-21 10:36:00,BR-052,Chiang Mai,2026-09-21 12:19:41.774277201,True,False,2,2026-09-23 15:55:44.195741346,2026-09-26 23:29:51.601490156,Document Pending,
L200372,P130411,S0012193,CIF730411,MRL,The Monthly Relief,refinance,CR-H-refi-fast,facebook,DCO2026,2026-09-17 19:48:00,BR-052,Chiang Mai,2026-09-17 21:49:00.444686739,False,False,5,,,Not Qualified,not_qualified
L200373,P162131,S0012286,CIF762131,FHB,First-Home Urban Starters,housing,CR-H-refi-fast,facebook,DCO2026,2026-10-04 14:50:00,BR-014,Ratchadaphisek,2026-10-04 17:24:04.712643235,True,False,5,,,Cannot Contact,cannot_contact
L200374,P141572,S0012310,CIF741572,SAE,Smart Asset Entrepreneurs,housing,CR-A-ratecut,google,DCO2026,2026-10-27 09:10:00,BR-061,Rangsit,2026-10-27 12:18:14.677815048,True,False,1,2026-10-28 02:17:52.279547966,2026-11-03 04:59:40.743364332,Document Pending,
L200375,P124990,S0012314,CIF724990,OPT,The Optimizer,refinance,CR-C-familyhome,facebook,DCO2026,2026-10-10 22:01:00,BR-044,Khon Kaen,2026-10-11 00:33:28.603861897,True,False,2,,,Cannot Contact,cannot_contact
L200376,P143306,S0012358,,OPT,The Optimizer,refinance,CR-C-familyhome,google,DCO2026,2026-11-04 22:37:00,BR-061,Rangsit,2026-11-05 01:01:39.007185588,True,False,4,,,Cannot Contact,cannot_contact
L200377,P115173,S0012370,CIF715173,FAM,Family Upgraders,housing,CR-E-refi-save,line,DCO2026,2026-10-20 19:41:00,BR-044,Khon Kaen,2026-10-20 20:11:19.710764618,False,False,1,,,Not Qualified,not_qualified
L200378,P148890,S0012371,,OPT,The Optimizer,refinance,CR-A-ratecut,facebook,DCO2026,2026-10-25 11:10:00,BR-044,Khon Kaen,2026-10-25 13:34:01.654773548,False,True,1,,,Duplicate Lead,duplicate_lead
L200379,P135972,S0012389,CIF735972,OPT,The Optimizer,refinance,CR-D-bizasset,facebook,DCO2026,2026-09-12 11:50:00,BR-031,Hat Yai,2026-09-12 14:30:14.131428128,True,False,2,2026-09-13 08:37:00.322260612,,Contacted,
L200380,,S0012402,,FHB,First-Home Urban Starters,housing,CR-B-calculator,facebook,DCO2026,2026-10-29 21:50:00,BR-052,Chiang Mai,2026-10-30 02:05:40.942903309,False,False,4,,,Not Qualified,not_qualified
L200381,P159874,S0012496,,FHB,First-Home Urban Starters,housing,CR-F-payless,facebook,DCO2026,2026-10-23 17:55:00,BR-031,Hat Yai,2026-10-23 22:07:19.952952728,True,False,5,,,Cannot Contact,cannot_contact
L200382,P103466,S0012510,CIF703466,FAM,Family Upgraders,housing,CR-E-refi-save,facebook,DCO2026,2026-10-19 21:31:00,BR-014,Ratchadaphisek,2026-10-19 23:15:25.006080940,False,False,3,,,Not Qualified,not_qualified
L200383,P160798,S0012517,,FAM,Family Upgraders,housing,CR-B-calculator,display,DCO2026,2026-09-13 17:03:00,BR-014,Ratchadaphisek,2026-09-13 17:11:31.679196043,True,False,1,2026-09-15 15:31:13.757302146,2026-09-18 23:24:26.786267989,Document Pending,
L200384,P119602,S0012625,,FAM,Family Upgraders,housing,CR-H-refi-fast,display,DCO2026,2026-10-16 12:29:00,BR-044,Khon Kaen,2026-10-16 16:03:45.868225994,False,False,1,,,Not Qualified,not_qualified
L200385,P167018,S0012636,,FHB,First-Home Urban Starters,housing,CR-D-bizasset,facebook,DCO2026,2026-09-19 20:09:00,BR-022,Bang Khae,2026-09-20 00:37:44.356208948,True,False,3,2026-09-23 09:58:35.037301908,2026-10-02 00:03:32.882630173,Document Pending,
L200386,,S0012659,CIF702769,FHB,First-Home Urban Starters,housing,CR-A-ratecut,google,DCO2026,2026-09-18 13:32:00,BR-022,Bang Khae,2026-09-18 15:09:55.649121538,True,False,1,,,Cannot Contact,cannot_contact
L200387,P147464,S0012709,CIF747464,FHB,First-Home Urban Starters,housing,CR-A-ratecut,facebook,DCO2026,2026-10-09 21:56:00,BR-022,Bang Khae,2026-10-09 23:17:34.319224324,False,False,3,,,Not Qualified,not_qualified
L200388,P101454,S0012768,CIF701454,OPT,The Optimizer,refinance,CR-F-payless,facebook,,2026-11-03 13:19:00,BR-031,Hat Yai,2026-11-03 17:22:49.388712112,True,False,1,2026-11-07 20:04:18.556009444,,Contacted,
L200389,P115330,S0012775,,MRL,The Monthly Relief,refinance,CR-D-bizasset,facebook,DCO2026,2026-10-30 08:24:00,BR-031,Hat Yai,2026-10-30 10:17:25.724659599,False,False,1,,,Not Qualified,not_qualified
L200390,P137914,S0012814,,FAM,Family Upgraders,housing,CR-E-refi-save,facebook,DCO2026,2026-09-12 15:29:00,BR-061,Rangsit,2026-09-12 17:40:20.275387587,False,False,3,,,Not Qualified,not_qualified
L200391,P135852,S0012823,,FHB,First-Home Urban Starters,housing,CR-G-firsthome,facebook,DCO2026,2026-10-03 17:11:00,BR-052,Chiang Mai,2026-10-03 18:14:20.838425871,False,False,3,,,Not Qualified,not_qualified
L200392,P139967,S0012852,,FHB,First-Home Urban Starters,housing,CR-F-payless,google,DCO2026,2026-10-06 10:45:00,BR-052,Chiang Mai,2026-10-06 11:00:29.628523011,False,False,4,,,Not Qualified,not_qualified
L200393,P133075,S0012917,,FHB,First-Home Urban Starters,housing,CR-G-firsthome,google,DCO2026,2026-10-10 09:40:00,BR-022,Bang Khae,,True,False,4,,,Cannot Contact,cannot_contact
L200394,P172412,S0012932,,OPT,The Optimizer,refinance,CR-G-firsthome,facebook,DCO2026,2026-10-02 09:48:00,BR-014,Ratchadaphisek,2026-10-02 18:41:20.666929999,True,False,1,,,Cannot Contact,cannot_contact
L200395,P104381,S0012996,,MRL,The Monthly Relief,refinance,CR-E-refi-save,facebook,DCO2026,2026-10-28 10:02:00,BR-031,Hat Yai,2026-10-28 11:05:00.308864142,True,False,4,,,Cannot Contact,cannot_contact
L200396,P177049,S0013012,,FAM,Family Upgraders,housing,CR-C-familyhome,google,DCO2026,2026-09-30 10:38:00,BR-014,Ratchadaphisek,2026-09-30 17:30:24.456606164,True,False,3,2026-10-02 04:59:41.305045395,,Contacted,
L200397,P120248,S0013068,CIF720248,SAE,Smart Asset Entrepreneurs,housing,CR-B-calculator,google,DCO2026,2026-10-15 22:25:00,BR-061,Rangsit,2026-10-16 03:20:48.573234332,False,False,3,,,Not Qualified,not_qualified
L200398,P147163,S0013114,,OPT,The Optimizer,refinance,CR-A-ratecut,line,DCO2026,2026-09-08 11:14:00,BR-031,Hat Yai,2026-09-08 13:04:08.266423167,True,False,4,,,Cannot Contact,cannot_contact
L200399,P137687,S0013198,CIF737687,OPT,The Optimizer,refinance,CR-E-refi-save,google,DCO2026,2026-09-23 19:50:00,BR-061,Rangsit,2026-09-23 20:25:11.860587362,True,False,1,2026-09-25 04:20:59.852670120,,Contacted,
L200400,P154435,S0013233,,MRL,The Monthly Relief,refinance,CR-G-firsthome,google,DCO2026,2026-09-04 08:33:00,BR-052,Chiang Mai,2026-09-04 11:48:45.594955231,False,False,3,,,Not Qualified,not_qualified
L200401,P141073,S0013275,,FHB,First-Home Urban Starters,housing,CR-A-ratecut,display,DCO2026,2026-09-29 21:41:00,BR-031,Hat Yai,2026-09-30 00:21:05.250729954,True,False,2,2026-09-30 11:44:02.299094161,,Contacted,
L200402,P101117,S0013291,,SAE,Smart Asset Entrepreneurs,housing,CR-D-bizasset,facebook,DCO2026,2026-10-01 12:18:00,BR-014,Ratchadaphisek,2026-10-01 14:31:36.261314061,False,False,5,,,Not Qualified,not_qualified
L200403,,S0013300,,OPT,The Optimizer,refinance,CR-D-bizasset,line,DCO2026,2026-10-23 12:21:00,BR-044,Khon Kaen,2026-10-23 15:33:11.303759296,True,False,3,2026-10-28 18:16:48.256648881,2026-10-31 04:55:20.945914374,Document Pending,
L200404,P139774,S0013309,CIF739774,OPT,The Optimizer,refinance,CR-G-firsthome,facebook,DCO2026,2026-10-30 13:15:00,BR-031,Hat Yai,2026-10-30 15:24:45.874926442,False,False,4,,,Not Qualified,not_qualified
L200405,P106245,S0013313,CIF706245,FHB,First-Home Urban Starters,housing,CR-F-payless,display,DCO2026,2026-10-23 09:49:00,BR-031,Hat Yai,2026-10-23 11:30:14.192516835,False,False,5,,,Not Qualified,not_qualified
L200406,P142402,S0013315,,FAM,Family Upgraders,housing,CR-B-calculator,line,DCO2026,2026-10-17 11:40:00,BR-022,Bang Khae,2026-10-17 15:06:25.862940787,True,False,2,2026-10-18 21:42:33.257716713,,Contacted,
L200407,,S0013317,,FHB,First-Home Urban Starters,housing,CR-E-refi-save,google,DCO2026,2026-09-18 22:39:00,BR-014,Ratchadaphisek,2026-09-19 00:01:13.251117579,True,False,3,2026-09-19 10:40:04.254804494,,Contacted,
L200408,P100519,S0013328,,FHB,First-Home Urban Starters,housing,CR-A-ratecut,google,DCO2026,2026-10-27 12:01:00,BR-014,Ratchadaphisek,2026-10-27 13:09:13.950377311,False,False,2,,,Not Qualified,not_qualified
L200409,P121788,S0013345,,FHB,First-Home Urban Starters,housing,CR-F-payless,line,DCO2026,2026-09-13 10:05:00,BR-061,Rangsit,2026-09-13 11:45:57.445579491,True,False,4,,,Cannot Contact,cannot_contact
L200410,P155991,S0013386,CIF755991,FHB,First-Home Urban Starters,housing,CR-A-ratecut,google,DCO2026,2026-10-26 19:23:00,BR-022,Bang Khae,2026-10-26 19:58:15.490427485,True,False,1,2026-10-28 00:53:46.021721144,2026-10-31 22:36:28.037825097,Document Pending,
L200411,P125183,S0013463,,FAM,Family Upgraders,housing,CR-A-ratecut,facebook,DCO2026,2026-10-29 08:19:00,BR-044,Khon Kaen,2026-10-29 08:30:55.487685512,False,False,1,,,Not Qualified,not_qualified
L200412,P131664,S0013509,CIF731664,OPT,The Optimizer,refinance,CR-D-bizasset,line,DCO2026,2026-09-09 16:56:00,BR-044,Khon Kaen,2026-09-09 17:46:57.139687370,True,False,1,2026-09-10 13:43:55.137151435,,Contacted,
L200413,P102896,S0013517,CIF702896,OPT,The Optimizer,refinance,CR-G-firsthome,facebook,DCO2026,2026-09-04 19:54:00,BR-052,Chiang Mai,2026-09-04 22:59:15.396050544,True,False,3,2026-09-05 04:37:05.777497196,,Contacted,
L200414,P128418,S0013540,CIF728418,FAM,Family Upgraders,housing,CR-F-payless,facebook,DCO2026,2026-11-07 17:57:00,BR-022,Bang Khae,,True,False,1,2026-11-08 21:46:33.914603946,,Document Pending,
L200415,P100207,S0013573,,FAM,Family Upgraders,housing,CR-C-familyhome,facebook,DCO2026,2026-10-15 20:26:00,BR-044,Khon Kaen,2026-10-15 21:19:25.044410734,False,False,5,,,Not Qualified,not_qualified
L200416,P119017,S0013575,,FAM,Family Upgraders,housing,CR-D-bizasset,facebook,DCO2026,2026-09-06 12:17:00,BR-022,Bang Khae,2026-09-06 14:03:46.902114429,True,True,1,,,Duplicate Lead,duplicate_lead
L200417,P174360,S0013659,,FAM,Family Upgraders,housing,CR-B-calculator,google,DCO2026,2026-10-30 10:40:00,BR-031,Hat Yai,2026-10-30 11:34:52.658304757,True,False,3,2026-10-30 12:10:02.058174054,2026-11-05 12:23:16.047074290,Document Pending,
L200418,P177953,S0013663,,OPT,The Optimizer,refinance,CR-H-refi-fast,facebook,,2026-09-28 19:34:00,BR-052,Chiang Mai,2026-09-28 19:36:36.948584079,False,False,5,,,Not Qualified,not_qualified
L200419,P127861,S0013684,,FHB,First-Home Urban Starters,housing,CR-D-bizasset,line,DCO2026,2026-09-07 07:41:00,BR-014,Ratchadaphisek,2026-09-07 08:27:39.961163571,True,False,2,2026-09-08 05:53:53.598998437,,Contacted,
L200420,P114057,S0013728,,FHB,First-Home Urban Starters,housing,CR-C-familyhome,facebook,DCO2026,2026-10-20 07:35:00,BR-044,Khon Kaen,2026-10-20 13:12:54.560364164,True,False,2,2026-10-21 11:41:40.377226852,,Contacted,
L200421,P133260,S0013805,,OPT,The Optimizer,refinance,CR-A-ratecut,facebook,DCO2026,2026-11-06 11:55:00,BR-061,Rangsit,2026-11-06 13:13:48.022326608,True,False,1,2026-11-07 17:29:33.749309708,,Contacted,
L200422,P137761,S0013830,,FHB,First-Home Urban Starters,housing,CR-H-refi-fast,google,DCO2026,2026-09-14 13:16:00,BR-022,Bang Khae,2026-09-14 14:58:32.098342957,False,False,3,,,Not Qualified,not_qualified
L200423,P136198,S0013834,CIF736198,MRL,The Monthly Relief,refinance,CR-A-ratecut,facebook,DCO2026,2026-10-21 19:54:00,BR-031,Hat Yai,2026-10-21 23:23:23.544826332,False,False,1,,,Not Qualified,not_qualified
L200424,P100107,S0013857,CIF700107,OPT,The Optimizer,refinance,CR-A-ratecut,facebook,DCO2026,2026-10-13 18:03:00,BR-044,Khon Kaen,2026-10-13 20:52:52.884352002,True,False,3,2026-10-14 09:49:35.874899886,,Contacted,
L200425,P164531,S0013879,,OPT,The Optimizer,refinance,CR-H-refi-fast,google,,2026-09-14 07:12:00,BR-014,Ratchadaphisek,2026-09-14 07:44:46.330216170,True,False,3,2026-09-15 08:24:41.079576427,,Contacted,
L200426,P140770,S0013881,,FHB,First-Home Urban Starters,housing,CR-D-bizasset,facebook,DCO2026,2026-10-07 18:25:00,BR-031,Hat Yai,2026-10-07 19:59:46.823339737,True,False,3,2026-10-08 12:56:52.135438944,2026-10-10 21:17:40.178191645,Document Pending,
L200427,P182027,S0013887,CIF782027,OPT,The Optimizer,refinance,CR-E-refi-save,line,DCO2026,2026-10-25 20:06:00,BR-014,Ratchadaphisek,2026-10-25 21:09:40.480969572,True,False,2,2026-10-27 05:46:10.908209978,2026-10-30 07:53:03.497122226,Document Pending,
L200428,P150913,S0013911,CIF750913,FHB,First-Home Urban Starters,housing,CR-C-familyhome,google,DCO2026,2026-11-06 12:06:00,BR-014,Ratchadaphisek,2026-11-06 19:13:24.667018543,False,False,4,,,Not Qualified,not_qualified
L200429,P139214,S0013931,,FAM,Family Upgraders,housing,CR-E-refi-save,line,DCO2026,2026-09-18 13:12:00,BR-044,Khon Kaen,2026-09-18 13:29:45.610653822,True,False,2,2026-09-20 00:06:39.740180814,2026-09-20 21:55:42.298124412,Document Pending,
L200430,P149269,S0013968,,FHB,First-Home Urban Starters,housing,CR-A-ratecut,line,DCO2026,2026-10-24 15:49:00,BR-014,Ratchadaphisek,2026-10-24 18:01:57.676100439,True,False,1,2026-10-26 00:59:50.436657663,2026-10-31 20:17:33.263443869,Document Pending,
L200431,P105100,S0013969,CIF705100,FHB,First-Home Urban Starters,housing,CR-B-calculator,line,DCO2026,2026-11-04 17:03:00,BR-052,Chiang Mai,2026-11-04 22:41:06.243297050,True,False,1,2026-11-06 13:30:23.256692362,,Contacted,
L200432,P140306,S0014010,,OPT,The Optimizer,refinance,CR-E-refi-save,google,DCO2026,2026-09-15 14:15:00,BR-061,Rangsit,2026-09-15 15:28:20.178041426,True,False,2,2026-09-18 03:36:13.109295272,2026-09-20 09:45:46.429238948,Document Pending,
L200433,P168007,S0014065,,FAM,Family Upgraders,housing,CR-D-bizasset,facebook,DCO2026,2026-09-19 12:45:00,BR-014,Ratchadaphisek,2026-09-19 17:07:08.035041327,True,False,3,2026-09-20 02:50:17.814702134,,Contacted,
L200434,P138296,S0014086,,FHB,First-Home Urban Starters,housing,CR-B-calculator,line,DCO2026,2026-10-20 17:08:00,BR-022,Bang Khae,2026-10-20 19:16:32.398431662,False,False,3,,,Not Qualified,not_qualified
L200435,P134212,S0014248,CIF734212,FHB,First-Home Urban Starters,housing,CR-G-firsthome,facebook,DCO2026,2026-09-02 14:16:00,BR-044,Khon Kaen,2026-09-02 15:08:45.855420024,False,False,5,,,Not Qualified,not_qualified
L200436,P134353,S0014252,,FHB,First-Home Urban Starters,housing,CR-A-ratecut,google,DCO2026,2026-11-08 07:42:00,BR-022,Bang Khae,,False,False,4,,,Not Qualified,not_qualified
L200437,P109016,S0014253,CIF709016,FHB,First-Home Urban Starters,housing,CR-E-refi-save,facebook,DCO2026,2026-10-30 12:30:00,BR-061,Rangsit,2026-10-30 13:03:04.133402668,True,False,2,2026-10-31 06:44:53.856226064,,Contacted,
L200438,P151633,S0014298,,MRL,The Monthly Relief,refinance,CR-G-firsthome,google,DCO2026,2026-09-19 12:10:00,BR-052,Chiang Mai,2026-09-19 16:33:07.004194015,False,False,5,,,Not Qualified,not_qualified
L200439,P103827,S0014398,,FHB,First-Home Urban Starters,housing,CR-G-firsthome,facebook,DCO2026,2026-10-04 08:10:00,BR-061,Rangsit,2026-10-04 08:26:16.140148453,True,False,1,2026-10-05 08:54:41.124216091,2026-10-12 09:39:11.848435162,Document Pending,
L200440,P104773,S0014413,,MRL,The Monthly Relief,refinance,CR-C-familyhome,facebook,DCO2026,2026-10-20 15:34:00,BR-052,Chiang Mai,2026-10-20 19:52:35.920116003,True,False,3,2026-10-21 05:49:32.580328172,2026-10-25 03:50:14.871389404,Document Pending,
L200441,,S0014513,,MRL,The Monthly Relief,refinance,CR-E-refi-save,facebook,DCO2026,2026-10-31 09:46:00,BR-052,Chiang Mai,2026-10-31 10:59:43.132959127,True,False,2,2026-11-02 12:33:47.152070487,,Contacted,
L200442,P143719,S0014573,CIF743719,SAE,Smart Asset Entrepreneurs,housing,CR-D-bizasset,facebook,DCO2026,2026-09-15 16:01:00,BR-044,Khon Kaen,2026-09-15 20:15:47.971181835,False,False,4,,,Not Qualified,not_qualified
L200443,P103931,S0014586,,MRL,The Monthly Relief,refinance,CR-H-refi-fast,google,DCO2026,2026-10-07 16:11:00,BR-044,Khon Kaen,2026-10-07 16:28:40.072180833,False,False,4,,,Not Qualified,not_qualified
L200444,P128451,S0014589,,FHB,First-Home Urban Starters,housing,CR-G-firsthome,facebook,DCO2026,2026-09-21 14:38:00,BR-031,Hat Yai,,True,False,3,2026-09-22 22:37:13.579573635,,Contacted,
L200445,P156239,S0014618,,OPT,The Optimizer,refinance,CR-H-refi-fast,google,DCO2026,2026-10-02 15:31:00,BR-031,Hat Yai,2026-10-02 16:10:54.615276738,True,False,4,,,Cannot Contact,cannot_contact
L200446,,S0014660,CIF753743,OPT,The Optimizer,refinance,CR-G-firsthome,display,,2026-09-15 19:45:00,BR-022,Bang Khae,2026-09-15 21:51:53.840598879,True,False,2,,,Cannot Contact,cannot_contact
L200447,P143304,S0014724,,OPT,The Optimizer,refinance,CR-E-refi-save,google,DCO2026,2026-10-05 21:34:00,BR-022,Bang Khae,2026-10-06 01:30:59.205367082,True,False,1,2026-10-07 03:02:18.917635008,,Contacted,
L200448,P166116,S0014765,,FHB,First-Home Urban Starters,housing,CR-H-refi-fast,line,DCO2026,2026-10-30 20:57:00,BR-014,Ratchadaphisek,2026-10-30 21:02:37.748768902,False,False,5,,,Not Qualified,not_qualified
L200449,P150941,S0014783,CIF750941,FHB,First-Home Urban Starters,housing,CR-D-bizasset,facebook,DCO2026,2026-10-26 11:06:00,BR-031,Hat Yai,2026-10-26 13:23:20.766568754,True,False,3,2026-10-26 23:18:07.664793458,,Contacted,
L200450,P118429,S0014815,,FAM,Family Upgraders,housing,CR-G-firsthome,facebook,DCO2026,2026-11-06 18:10:00,BR-044,Khon Kaen,2026-11-06 19:35:37.679700244,True,False,2,2026-11-07 04:29:40.651164472,,Contacted,
L200451,P174247,S0014869,,FHB,First-Home Urban Starters,housing,CR-B-calculator,facebook,DCO2026,2026-11-09 07:09:00,BR-061,Rangsit,,False,False,2,,,Not Qualified,not_qualified
L200452,P100581,S0014875,,OPT,The Optimizer,refinance,CR-D-bizasset,google,DCO2026,2026-11-01 19:59:00,BR-061,Rangsit,2026-11-01 20:30:12.291573021,False,False,2,,,Not Qualified,not_qualified
L200453,P154675,S0014879,,FHB,First-Home Urban Starters,housing,CR-H-refi-fast,display,DCO2026,2026-10-23 19:30:00,BR-061,Rangsit,2026-10-23 21:39:24.088121272,True,False,1,2026-10-24 08:01:42.133039338,2026-11-07 03:14:14.999044052,Document Pending,
L200454,P130821,S0014883,,OPT,The Optimizer,refinance,CR-F-payless,facebook,DCO2026,2026-10-24 22:41:00,BR-044,Khon Kaen,2026-10-25 01:17:24.892249651,True,False,2,2026-10-25 03:33:49.220452056,,Contacted,
L200455,P164533,S0014961,,OPT,The Optimizer,refinance,CR-E-refi-save,facebook,DCO2026,2026-10-17 17:44:00,BR-022,Bang Khae,2026-10-17 19:04:21.105580844,True,False,1,2026-10-18 09:25:38.605203358,2026-10-22 12:26:49.837506757,Document Pending,
L200456,P168910,S0014971,CIF768910,OPT,The Optimizer,refinance,CR-B-calculator,google,DCO2026,2026-09-05 19:11:00,BR-044,Khon Kaen,2026-09-05 21:07:30.846912954,False,False,3,,,Not Qualified,not_qualified
L200457,P169631,S0014978,,OPT,The Optimizer,refinance,CR-C-familyhome,line,DCO2026,2026-09-21 13:48:00,BR-052,Chiang Mai,2026-09-21 14:33:41.522310835,True,False,3,2026-09-21 16:54:34.266268432,,Contacted,
L200458,P139746,S0015049,CIF739746,FHB,First-Home Urban Starters,housing,CR-F-payless,facebook,DCO2026,2026-09-15 10:16:00,BR-061,Rangsit,2026-09-15 10:57:07.805790276,True,False,1,2026-09-16 12:10:48.215675606,2026-09-19 06:06:03.569781577,Document Pending,
L200459,P138925,S0015077,,FHB,First-Home Urban Starters,housing,CR-B-calculator,line,DCO2026,2026-10-15 16:36:00,BR-061,Rangsit,2026-10-15 17:11:09.145650728,False,False,4,,,Not Qualified,not_qualified
L200460,P130886,S0015096,CIF730886,SAE,Smart Asset Entrepreneurs,housing,CR-C-familyhome,facebook,DCO2026,2026-09-15 20:51:00,BR-061,Rangsit,2026-09-15 21:26:52.582152494,False,False,2,,,Not Qualified,not_qualified
L200461,P136085,S0015146,,OPT,The Optimizer,refinance,CR-H-refi-fast,facebook,DCO2026,2026-09-27 15:47:00,BR-022,Bang Khae,2026-09-27 17:40:56.011499296,False,False,1,,,Not Qualified,not_qualified
L200462,P135465,S0015152,,FHB,First-Home Urban Starters,housing,CR-F-payless,display,DCO2026,2026-10-22 08:40:00,BR-044,Khon Kaen,2026-10-22 14:30:18.331805929,True,False,5,,,Cannot Contact,cannot_contact
L200463,P178068,S0015167,,MRL,The Monthly Relief,refinance,CR-D-bizasset,facebook,,2026-11-08 15:45:00,BR-061,Rangsit,,False,False,5,,,Not Qualified,not_qualified
L200464,,S0015186,CIF711501,SAE,Smart Asset Entrepreneurs,housing,CR-E-refi-save,facebook,DCO2026,2026-09-11 08:57:00,BR-061,Rangsit,2026-09-11 10:15:47.301265562,False,False,3,,,Not Qualified,not_qualified
L200465,P155288,S0015214,,FHB,First-Home Urban Starters,housing,CR-C-familyhome,line,DCO2026,2026-10-13 20:25:00,BR-022,Bang Khae,2026-10-13 21:11:44.801083110,True,False,1,2026-10-15 14:23:51.171611131,2026-10-23 20:45:58.503397207,Document Pending,
L200466,P179087,S0015215,CIF779087,FHB,First-Home Urban Starters,housing,CR-C-familyhome,line,DCO2026,2026-11-05 10:06:00,BR-061,Rangsit,2026-11-05 15:18:20.505270999,False,False,4,,,Not Qualified,not_qualified
L200467,P104477,S0015292,CIF704477,FHB,First-Home Urban Starters,housing,CR-F-payless,google,DCO2026,2026-09-11 12:02:00,BR-044,Khon Kaen,2026-09-11 13:06:34.889314342,False,False,1,,,Not Qualified,not_qualified
L200468,P162147,S0015311,,SAE,Smart Asset Entrepreneurs,housing,CR-D-bizasset,google,,2026-09-12 17:00:00,BR-052,Chiang Mai,2026-09-12 17:29:56.709889825,False,False,1,,,Not Qualified,not_qualified
L200469,P147980,S0015323,,FHB,First-Home Urban Starters,housing,CR-B-calculator,facebook,DCO2026,2026-10-01 14:32:00,BR-044,Khon Kaen,2026-10-01 15:08:05.513815584,False,False,5,,,Not Qualified,not_qualified
L200470,,S0015351,,FAM,Family Upgraders,housing,CR-C-familyhome,facebook,DCO2026,2026-10-16 18:33:00,BR-031,Hat Yai,2026-10-16 21:17:44.117144991,True,False,2,2026-10-18 06:21:27.890551522,,Contacted,
L200471,P127279,S0015429,,SAE,Smart Asset Entrepreneurs,housing,CR-H-refi-fast,facebook,DCO2026,2026-11-08 16:44:00,BR-052,Chiang Mai,,False,False,2,,,Not Qualified,not_qualified
L200472,P119280,S0015465,CIF719280,SAE,Smart Asset Entrepreneurs,housing,CR-B-calculator,google,DCO2026,2026-10-05 16:25:00,BR-044,Khon Kaen,2026-10-05 20:37:10.765850324,False,False,1,,,Not Qualified,not_qualified
L200473,P102682,S0015467,,OPT,The Optimizer,refinance,CR-A-ratecut,facebook,DCO2026,2026-10-12 16:31:00,BR-044,Khon Kaen,2026-10-12 19:15:30.672156400,False,False,2,,,Not Qualified,not_qualified
L200474,P143668,S0015525,,SAE,Smart Asset Entrepreneurs,housing,CR-E-refi-save,facebook,DCO2026,2026-11-05 16:46:00,BR-044,Khon Kaen,2026-11-05 20:39:22.024682160,True,False,3,2026-11-08 01:00:57.559208996,,Document Pending,
L200475,P136063,S0015594,,OPT,The Optimizer,refinance,CR-H-refi-fast,google,DCO2026,2026-11-02 18:35:00,BR-052,Chiang Mai,2026-11-02 19:32:32.396198698,True,False,2,2026-11-03 22:54:18.754085949,2026-11-09 16:46:09.362544212,Document Pending,
L200476,P146070,S0015619,,MRL,The Monthly Relief,refinance,CR-D-bizasset,facebook,DCO2026,2026-10-03 17:41:00,BR-031,Hat Yai,2026-10-03 19:18:30.893803262,True,False,1,2026-10-04 18:40:24.267632215,,Contacted,
L200477,P156290,S0015650,,FHB,First-Home Urban Starters,housing,CR-F-payless,facebook,DCO2026,2026-09-24 22:40:00,BR-052,Chiang Mai,2026-09-25 02:16:45.291139801,True,False,2,2026-09-25 05:05:42.423220095,,Contacted,
L200478,P179899,S0015651,,FHB,First-Home Urban Starters,housing,CR-D-bizasset,facebook,DCO2026,2026-09-22 15:08:00,BR-061,Rangsit,,False,False,1,,,Not Qualified,not_qualified
L200479,P128457,S0015661,,OPT,The Optimizer,refinance,CR-G-firsthome,facebook,,2026-09-11 17:58:00,BR-014,Ratchadaphisek,2026-09-11 18:25:14.773375497,True,False,2,,,Cannot Contact,cannot_contact
L200480,,S0015684,,FAM,Family Upgraders,housing,CR-F-payless,google,DCO2026,2026-09-23 08:16:00,BR-052,Chiang Mai,2026-09-23 10:27:16.566642715,True,False,3,2026-09-23 23:08:14.921721631,2026-10-02 10:17:48.651081276,Document Pending,
L200481,P160924,S0015710,,MRL,The Monthly Relief,refinance,CR-F-payless,line,DCO2026,2026-10-01 08:55:00,BR-061,Rangsit,2026-10-01 12:31:06.204067664,False,False,1,,,Not Qualified,not_qualified
L200482,P170994,S0015731,,FAM,Family Upgraders,housing,CR-F-payless,google,DCO2026,2026-09-29 17:36:00,BR-031,Hat Yai,2026-09-29 18:33:45.362710335,True,False,3,,,Cannot Contact,cannot_contact
L200483,P101751,S0015735,,FHB,First-Home Urban Starters,housing,CR-E-refi-save,line,DCO2026,2026-10-16 16:08:00,BR-044,Khon Kaen,2026-10-16 18:28:59.308429423,True,False,1,2026-10-17 04:57:06.823280416,2026-10-22 16:03:30.882439862,Document Pending,
L200484,P140543,S0015750,CIF740543,FHB,First-Home Urban Starters,housing,CR-F-payless,facebook,DCO2026,2026-10-18 12:54:00,BR-061,Rangsit,2026-10-18 14:44:57.806723612,False,True,1,,,Duplicate Lead,duplicate_lead
L200485,P107188,S0015781,,FHB,First-Home Urban Starters,housing,CR-A-ratecut,facebook,DCO2026,2026-09-21 19:04:00,BR-044,Khon Kaen,2026-09-21 19:11:14.971967936,False,False,2,,,Not Qualified,not_qualified
L200486,P153374,S0015806,,FAM,Family Upgraders,housing,CR-A-ratecut,google,DCO2026,2026-11-07 15:29:00,BR-031,Hat Yai,,True,True,2,,,Duplicate Lead,duplicate_lead
L200487,P140199,S0015821,CIF740199,OPT,The Optimizer,refinance,CR-D-bizasset,line,DCO2026,2026-11-05 07:17:00,BR-052,Chiang Mai,2026-11-05 10:11:35.083311004,True,False,3,2026-11-07 01:55:26.292250168,,Document Pending,
L200488,P126120,S0015828,,OPT,The Optimizer,refinance,CR-D-bizasset,facebook,DCO2026,2026-10-10 13:19:00,BR-052,Chiang Mai,,True,False,2,,,Cannot Contact,cannot_contact
L200489,P103459,S0015845,,FHB,First-Home Urban Starters,housing,CR-D-bizasset,line,DCO2026,2026-09-27 14:00:00,BR-052,Chiang Mai,2026-09-27 15:43:24.236090094,False,False,1,,,Not Qualified,not_qualified
L200490,P117835,S0015874,,OPT,The Optimizer,refinance,CR-E-refi-save,google,DCO2026,2026-11-06 11:53:00,BR-061,Rangsit,2026-11-06 12:27:18.808072672,False,False,4,,,Not Qualified,not_qualified
L200491,P104068,S0015902,,OPT,The Optimizer,refinance,CR-C-familyhome,google,DCO2026,2026-09-10 19:08:00,BR-031,Hat Yai,2026-09-10 19:57:56.451737049,True,False,1,2026-09-11 15:07:29.979864229,2026-09-12 22:48:59.073347200,Document Pending,
L200492,P101326,S0015969,,FHB,First-Home Urban Starters,housing,CR-A-ratecut,facebook,DCO2026,2026-11-06 14:02:00,BR-044,Khon Kaen,2026-11-06 14:27:24.513310362,False,False,3,,,Not Qualified,not_qualified
L200493,P140156,S0015972,,FHB,First-Home Urban Starters,housing,CR-C-familyhome,facebook,DCO2026,2026-10-02 11:28:00,BR-022,Bang Khae,2026-10-02 15:19:13.995119689,True,False,1,2026-10-04 11:33:27.690491947,,Contacted,
L200494,P178854,S0016000,,MRL,The Monthly Relief,refinance,CR-C-familyhome,facebook,DCO2026,2026-11-01 09:42:00,BR-022,Bang Khae,2026-11-01 12:01:23.625136905,False,False,4,,,Not Qualified,not_qualified
L200495,P130663,S0016018,CIF730663,FHB,First-Home Urban Starters,housing,CR-H-refi-fast,facebook,DCO2026,2026-10-04 17:40:00,BR-052,Chiang Mai,2026-10-04 21:55:21.965121917,True,False,3,2026-10-05 01:37:42.552478854,,Contacted,
L200496,P154625,S0016033,,MRL,The Monthly Relief,refinance,CR-C-familyhome,facebook,DCO2026,2026-09-17 12:08:00,BR-031,Hat Yai,2026-09-17 14:46:44.228443592,False,False,1,,,Not Qualified,not_qualified
L200497,P138607,S0016035,,MRL,The Monthly Relief,refinance,CR-B-calculator,facebook,DCO2026,2026-10-16 19:30:00,BR-061,Rangsit,2026-10-16 20:20:43.297288778,True,False,1,2026-10-17 22:35:27.623757595,,Contacted,
L200498,,S0016068,,FHB,First-Home Urban Starters,housing,CR-A-ratecut,display,DCO2026,2026-09-09 16:17:00,BR-014,Ratchadaphisek,2026-09-09 16:31:18.825236048,True,False,2,,,Cannot Contact,cannot_contact
L200499,P154577,S0016104,,SAE,Smart Asset Entrepreneurs,housing,CR-B-calculator,google,DCO2026,2026-09-18 18:18:00,BR-031,Hat Yai,2026-09-18 19:17:26.678814723,False,False,4,,,Not Qualified,not_qualified
L200500,,S0016188,,OPT,The Optimizer,refinance,CR-F-payless,line,DCO2026,2026-10-04 20:18:00,BR-031,Hat Yai,2026-10-04 22:17:56.731152577,True,False,2,2026-10-05 17:11:46.098477560,,Contacted,
L200501,,S0016271,CIF714866,FHB,First-Home Urban Starters,housing,CR-E-refi-save,display,DCO2026,2026-09-04 07:08:00,BR-052,Chiang Mai,2026-09-04 09:41:13.928355190,True,False,5,,,Cannot Contact,cannot_contact
L200502,P169796,S0016289,,FAM,Family Upgraders,housing,CR-E-refi-save,facebook,DCO2026,2026-10-02 20:12:00,BR-031,Hat Yai,2026-10-03 01:20:43.765962824,False,False,5,,,Not Qualified,not_qualified
L200503,P173432,S0016329,,OPT,The Optimizer,refinance,CR-G-firsthome,google,DCO2026,2026-10-18 21:30:00,BR-052,Chiang Mai,2026-10-18 22:57:44.746276280,True,False,5,,,Cannot Contact,cannot_contact
L200504,P131295,S0016367,,FAM,Family Upgraders,housing,CR-A-ratecut,google,DCO2026,2026-10-31 17:08:00,BR-052,Chiang Mai,2026-10-31 18:27:19.460735835,True,False,3,2026-11-01 11:21:26.710467186,2026-11-06 11:18:19.587418518,Document Pending,
L200505,P125699,S0016434,,MRL,The Monthly Relief,refinance,CR-D-bizasset,google,DCO2026,2026-09-08 21:25:00,BR-031,Hat Yai,2026-09-08 22:09:29.356674460,False,False,4,,,Not Qualified,not_qualified
L200506,P118396,S0016451,,FHB,First-Home Urban Starters,housing,CR-C-familyhome,facebook,DCO2026,2026-10-08 08:51:00,BR-061,Rangsit,2026-10-08 11:57:34.752170062,True,False,2,2026-10-09 08:49:37.744766842,2026-10-11 18:57:36.416904188,Document Pending,
L200507,P137968,S0016458,,MRL,The Monthly Relief,refinance,CR-E-refi-save,facebook,DCO2026,2026-10-04 19:58:00,BR-061,Rangsit,2026-10-04 23:28:02.946019971,True,False,2,2026-10-05 17:29:37.445320246,2026-10-19 19:42:42.019871431,Document Pending,
L200508,,S0016549,CIF715668,FHB,First-Home Urban Starters,housing,CR-C-familyhome,facebook,DCO2026,2026-10-26 21:09:00,BR-061,Rangsit,2026-10-26 22:22:48.401016272,False,False,4,,,Not Qualified,not_qualified
L200509,P135035,S0016608,,SAE,Smart Asset Entrepreneurs,housing,CR-A-ratecut,google,DCO2026,2026-09-10 14:38:00,BR-061,Rangsit,2026-09-10 15:37:13.033540356,True,False,3,2026-09-10 19:09:08.920047561,2026-09-11 18:14:01.614305494,Document Pending,
L200510,P162034,S0016670,,FHB,First-Home Urban Starters,housing,CR-D-bizasset,display,DCO2026,2026-09-04 15:46:00,BR-031,Hat Yai,2026-09-04 17:45:24.286678609,False,False,4,,,Not Qualified,not_qualified
L200511,P171764,S0016679,,MRL,The Monthly Relief,refinance,CR-B-calculator,display,DCO2026,2026-09-16 12:49:00,BR-052,Chiang Mai,2026-09-16 13:21:50.762441533,True,False,1,2026-09-17 02:12:19.748014760,2026-09-21 07:27:01.431925512,Document Pending,
L200512,P117107,S0016681,,OPT,The Optimizer,refinance,CR-G-firsthome,google,DCO2026,2026-11-02 19:25:00,BR-031,Hat Yai,2026-11-02 20:43:24.113431263,True,True,2,,,Duplicate Lead,duplicate_lead
L200513,,S0016693,,FAM,Family Upgraders,housing,CR-E-refi-save,facebook,DCO2026,2026-11-01 07:38:00,BR-044,Khon Kaen,2026-11-01 08:23:25.818286276,True,False,3,,,Cannot Contact,cannot_contact
L200514,P174315,S0016720,,FHB,First-Home Urban Starters,housing,CR-G-firsthome,facebook,DCO2026,2026-09-28 20:18:00,BR-014,Ratchadaphisek,2026-09-28 21:39:16.640513046,False,False,1,,,Not Qualified,not_qualified
L200515,P161782,S0016731,,OPT,The Optimizer,refinance,CR-B-calculator,facebook,DCO2026,2026-10-25 07:11:00,BR-061,Rangsit,2026-10-25 10:48:29.184310257,True,False,1,2026-10-26 01:23:09.742988894,2026-11-02 05:23:56.820787239,Document Pending,
L200516,P161131,S0016770,CIF761131,MRL,The Monthly Relief,refinance,CR-H-refi-fast,google,DCO2026,2026-10-26 10:46:00,BR-061,Rangsit,2026-10-26 12:12:08.629364558,True,False,3,2026-10-28 04:58:44.242053177,2026-11-02 07:31:47.424766381,Document Pending,
L200517,P111578,S0016870,,FAM,Family Upgraders,housing,CR-H-refi-fast,google,,2026-11-04 21:05:00,BR-052,Chiang Mai,2026-11-05 00:07:27.091985290,False,False,2,,,Not Qualified,not_qualified
L200518,P150760,S0016891,,OPT,The Optimizer,refinance,CR-F-payless,display,DCO2026,2026-09-10 15:53:00,BR-052,Chiang Mai,2026-09-10 16:37:06.322902792,True,False,2,2026-09-10 20:27:53.138071487,2026-09-13 16:57:32.487164119,Document Pending,
L200519,P158748,S0016935,CIF758748,FHB,First-Home Urban Starters,housing,CR-H-refi-fast,facebook,DCO2026,2026-10-12 09:29:00,BR-014,Ratchadaphisek,2026-10-12 09:58:06.070733883,False,False,3,,,Not Qualified,not_qualified
L200520,P181595,S0016954,,FAM,Family Upgraders,housing,CR-B-calculator,line,DCO2026,2026-09-22 22:35:00,BR-022,Bang Khae,2026-09-23 00:21:33.587973678,True,False,2,,,Cannot Contact,cannot_contact
L200521,P133248,S0016958,,MRL,The Monthly Relief,refinance,CR-B-calculator,google,DCO2026,2026-09-03 17:10:00,BR-052,Chiang Mai,2026-09-03 22:22:38.076159661,False,False,1,,,Not Qualified,not_qualified
L200522,P103584,S0016960,,FHB,First-Home Urban Starters,housing,CR-G-firsthome,google,DCO2026,2026-09-18 17:16:00,BR-031,Hat Yai,2026-09-18 19:25:23.916888129,False,False,2,,,Not Qualified,not_qualified
L200523,P167535,S0016986,CIF767535,FHB,First-Home Urban Starters,housing,CR-H-refi-fast,facebook,DCO2026,2026-11-02 22:26:00,BR-052,Chiang Mai,2026-11-02 22:44:39.237209395,True,False,1,2026-11-05 23:05:17.569947211,,Contacted,
L200524,P109479,S0017032,,OPT,The Optimizer,refinance,CR-C-familyhome,facebook,DCO2026,2026-09-01 16:19:00,BR-044,Khon Kaen,2026-09-01 17:42:05.590841827,True,False,1,,,Cannot Contact,cannot_contact
L200525,P165834,S0017036,CIF765834,FHB,First-Home Urban Starters,housing,CR-C-familyhome,display,DCO2026,2026-09-05 21:04:00,BR-061,Rangsit,2026-09-06 00:00:46.973853074,True,False,2,,,Cannot Contact,cannot_contact
L200526,P169572,S0017083,,OPT,The Optimizer,refinance,CR-F-payless,display,DCO2026,2026-10-29 22:22:00,BR-031,Hat Yai,2026-10-30 02:03:29.869816070,True,False,1,2026-11-01 19:24:47.622196690,,Contacted,
L200527,,S0017161,,FAM,Family Upgraders,housing,CR-F-payless,facebook,DCO2026,2026-10-27 19:38:00,BR-044,Khon Kaen,2026-10-27 19:46:29.674487544,True,False,2,2026-10-29 14:39:49.682119440,,Contacted,
L200528,P109027,S0017176,,OPT,The Optimizer,refinance,CR-C-familyhome,facebook,DCO2026,2026-10-26 18:14:00,BR-022,Bang Khae,2026-10-26 19:18:47.651362381,True,False,1,2026-10-27 01:32:20.959260289,2026-11-05 19:15:35.930367829,Document Pending,
L200529,P130292,S0017248,CIF730292,FHB,First-Home Urban Starters,housing,CR-G-firsthome,line,DCO2026,2026-10-08 10:19:00,BR-044,Khon Kaen,2026-10-08 14:38:44.533959556,False,False,3,,,Not Qualified,not_qualified
L200530,P104200,S0017335,CIF704200,FHB,First-Home Urban Starters,housing,CR-D-bizasset,facebook,DCO2026,2026-10-10 16:41:00,BR-044,Khon Kaen,2026-10-10 20:12:33.602175793,True,False,2,,,Cannot Contact,cannot_contact
L200531,P132765,S0017341,,FHB,First-Home Urban Starters,housing,CR-C-familyhome,facebook,DCO2026,2026-09-04 18:58:00,BR-022,Bang Khae,2026-09-04 20:28:42.311280956,True,False,1,2026-09-06 01:04:56.190727378,2026-09-06 11:13:04.962944566,Document Pending,
L200532,P172159,S0017433,,FAM,Family Upgraders,housing,CR-C-familyhome,line,DCO2026,2026-10-21 15:34:00,BR-052,Chiang Mai,2026-10-21 19:37:47.717310027,True,False,2,2026-10-22 00:59:58.509540318,,Contacted,
L200533,P174885,S0017448,,FHB,First-Home Urban Starters,housing,CR-B-calculator,facebook,DCO2026,2026-09-02 08:36:00,BR-061,Rangsit,2026-09-02 09:12:39.618358423,True,False,1,2026-09-02 18:15:05.623727590,,Contacted,
L200534,P113760,S0017450,,FHB,First-Home Urban Starters,housing,CR-A-ratecut,google,DCO2026,2026-09-28 10:52:00,BR-061,Rangsit,2026-09-28 16:21:33.232578061,True,False,3,2026-09-29 00:57:41.478899445,,Contacted,
L200535,P138648,S0017458,,FHB,First-Home Urban Starters,housing,CR-F-payless,facebook,DCO2026,2026-10-28 11:04:00,BR-022,Bang Khae,2026-10-28 12:31:10.812544106,True,False,1,2026-10-29 16:23:22.462920753,2026-11-03 21:58:23.106004570,Document Pending,
L200536,P159886,S0017483,,FHB,First-Home Urban Starters,housing,CR-D-bizasset,facebook,DCO2026,2026-09-06 13:33:00,BR-061,Rangsit,2026-09-06 16:24:53.397234223,False,False,3,,,Not Qualified,not_qualified
L200537,P108470,S0017492,,FHB,First-Home Urban Starters,housing,CR-H-refi-fast,facebook,DCO2026,2026-09-15 15:05:00,BR-044,Khon Kaen,2026-09-15 18:57:11.663140652,True,False,3,2026-09-16 06:48:42.515071791,,Contacted,
L200538,P124349,S0017526,,SAE,Smart Asset Entrepreneurs,housing,CR-G-firsthome,display,DCO2026,2026-11-05 20:30:00,BR-014,Ratchadaphisek,2026-11-05 22:08:07.755999507,True,False,1,,,Cannot Contact,cannot_contact
L200539,P167091,S0017537,,OPT,The Optimizer,refinance,CR-B-calculator,display,DCO2026,2026-10-18 08:14:00,BR-052,Chiang Mai,2026-10-18 08:23:49.010810644,True,False,1,,,Cannot Contact,cannot_contact
L200540,P114225,S0017539,CIF714225,OPT,The Optimizer,refinance,CR-G-firsthome,facebook,,2026-09-25 13:00:00,BR-052,Chiang Mai,2026-09-25 16:46:41.935266588,True,False,3,2026-09-27 03:32:54.300816178,,Contacted,
L200541,P169262,S0017571,,FHB,First-Home Urban Starters,housing,CR-E-refi-save,facebook,DCO2026,2026-10-19 21:06:00,BR-044,Khon Kaen,2026-10-19 22:46:22.287136918,True,False,1,2026-10-21 11:45:19.247351432,,Contacted,
L200542,,S0017593,,SAE,Smart Asset Entrepreneurs,housing,CR-B-calculator,display,DCO2026,2026-10-20 10:48:00,BR-031,Hat Yai,2026-10-20 11:21:33.905063991,True,False,1,,,Cannot Contact,cannot_contact
L200543,P120039,S0017628,CIF720039,MRL,The Monthly Relief,refinance,CR-C-familyhome,line,DCO2026,2026-09-04 20:55:00,BR-044,Khon Kaen,2026-09-04 22:34:37.001491466,False,False,3,,,Not Qualified,not_qualified
L200544,P145744,S0017659,,OPT,The Optimizer,refinance,CR-H-refi-fast,line,DCO2026,2026-11-05 20:56:00,BR-014,Ratchadaphisek,2026-11-06 02:00:02.737053656,True,False,3,2026-11-08 07:29:35.837092954,,Contacted,
L200545,P141693,S0017690,CIF741693,OPT,The Optimizer,refinance,CR-E-refi-save,display,DCO2026,2026-09-09 20:07:00,BR-052,Chiang Mai,2026-09-09 20:32:37.830374598,True,False,1,2026-09-10 16:44:28.707843226,,Contacted,
L200546,P109848,S0017709,CIF709848,FHB,First-Home Urban Starters,housing,CR-D-bizasset,google,DCO2026,2026-09-04 07:43:00,BR-061,Rangsit,2026-09-04 11:38:13.896789369,True,False,2,2026-09-04 19:28:27.952751458,,Contacted,
L200547,P158593,S0017713,,FAM,Family Upgraders,housing,CR-E-refi-save,google,DCO2026,2026-10-28 08:34:00,BR-061,Rangsit,2026-10-28 09:40:13.326077059,False,False,5,,,Not Qualified,not_qualified
L200548,P103392,S0017740,,OPT,The Optimizer,refinance,CR-C-familyhome,facebook,DCO2026,2026-10-14 18:00:00,BR-022,Bang Khae,2026-10-14 19:34:57.806729263,True,False,3,,,Cannot Contact,cannot_contact
L200549,P162647,S0017839,CIF762647,FAM,Family Upgraders,housing,CR-D-bizasset,display,DCO2026,2026-09-16 21:22:00,BR-022,Bang Khae,2026-09-16 22:57:54.153692566,False,False,4,,,Not Qualified,not_qualified
L200550,P107785,S0017859,,OPT,The Optimizer,refinance,CR-E-refi-save,line,DCO2026,2026-11-07 22:45:00,BR-031,Hat Yai,,False,False,2,,,Not Qualified,not_qualified
L200551,P162665,S0017878,,SAE,Smart Asset Entrepreneurs,housing,CR-C-familyhome,google,DCO2026,2026-11-06 22:15:00,BR-022,Bang Khae,2026-11-06 23:13:38.486859481,True,False,4,,,Cannot Contact,cannot_contact
L200552,P169147,S0017897,CIF769147,OPT,The Optimizer,refinance,CR-A-ratecut,facebook,,2026-10-19 12:18:00,BR-014,Ratchadaphisek,2026-10-19 13:29:23.850111422,True,False,1,2026-10-19 22:48:04.820708246,,Contacted,
L200553,P168924,S0017904,CIF768924,OPT,The Optimizer,refinance,CR-A-ratecut,google,DCO2026,2026-11-04 14:51:00,BR-044,Khon Kaen,2026-11-04 15:25:56.503717996,False,False,1,,,Not Qualified,not_qualified
L200554,P171989,S0017995,,FHB,First-Home Urban Starters,housing,CR-B-calculator,display,DCO2026,2026-09-24 21:04:00,BR-044,Khon Kaen,2026-09-24 22:36:21.779371230,True,False,1,2026-09-25 18:10:14.397237806,,Contacted,
L200555,P114266,S0018001,,OPT,The Optimizer,refinance,CR-A-ratecut,facebook,DCO2026,2026-10-26 07:48:00,BR-022,Bang Khae,2026-10-26 08:02:39.398210556,False,False,1,,,Not Qualified,not_qualified
L200556,P107426,S0018011,,OPT,The Optimizer,refinance,CR-C-familyhome,facebook,DCO2026,2026-10-29 18:13:00,BR-044,Khon Kaen,2026-10-29 20:32:47.930534504,True,False,2,2026-10-30 15:33:32.520981231,,Document Pending,
L200557,P171414,S0018088,,OPT,The Optimizer,refinance,CR-B-calculator,facebook,DCO2026,2026-10-29 07:43:00,BR-044,Khon Kaen,2026-10-29 09:27:18.826657544,False,False,5,,,Not Qualified,not_qualified
L200558,P117502,S0018118,,OPT,The Optimizer,refinance,CR-C-familyhome,facebook,DCO2026,2026-09-19 19:43:00,BR-061,Rangsit,2026-09-19 21:11:07.359240694,False,False,1,,,Not Qualified,not_qualified
L200559,P141012,S0018137,,FHB,First-Home Urban Starters,housing,CR-B-calculator,line,DCO2026,2026-10-15 20:45:00,BR-014,Ratchadaphisek,2026-10-15 22:32:49.251234555,True,False,1,2026-10-17 02:32:43.940562547,,Contacted,
L200560,P118068,S0018156,,MRL,The Monthly Relief,refinance,CR-F-payless,display,DCO2026,2026-09-15 16:35:00,BR-031,Hat Yai,2026-09-15 19:01:56.343178676,False,False,4,,,Not Qualified,not_qualified
L200561,P113739,S0018159,CIF713739,MRL,The Monthly Relief,refinance,CR-G-firsthome,google,DCO2026,2026-09-01 10:47:00,BR-014,Ratchadaphisek,2026-09-01 11:36:07.224511252,False,False,1,,,Not Qualified,not_qualified
L200562,P176373,S0018174,CIF776373,SAE,Smart Asset Entrepreneurs,housing,CR-H-refi-fast,facebook,DCO2026,2026-10-06 15:12:00,BR-044,Khon Kaen,2026-10-06 15:59:42.019111402,True,False,1,2026-10-07 04:43:01.158986546,,Contacted,
L200563,P178169,S0018177,,FHB,First-Home Urban Starters,housing,CR-E-refi-save,facebook,DCO2026,2026-10-16 19:00:00,BR-014,Ratchadaphisek,2026-10-16 21:30:24.757183972,True,False,2,2026-10-18 02:53:39.765224500,2026-10-27 07:11:13.052040936,Document Pending,
L200564,P123608,S0018287,CIF723608,OPT,The Optimizer,refinance,CR-B-calculator,facebook,DCO2026,2026-10-13 10:18:00,BR-052,Chiang Mai,2026-10-13 13:47:58.644149330,True,False,2,2026-10-16 20:39:10.243578985,,Contacted,
L200565,P171499,S0018308,,FHB,First-Home Urban Starters,housing,CR-B-calculator,display,DCO2026,2026-09-21 17:25:00,BR-052,Chiang Mai,2026-09-21 21:42:44.338914772,True,False,3,2026-09-23 09:39:45.479797094,,Contacted,
L200566,P174254,S0018363,CIF774254,SAE,Smart Asset Entrepreneurs,housing,CR-E-refi-save,facebook,DCO2026,2026-11-02 19:52:00,BR-052,Chiang Mai,2026-11-02 21:11:26.179079502,False,False,4,,,Not Qualified,not_qualified
L200567,P136866,S0018404,,FHB,First-Home Urban Starters,housing,CR-F-payless,facebook,DCO2026,2026-09-16 11:46:00,BR-052,Chiang Mai,2026-09-16 14:20:39.342405230,False,False,2,,,Not Qualified,not_qualified
L200568,P152010,S0018434,CIF752010,MRL,The Monthly Relief,refinance,CR-E-refi-save,display,DCO2026,2026-09-17 21:11:00,BR-061,Rangsit,2026-09-18 00:46:01.673180822,False,True,4,,,Duplicate Lead,duplicate_lead
L200569,P175588,S0018440,,MRL,The Monthly Relief,refinance,CR-H-refi-fast,google,DCO2026,2026-11-05 11:05:00,BR-044,Khon Kaen,2026-11-05 13:01:42.523134781,False,False,4,,,Not Qualified,not_qualified
L200570,P181037,S0018441,,FAM,Family Upgraders,housing,CR-E-refi-save,line,DCO2026,2026-09-18 17:52:00,BR-014,Ratchadaphisek,2026-09-18 22:01:49.373676007,False,True,1,,,Duplicate Lead,duplicate_lead
L200571,P123094,S0018444,CIF723094,MRL,The Monthly Relief,refinance,CR-C-familyhome,google,DCO2026,2026-10-24 12:44:00,BR-044,Khon Kaen,2026-10-24 13:42:52.881027834,False,False,2,,,Not Qualified,not_qualified
L200572,P115207,S0018457,,FHB,First-Home Urban Starters,housing,CR-C-familyhome,facebook,DCO2026,2026-10-11 15:53:00,BR-061,Rangsit,2026-10-11 20:30:49.815079435,True,False,1,2026-10-12 02:56:31.059783514,,Contacted,
L200573,P110966,S0018485,,OPT,The Optimizer,refinance,CR-A-ratecut,facebook,DCO2026,2026-10-31 09:42:00,BR-044,Khon Kaen,2026-10-31 11:32:03.943521330,True,False,3,,,Cannot Contact,cannot_contact
L200574,P163557,S0018486,,MRL,The Monthly Relief,refinance,CR-E-refi-save,google,DCO2026,2026-10-13 07:30:00,BR-014,Ratchadaphisek,2026-10-13 08:33:03.967287080,False,False,2,,,Not Qualified,not_qualified
L200575,P104155,S0018523,,FHB,First-Home Urban Starters,housing,CR-G-firsthome,line,,2026-10-17 13:53:00,BR-061,Rangsit,2026-10-17 21:40:15.671321419,True,True,4,,,Duplicate Lead,duplicate_lead
L200576,P122930,S0018525,,FAM,Family Upgraders,housing,CR-G-firsthome,facebook,DCO2026,2026-10-20 15:55:00,BR-044,Khon Kaen,2026-10-20 16:58:57.824028604,True,False,1,2026-10-21 21:25:48.731920423,,Contacted,
L200577,P124743,S0018531,CIF724743,FAM,Family Upgraders,housing,CR-B-calculator,line,DCO2026,2026-09-03 21:47:00,BR-044,Khon Kaen,2026-09-03 22:40:28.770869648,True,False,3,2026-09-04 13:21:33.499690129,,Contacted,
L200578,P133030,S0018544,,FHB,First-Home Urban Starters,housing,CR-B-calculator,line,DCO2026,2026-10-21 07:50:00,BR-061,Rangsit,2026-10-21 09:01:18.997333281,True,False,2,,,Cannot Contact,cannot_contact
L200579,P145587,S0018578,CIF745587,MRL,The Monthly Relief,refinance,CR-B-calculator,line,DCO2026,2026-11-01 19:05:00,BR-031,Hat Yai,2026-11-01 21:02:47.707693250,True,False,3,2026-11-02 14:22:20.809142948,,Document Pending,
L200580,P119105,S0018588,CIF719105,FHB,First-Home Urban Starters,housing,CR-A-ratecut,facebook,DCO2026,2026-10-05 21:49:00,BR-061,Rangsit,2026-10-05 23:08:12.958252075,True,False,3,,,Cannot Contact,cannot_contact
L200581,P150489,S0018595,,MRL,The Monthly Relief,refinance,CR-D-bizasset,google,DCO2026,2026-10-09 18:00:00,BR-052,Chiang Mai,2026-10-09 18:36:23.072861998,False,False,2,,,Not Qualified,not_qualified
L200582,P180382,S0018598,CIF780382,SAE,Smart Asset Entrepreneurs,housing,CR-C-familyhome,line,DCO2026,2026-09-30 15:48:00,BR-031,Hat Yai,2026-09-30 16:18:37.807670221,False,True,4,,,Duplicate Lead,duplicate_lead
L200583,P152269,S0018602,CIF752269,MRL,The Monthly Relief,refinance,CR-C-familyhome,google,DCO2026,2026-10-12 15:46:00,BR-022,Bang Khae,2026-10-12 19:30:42.068950717,True,False,3,2026-10-13 00:58:26.588400663,,Contacted,
L200584,P108008,S0018608,,OPT,The Optimizer,refinance,CR-B-calculator,facebook,DCO2026,2026-09-14 08:35:00,BR-061,Rangsit,2026-09-14 08:51:20.500766086,True,False,3,2026-09-15 12:50:55.806925809,2026-09-23 08:41:14.684685498,Document Pending,
L200585,P133644,S0018625,,FHB,First-Home Urban Starters,housing,CR-B-calculator,facebook,DCO2026,2026-10-05 12:21:00,BR-061,Rangsit,2026-10-05 15:12:52.573831383,True,False,1,2026-10-05 18:57:41.156151256,2026-10-07 11:49:52.656592717,Document Pending,
L200586,P147259,S0018716,,FHB,First-Home Urban Starters,housing,CR-A-ratecut,facebook,DCO2026,2026-09-27 22:04:00,BR-044,Khon Kaen,2026-09-28 00:27:56.973301270,True,False,3,2026-09-28 11:13:29.293777947,,Contacted,
L200587,P172352,S0018723,CIF772352,FAM,Family Upgraders,housing,CR-B-calculator,google,DCO2026,2026-09-23 18:57:00,BR-052,Chiang Mai,2026-09-24 00:10:02.085433935,False,False,2,,,Not Qualified,not_qualified
L200588,P170056,S0018772,,OPT,The Optimizer,refinance,CR-B-calculator,line,DCO2026,2026-09-07 07:08:00,BR-052,Chiang Mai,2026-09-07 07:58:51.855938970,True,False,2,2026-09-09 15:44:46.310433847,,Contacted,
L200589,P126978,S0018777,,OPT,The Optimizer,refinance,CR-B-calculator,google,,2026-09-13 18:11:00,BR-044,Khon Kaen,2026-09-13 21:38:03.469633308,False,False,4,,,Not Qualified,not_qualified
L200590,P106817,S0018791,,FHB,First-Home Urban Starters,housing,CR-A-ratecut,display,DCO2026,2026-09-16 17:53:00,BR-014,Ratchadaphisek,2026-09-16 18:46:26.450675394,True,False,4,,,Cannot Contact,cannot_contact
L200591,P172128,S0018817,,FHB,First-Home Urban Starters,housing,CR-F-payless,line,DCO2026,2026-10-19 17:55:00,BR-031,Hat Yai,2026-10-20 00:00:23.409287869,True,False,2,2026-10-21 12:41:06.806095773,2026-10-24 16:17:22.788515467,Document Pending,
L200592,P124219,S0018819,,MRL,The Monthly Relief,refinance,CR-E-refi-save,line,DCO2026,2026-09-03 09:21:00,BR-014,Ratchadaphisek,2026-09-03 11:05:42.673690096,True,False,3,2026-09-04 11:33:02.750569624,,Contacted,
L200593,P176977,S0018864,CIF776977,MRL,The Monthly Relief,refinance,CR-B-calculator,facebook,DCO2026,2026-10-06 15:04:00,BR-022,Bang Khae,2026-10-06 15:30:09.766631270,False,False,3,,,Not Qualified,not_qualified
L200594,P145915,S0018877,CIF745915,SAE,Smart Asset Entrepreneurs,housing,CR-H-refi-fast,google,DCO2026,2026-10-29 22:42:00,BR-052,Chiang Mai,2026-10-29 22:46:30.677911233,False,False,1,,,Not Qualified,not_qualified
L200595,P152873,S0018977,,FAM,Family Upgraders,housing,CR-D-bizasset,google,DCO2026,2026-10-21 08:42:00,BR-061,Rangsit,2026-10-21 08:56:16.214219610,True,False,3,2026-10-21 23:41:43.475293734,,Contacted,
L200596,P161628,S0019006,,SAE,Smart Asset Entrepreneurs,housing,CR-F-payless,google,DCO2026,2026-11-06 15:26:00,BR-022,Bang Khae,2026-11-06 16:55:49.784261816,False,False,2,,,Not Qualified,not_qualified
L200597,P117327,S0019009,,OPT,The Optimizer,refinance,CR-C-familyhome,google,DCO2026,2026-10-17 17:40:00,BR-052,Chiang Mai,2026-10-17 23:09:18.996244566,False,False,1,,,Not Qualified,not_qualified
L200598,P139247,S0019124,,SAE,Smart Asset Entrepreneurs,housing,CR-G-firsthome,display,DCO2026,2026-09-03 08:34:00,BR-014,Ratchadaphisek,2026-09-03 10:31:09.493846048,True,False,3,2026-09-04 19:08:03.644519822,,Contacted,
L200599,P106155,S0019210,,OPT,The Optimizer,refinance,CR-C-familyhome,line,DCO2026,2026-09-28 22:43:00,BR-022,Bang Khae,2026-09-28 23:29:00.841750748,False,False,1,,,Not Qualified,not_qualified
L200600,P158297,S0019214,,OPT,The Optimizer,refinance,CR-H-refi-fast,facebook,DCO2026,2026-10-02 19:23:00,BR-052,Chiang Mai,2026-10-02 21:18:20.367836281,True,False,2,2026-10-03 21:51:36.999352794,,Contacted,
L200601,P115222,S0019291,,OPT,The Optimizer,refinance,CR-H-refi-fast,line,DCO2026,2026-10-16 18:53:00,BR-031,Hat Yai,2026-10-17 03:07:36.843141606,True,False,3,,,Cannot Contact,cannot_contact
L200602,P113687,S0019298,,FAM,Family Upgraders,housing,CR-B-calculator,display,DCO2026,2026-10-20 12:43:00,BR-044,Khon Kaen,2026-10-20 13:28:16.618204350,True,False,3,2026-10-21 05:34:00.848378307,,Contacted,
L200603,P127973,S0019305,,SAE,Smart Asset Entrepreneurs,housing,CR-G-firsthome,display,DCO2026,2026-09-11 14:01:00,BR-031,Hat Yai,2026-09-11 14:11:44.634842418,False,False,3,,,Not Qualified,not_qualified
L200604,P153260,S0019337,,FAM,Family Upgraders,housing,CR-C-familyhome,facebook,DCO2026,2026-10-24 20:41:00,BR-044,Khon Kaen,2026-10-24 22:29:41.149994317,True,False,5,,,Cannot Contact,cannot_contact
L200605,P139416,S0019342,CIF739416,SAE,Smart Asset Entrepreneurs,housing,CR-G-firsthome,facebook,DCO2026,2026-10-25 13:36:00,BR-044,Khon Kaen,2026-10-25 14:55:47.418106008,False,False,4,,,Not Qualified,not_qualified
L200606,P178970,S0019372,CIF778970,OPT,The Optimizer,refinance,CR-F-payless,google,DCO2026,2026-10-20 08:41:00,BR-014,Ratchadaphisek,2026-10-20 12:17:31.984052292,True,False,1,2026-10-21 04:27:43.970630815,,Contacted,
L200607,P116232,S0019380,,MRL,The Monthly Relief,refinance,CR-E-refi-save,google,DCO2026,2026-09-27 11:15:00,BR-022,Bang Khae,2026-09-27 11:59:12.479973583,False,False,4,,,Not Qualified,not_qualified
L200608,P125395,S0019383,CIF725395,FAM,Family Upgraders,housing,CR-D-bizasset,google,,2026-10-28 09:52:00,BR-052,Chiang Mai,2026-10-28 15:08:06.329736242,True,False,2,,,Cannot Contact,cannot_contact
L200609,,S0019422,,OPT,The Optimizer,refinance,CR-H-refi-fast,facebook,DCO2026,2026-09-01 13:13:00,BR-014,Ratchadaphisek,2026-09-01 14:46:49.779286700,False,False,5,,,Not Qualified,not_qualified
L200610,P101204,S0019426,,OPT,The Optimizer,refinance,CR-A-ratecut,line,DCO2026,2026-09-30 18:17:00,BR-052,Chiang Mai,2026-09-30 20:03:15.180125368,True,False,1,2026-10-02 01:30:04.655745930,2026-10-04 05:03:55.280220427,Document Pending,
L200611,P172204,S0019490,CIF772204,FHB,First-Home Urban Starters,housing,CR-F-payless,facebook,DCO2026,2026-10-26 13:12:00,BR-014,Ratchadaphisek,2026-10-26 16:43:50.903101117,True,False,2,2026-10-28 04:11:18.198493422,,Contacted,
L200612,P126950,S0019633,,OPT,The Optimizer,refinance,CR-G-firsthome,facebook,DCO2026,2026-09-13 16:30:00,BR-061,Rangsit,2026-09-13 17:08:25.020837837,True,False,3,2026-09-13 23:38:07.670930931,,Contacted,
L200613,P155689,S0019678,,FHB,First-Home Urban Starters,housing,CR-D-bizasset,facebook,DCO2026,2026-09-25 21:58:00,BR-052,Chiang Mai,2026-09-25 23:11:25.252288262,True,False,3,2026-09-26 08:28:42.085401368,2026-10-04 11:09:29.151726673,Document Pending,
L200614,P102415,S0019704,,SAE,Smart Asset Entrepreneurs,housing,CR-C-familyhome,display,DCO2026,2026-11-07 20:00:00,BR-022,Bang Khae,,True,False,2,2026-11-08 22:39:57.404240560,,Document Pending,
L200615,P149329,S0019728,,FHB,First-Home Urban Starters,housing,CR-D-bizasset,facebook,DCO2026,2026-10-02 21:42:00,BR-022,Bang Khae,2026-10-02 22:32:52.739392830,True,False,5,,,Cannot Contact,cannot_contact
L200616,P119226,S0019771,,OPT,The Optimizer,refinance,CR-A-ratecut,display,DCO2026,2026-09-17 08:02:00,BR-061,Rangsit,2026-09-17 08:38:21.242797970,True,False,2,2026-09-18 19:01:27.136848447,,Contacted,
L200617,P142045,S0019812,,OPT,The Optimizer,refinance,CR-B-calculator,facebook,DCO2026,2026-09-08 08:57:00,BR-052,Chiang Mai,2026-09-08 09:24:28.354111524,False,False,2,,,Not Qualified,not_qualified
L200618,P176700,S0019869,,MRL,The Monthly Relief,refinance,CR-H-refi-fast,facebook,DCO2026,2026-09-23 12:25:00,BR-061,Rangsit,2026-09-23 13:18:44.255432932,False,True,5,,,Duplicate Lead,duplicate_lead
L200619,P104388,S0019925,,MRL,The Monthly Relief,refinance,CR-D-bizasset,facebook,DCO2026,2026-10-27 18:38:00,BR-022,Bang Khae,2026-10-27 21:25:48.337375689,False,False,2,,,Not Qualified,not_qualified
L200620,P180116,S0019988,,FHB,First-Home Urban Starters,housing,CR-A-ratecut,google,DCO2026,2026-10-30 12:48:00,BR-014,Ratchadaphisek,2026-10-30 13:36:33.428854191,True,False,3,2026-11-01 11:25:47.281632985,2026-11-08 06:58:12.927718909,Document Pending,
L200621,P125308,S0020001,CIF725308,OPT,The Optimizer,refinance,CR-H-refi-fast,facebook,DCO2026,2026-09-04 20:15:00,BR-044,Khon Kaen,2026-09-05 01:30:03.252434507,True,False,1,,,Cannot Contact,cannot_contact
L200622,P154081,S0020031,,FHB,First-Home Urban Starters,housing,CR-B-calculator,facebook,,2026-10-26 11:49:00,BR-031,Hat Yai,2026-10-26 14:27:19.595212292,False,False,2,,,Not Qualified,not_qualified
L200623,P150263,S0020046,,MRL,The Monthly Relief,refinance,CR-D-bizasset,facebook,DCO2026,2026-10-13 22:27:00,BR-061,Rangsit,2026-10-14 01:02:27.888695145,False,False,1,,,Not Qualified,not_qualified
L200624,P159186,S0020064,,MRL,The Monthly Relief,refinance,CR-C-familyhome,facebook,DCO2026,2026-09-09 17:22:00,BR-031,Hat Yai,2026-09-09 21:41:01.662622550,False,False,2,,,Not Qualified,not_qualified
L200625,P148300,S0020068,,OPT,The Optimizer,refinance,CR-G-firsthome,google,,2026-10-07 08:06:00,BR-022,Bang Khae,2026-10-07 10:35:57.875922528,True,False,5,,,Cannot Contact,cannot_contact
L200626,P102271,S0020083,,OPT,The Optimizer,refinance,CR-G-firsthome,facebook,DCO2026,2026-09-20 19:00:00,BR-044,Khon Kaen,2026-09-20 19:30:03.787245550,True,False,2,2026-09-20 23:10:09.640941938,,Contacted,
L200627,P138814,S0020127,,FHB,First-Home Urban Starters,housing,CR-A-ratecut,facebook,DCO2026,2026-11-09 15:39:00,BR-044,Khon Kaen,,True,False,2,,,Contacted,
L200628,P143695,S0020165,CIF743695,FHB,First-Home Urban Starters,housing,CR-D-bizasset,facebook,DCO2026,2026-10-22 12:05:00,BR-052,Chiang Mai,,True,False,1,2026-10-23 07:02:59.287745649,,Contacted,
L200629,P172502,S0020183,,OPT,The Optimizer,refinance,CR-H-refi-fast,line,,2026-09-10 09:47:00,BR-014,Ratchadaphisek,2026-09-10 10:45:00.528674980,True,False,2,2026-09-11 04:09:21.430235751,2026-09-13 08:22:33.828068310,Document Pending,
L200630,P150316,S0020217,,FAM,Family Upgraders,housing,CR-D-bizasset,display,DCO2026,2026-10-30 13:41:00,BR-044,Khon Kaen,2026-10-30 15:51:07.679089480,True,False,1,2026-11-01 13:56:17.437484631,,Contacted,
L200631,P100139,S0020235,CIF700139,MRL,The Monthly Relief,refinance,CR-F-payless,google,DCO2026,2026-09-24 12:50:00,BR-052,Chiang Mai,2026-09-24 14:19:15.511881116,True,False,5,,,Cannot Contact,cannot_contact
L200632,,S0020244,,FAM,Family Upgraders,housing,CR-C-familyhome,display,DCO2026,2026-10-10 08:11:00,BR-052,Chiang Mai,2026-10-10 09:39:28.592765824,True,False,3,2026-10-10 22:30:36.887430475,2026-10-18 08:22:58.570769713,Document Pending,
L200633,P111212,S0020254,,OPT,The Optimizer,refinance,CR-E-refi-save,google,DCO2026,2026-09-16 11:29:00,BR-022,Bang Khae,,True,False,1,2026-09-17 13:41:30.471559930,2026-09-24 19:44:33.991069798,Document Pending,
L200634,P107643,S0020284,CIF707643,SAE,Smart Asset Entrepreneurs,housing,CR-D-bizasset,google,DCO2026,2026-09-20 17:02:00,BR-044,Khon Kaen,2026-09-20 17:19:46.801098823,True,False,3,2026-09-20 20:12:21.019544072,,Contacted,
L200635,P125891,S0020342,,SAE,Smart Asset Entrepreneurs,housing,CR-C-familyhome,google,DCO2026,2026-09-05 22:27:00,BR-022,Bang Khae,2026-09-05 23:12:31.513274265,True,False,2,2026-09-06 13:50:02.089830894,2026-09-09 14:05:24.881618911,Document Pending,
L200636,P131551,S0020387,,OPT,The Optimizer,refinance,CR-H-refi-fast,facebook,DCO2026,2026-09-08 11:52:00,BR-044,Khon Kaen,2026-09-08 14:02:02.214534972,False,False,1,,,Not Qualified,not_qualified
L200637,P179691,S0020390,,FAM,Family Upgraders,housing,CR-C-familyhome,line,DCO2026,2026-09-16 15:24:00,BR-031,Hat Yai,2026-09-16 18:01:39.578250673,False,False,1,,,Not Qualified,not_qualified
L200638,P101565,S0020393,,FAM,Family Upgraders,housing,CR-C-familyhome,facebook,DCO2026,2026-10-18 18:33:00,BR-014,Ratchadaphisek,2026-10-18 19:52:55.883869557,True,False,5,,,Cannot Contact,cannot_contact
L200639,P160189,S0020423,CIF760189,OPT,The Optimizer,refinance,CR-F-payless,facebook,DCO2026,2026-10-24 11:35:00,BR-052,Chiang Mai,2026-10-24 12:45:00.738182042,True,False,2,2026-10-24 18:17:45.589190299,,Contacted,
L200640,P125828,S0020475,,OPT,The Optimizer,refinance,CR-E-refi-save,google,DCO2026,2026-10-29 08:04:00,BR-022,Bang Khae,2026-10-29 10:25:18.416929690,True,False,5,,,Cannot Contact,cannot_contact
L200641,P135789,S0020490,CIF735789,FAM,Family Upgraders,housing,CR-G-firsthome,facebook,,2026-09-25 18:13:00,BR-031,Hat Yai,2026-09-25 18:26:35.825359753,False,False,1,,,Not Qualified,not_qualified
L200642,,S0020517,,FHB,First-Home Urban Starters,housing,CR-D-bizasset,facebook,DCO2026,2026-10-29 09:16:00,BR-031,Hat Yai,2026-10-29 10:57:00.285073400,True,False,2,2026-10-30 20:43:26.671926906,2026-11-04 10:57:23.026461817,Document Pending,
L200643,P162956,S0020519,,MRL,The Monthly Relief,refinance,CR-C-familyhome,google,DCO2026,2026-10-07 08:29:00,BR-052,Chiang Mai,2026-10-07 10:45:51.376475586,True,False,2,2026-10-07 19:55:51.300019309,,Contacted,
L200644,P118781,S0020522,,OPT,The Optimizer,refinance,CR-G-firsthome,facebook,DCO2026,2026-10-04 20:53:00,BR-061,Rangsit,2026-10-04 22:31:43.525125279,False,False,4,,,Not Qualified,not_qualified
L200645,P167549,S0020537,,FHB,First-Home Urban Starters,housing,CR-D-bizasset,facebook,DCO2026,2026-09-08 10:11:00,BR-044,Khon Kaen,2026-09-08 12:15:47.440285831,True,False,1,2026-09-08 14:36:14.829096327,,Contacted,
L200646,P126682,S0020553,,FHB,First-Home Urban Starters,housing,CR-C-familyhome,display,DCO2026,2026-09-02 07:14:00,BR-014,Ratchadaphisek,2026-09-02 09:11:52.417780318,True,False,3,,,Cannot Contact,cannot_contact
L200647,P169150,S0020613,,FAM,Family Upgraders,housing,CR-B-calculator,line,DCO2026,2026-09-30 13:53:00,BR-031,Hat Yai,2026-09-30 18:36:47.820084794,True,False,2,2026-10-01 09:18:55.738701386,2026-10-07 23:03:22.721817900,Document Pending,
L200648,,S0020644,,FHB,First-Home Urban Starters,housing,CR-F-payless,google,DCO2026,2026-10-04 15:08:00,BR-061,Rangsit,2026-10-04 16:29:54.976515591,True,False,2,2026-10-06 05:13:02.626676077,,Contacted,
L200649,P108516,S0020700,,OPT,The Optimizer,refinance,CR-H-refi-fast,facebook,DCO2026,2026-09-22 09:32:00,BR-022,Bang Khae,2026-09-22 10:28:10.464621972,False,False,3,,,Not Qualified,not_qualified
L200650,P167160,S0020779,CIF767160,FHB,First-Home Urban Starters,housing,CR-D-bizasset,google,DCO2026,2026-10-07 07:51:00,BR-044,Khon Kaen,2026-10-07 11:31:07.323026228,False,False,2,,,Not Qualified,not_qualified
L200651,P158802,S0020831,CIF758802,OPT,The Optimizer,refinance,CR-H-refi-fast,facebook,DCO2026,2026-11-07 10:52:00,BR-031,Hat Yai,,False,False,4,,,Not Qualified,not_qualified
L200652,P121067,S0020936,,OPT,The Optimizer,refinance,CR-G-firsthome,line,,2026-10-08 16:27:00,BR-022,Bang Khae,2026-10-08 18:14:28.002641420,True,False,2,2026-10-09 14:49:49.848734463,,Contacted,
L200653,P104606,S0020973,,SAE,Smart Asset Entrepreneurs,housing,CR-D-bizasset,google,DCO2026,2026-09-15 09:38:00,BR-044,Khon Kaen,2026-09-15 12:33:30.718070407,False,False,3,,,Not Qualified,not_qualified
L200654,P153322,S0020999,CIF753322,FAM,Family Upgraders,housing,CR-A-ratecut,facebook,DCO2026,2026-10-16 16:40:00,BR-014,Ratchadaphisek,2026-10-16 17:19:11.343539376,True,False,2,2026-10-16 19:36:44.441084752,,Contacted,
L200655,P107320,S0021015,,SAE,Smart Asset Entrepreneurs,housing,CR-G-firsthome,display,DCO2026,2026-09-12 08:33:00,BR-052,Chiang Mai,2026-09-12 09:52:55.769939832,True,False,1,2026-09-13 01:35:59.359296505,2026-09-19 16:58:02.099827099,Document Pending,
L200656,P157245,S0021019,,FHB,First-Home Urban Starters,housing,CR-D-bizasset,facebook,DCO2026,2026-09-24 16:32:00,BR-044,Khon Kaen,2026-09-24 20:47:36.906675249,False,False,5,,,Not Qualified,not_qualified
L200657,P133731,S0021023,CIF733731,MRL,The Monthly Relief,refinance,CR-D-bizasset,facebook,DCO2026,2026-09-05 08:40:00,BR-031,Hat Yai,2026-09-05 11:31:19.693254092,False,False,2,,,Not Qualified,not_qualified
L200658,P157722,S0021049,CIF757722,FHB,First-Home Urban Starters,housing,CR-D-bizasset,facebook,DCO2026,2026-09-06 14:18:00,BR-044,Khon Kaen,2026-09-06 16:14:04.390497081,True,False,3,2026-09-07 08:33:58.682601907,,Contacted,
L200659,P132328,S0021056,,FAM,Family Upgraders,housing,CR-D-bizasset,facebook,DCO2026,2026-09-28 21:58:00,BR-044,Khon Kaen,2026-09-28 22:45:10.478285804,False,False,5,,,Not Qualified,not_qualified
L200660,P142256,S0021061,,FAM,Family Upgraders,housing,CR-E-refi-save,facebook,DCO2026,2026-10-01 11:18:00,BR-052,Chiang Mai,2026-10-01 11:31:02.803644314,False,False,4,,,Not Qualified,not_qualified
L200661,P141815,S0021098,CIF741815,FHB,First-Home Urban Starters,housing,CR-H-refi-fast,facebook,DCO2026,2026-09-23 13:20:00,BR-052,Chiang Mai,2026-09-23 19:26:14.083367256,False,False,1,,,Not Qualified,not_qualified
L200662,P148803,S0021150,,OPT,The Optimizer,refinance,CR-F-payless,google,DCO2026,2026-09-02 19:49:00,BR-044,Khon Kaen,2026-09-02 20:00:51.339103249,True,False,3,,,Cannot Contact,cannot_contact
L200663,P132807,S0021323,CIF732807,OPT,The Optimizer,refinance,CR-B-calculator,google,DCO2026,2026-11-07 09:45:00,BR-052,Chiang Mai,,True,False,1,2026-11-08 14:25:52.485506994,,Contacted,
L200664,P115248,S0021346,,OPT,The Optimizer,refinance,CR-A-ratecut,google,DCO2026,2026-09-13 21:50:00,BR-052,Chiang Mai,2026-09-13 23:40:17.209515555,True,False,3,2026-09-14 13:07:57.167375762,,Contacted,
L200665,P162296,S0021384,,FHB,First-Home Urban Starters,housing,CR-F-payless,google,DCO2026,2026-10-02 10:42:00,BR-061,Rangsit,,False,False,5,,,Not Qualified,not_qualified
L200666,P163728,S0021398,,OPT,The Optimizer,refinance,CR-B-calculator,line,DCO2026,2026-10-14 07:42:00,BR-022,Bang Khae,2026-10-14 08:55:14.845315123,True,False,2,2026-10-14 23:20:39.063042189,2026-10-16 17:23:50.879143345,Document Pending,
L200667,,S0021411,,FHB,First-Home Urban Starters,housing,CR-D-bizasset,facebook,DCO2026,2026-10-26 18:41:00,BR-022,Bang Khae,2026-10-26 21:04:29.071450021,False,True,4,,,Duplicate Lead,duplicate_lead
L200668,P157297,S0021435,CIF757297,OPT,The Optimizer,refinance,CR-E-refi-save,facebook,DCO2026,2026-09-21 21:31:00,BR-031,Hat Yai,2026-09-22 01:16:30.091562913,False,False,4,,,Not Qualified,not_qualified
L200669,P125278,S0021439,,FHB,First-Home Urban Starters,housing,CR-G-firsthome,display,,2026-09-05 18:17:00,BR-061,Rangsit,2026-09-05 21:40:47.032605322,True,False,1,2026-09-07 07:43:29.817508488,,Contacted,
L200670,P124995,S0021461,CIF724995,FHB,First-Home Urban Starters,housing,CR-C-familyhome,line,DCO2026,2026-09-06 08:42:00,BR-022,Bang Khae,2026-09-06 12:50:49.065382708,True,False,2,,,Cannot Contact,cannot_contact
L200671,P180611,S0021530,,SAE,Smart Asset Entrepreneurs,housing,CR-G-firsthome,display,DCO2026,2026-11-05 14:01:00,BR-044,Khon Kaen,2026-11-05 17:23:20.710929651,False,False,1,,,Not Qualified,not_qualified
L200672,P149726,S0021538,,FHB,First-Home Urban Starters,housing,CR-H-refi-fast,facebook,DCO2026,2026-09-25 09:41:00,BR-031,Hat Yai,2026-09-25 16:06:13.101849361,False,False,4,,,Not Qualified,not_qualified
L200673,,S0021609,,FHB,First-Home Urban Starters,housing,CR-G-firsthome,display,DCO2026,2026-10-18 21:45:00,BR-014,Ratchadaphisek,2026-10-18 23:22:15.176704717,False,False,1,,,Not Qualified,not_qualified
L200674,P170654,S0021629,,OPT,The Optimizer,refinance,CR-F-payless,display,DCO2026,2026-09-13 13:53:00,BR-061,Rangsit,2026-09-13 14:00:43.459963006,True,False,2,2026-09-15 11:41:40.451606726,,Contacted,
L200675,P149442,S0021719,,FHB,First-Home Urban Starters,housing,CR-B-calculator,google,DCO2026,2026-09-13 17:41:00,BR-014,Ratchadaphisek,2026-09-13 22:53:11.428383931,True,False,3,2026-09-15 03:30:27.607498262,,Contacted,
L200676,P149399,S0021765,CIF749399,OPT,The Optimizer,refinance,CR-D-bizasset,google,DCO2026,2026-09-16 21:37:00,BR-052,Chiang Mai,2026-09-17 02:30:09.708818604,False,False,3,,,Not Qualified,not_qualified
L200677,P120544,S0021783,,FHB,First-Home Urban Starters,housing,CR-H-refi-fast,facebook,DCO2026,2026-10-23 10:25:00,BR-044,Khon Kaen,2026-10-23 10:47:51.069140720,True,False,2,2026-10-24 12:25:35.936489034,,Contacted,
L200678,P155922,S0021871,CIF755922,FHB,First-Home Urban Starters,housing,CR-B-calculator,facebook,DCO2026,2026-09-16 14:29:00,BR-022,Bang Khae,2026-09-16 18:07:31.079082955,True,False,3,,,Cannot Contact,cannot_contact
L200679,P163523,S0021951,,FHB,First-Home Urban Starters,housing,CR-E-refi-save,line,DCO2026,2026-09-08 19:12:00,BR-061,Rangsit,,True,False,2,2026-09-09 20:01:54.494063454,,Contacted,
L200680,P110823,S0021971,,SAE,Smart Asset Entrepreneurs,housing,CR-E-refi-save,line,DCO2026,2026-09-04 20:09:00,BR-044,Khon Kaen,2026-09-05 00:11:32.312683618,True,False,1,2026-09-05 08:36:14.449590324,,Contacted,
L200681,P178080,S0021975,CIF778080,MRL,The Monthly Relief,refinance,CR-A-ratecut,facebook,,2026-10-18 20:41:00,BR-022,Bang Khae,2026-10-18 22:44:32.026296416,False,True,3,,,Duplicate Lead,duplicate_lead
L200682,P158812,S0022002,,OPT,The Optimizer,refinance,CR-G-firsthome,google,DCO2026,2026-09-29 17:43:00,BR-061,Rangsit,2026-09-29 19:37:24.206541184,False,False,5,,,Not Qualified,not_qualified
L200683,P143285,S0022007,,FHB,First-Home Urban Starters,housing,CR-C-familyhome,facebook,DCO2026,2026-10-08 14:08:00,BR-014,Ratchadaphisek,2026-10-08 16:14:56.308556966,False,False,2,,,Not Qualified,not_qualified
L200684,P162099,S0022064,,FHB,First-Home Urban Starters,housing,CR-H-refi-fast,line,DCO2026,2026-09-23 08:59:00,BR-044,Khon Kaen,2026-09-23 09:18:31.175814118,True,False,3,2026-09-24 03:58:25.072447225,2026-09-26 01:31:57.243082725,Document Pending,
L200685,P159745,S0022068,,MRL,The Monthly Relief,refinance,CR-H-refi-fast,line,DCO2026,2026-09-22 15:50:00,BR-052,Chiang Mai,2026-09-22 20:02:54.340175714,True,False,5,,,Cannot Contact,cannot_contact
L200686,P155256,S0022106,CIF755256,FAM,Family Upgraders,housing,CR-E-refi-save,google,DCO2026,2026-10-16 20:31:00,BR-061,Rangsit,2026-10-16 21:12:15.566647711,True,False,2,2026-10-17 03:51:41.553675326,,Contacted,
L200687,P178920,S0022206,CIF778920,OPT,The Optimizer,refinance,CR-E-refi-save,facebook,DCO2026,2026-10-30 10:14:00,BR-022,Bang Khae,2026-10-30 12:22:47.783371142,False,False,3,,,Not Qualified,not_qualified
L200688,P147171,S0022251,,MRL,The Monthly Relief,refinance,CR-D-bizasset,facebook,DCO2026,2026-10-22 16:35:00,BR-031,Hat Yai,2026-10-22 17:40:26.655460818,True,False,3,2026-10-23 00:59:45.942782436,2026-11-05 10:12:32.803014442,Document Pending,
L200689,P154065,S0022274,,FHB,First-Home Urban Starters,housing,CR-D-bizasset,google,DCO2026,2026-09-05 22:14:00,BR-044,Khon Kaen,2026-09-06 01:15:35.305362951,True,False,1,2026-09-07 20:36:03.459681451,2026-09-10 03:09:31.365858756,Document Pending,
L200690,P140439,S0022292,,FAM,Family Upgraders,housing,CR-D-bizasset,facebook,,2026-10-13 17:37:00,BR-014,Ratchadaphisek,2026-10-13 18:03:06.004232714,True,False,5,,,Cannot Contact,cannot_contact
L200691,P131132,S0022343,CIF731132,FAM,Family Upgraders,housing,CR-A-ratecut,facebook,DCO2026,2026-09-28 17:51:00,BR-014,Ratchadaphisek,2026-09-28 18:34:03.533273504,False,False,5,,,Not Qualified,not_qualified
L200692,P161454,S0022414,CIF761454,FHB,First-Home Urban Starters,housing,CR-E-refi-save,facebook,DCO2026,2026-10-06 21:45:00,BR-022,Bang Khae,2026-10-06 22:36:39.277276498,True,False,2,,,Cannot Contact,cannot_contact
L200693,P130871,S0022415,,SAE,Smart Asset Entrepreneurs,housing,CR-A-ratecut,facebook,DCO2026,2026-10-12 22:55:00,BR-022,Bang Khae,2026-10-12 23:44:18.672862810,True,False,2,2026-10-15 08:43:47.246887630,2026-10-26 16:55:07.791081274,Document Pending,
L200694,,S0022435,,OPT,The Optimizer,refinance,CR-E-refi-save,google,DCO2026,2026-09-23 11:35:00,BR-044,Khon Kaen,2026-09-23 12:32:42.504261321,False,False,1,,,Not Qualified,not_qualified
L200695,P176732,S0022453,,MRL,The Monthly Relief,refinance,CR-G-firsthome,facebook,DCO2026,2026-09-25 20:00:00,BR-061,Rangsit,2026-09-25 20:26:26.694220700,False,False,1,,,Not Qualified,not_qualified
L200696,P102626,S0022463,,FAM,Family Upgraders,housing,CR-H-refi-fast,google,DCO2026,2026-10-14 10:57:00,BR-031,Hat Yai,2026-10-14 11:49:38.749340600,True,False,3,2026-10-15 20:51:03.102396516,,Contacted,
L200697,P133781,S0022537,,FHB,First-Home Urban Starters,housing,CR-G-firsthome,google,DCO2026,2026-09-04 08:09:00,BR-022,Bang Khae,2026-09-04 09:38:17.489884261,False,False,3,,,Not Qualified,not_qualified
L200698,P106523,S0022547,,FHB,First-Home Urban Starters,housing,CR-F-payless,facebook,DCO2026,2026-10-14 20:15:00,BR-052,Chiang Mai,2026-10-15 00:20:01.622436432,True,False,1,2026-10-18 13:51:33.241802947,,Contacted,
L200699,P140813,S0022629,CIF740813,FAM,Family Upgraders,housing,CR-F-payless,facebook,DCO2026,2026-09-02 15:13:00,BR-031,Hat Yai,2026-09-02 16:33:38.673426015,True,False,3,2026-09-05 13:45:10.629474964,,Contacted,
L200700,,S0022685,CIF708672,FHB,First-Home Urban Starters,housing,CR-G-firsthome,facebook,DCO2026,2026-09-01 14:30:00,BR-022,Bang Khae,2026-09-01 15:11:36.270206109,False,False,5,,,Not Qualified,not_qualified
L200701,P132764,S0022734,CIF732764,FHB,First-Home Urban Starters,housing,CR-C-familyhome,google,DCO2026,2026-09-14 19:07:00,BR-014,Ratchadaphisek,2026-09-14 20:57:54.500382578,False,False,3,,,Not Qualified,not_qualified
L200702,P144666,S0022792,,FAM,Family Upgraders,housing,CR-A-ratecut,display,DCO2026,2026-09-22 10:23:00,BR-044,Khon Kaen,2026-09-22 10:50:19.358485246,True,False,1,,,Cannot Contact,cannot_contact
L200703,P132765,S0022868,,FHB,First-Home Urban Starters,housing,CR-C-familyhome,facebook,DCO2026,2026-10-04 18:46:00,BR-022,Bang Khae,2026-10-04 19:06:09.704391770,True,False,2,2026-10-05 01:35:46.256760991,2026-10-16 01:50:26.638858084,Document Pending,
L200704,P110304,S0022890,,MRL,The Monthly Relief,refinance,CR-A-ratecut,google,DCO2026,2026-11-07 14:28:00,BR-031,Hat Yai,,False,False,5,,,Not Qualified,not_qualified
L200705,,S0022892,CIF733937,OPT,The Optimizer,refinance,CR-A-ratecut,facebook,DCO2026,2026-10-02 14:59:00,BR-044,Khon Kaen,2026-10-02 16:11:42.679784415,True,False,3,2026-10-03 20:48:02.626033774,2026-10-10 00:47:26.261754051,Document Pending,
L200706,P122447,S0022945,CIF722447,OPT,The Optimizer,refinance,CR-A-ratecut,facebook,DCO2026,2026-10-25 20:56:00,BR-044,Khon Kaen,2026-10-25 23:20:48.813401480,True,False,1,2026-10-27 23:52:36.266042223,,Contacted,
L200707,P121456,S0022948,,FHB,First-Home Urban Starters,housing,CR-E-refi-save,google,DCO2026,2026-11-05 10:16:00,BR-044,Khon Kaen,2026-11-05 11:46:26.604735318,False,True,1,,,Duplicate Lead,duplicate_lead
L200708,P158750,S0022967,,FAM,Family Upgraders,housing,CR-H-refi-fast,facebook,DCO2026,2026-09-03 21:29:00,BR-031,Hat Yai,2026-09-03 22:51:22.475497375,False,False,2,,,Not Qualified,not_qualified
L200709,P133335,S0023021,,FAM,Family Upgraders,housing,CR-H-refi-fast,facebook,DCO2026,2026-10-31 14:37:00,BR-044,Khon Kaen,2026-10-31 17:09:49.464933165,False,True,3,,,Duplicate Lead,duplicate_lead
L200710,P181541,S0023107,CIF781541,SAE,Smart Asset Entrepreneurs,housing,CR-A-ratecut,line,DCO2026,2026-09-03 10:14:00,BR-052,Chiang Mai,2026-09-03 12:46:18.647275793,False,False,3,,,Not Qualified,not_qualified
L200711,P130606,S0023108,,OPT,The Optimizer,refinance,CR-H-refi-fast,line,DCO2026,2026-10-07 15:36:00,BR-022,Bang Khae,2026-10-07 15:54:34.271647592,True,False,5,,,Cannot Contact,cannot_contact
L200712,P119663,S0023165,CIF719663,FHB,First-Home Urban Starters,housing,CR-F-payless,google,DCO2026,2026-10-20 08:31:00,BR-052,Chiang Mai,2026-10-20 10:09:53.461332330,False,False,3,,,Not Qualified,not_qualified
L200713,P100228,S0023206,CIF700228,OPT,The Optimizer,refinance,CR-D-bizasset,google,DCO2026,2026-10-13 09:42:00,BR-022,Bang Khae,2026-10-13 14:22:22.032712092,True,False,3,2026-10-14 16:37:34.895320420,,Contacted,
L200714,P107821,S0023330,CIF707821,FHB,First-Home Urban Starters,housing,CR-G-firsthome,google,DCO2026,2026-10-04 19:03:00,BR-052,Chiang Mai,2026-10-05 03:51:20.969964633,True,False,2,2026-10-06 13:41:38.343456798,,Contacted,
L200715,P127462,S0023357,,SAE,Smart Asset Entrepreneurs,housing,CR-A-ratecut,google,DCO2026,2026-09-01 13:43:00,BR-061,Rangsit,2026-09-01 17:37:00.134369391,False,False,5,,,Not Qualified,not_qualified
L200716,P174957,S0023371,,OPT,The Optimizer,refinance,CR-H-refi-fast,facebook,DCO2026,2026-09-11 19:24:00,BR-044,Khon Kaen,2026-09-11 22:12:51.578514064,True,False,1,2026-09-13 06:40:12.442638511,2026-09-20 21:13:09.974446975,Document Pending,
L200717,P125510,S0023472,,MRL,The Monthly Relief,refinance,CR-F-payless,google,DCO2026,2026-10-29 17:52:00,BR-014,Ratchadaphisek,2026-10-29 19:36:51.815547693,True,False,2,2026-10-30 19:54:20.467512038,2026-11-05 13:43:02.229481940,Document Pending,
L200718,P100658,S0023490,,FAM,Family Upgraders,housing,CR-B-calculator,display,DCO2026,2026-09-18 13:23:00,BR-061,Rangsit,2026-09-18 14:09:38.424760813,True,False,2,,,Cannot Contact,cannot_contact
L200719,P152466,S0023566,CIF752466,OPT,The Optimizer,refinance,CR-B-calculator,line,DCO2026,2026-10-04 14:08:00,BR-044,Khon Kaen,2026-10-04 17:09:19.319180682,False,False,4,,,Not Qualified,not_qualified
L200720,P144496,S0023574,,FHB,First-Home Urban Starters,housing,CR-E-refi-save,facebook,DCO2026,2026-10-04 10:36:00,BR-031,Hat Yai,2026-10-04 15:13:37.935550426,False,False,5,,,Not Qualified,not_qualified
L200721,P109289,S0023592,,OPT,The Optimizer,refinance,CR-D-bizasset,google,DCO2026,2026-09-17 20:51:00,BR-052,Chiang Mai,2026-09-17 21:31:29.297503351,False,False,4,,,Not Qualified,not_qualified
L200722,P152641,S0023800,,MRL,The Monthly Relief,refinance,CR-F-payless,google,DCO2026,2026-10-27 10:27:00,BR-061,Rangsit,2026-10-27 12:08:38.340713472,True,False,1,2026-11-02 10:41:20.629270176,2026-11-05 07:21:13.957664562,Document Pending,
L200723,P125610,S0023838,CIF725610,FHB,First-Home Urban Starters,housing,CR-C-familyhome,display,DCO2026,2026-10-01 19:00:00,BR-022,Bang Khae,2026-10-02 00:14:53.734130541,False,False,3,,,Not Qualified,not_qualified
L200724,P120594,S0023844,,FHB,First-Home Urban Starters,housing,CR-F-payless,google,DCO2026,2026-10-11 09:32:00,BR-044,Khon Kaen,2026-10-11 11:16:59.092105992,True,False,1,2026-10-11 15:17:12.393911084,,Contacted,
L200725,P124168,S0023861,CIF724168,MRL,The Monthly Relief,refinance,CR-G-firsthome,facebook,DCO2026,2026-11-01 20:47:00,BR-031,Hat Yai,2026-11-02 00:12:45.661906902,False,False,5,,,Not Qualified,not_qualified
L200726,P118124,S0023864,,OPT,The Optimizer,refinance,CR-B-calculator,google,DCO2026,2026-10-27 10:20:00,BR-014,Ratchadaphisek,2026-10-27 14:27:28.807150155,True,False,2,2026-10-28 08:20:05.630616835,2026-10-31 18:14:26.328766665,Document Pending,
L200727,P165904,S0023928,,FHB,First-Home Urban Starters,housing,CR-D-bizasset,facebook,DCO2026,2026-10-14 17:04:00,BR-044,Khon Kaen,2026-10-14 17:59:20.638061652,True,False,2,2026-10-18 03:08:28.257554038,2026-10-23 19:42:59.045998113,Document Pending,
L200728,P173461,S0023929,CIF773461,FAM,Family Upgraders,housing,CR-A-ratecut,facebook,DCO2026,2026-10-17 08:23:00,BR-014,Ratchadaphisek,2026-10-17 09:52:27.641176443,False,False,5,,,Not Qualified,not_qualified
L200729,P134791,S0023947,,FHB,First-Home Urban Starters,housing,CR-B-calculator,line,DCO2026,2026-11-06 10:10:00,BR-061,Rangsit,2026-11-06 12:06:20.235733962,True,False,2,2026-11-06 19:44:35.769872341,2026-11-09 22:08:51.649094755,Document Pending,
L200730,P111564,S0023948,,MRL,The Monthly Relief,refinance,CR-A-ratecut,google,DCO2026,2026-09-11 17:24:00,BR-022,Bang Khae,2026-09-11 19:40:47.365874864,True,False,2,2026-09-13 13:54:48.578559656,,Contacted,
L200731,P174835,S0024062,CIF774835,OPT,The Optimizer,refinance,CR-F-payless,facebook,DCO2026,2026-11-06 09:43:00,BR-061,Rangsit,2026-11-06 10:11:45.876938134,True,False,2,2026-11-07 11:07:37.004657925,,Contacted,
L200732,P142924,S0024079,CIF742924,FHB,First-Home Urban Starters,housing,CR-C-familyhome,facebook,DCO2026,2026-11-02 13:57:00,BR-031,Hat Yai,2026-11-02 17:00:53.458820017,False,False,1,,,Not Qualified,not_qualified
L200733,P103258,S0024150,,FAM,Family Upgraders,housing,CR-A-ratecut,line,DCO2026,2026-09-05 22:29:00,BR-014,Ratchadaphisek,2026-09-06 02:59:12.727850345,True,False,3,2026-09-08 03:32:35.642040627,2026-09-13 11:20:41.298001257,Document Pending,
L200734,P171689,S0024166,,MRL,The Monthly Relief,refinance,CR-F-payless,facebook,DCO2026,2026-10-06 14:13:00,BR-031,Hat Yai,2026-10-06 16:21:52.940897523,True,False,2,2026-10-07 18:39:37.777208488,2026-10-12 12:29:48.468058723,Document Pending,
L200735,P156239,S0024177,,OPT,The Optimizer,refinance,CR-E-refi-save,google,DCO2026,2026-09-26 11:29:00,BR-031,Hat Yai,2026-09-26 13:32:42.678957146,True,False,2,2026-09-26 22:58:48.531401116,2026-10-04 19:36:21.316618984,Document Pending,
L200736,P104398,S0024179,CIF704398,FAM,Family Upgraders,housing,CR-F-payless,facebook,DCO2026,2026-09-22 10:58:00,BR-031,Hat Yai,2026-09-22 13:14:44.553180630,False,False,4,,,Not Qualified,not_qualified
L200737,P145828,S0024180,,FAM,Family Upgraders,housing,CR-A-ratecut,facebook,DCO2026,2026-10-24 13:49:00,BR-022,Bang Khae,2026-10-24 14:24:45.487593603,True,False,1,,,Cannot Contact,cannot_contact
L200738,P114351,S0024187,,FHB,First-Home Urban Starters,housing,CR-B-calculator,facebook,DCO2026,2026-11-08 16:05:00,BR-052,Chiang Mai,,True,False,2,,,Cannot Contact,cannot_contact
L200739,P150024,S0024200,,OPT,The Optimizer,refinance,CR-A-ratecut,facebook,DCO2026,2026-09-24 07:11:00,BR-022,Bang Khae,2026-09-24 08:56:36.616694252,False,False,4,,,Not Qualified,not_qualified
L200740,P112934,S0024212,CIF712934,FHB,First-Home Urban Starters,housing,CR-C-familyhome,google,DCO2026,2026-10-03 21:09:00,BR-022,Bang Khae,2026-10-03 21:41:48.644641777,False,False,1,,,Not Qualified,not_qualified
L200741,P102186,S0024235,,FHB,First-Home Urban Starters,housing,CR-G-firsthome,google,DCO2026,2026-09-23 11:32:00,BR-044,Khon Kaen,2026-09-23 14:03:13.641569860,True,False,3,2026-09-24 05:58:36.252996666,2026-09-30 07:31:01.224438057,Document Pending,
L200742,P161213,S0024302,,FAM,Family Upgraders,housing,CR-F-payless,line,DCO2026,2026-10-15 08:36:00,BR-052,Chiang Mai,2026-10-15 08:42:07.554737210,False,False,3,,,Not Qualified,not_qualified
L200743,P128045,S0024304,CIF728045,FHB,First-Home Urban Starters,housing,CR-E-refi-save,facebook,DCO2026,2026-09-05 15:02:00,BR-052,Chiang Mai,2026-09-05 18:45:37.982514547,True,False,2,2026-09-06 20:07:21.042251646,,Contacted,
L200744,,S0024307,,FHB,First-Home Urban Starters,housing,CR-A-ratecut,facebook,DCO2026,2026-10-15 16:22:00,BR-014,Ratchadaphisek,2026-10-15 17:29:11.788176169,True,False,3,2026-10-16 03:42:42.948436254,,Contacted,
L200745,P124800,S0024337,,FAM,Family Upgraders,housing,CR-H-refi-fast,google,DCO2026,2026-10-05 08:05:00,BR-014,Ratchadaphisek,2026-10-05 12:28:34.138462610,True,False,2,2026-10-05 16:22:49.181804750,,Contacted,
L200746,P129356,S0024341,CIF729356,OPT,The Optimizer,refinance,CR-G-firsthome,display,DCO2026,2026-09-26 16:13:00,BR-044,Khon Kaen,2026-09-26 17:29:45.770099977,True,False,2,2026-09-27 22:36:54.471388448,,Contacted,
L200747,P138942,S0024357,CIF738942,FHB,First-Home Urban Starters,housing,CR-B-calculator,google,DCO2026,2026-09-22 11:54:00,BR-044,Khon Kaen,2026-09-22 12:11:38.174003285,True,False,4,,,Cannot Contact,cannot_contact
L200748,P119582,S0024371,CIF719582,FAM,Family Upgraders,housing,CR-B-calculator,display,,2026-10-19 14:08:00,BR-061,Rangsit,2026-10-19 18:32:44.852748750,False,False,2,,,Not Qualified,not_qualified
L200749,P109507,S0024376,CIF709507,OPT,The Optimizer,refinance,CR-G-firsthome,google,DCO2026,2026-10-04 13:41:00,BR-022,Bang Khae,2026-10-04 13:57:50.022151104,True,False,4,,,Cannot Contact,cannot_contact
L200750,P177995,S0024394,,MRL,The Monthly Relief,refinance,CR-C-familyhome,facebook,DCO2026,2026-09-01 20:06:00,BR-044,Khon Kaen,2026-09-02 00:35:00.730357148,True,False,4,,,Cannot Contact,cannot_contact
L200751,P134320,S0024405,,FHB,First-Home Urban Starters,housing,CR-B-calculator,facebook,DCO2026,2026-09-13 11:42:00,BR-022,Bang Khae,2026-09-13 12:45:46.648180681,True,False,3,2026-09-15 19:00:17.063052235,2026-09-19 14:57:03.596536328,Document Pending,
L200752,P142204,S0024457,,FAM,Family Upgraders,housing,CR-G-firsthome,facebook,DCO2026,2026-09-07 09:19:00,BR-052,Chiang Mai,2026-09-07 12:22:28.935901260,True,False,3,,,Cannot Contact,cannot_contact
L200753,P172820,S0024519,,FHB,First-Home Urban Starters,housing,CR-A-ratecut,google,DCO2026,2026-09-23 11:15:00,BR-052,Chiang Mai,2026-09-23 15:56:45.135217442,False,False,3,,,Not Qualified,not_qualified
L200754,P122396,S0024553,CIF722396,FHB,First-Home Urban Starters,housing,CR-C-familyhome,line,DCO2026,2026-10-09 11:28:00,BR-044,Khon Kaen,2026-10-09 13:40:58.793688691,False,False,2,,,Not Qualified,not_qualified
L200755,P110388,S0024584,CIF710388,SAE,Smart Asset Entrepreneurs,housing,CR-E-refi-save,facebook,DCO2026,2026-09-15 22:08:00,BR-061,Rangsit,2026-09-16 02:47:06.580325221,True,False,3,2026-09-16 11:39:08.786815064,2026-09-19 21:42:07.808238984,Document Pending,
L200756,P162205,S0024606,,FAM,Family Upgraders,housing,CR-C-familyhome,facebook,DCO2026,2026-09-22 14:34:00,BR-031,Hat Yai,2026-09-22 16:52:13.661919644,True,False,1,2026-09-24 05:20:53.839361874,,Contacted,
L200757,P157904,S0024622,CIF757904,FAM,Family Upgraders,housing,CR-H-refi-fast,facebook,,2026-09-23 10:48:00,BR-022,Bang Khae,2026-09-23 11:31:08.703902874,True,False,1,2026-09-24 09:04:07.350789197,2026-09-28 10:38:35.344844746,Document Pending,
L200758,P137098,S0024653,,FHB,First-Home Urban Starters,housing,CR-E-refi-save,facebook,DCO2026,2026-10-23 10:00:00,BR-044,Khon Kaen,2026-10-23 12:27:48.750818558,True,False,3,2026-10-23 23:46:37.858609696,2026-11-02 08:49:12.496556992,Document Pending,
L200759,P132395,S0024673,,FHB,First-Home Urban Starters,housing,CR-E-refi-save,display,DCO2026,2026-09-11 08:07:00,BR-022,Bang Khae,2026-09-11 09:17:19.112660540,True,False,2,2026-09-11 12:10:34.335959554,2026-09-14 12:37:35.454782674,Document Pending,
L200760,P170447,S0024810,CIF770447,FHB,First-Home Urban Starters,housing,CR-F-payless,facebook,DCO2026,2026-09-19 11:04:00,BR-014,Ratchadaphisek,2026-09-19 12:55:48.576358764,True,False,2,2026-09-22 05:54:24.602156016,,Contacted,
L200761,P157804,S0024885,,FAM,Family Upgraders,housing,CR-E-refi-save,display,DCO2026,2026-09-30 10:17:00,BR-031,Hat Yai,2026-09-30 14:06:27.249794839,True,False,3,,,Cannot Contact,cannot_contact
L200762,P133540,S0024906,,SAE,Smart Asset Entrepreneurs,housing,CR-E-refi-save,google,DCO2026,2026-11-09 16:45:00,BR-022,Bang Khae,,False,True,3,,,Duplicate Lead,duplicate_lead
L200763,P105598,S0024927,,FAM,Family Upgraders,housing,CR-B-calculator,google,DCO2026,2026-10-23 08:27:00,BR-052,Chiang Mai,2026-10-23 08:38:11.105829038,True,False,2,2026-10-25 06:32:33.638291293,,Contacted,
L200764,P122459,S0025046,CIF722459,FHB,First-Home Urban Starters,housing,CR-F-payless,facebook,DCO2026,2026-09-13 22:00:00,BR-014,Ratchadaphisek,2026-09-14 00:01:09.288634940,False,False,3,,,Not Qualified,not_qualified
L200765,P172014,S0025047,CIF772014,SAE,Smart Asset Entrepreneurs,housing,CR-G-firsthome,line,DCO2026,2026-10-13 12:06:00,BR-022,Bang Khae,2026-10-13 14:55:37.231925671,False,False,1,,,Not Qualified,not_qualified
L200766,,S0025088,CIF777157,MRL,The Monthly Relief,refinance,CR-A-ratecut,google,DCO2026,2026-09-26 22:37:00,BR-044,Khon Kaen,2026-09-27 00:33:27.212413459,True,False,3,2026-09-27 06:19:41.728717864,,Contacted,
L200767,P101638,S0025095,CIF701638,FHB,First-Home Urban Starters,housing,CR-B-calculator,line,DCO2026,2026-10-17 07:29:00,BR-031,Hat Yai,2026-10-17 08:30:40.051530930,True,False,2,,,Cannot Contact,cannot_contact
L200768,P166106,S0025143,,FHB,First-Home Urban Starters,housing,CR-B-calculator,facebook,DCO2026,2026-09-05 11:47:00,BR-014,Ratchadaphisek,2026-09-05 16:43:19.396765082,False,False,4,,,Not Qualified,not_qualified
L200769,,S0025189,CIF749566,FHB,First-Home Urban Starters,housing,CR-G-firsthome,google,DCO2026,2026-09-27 16:31:00,BR-061,Rangsit,2026-09-27 18:25:30.717268653,True,False,5,,,Cannot Contact,cannot_contact
L200770,P176887,S0025217,,FAM,Family Upgraders,housing,CR-A-ratecut,facebook,DCO2026,2026-09-19 09:17:00,BR-031,Hat Yai,2026-09-19 13:02:40.408201728,True,False,5,,,Cannot Contact,cannot_contact
L200771,P135971,S0025219,,FHB,First-Home Urban Starters,housing,CR-B-calculator,facebook,DCO2026,2026-10-05 20:15:00,BR-022,Bang Khae,2026-10-05 23:33:06.724231984,True,False,3,2026-10-07 06:00:31.542877022,2026-10-14 23:08:05.483930521,Document Pending,
L200772,P149394,S0025230,,OPT,The Optimizer,refinance,CR-B-calculator,facebook,DCO2026,2026-09-23 12:08:00,BR-022,Bang Khae,2026-09-23 15:26:18.994394304,False,False,1,,,Not Qualified,not_qualified
L200773,P172821,S0025264,,MRL,The Monthly Relief,refinance,CR-D-bizasset,facebook,DCO2026,2026-10-12 15:04:00,BR-052,Chiang Mai,2026-10-12 16:00:36.386771726,False,False,2,,,Not Qualified,not_qualified
L200774,P107296,S0025288,,FHB,First-Home Urban Starters,housing,CR-C-familyhome,google,DCO2026,2026-10-08 11:34:00,BR-044,Khon Kaen,2026-10-08 14:04:16.660535911,True,False,3,2026-10-08 16:47:10.827281056,,Contacted,
L200775,P110162,S0025315,CIF710162,FHB,First-Home Urban Starters,housing,CR-A-ratecut,line,DCO2026,2026-10-08 17:29:00,BR-014,Ratchadaphisek,2026-10-08 17:56:28.757871208,True,False,1,2026-10-10 07:48:44.290256332,,Contacted,
L200776,P106903,S0025374,CIF706903,OPT,The Optimizer,refinance,CR-B-calculator,google,DCO2026,2026-10-20 09:13:00,BR-031,Hat Yai,2026-10-20 10:24:57.237803008,False,False,2,,,Not Qualified,not_qualified
L200777,P127462,S0025398,,SAE,Smart Asset Entrepreneurs,housing,CR-H-refi-fast,google,DCO2026,2026-10-23 12:34:00,BR-031,Hat Yai,2026-10-23 15:18:29.516961228,False,False,1,,,Not Qualified,not_qualified
L200778,P128172,S0025408,,FHB,First-Home Urban Starters,housing,CR-H-refi-fast,facebook,DCO2026,2026-10-31 22:40:00,BR-022,Bang Khae,2026-11-01 00:34:19.242418716,True,False,3,2026-11-02 19:15:53.770351059,,Document Pending,
L200779,P112992,S0025487,,MRL,The Monthly Relief,refinance,CR-G-firsthome,facebook,DCO2026,2026-10-22 09:20:00,BR-061,Rangsit,2026-10-22 09:56:58.897371092,True,False,5,,,Cannot Contact,cannot_contact
L200780,P153198,S0025513,,FAM,Family Upgraders,housing,CR-C-familyhome,google,DCO2026,2026-11-04 22:56:00,BR-022,Bang Khae,2026-11-04 23:18:31.530639324,True,False,3,,,Cannot Contact,cannot_contact
L200781,P106982,S0025581,CIF706982,OPT,The Optimizer,refinance,CR-C-familyhome,facebook,DCO2026,2026-09-09 11:58:00,BR-052,Chiang Mai,2026-09-09 13:35:10.651773730,False,False,2,,,Not Qualified,not_qualified
L200782,P166278,S0025594,,SAE,Smart Asset Entrepreneurs,housing,CR-H-refi-fast,facebook,DCO2026,2026-10-04 19:39:00,BR-061,Rangsit,2026-10-05 02:03:23.185535533,False,False,2,,,Not Qualified,not_qualified
L200783,P100504,S0025667,CIF700504,FHB,First-Home Urban Starters,housing,CR-A-ratecut,google,DCO2026,2026-09-09 10:41:00,BR-061,Rangsit,2026-09-09 14:49:22.362776019,True,False,2,2026-09-10 18:12:14.661062194,,Contacted,
L200784,,S0025688,,FHB,First-Home Urban Starters,housing,CR-C-familyhome,google,DCO2026,2026-10-23 11:05:00,BR-022,Bang Khae,2026-10-23 13:22:31.161590124,True,True,5,,,Duplicate Lead,duplicate_lead
L200785,P147908,S0025696,CIF747908,SAE,Smart Asset Entrepreneurs,housing,CR-G-firsthome,google,DCO2026,2026-09-02 08:31:00,BR-061,Rangsit,2026-09-02 11:48:17.443687347,True,False,2,2026-09-03 11:52:42.252854619,2026-09-05 14:22:23.455264917,Document Pending,
L200786,P137153,S0025749,,FAM,Family Upgraders,housing,CR-A-ratecut,facebook,DCO2026,2026-09-01 18:01:00,BR-052,Chiang Mai,2026-09-01 21:22:59.295505564,True,False,3,2026-09-02 22:19:07.986909967,,Contacted,
L200787,P167869,S0025779,,FHB,First-Home Urban Starters,housing,CR-A-ratecut,facebook,DCO2026,2026-11-08 19:27:00,BR-022,Bang Khae,,False,False,4,,,Not Qualified,not_qualified
L200788,P118005,S0025784,,OPT,The Optimizer,refinance,CR-E-refi-save,google,DCO2026,2026-09-30 22:57:00,BR-044,Khon Kaen,2026-09-30 23:12:22.806174052,True,False,1,2026-10-02 04:31:55.546305812,,Contacted,
L200789,P156982,S0025825,,MRL,The Monthly Relief,refinance,CR-F-payless,google,DCO2026,2026-10-03 07:42:00,BR-061,Rangsit,2026-10-03 08:37:00.235440487,True,False,3,2026-10-04 05:05:21.640971001,2026-10-08 17:29:39.336767833,Document Pending,
L200790,P119691,S0025835,,OPT,The Optimizer,refinance,CR-F-payless,facebook,DCO2026,2026-09-19 15:16:00,BR-052,Chiang Mai,2026-09-19 15:50:27.370961083,True,False,5,,,Cannot Contact,cannot_contact
L200791,P120378,S0025890,CIF720378,OPT,The Optimizer,refinance,CR-F-payless,facebook,DCO2026,2026-09-08 22:02:00,BR-044,Khon Kaen,2026-09-09 01:14:01.811986675,True,False,1,,,Cannot Contact,cannot_contact
L200792,P173287,S0025973,CIF773287,FHB,First-Home Urban Starters,housing,CR-G-firsthome,facebook,DCO2026,2026-10-24 15:53:00,BR-022,Bang Khae,2026-10-24 17:38:57.825627073,False,False,5,,,Not Qualified,not_qualified
L200793,P117379,S0025991,,OPT,The Optimizer,refinance,CR-C-familyhome,google,DCO2026,2026-11-02 08:30:00,BR-031,Hat Yai,2026-11-02 08:41:40.704457070,False,False,3,,,Not Qualified,not_qualified
L200794,P178567,S0026103,,SAE,Smart Asset Entrepreneurs,housing,CR-H-refi-fast,display,,2026-09-19 20:11:00,BR-061,Rangsit,2026-09-19 21:31:34.858515804,False,False,4,,,Not Qualified,not_qualified
L200795,P154217,S0026118,,FHB,First-Home Urban Starters,housing,CR-C-familyhome,google,DCO2026,2026-09-17 15:42:00,BR-031,Hat Yai,2026-09-17 19:48:07.326913237,True,False,5,,,Cannot Contact,cannot_contact
L200796,P115362,S0026130,,MRL,The Monthly Relief,refinance,CR-F-payless,facebook,DCO2026,2026-10-02 14:38:00,BR-022,Bang Khae,2026-10-02 16:57:59.730145035,False,False,2,,,Not Qualified,not_qualified
L200797,P171563,S0026143,,MRL,The Monthly Relief,refinance,CR-D-bizasset,facebook,DCO2026,2026-09-14 09:48:00,BR-061,Rangsit,2026-09-14 10:44:56.991851757,True,False,3,2026-09-16 14:36:46.636790076,,Contacted,
L200798,P146749,S0026145,,MRL,The Monthly Relief,refinance,CR-F-payless,facebook,DCO2026,2026-09-28 17:53:00,BR-044,Khon Kaen,2026-09-28 20:48:19.853916387,True,False,1,2026-09-29 17:00:11.561909109,,Contacted,
L200799,P148554,S0026161,,FHB,First-Home Urban Starters,housing,CR-E-refi-save,line,,2026-10-02 12:50:00,BR-031,Hat Yai,2026-10-02 14:12:41.803732909,False,False,4,,,Not Qualified,not_qualified
L200800,P139662,S0026202,,FAM,Family Upgraders,housing,CR-A-ratecut,facebook,DCO2026,2026-10-12 20:08:00,BR-052,Chiang Mai,2026-10-12 22:59:23.366673111,True,False,2,2026-10-14 06:28:37.273555435,,Contacted,
L200801,P167458,S0026219,,FAM,Family Upgraders,housing,CR-E-refi-save,google,DCO2026,2026-09-14 15:18:00,BR-022,Bang Khae,2026-09-14 18:05:56.677954722,True,False,2,2026-09-15 04:28:23.559495042,,Contacted,
L200802,P127963,S0026267,,FHB,First-Home Urban Starters,housing,CR-F-payless,facebook,DCO2026,2026-10-20 13:34:00,BR-031,Hat Yai,2026-10-20 17:50:40.574410824,True,False,2,2026-10-22 00:42:04.628098878,2026-10-31 12:15:39.978644593,Document Pending,
L200803,P161628,S0026290,,SAE,Smart Asset Entrepreneurs,housing,CR-A-ratecut,facebook,DCO2026,2026-09-15 15:31:00,BR-022,Bang Khae,2026-09-15 17:04:44.935896632,False,False,4,,,Not Qualified,not_qualified
L200804,P135867,S0026379,,FAM,Family Upgraders,housing,CR-H-refi-fast,facebook,DCO2026,2026-10-11 10:48:00,BR-031,Hat Yai,2026-10-11 10:53:16.832003499,True,False,1,2026-10-11 14:53:56.823010393,2026-10-14 15:25:39.827869266,Document Pending,
L200805,P167472,S0026385,,OPT,The Optimizer,refinance,CR-H-refi-fast,facebook,DCO2026,2026-09-25 15:22:00,BR-022,Bang Khae,2026-09-25 19:43:58.213999818,True,False,2,2026-09-27 10:19:52.479556837,2026-09-29 19:47:46.432467415,Document Pending,
L200806,P158953,S0026391,,FAM,Family Upgraders,housing,CR-D-bizasset,display,DCO2026,2026-10-20 07:32:00,BR-022,Bang Khae,2026-10-20 14:50:02.092822628,True,False,3,2026-10-21 11:30:20.701501309,,Contacted,
L200807,,S0026395,,FAM,Family Upgraders,housing,CR-A-ratecut,google,DCO2026,2026-10-23 15:16:00,BR-052,Chiang Mai,2026-10-23 19:27:54.518787834,True,False,3,2026-10-25 11:34:51.297186762,,Contacted,
L200808,P150235,S0026413,CIF750235,FHB,First-Home Urban Starters,housing,CR-E-refi-save,display,DCO2026,2026-09-12 07:01:00,BR-052,Chiang Mai,2026-09-12 09:55:30.140567953,False,False,3,,,Not Qualified,not_qualified
L200809,P145729,S0026455,,FHB,First-Home Urban Starters,housing,CR-E-refi-save,display,DCO2026,2026-10-14 14:59:00,BR-031,Hat Yai,2026-10-14 18:36:03.240861888,False,False,1,,,Not Qualified,not_qualified
L200810,P115594,S0026456,CIF715594,FHB,First-Home Urban Starters,housing,CR-C-familyhome,facebook,DCO2026,2026-09-02 17:28:00,BR-052,Chiang Mai,2026-09-02 20:20:06.170209921,False,False,4,,,Not Qualified,not_qualified
L200811,P128520,S0026472,,MRL,The Monthly Relief,refinance,CR-D-bizasset,google,DCO2026,2026-09-25 12:05:00,BR-044,Khon Kaen,2026-09-25 14:17:16.267806126,False,False,2,,,Not Qualified,not_qualified
L200812,P140704,S0026479,CIF740704,FHB,First-Home Urban Starters,housing,CR-F-payless,facebook,DCO2026,2026-09-01 11:40:00,BR-061,Rangsit,2026-09-01 15:27:17.058387940,True,False,4,,,Cannot Contact,cannot_contact
L200813,,S0026506,,OPT,The Optimizer,refinance,CR-B-calculator,google,,2026-09-09 12:57:00,BR-031,Hat Yai,,True,False,3,2026-09-09 17:37:42.296083132,,Contacted,
L200814,P176810,S0026511,,SAE,Smart Asset Entrepreneurs,housing,CR-H-refi-fast,line,DCO2026,2026-10-27 21:50:00,BR-014,Ratchadaphisek,2026-10-28 01:24:59.728291305,False,False,5,,,Not Qualified,not_qualified
L200815,P133169,S0026516,,FHB,First-Home Urban Starters,housing,CR-D-bizasset,display,DCO2026,2026-09-23 14:18:00,BR-014,Ratchadaphisek,2026-09-23 15:23:04.685938461,False,False,5,,,Not Qualified,not_qualified
L200816,P174500,S0026519,,OPT,The Optimizer,refinance,CR-C-familyhome,line,DCO2026,2026-09-08 16:32:00,BR-061,Rangsit,2026-09-08 20:07:10.354164964,True,False,2,,,Cannot Contact,cannot_contact
L200817,P131293,S0026523,,MRL,The Monthly Relief,refinance,CR-F-payless,facebook,,2026-10-02 12:11:00,BR-044,Khon Kaen,2026-10-02 13:50:23.858817472,True,False,1,,,Cannot Contact,cannot_contact
L200818,P102719,S0026591,,FAM,Family Upgraders,housing,CR-C-familyhome,facebook,DCO2026,2026-09-02 09:52:00,BR-014,Ratchadaphisek,2026-09-02 12:02:15.502900371,True,False,4,,,Cannot Contact,cannot_contact
L200819,P139945,S0026596,,FHB,First-Home Urban Starters,housing,CR-E-refi-save,google,DCO2026,2026-09-17 13:36:00,BR-052,Chiang Mai,2026-09-17 16:32:07.220542164,False,False,3,,,Not Qualified,not_qualified
L200820,P169171,S0026642,,OPT,The Optimizer,refinance,CR-H-refi-fast,facebook,DCO2026,2026-09-19 22:51:00,BR-022,Bang Khae,2026-09-19 23:14:08.394930542,False,False,1,,,Not Qualified,not_qualified
L200821,P102559,S0026724,,SAE,Smart Asset Entrepreneurs,housing,CR-C-familyhome,line,DCO2026,2026-10-29 10:45:00,BR-061,Rangsit,2026-10-29 12:49:42.522996064,True,False,2,2026-10-31 15:43:47.735570618,,Contacted,
L200822,P145928,S0026751,,FHB,First-Home Urban Starters,housing,CR-C-familyhome,facebook,DCO2026,2026-10-16 13:10:00,BR-052,Chiang Mai,2026-10-16 20:21:03.981453342,False,False,1,,,Not Qualified,not_qualified
L200823,P171918,S0026778,CIF771918,FHB,First-Home Urban Starters,housing,CR-H-refi-fast,facebook,DCO2026,2026-10-16 15:48:00,BR-014,Ratchadaphisek,2026-10-16 19:33:39.397065130,True,False,1,,,Cannot Contact,cannot_contact
L200824,P148976,S0026818,CIF748976,FHB,First-Home Urban Starters,housing,CR-E-refi-save,facebook,DCO2026,2026-09-10 21:20:00,BR-014,Ratchadaphisek,2026-09-11 00:23:03.114700455,False,False,3,,,Not Qualified,not_qualified
L200825,P102930,S0026839,,FHB,First-Home Urban Starters,housing,CR-G-firsthome,facebook,DCO2026,2026-09-21 19:55:00,BR-014,Ratchadaphisek,,True,False,3,2026-09-24 00:29:17.821172258,,Contacted,
L200826,P103870,S0026868,CIF703870,OPT,The Optimizer,refinance,CR-A-ratecut,facebook,DCO2026,2026-09-27 18:37:00,BR-061,Rangsit,2026-09-27 18:59:16.764085437,False,False,3,,,Not Qualified,not_qualified
L200827,P141944,S0026891,,FHB,First-Home Urban Starters,housing,CR-D-bizasset,google,DCO2026,2026-09-11 11:51:00,BR-052,Chiang Mai,2026-09-11 17:33:06.869647267,True,False,3,,,Cannot Contact,cannot_contact
L200828,,S0026901,,FHB,First-Home Urban Starters,housing,CR-E-refi-save,line,DCO2026,2026-10-21 08:04:00,BR-052,Chiang Mai,2026-10-21 10:05:21.058515778,False,True,2,,,Duplicate Lead,duplicate_lead
L200829,P136057,S0026957,,FAM,Family Upgraders,housing,CR-A-ratecut,facebook,DCO2026,2026-10-29 14:35:00,BR-061,Rangsit,2026-10-29 17:49:18.345408741,True,False,2,,,Cannot Contact,cannot_contact
L200830,P171178,S0026962,,FAM,Family Upgraders,housing,CR-D-bizasset,facebook,DCO2026,2026-09-24 07:21:00,BR-044,Khon Kaen,2026-09-24 08:40:33.519930006,True,False,1,2026-09-25 04:53:09.783128652,,Contacted,
L200831,P108722,S0027003,CIF708722,OPT,The Optimizer,refinance,CR-E-refi-save,display,DCO2026,2026-10-25 13:52:00,BR-031,Hat Yai,2026-10-25 16:00:53.127118075,True,False,1,2026-10-26 17:23:08.990563792,,Contacted,
L200832,P150578,S0027044,CIF750578,FHB,First-Home Urban Starters,housing,CR-G-firsthome,display,DCO2026,2026-10-21 22:00:00,BR-052,Chiang Mai,2026-10-21 23:05:58.276821980,False,False,2,,,Not Qualified,not_qualified
L200833,P165497,S0027082,CIF765497,OPT,The Optimizer,refinance,CR-H-refi-fast,line,DCO2026,2026-10-08 12:52:00,BR-014,Ratchadaphisek,2026-10-08 14:24:56.807212678,False,False,2,,,Not Qualified,not_qualified
L200834,P154372,S0027084,,OPT,The Optimizer,refinance,CR-E-refi-save,google,DCO2026,2026-10-26 12:33:00,BR-022,Bang Khae,2026-10-26 13:50:44.135630235,False,False,4,,,Not Qualified,not_qualified
L200835,P161349,S0027091,,FHB,First-Home Urban Starters,housing,CR-C-familyhome,facebook,DCO2026,2026-10-04 20:08:00,BR-044,Khon Kaen,2026-10-04 22:37:19.867645388,True,False,1,2026-10-05 09:15:34.604152161,,Contacted,
L200836,P108091,S0027131,CIF708091,FHB,First-Home Urban Starters,housing,CR-F-payless,line,DCO2026,2026-10-08 14:26:00,BR-052,Chiang Mai,2026-10-08 19:23:57.478477636,True,False,3,2026-10-09 22:14:35.110134241,2026-10-22 19:38:57.056227473,Document Pending,
L200837,P177070,S0027135,,OPT,The Optimizer,refinance,CR-B-calculator,display,DCO2026,2026-11-06 16:34:00,BR-044,Khon Kaen,2026-11-06 17:01:23.770371661,True,False,1,2026-11-07 18:47:05.348411482,,Contacted,
L200838,,S0027159,,FAM,Family Upgraders,housing,CR-A-ratecut,google,DCO2026,2026-10-21 19:51:00,BR-044,Khon Kaen,2026-10-21 21:51:27.012812583,True,False,3,2026-10-23 02:56:26.179110474,,Contacted,
L200839,P156054,S0027171,CIF756054,FAM,Family Upgraders,housing,CR-B-calculator,google,DCO2026,2026-10-23 14:00:00,BR-022,Bang Khae,2026-10-23 15:25:44.136067814,True,False,3,2026-10-24 03:55:04.468999544,,Contacted,
L200840,P113506,S0027193,,OPT,The Optimizer,refinance,CR-H-refi-fast,display,DCO2026,2026-09-12 10:16:00,BR-022,Bang Khae,2026-09-12 11:37:09.145684562,True,False,2,,,Cannot Contact,cannot_contact
L200841,,S0027241,,MRL,The Monthly Relief,refinance,CR-C-familyhome,google,DCO2026,2026-11-06 11:59:00,BR-031,Hat Yai,2026-11-06 15:52:57.121772910,True,False,3,2026-11-07 05:07:28.944743478,,Document Pending,
L200842,P110267,S0027255,CIF710267,OPT,The Optimizer,refinance,CR-D-bizasset,line,DCO2026,2026-09-24 14:59:00,BR-052,Chiang Mai,2026-09-24 15:05:45.013800736,True,False,1,2026-09-25 10:52:16.985092376,,Contacted,
L200843,P180620,S0027286,,OPT,The Optimizer,refinance,CR-F-payless,facebook,DCO2026,2026-10-10 20:43:00,BR-031,Hat Yai,2026-10-10 22:51:22.343609752,True,False,3,2026-10-11 18:25:38.947722883,2026-10-18 09:18:50.608745332,Document Pending,
L200844,P163067,S0027291,,MRL,The Monthly Relief,refinance,CR-H-refi-fast,facebook,DCO2026,2026-11-07 07:47:00,BR-044,Khon Kaen,,False,False,1,,,Not Qualified,not_qualified
L200845,P133426,S0027301,,FHB,First-Home Urban Starters,housing,CR-E-refi-save,google,DCO2026,2026-09-16 13:42:00,BR-061,Rangsit,2026-09-16 14:35:25.368484246,False,False,5,,,Not Qualified,not_qualified
L200846,P174271,S0027316,CIF774271,OPT,The Optimizer,refinance,CR-E-refi-save,facebook,DCO2026,2026-10-20 12:35:00,BR-044,Khon Kaen,2026-10-20 14:46:47.845249342,False,False,2,,,Not Qualified,not_qualified
L200847,P124781,S0027330,CIF724781,OPT,The Optimizer,refinance,CR-D-bizasset,facebook,DCO2026,2026-09-08 16:50:00,BR-014,Ratchadaphisek,2026-09-08 19:12:28.886848881,True,False,2,2026-09-10 21:17:43.846535628,2026-09-13 08:50:38.591222756,Document Pending,
L200848,P137809,S0027334,,FAM,Family Upgraders,housing,CR-E-refi-save,facebook,DCO2026,2026-10-16 22:08:00,BR-031,Hat Yai,2026-10-16 23:39:51.701338142,True,False,1,2026-10-17 14:22:56.636318828,,Contacted,
L200849,P168391,S0027341,,FHB,First-Home Urban Starters,housing,CR-A-ratecut,facebook,DCO2026,2026-11-05 17:31:00,BR-061,Rangsit,2026-11-05 21:43:43.777233990,False,False,2,,,Not Qualified,not_qualified
L200850,,S0027372,CIF729454,OPT,The Optimizer,refinance,CR-G-firsthome,google,DCO2026,2026-10-28 12:35:00,BR-022,Bang Khae,2026-10-28 17:32:28.807640193,False,False,5,,,Not Qualified,not_qualified
L200851,P169180,S0027436,CIF769180,OPT,The Optimizer,refinance,CR-E-refi-save,google,DCO2026,2026-10-27 17:20:00,BR-044,Khon Kaen,2026-10-27 17:48:09.942797791,True,False,1,2026-10-28 12:18:51.201504181,,Contacted,
L200852,P118303,S0027454,,OPT,The Optimizer,refinance,CR-B-calculator,facebook,DCO2026,2026-09-14 12:27:00,BR-061,Rangsit,2026-09-14 13:01:39.345137158,True,False,2,2026-09-14 16:09:51.033859401,2026-09-17 19:21:51.976972036,Document Pending,
L200853,P172202,S0027511,,FHB,First-Home Urban Starters,housing,CR-E-refi-save,google,DCO2026,2026-10-06 11:47:00,BR-031,Hat Yai,2026-10-06 12:30:17.586979226,True,False,3,2026-10-06 22:25:20.153645192,2026-10-07 14:10:13.488095040,Document Pending,
L200854,P138296,S0027528,,FHB,First-Home Urban Starters,housing,CR-F-payless,google,,2026-10-24 07:59:00,BR-044,Khon Kaen,2026-10-24 10:31:07.601047828,True,False,1,2026-10-26 01:04:12.292971514,,Contacted,
L200855,,S0027593,,OPT,The Optimizer,refinance,CR-F-payless,facebook,DCO2026,2026-10-21 13:49:00,BR-061,Rangsit,2026-10-21 14:18:58.703264606,False,False,1,,,Not Qualified,not_qualified
L200856,P126001,S0027637,,FHB,First-Home Urban Starters,housing,CR-F-payless,line,DCO2026,2026-10-06 13:02:00,BR-031,Hat Yai,2026-10-06 13:59:54.821950938,False,False,4,,,Not Qualified,not_qualified
L200857,P133892,S0027642,CIF733892,FHB,First-Home Urban Starters,housing,CR-A-ratecut,facebook,DCO2026,2026-09-19 10:12:00,BR-022,Bang Khae,2026-09-19 10:45:09.838836446,True,False,1,2026-09-21 09:42:33.231752308,2026-09-22 10:59:59.579782407,Document Pending,
L200858,P174561,S0027726,,SAE,Smart Asset Entrepreneurs,housing,CR-F-payless,facebook,DCO2026,2026-10-04 21:06:00,BR-031,Hat Yai,2026-10-04 23:51:33.424323516,True,False,5,,,Cannot Contact,cannot_contact
L200859,,S0027732,CIF729189,OPT,The Optimizer,refinance,CR-H-refi-fast,facebook,DCO2026,2026-10-03 12:49:00,BR-022,Bang Khae,2026-10-03 18:39:10.639660401,False,False,3,,,Not Qualified,not_qualified
L200860,P179048,S0027783,CIF779048,OPT,The Optimizer,refinance,CR-F-payless,google,DCO2026,2026-09-17 18:40:00,BR-044,Khon Kaen,2026-09-17 18:57:07.910385590,False,False,3,,,Not Qualified,not_qualified
L200861,P102083,S0027889,,MRL,The Monthly Relief,refinance,CR-A-ratecut,facebook,DCO2026,2026-09-10 18:54:00,BR-061,Rangsit,2026-09-10 19:53:40.044555574,True,False,1,2026-09-13 09:20:22.207614658,,Contacted,
L200862,P150816,S0027929,CIF750816,OPT,The Optimizer,refinance,CR-D-bizasset,facebook,DCO2026,2026-10-14 14:47:00,BR-022,Bang Khae,2026-10-14 15:16:29.872331678,False,False,3,,,Not Qualified,not_qualified
L200863,P116636,S0027932,CIF716636,FAM,Family Upgraders,housing,CR-F-payless,facebook,DCO2026,2026-09-01 15:23:00,BR-044,Khon Kaen,2026-09-01 16:41:12.580709922,True,False,2,2026-09-03 05:59:58.969266670,,Contacted,
L200864,P134874,S0027964,CIF734874,FAM,Family Upgraders,housing,CR-F-payless,facebook,DCO2026,2026-09-06 20:28:00,BR-052,Chiang Mai,2026-09-06 22:11:11.961791428,False,False,1,,,Not Qualified,not_qualified
L200865,P160771,S0027966,,SAE,Smart Asset Entrepreneurs,housing,CR-F-payless,google,DCO2026,2026-10-05 14:40:00,BR-031,Hat Yai,2026-10-05 15:41:09.932508976,False,False,3,,,Not Qualified,not_qualified
L200866,P171097,S0028008,,FHB,First-Home Urban Starters,housing,CR-D-bizasset,facebook,DCO2026,2026-10-26 08:40:00,BR-052,Chiang Mai,2026-10-26 13:07:39.713462236,False,False,1,,,Not Qualified,not_qualified
L200867,P111032,S0028070,,OPT,The Optimizer,refinance,CR-F-payless,line,DCO2026,2026-09-26 21:45:00,BR-014,Ratchadaphisek,2026-09-27 00:18:02.520449157,True,False,4,,,Cannot Contact,cannot_contact
L200868,P114827,S0028085,CIF714827,SAE,Smart Asset Entrepreneurs,housing,CR-B-calculator,facebook,DCO2026,2026-10-10 18:57:00,BR-061,Rangsit,2026-10-10 19:14:54.345578582,False,False,5,,,Not Qualified,not_qualified
L200869,P174979,S0028138,CIF774979,MRL,The Monthly Relief,refinance,CR-E-refi-save,facebook,DCO2026,2026-09-04 13:38:00,BR-031,Hat Yai,2026-09-04 14:47:03.483961362,False,False,1,,,Not Qualified,not_qualified
L200870,,S0028164,,OPT,The Optimizer,refinance,CR-B-calculator,facebook,DCO2026,2026-09-20 16:48:00,BR-014,Ratchadaphisek,2026-09-20 17:49:35.170638646,True,False,3,,,Cannot Contact,cannot_contact
L200871,P104203,S0028195,,FHB,First-Home Urban Starters,housing,CR-A-ratecut,facebook,DCO2026,2026-10-26 17:01:00,BR-044,Khon Kaen,2026-10-26 17:43:15.385598971,False,False,2,,,Not Qualified,not_qualified
L200872,P143042,S0028211,,FHB,First-Home Urban Starters,housing,CR-D-bizasset,line,DCO2026,2026-11-01 13:35:00,BR-044,Khon Kaen,2026-11-01 14:03:50.694396470,True,False,3,,,Cannot Contact,cannot_contact
L200873,P141642,S0028217,,OPT,The Optimizer,refinance,CR-G-firsthome,google,DCO2026,2026-10-21 17:57:00,BR-044,Khon Kaen,2026-10-21 23:08:27.772253689,False,False,3,,,Not Qualified,not_qualified
L200874,P123113,S0028220,,FHB,First-Home Urban Starters,housing,CR-H-refi-fast,facebook,DCO2026,2026-09-05 12:43:00,BR-014,Ratchadaphisek,2026-09-05 15:16:50.858260974,False,False,5,,,Not Qualified,not_qualified
L200875,P146415,S0028267,,FAM,Family Upgraders,housing,CR-B-calculator,google,DCO2026,2026-09-15 21:20:00,BR-061,Rangsit,2026-09-15 23:55:24.277292919,True,False,2,2026-09-17 03:34:50.251334269,2026-09-27 18:54:24.871844420,Document Pending,
L200876,P143328,S0028300,,SAE,Smart Asset Entrepreneurs,housing,CR-E-refi-save,google,DCO2026,2026-09-30 12:57:00,BR-061,Rangsit,2026-09-30 16:22:25.666367653,False,False,4,,,Not Qualified,not_qualified
L200877,P175380,S0028400,CIF775380,OPT,The Optimizer,refinance,CR-A-ratecut,facebook,DCO2026,2026-09-25 22:47:00,BR-061,Rangsit,2026-09-26 01:02:42.903781063,False,False,2,,,Not Qualified,not_qualified
L200878,P146938,S0028411,,FHB,First-Home Urban Starters,housing,CR-A-ratecut,google,DCO2026,2026-10-23 18:18:00,BR-022,Bang Khae,2026-10-23 21:44:29.329795291,True,False,3,2026-10-26 23:13:14.308046846,2026-10-29 08:28:39.299356135,Document Pending,
L200879,P152224,S0028428,,FHB,First-Home Urban Starters,housing,CR-H-refi-fast,facebook,DCO2026,2026-11-07 09:03:00,BR-052,Chiang Mai,,False,False,3,,,Not Qualified,not_qualified
L200880,P158142,S0028434,,FHB,First-Home Urban Starters,housing,CR-E-refi-save,facebook,DCO2026,2026-10-15 13:46:00,BR-031,Hat Yai,2026-10-15 14:29:36.240650803,True,False,1,2026-10-17 09:24:19.646253337,,Contacted,
L200881,P116300,S0028484,CIF716300,FHB,First-Home Urban Starters,housing,CR-G-firsthome,facebook,DCO2026,2026-09-08 13:53:00,BR-031,Hat Yai,2026-09-08 16:05:39.981172888,False,True,4,,,Duplicate Lead,duplicate_lead
L200882,P109094,S0028497,,FHB,First-Home Urban Starters,housing,CR-D-bizasset,display,DCO2026,2026-09-17 11:03:00,BR-061,Rangsit,2026-09-17 11:59:36.758099371,True,False,2,2026-09-18 15:00:22.014832622,2026-09-18 21:51:45.214511407,Document Pending,
L200883,P139092,S0028537,CIF739092,OPT,The Optimizer,refinance,CR-A-ratecut,google,DCO2026,2026-09-07 21:54:00,BR-061,Rangsit,2026-09-08 00:09:39.498290182,True,False,2,2026-09-09 06:40:13.333947427,2026-09-11 13:12:23.672489194,Document Pending,
L200884,P159665,S0028586,CIF759665,FHB,First-Home Urban Starters,housing,CR-A-ratecut,google,DCO2026,2026-10-13 10:18:00,BR-014,Ratchadaphisek,2026-10-13 10:30:02.586373851,True,False,2,2026-10-14 09:38:21.013962651,,Contacted,
L200885,P117836,S0028628,,FAM,Family Upgraders,housing,CR-H-refi-fast,facebook,DCO2026,2026-09-18 13:49:00,BR-052,Chiang Mai,2026-09-18 14:44:40.085747932,True,False,2,2026-09-19 15:08:47.890227576,,Contacted,
L200886,P152470,S0028632,,OPT,The Optimizer,refinance,CR-E-refi-save,google,DCO2026,2026-09-30 08:43:00,BR-014,Ratchadaphisek,2026-09-30 09:33:47.828330685,True,False,5,,,Cannot Contact,cannot_contact
L200887,,S0028681,CIF751392,FHB,First-Home Urban Starters,housing,CR-C-familyhome,facebook,DCO2026,2026-10-26 14:16:00,BR-031,Hat Yai,2026-10-26 15:11:21.311130273,True,False,2,2026-10-27 22:59:42.455757842,2026-11-06 07:49:01.173504945,Document Pending,
L200888,P141512,S0028735,,FHB,First-Home Urban Starters,housing,CR-H-refi-fast,google,DCO2026,2026-10-07 12:38:00,BR-044,Khon Kaen,2026-10-07 13:23:30.234679988,True,False,3,2026-10-08 01:28:47.835934108,2026-10-09 10:50:15.988086378,Document Pending,
L200889,,S0028759,,FHB,First-Home Urban Starters,housing,CR-F-payless,facebook,DCO2026,2026-10-16 07:31:00,BR-031,Hat Yai,2026-10-16 10:14:42.984138770,True,False,1,2026-10-19 02:36:47.250661426,2026-10-25 08:30:41.104400992,Document Pending,
L200890,P134400,S0028844,,FHB,First-Home Urban Starters,housing,CR-C-familyhome,google,,2026-10-04 13:33:00,BR-031,Hat Yai,2026-10-04 14:25:31.196209940,False,False,4,,,Not Qualified,not_qualified
L200891,,S0028909,,OPT,The Optimizer,refinance,CR-E-refi-save,line,DCO2026,2026-11-02 17:01:00,BR-022,Bang Khae,2026-11-02 18:05:49.651171158,True,False,3,2026-11-04 10:36:26.311261351,,Contacted,
L200892,P179995,S0028919,,FAM,Family Upgraders,housing,CR-D-bizasset,line,,2026-10-09 18:25:00,BR-044,Khon Kaen,2026-10-09 19:45:53.048993701,True,False,4,,,Cannot Contact,cannot_contact
L200893,P104365,S0028953,CIF704365,OPT,The Optimizer,refinance,CR-D-bizasset,facebook,DCO2026,2026-09-16 14:51:00,BR-061,Rangsit,2026-09-16 19:35:05.768023088,True,False,5,,,Cannot Contact,cannot_contact
L200894,P133564,S0028955,,FAM,Family Upgraders,housing,CR-C-familyhome,facebook,DCO2026,2026-10-31 11:56:00,BR-022,Bang Khae,2026-10-31 12:54:40.604269425,False,False,3,,,Not Qualified,not_qualified
L200895,P126846,S0028963,CIF726846,FAM,Family Upgraders,housing,CR-H-refi-fast,google,DCO2026,2026-09-11 18:09:00,BR-014,Ratchadaphisek,2026-09-11 18:56:52.802581812,True,False,3,2026-09-11 20:38:12.516748980,,Contacted,
L200896,P127762,S0028990,,FAM,Family Upgraders,housing,CR-B-calculator,facebook,DCO2026,2026-09-15 22:21:00,BR-031,Hat Yai,2026-09-15 23:43:35.868457718,True,False,5,,,Cannot Contact,cannot_contact
L200897,P118230,S0029026,,SAE,Smart Asset Entrepreneurs,housing,CR-F-payless,line,DCO2026,2026-10-31 19:37:00,BR-052,Chiang Mai,2026-10-31 21:14:30.730552683,True,False,3,2026-11-01 19:08:46.620202958,,Contacted,
L200898,,S0029051,CIF763060,MRL,The Monthly Relief,refinance,CR-A-ratecut,facebook,DCO2026,2026-09-19 14:41:00,BR-044,Khon Kaen,2026-09-19 16:07:26.238318561,True,False,2,,,Cannot Contact,cannot_contact
L200899,P120803,S0029076,,OPT,The Optimizer,refinance,CR-H-refi-fast,facebook,DCO2026,2026-10-19 18:33:00,BR-061,Rangsit,2026-10-19 18:49:46.402581518,True,False,1,,,Cannot Contact,cannot_contact
L200900,P109245,S0029079,,FAM,Family Upgraders,housing,CR-E-refi-save,google,DCO2026,2026-10-19 14:50:00,BR-044,Khon Kaen,2026-10-19 16:16:28.626350827,True,False,1,2026-10-20 03:56:00.986460512,,Contacted,
L200901,P114804,S0029092,CIF714804,FAM,Family Upgraders,housing,CR-H-refi-fast,facebook,,2026-09-16 14:13:00,BR-031,Hat Yai,2026-09-16 17:46:28.332004428,True,False,3,2026-09-17 02:25:12.982878082,2026-09-17 15:14:23.143418389,Document Pending,
L200902,P131959,S0029095,,FAM,Family Upgraders,housing,CR-E-refi-save,facebook,DCO2026,2026-11-02 17:12:00,BR-044,Khon Kaen,2026-11-02 19:06:24.805016067,True,False,3,2026-11-02 23:53:39.083451637,,Contacted,
L200903,P113988,S0029160,,FAM,Family Upgraders,housing,CR-F-payless,line,DCO2026,2026-09-29 17:03:00,BR-022,Bang Khae,2026-09-29 18:30:40.772026569,True,False,2,2026-10-02 18:03:07.850068045,,Contacted,
L200904,,S0029183,,FHB,First-Home Urban Starters,housing,CR-G-firsthome,display,DCO2026,2026-10-13 19:51:00,BR-022,Bang Khae,2026-10-13 20:25:55.703830684,False,False,4,,,Not Qualified,not_qualified
L200905,P152672,S0029199,,MRL,The Monthly Relief,refinance,CR-G-firsthome,line,DCO2026,2026-09-25 21:23:00,BR-052,Chiang Mai,2026-09-26 00:43:53.226549996,False,False,3,,,Not Qualified,not_qualified
L200906,P142523,S0029239,,FHB,First-Home Urban Starters,housing,CR-C-familyhome,facebook,DCO2026,2026-10-24 17:00:00,BR-044,Khon Kaen,2026-10-24 17:58:23.888064144,False,False,3,,,Not Qualified,not_qualified
L200907,P120497,S0029280,,OPT,The Optimizer,refinance,CR-D-bizasset,line,DCO2026,2026-10-02 08:41:00,BR-022,Bang Khae,2026-10-02 13:07:59.064583977,True,False,1,2026-10-02 19:12:06.144219879,,Contacted,
L200908,P110265,S0029287,,OPT,The Optimizer,refinance,CR-E-refi-save,facebook,DCO2026,2026-10-30 19:42:00,BR-044,Khon Kaen,2026-10-30 20:18:30.816793137,False,False,4,,,Not Qualified,not_qualified
L200909,P176486,S0029293,CIF776486,FAM,Family Upgraders,housing,CR-A-ratecut,facebook,DCO2026,2026-09-10 19:50:00,BR-014,Ratchadaphisek,2026-09-10 23:41:02.521025182,True,True,3,,,Duplicate Lead,duplicate_lead
L200910,P139354,S0029323,CIF739354,SAE,Smart Asset Entrepreneurs,housing,CR-E-refi-save,facebook,DCO2026,2026-11-08 19:53:00,BR-044,Khon Kaen,,True,False,2,,,Document Pending,
L200911,P152229,S0029328,,FHB,First-Home Urban Starters,housing,CR-D-bizasset,line,DCO2026,2026-10-10 22:55:00,BR-031,Hat Yai,2026-10-11 00:44:07.393414857,False,False,1,,,Not Qualified,not_qualified
L200912,P168308,S0029333,,OPT,The Optimizer,refinance,CR-B-calculator,facebook,DCO2026,2026-10-21 07:52:00,BR-044,Khon Kaen,2026-10-21 08:19:49.006503219,True,False,2,2026-10-22 01:31:57.094164662,,Contacted,
L200913,P120100,S0029337,CIF720100,FAM,Family Upgraders,housing,CR-D-bizasset,google,DCO2026,2026-09-25 16:34:00,BR-014,Ratchadaphisek,2026-09-25 21:31:08.902355274,True,False,2,2026-09-27 18:54:19.623102806,,Contacted,
L200914,P100085,S0029340,CIF700085,FHB,First-Home Urban Starters,housing,CR-H-refi-fast,display,DCO2026,2026-09-26 07:10:00,BR-052,Chiang Mai,2026-09-26 08:02:35.855167184,True,False,1,2026-09-27 06:37:55.562566867,,Contacted,
L200915,P177073,S0029361,CIF777073,FHB,First-Home Urban Starters,housing,CR-A-ratecut,facebook,DCO2026,2026-10-04 11:15:00,BR-014,Ratchadaphisek,2026-10-04 14:34:50.257219335,False,False,5,,,Not Qualified,not_qualified
L200916,,S0029370,CIF769745,FHB,First-Home Urban Starters,housing,CR-E-refi-save,facebook,DCO2026,2026-10-08 16:45:00,BR-044,Khon Kaen,2026-10-08 17:29:23.232167156,True,False,3,2026-10-12 15:08:55.100230828,,Contacted,
L200917,P111284,S0029429,,FHB,First-Home Urban Starters,housing,CR-G-firsthome,facebook,,2026-10-07 07:19:00,BR-014,Ratchadaphisek,2026-10-07 10:54:12.108030900,False,False,1,,,Not Qualified,not_qualified
L200918,P173797,S0029467,,FHB,First-Home Urban Starters,housing,CR-F-payless,google,DCO2026,2026-10-23 08:36:00,BR-052,Chiang Mai,2026-10-23 11:45:20.683234098,True,False,2,2026-10-23 18:14:52.407119450,,Contacted,
L200919,,S0029474,,FAM,Family Upgraders,housing,CR-D-bizasset,display,DCO2026,2026-09-03 20:36:00,BR-044,Khon Kaen,2026-09-03 22:31:15.836156986,False,False,3,,,Not Qualified,not_qualified
L200920,P137828,S0029540,,FHB,First-Home Urban Starters,housing,CR-E-refi-save,line,DCO2026,2026-09-13 15:16:00,BR-052,Chiang Mai,2026-09-13 16:39:40.552641027,True,False,1,2026-09-14 05:09:19.447612796,,Contacted,
L200921,P147356,S0029599,CIF747356,OPT,The Optimizer,refinance,CR-H-refi-fast,line,DCO2026,2026-09-24 08:01:00,BR-052,Chiang Mai,2026-09-24 08:49:08.100249289,False,False,3,,,Not Qualified,not_qualified
L200922,P177932,S0029637,CIF777932,FAM,Family Upgraders,housing,CR-B-calculator,facebook,DCO2026,2026-10-24 11:06:00,BR-044,Khon Kaen,2026-10-24 11:42:30.924032623,False,False,3,,,Not Qualified,not_qualified
L200923,P126780,S0029639,,FHB,First-Home Urban Starters,housing,CR-A-ratecut,line,,2026-10-09 17:23:00,BR-052,Chiang Mai,2026-10-09 18:43:52.207194714,False,False,4,,,Not Qualified,not_qualified
L200924,P145642,S0029681,CIF745642,FHB,First-Home Urban Starters,housing,CR-G-firsthome,facebook,DCO2026,2026-09-15 15:35:00,BR-014,Ratchadaphisek,2026-09-15 16:52:22.656313913,False,False,3,,,Not Qualified,not_qualified
L200925,P147365,S0029701,,FHB,First-Home Urban Starters,housing,CR-A-ratecut,facebook,DCO2026,2026-10-20 21:44:00,BR-031,Hat Yai,2026-10-20 22:28:55.221206161,True,False,2,2026-10-25 16:15:12.501882220,2026-11-02 04:58:36.925796655,Document Pending,
L200926,P139979,S0029717,,OPT,The Optimizer,refinance,CR-H-refi-fast,facebook,DCO2026,2026-10-02 18:51:00,BR-061,Rangsit,2026-10-02 19:04:54.547663623,True,False,3,2026-10-03 12:36:49.126427830,,Contacted,
L200927,P172167,S0029718,CIF772167,MRL,The Monthly Relief,refinance,CR-E-refi-save,facebook,DCO2026,2026-10-31 21:46:00,BR-061,Rangsit,2026-10-31 23:23:31.410926846,False,False,5,,,Not Qualified,not_qualified
L200928,P117381,S0029780,CIF717381,OPT,The Optimizer,refinance,CR-A-ratecut,facebook,DCO2026,2026-09-27 18:08:00,BR-022,Bang Khae,2026-09-27 19:03:48.244781326,False,False,5,,,Not Qualified,not_qualified
L200929,P171144,S0029787,,SAE,Smart Asset Entrepreneurs,housing,CR-H-refi-fast,google,DCO2026,2026-10-29 15:11:00,BR-014,Ratchadaphisek,2026-10-29 15:57:46.635621034,False,False,5,,,Not Qualified,not_qualified
L200930,P177293,S0029794,CIF777293,FAM,Family Upgraders,housing,CR-A-ratecut,google,DCO2026,2026-10-08 10:32:00,BR-031,Hat Yai,2026-10-08 11:00:45.860953209,True,False,2,2026-10-08 20:07:19.795755202,2026-10-20 01:03:50.199213543,Document Pending,
L200931,P149683,S0029796,,OPT,The Optimizer,refinance,CR-E-refi-save,display,DCO2026,2026-09-26 21:01:00,BR-031,Hat Yai,2026-09-26 22:29:17.858197966,False,False,2,,,Not Qualified,not_qualified
L200932,P104352,S0029805,,FHB,First-Home Urban Starters,housing,CR-G-firsthome,facebook,DCO2026,2026-09-06 21:32:00,BR-061,Rangsit,2026-09-06 22:09:36.354537681,False,False,1,,,Not Qualified,not_qualified
L200933,P177043,S0029829,,SAE,Smart Asset Entrepreneurs,housing,CR-A-ratecut,facebook,DCO2026,2026-09-23 16:06:00,BR-052,Chiang Mai,2026-09-23 16:51:27.388767510,False,False,5,,,Not Qualified,not_qualified
L200934,P138882,S0029911,,OPT,The Optimizer,refinance,CR-F-payless,google,DCO2026,2026-09-01 16:22:00,BR-022,Bang Khae,2026-09-01 16:57:19.955797267,False,False,1,,,Not Qualified,not_qualified
L200935,P166402,S0029938,,MRL,The Monthly Relief,refinance,CR-G-firsthome,facebook,DCO2026,2026-09-29 08:10:00,BR-044,Khon Kaen,2026-09-29 08:57:57.777282189,False,False,2,,,Not Qualified,not_qualified
L200936,,S0029988,CIF712799,FHB,First-Home Urban Starters,housing,CR-D-bizasset,facebook,DCO2026,2026-09-27 17:59:00,BR-044,Khon Kaen,2026-09-27 18:56:33.123769808,False,False,1,,,Not Qualified,not_qualified
L200937,P158636,S0030008,,MRL,The Monthly Relief,refinance,CR-E-refi-save,facebook,DCO2026,2026-09-01 14:56:00,BR-031,Hat Yai,2026-09-01 16:37:09.687046722,True,False,1,2026-09-01 19:19:20.056615252,,Contacted,
L200938,P170159,S0030023,CIF770159,MRL,The Monthly Relief,refinance,CR-G-firsthome,facebook,DCO2026,2026-09-14 08:39:00,BR-052,Chiang Mai,2026-09-14 14:30:25.205080456,True,False,2,2026-09-15 06:57:37.747822330,2026-09-22 23:12:00.881152034,Document Pending,
L200939,P147443,S0030123,,FHB,First-Home Urban Starters,housing,CR-D-bizasset,google,DCO2026,2026-10-06 18:23:00,BR-014,Ratchadaphisek,2026-10-06 20:07:14.956053424,False,False,3,,,Not Qualified,not_qualified
L200940,P134440,S0030179,CIF734440,SAE,Smart Asset Entrepreneurs,housing,CR-B-calculator,google,DCO2026,2026-10-04 16:54:00,BR-031,Hat Yai,2026-10-04 17:47:32.053879158,True,True,5,,,Duplicate Lead,duplicate_lead
L200941,,S0030206,,FAM,Family Upgraders,housing,CR-D-bizasset,display,DCO2026,2026-09-11 14:30:00,BR-052,Chiang Mai,2026-09-11 15:56:05.797688481,True,False,2,2026-09-12 02:02:31.297397413,2026-09-13 09:26:59.940482809,Document Pending,
L200942,P148343,S0030288,CIF748343,FHB,First-Home Urban Starters,housing,CR-A-ratecut,facebook,DCO2026,2026-09-27 17:04:00,BR-061,Rangsit,2026-09-27 23:01:16.808514804,False,False,1,,,Not Qualified,not_qualified
L200943,P126560,S0030405,,OPT,The Optimizer,refinance,CR-B-calculator,google,DCO2026,2026-09-26 20:32:00,BR-061,Rangsit,2026-09-26 21:06:34.701391401,True,False,1,2026-09-30 23:17:12.412986602,2026-10-04 03:57:54.520505454,Document Pending,
L200944,P106199,S0030415,CIF706199,MRL,The Monthly Relief,refinance,CR-B-calculator,google,DCO2026,2026-10-15 15:45:00,BR-022,Bang Khae,2026-10-15 17:14:31.981770621,True,False,2,2026-10-16 00:57:54.312268694,,Contacted,
L200945,,S0030425,,MRL,The Monthly Relief,refinance,CR-A-ratecut,google,DCO2026,2026-09-06 20:23:00,BR-052,Chiang Mai,2026-09-06 22:24:57.333452206,False,False,5,,,Not Qualified,not_qualified
L200946,,S0030456,CIF756395,MRL,The Monthly Relief,refinance,CR-A-ratecut,google,DCO2026,2026-10-13 19:09:00,BR-052,Chiang Mai,2026-10-13 21:58:18.970576125,False,False,4,,,Not Qualified,not_qualified
L200947,P112203,S0030479,,FHB,First-Home Urban Starters,housing,CR-B-calculator,facebook,DCO2026,2026-11-04 22:40:00,BR-022,Bang Khae,2026-11-05 00:54:55.993937715,True,False,1,2026-11-05 10:07:53.506421661,,Contacted,
L200948,,S0030492,,FHB,First-Home Urban Starters,housing,CR-H-refi-fast,line,DCO2026,2026-09-09 09:17:00,BR-014,Ratchadaphisek,2026-09-09 13:10:24.961262542,False,False,2,,,Not Qualified,not_qualified
L200949,P126256,S0030503,CIF726256,FAM,Family Upgraders,housing,CR-F-payless,line,DCO2026,2026-09-11 08:49:00,BR-031,Hat Yai,2026-09-11 10:35:22.699577269,True,False,2,,,Cannot Contact,cannot_contact
L200950,P152005,S0030514,,FHB,First-Home Urban Starters,housing,CR-G-firsthome,display,DCO2026,2026-10-06 11:38:00,BR-044,Khon Kaen,2026-10-06 12:51:00.594735535,False,False,1,,,Not Qualified,not_qualified
L200951,P151474,S0030540,CIF751474,OPT,The Optimizer,refinance,CR-E-refi-save,google,DCO2026,2026-09-12 11:30:00,BR-044,Khon Kaen,2026-09-12 15:06:03.594588782,False,False,2,,,Not Qualified,not_qualified
L200952,P144628,S0030546,CIF744628,FHB,First-Home Urban Starters,housing,CR-H-refi-fast,facebook,DCO2026,2026-10-01 21:10:00,BR-044,Khon Kaen,2026-10-01 22:16:10.770400803,False,False,3,,,Not Qualified,not_qualified
L200953,P171352,S0030609,,OPT,The Optimizer,refinance,CR-G-firsthome,line,DCO2026,2026-10-10 15:14:00,BR-052,Chiang Mai,2026-10-10 22:21:16.507456399,True,False,2,2026-10-12 02:39:45.459478275,2026-10-18 10:09:50.429081326,Document Pending,
L200954,,S0030623,,OPT,The Optimizer,refinance,CR-C-familyhome,facebook,DCO2026,2026-09-17 13:09:00,BR-061,Rangsit,2026-09-17 14:49:19.415491410,False,False,5,,,Not Qualified,not_qualified
L200955,P180468,S0030624,CIF780468,MRL,The Monthly Relief,refinance,CR-B-calculator,facebook,DCO2026,2026-10-16 08:33:00,BR-031,Hat Yai,2026-10-16 09:05:54.290220396,True,False,1,2026-10-16 22:01:23.099336500,,Contacted,
L200956,P117612,S0030661,,OPT,The Optimizer,refinance,CR-H-refi-fast,line,DCO2026,2026-11-08 22:03:00,BR-022,Bang Khae,,False,False,3,,,Not Qualified,not_qualified
L200957,P127535,S0030716,,FHB,First-Home Urban Starters,housing,CR-H-refi-fast,google,DCO2026,2026-11-01 08:35:00,BR-044,Khon Kaen,2026-11-01 08:46:10.995807480,True,False,2,2026-11-02 17:56:33.762024036,2026-11-07 05:24:24.258752990,Document Pending,
L200958,P102079,S0030761,,FAM,Family Upgraders,housing,CR-G-firsthome,google,DCO2026,2026-10-11 18:36:00,BR-022,Bang Khae,2026-10-11 18:41:36.801959078,False,False,2,,,Not Qualified,not_qualified
L200959,P161118,S0030775,CIF761118,FHB,First-Home Urban Starters,housing,CR-F-payless,facebook,DCO2026,2026-09-20 13:38:00,BR-044,Khon Kaen,2026-09-20 14:49:06.667195920,True,False,3,2026-09-21 01:41:43.518951266,,Contacted,
L200960,P154536,S0030802,,OPT,The Optimizer,refinance,CR-D-bizasset,google,DCO2026,2026-10-11 07:32:00,BR-044,Khon Kaen,2026-10-11 09:50:59.827264700,False,False,2,,,Not Qualified,not_qualified
L200961,,S0030805,,FAM,Family Upgraders,housing,CR-F-payless,facebook,DCO2026,2026-09-12 14:22:00,BR-044,Khon Kaen,2026-09-12 16:06:08.431521208,True,False,1,2026-09-12 21:50:34.842157428,,Contacted,
L200962,P139226,S0030809,,FAM,Family Upgraders,housing,CR-A-ratecut,google,DCO2026,2026-09-15 08:15:00,BR-061,Rangsit,2026-09-15 10:08:24.201082719,True,False,2,2026-09-18 07:03:06.131267010,,Contacted,
L200963,P126835,S0030890,,FAM,Family Upgraders,housing,CR-H-refi-fast,google,DCO2026,2026-10-18 22:45:00,BR-061,Rangsit,2026-10-18 23:33:42.271184880,False,False,1,,,Not Qualified,not_qualified
L200964,P181989,S0030895,,MRL,The Monthly Relief,refinance,CR-C-familyhome,facebook,DCO2026,2026-10-09 21:07:00,BR-052,Chiang Mai,2026-10-10 01:44:22.692840708,True,False,4,,,Cannot Contact,cannot_contact
L200965,P136091,S0030992,,OPT,The Optimizer,refinance,CR-H-refi-fast,google,DCO2026,2026-09-25 17:37:00,BR-031,Hat Yai,2026-09-25 18:50:41.764855303,True,False,1,2026-09-26 15:16:28.053271746,2026-09-30 16:31:32.580962240,Document Pending,
L200966,P112716,S0031057,,FHB,First-Home Urban Starters,housing,CR-A-ratecut,line,DCO2026,2026-10-30 20:14:00,BR-044,Khon Kaen,2026-10-30 21:15:20.853730740,False,False,4,,,Not Qualified,not_qualified
L200967,P173759,S0031075,,FHB,First-Home Urban Starters,housing,CR-G-firsthome,line,DCO2026,2026-09-13 14:33:00,BR-061,Rangsit,,True,False,2,2026-09-15 12:23:19.434388578,,Contacted,
L200968,P154822,S0031141,CIF754822,SAE,Smart Asset Entrepreneurs,housing,CR-E-refi-save,display,DCO2026,2026-09-17 07:12:00,BR-061,Rangsit,2026-09-17 07:27:56.911150800,True,False,5,,,Cannot Contact,cannot_contact
L200969,P120127,S0031166,,FHB,First-Home Urban Starters,housing,CR-C-familyhome,facebook,DCO2026,2026-09-01 18:30:00,BR-044,Khon Kaen,2026-09-01 21:12:51.571412064,True,False,3,2026-09-02 23:56:13.071482934,,Contacted,
L200970,P122630,S0031175,,OPT,The Optimizer,refinance,CR-F-payless,facebook,DCO2026,2026-09-28 19:52:00,BR-044,Khon Kaen,2026-09-28 22:50:00.167120508,True,False,3,2026-09-29 12:46:51.781704368,,Contacted,
L200971,P120692,S0031220,CIF720692,FAM,Family Upgraders,housing,CR-D-bizasset,facebook,DCO2026,2026-09-13 21:34:00,BR-031,Hat Yai,2026-09-13 23:24:03.247479297,True,False,3,2026-09-14 00:55:24.338758622,,Contacted,
L200972,P136395,S0031282,,MRL,The Monthly Relief,refinance,CR-E-refi-save,facebook,DCO2026,2026-09-16 08:57:00,BR-052,Chiang Mai,2026-09-16 10:46:39.107514003,True,False,1,2026-09-17 20:15:25.160964321,,Contacted,
L200973,P137160,S0031309,CIF737160,MRL,The Monthly Relief,refinance,CR-G-firsthome,display,DCO2026,2026-09-21 14:43:00,BR-061,Rangsit,2026-09-21 16:39:00.078658908,False,False,4,,,Not Qualified,not_qualified
L200974,P121687,S0031337,,OPT,The Optimizer,refinance,CR-C-familyhome,line,DCO2026,2026-09-24 13:41:00,BR-014,Ratchadaphisek,,True,False,1,2026-09-26 02:04:26.176066702,,Contacted,
L200975,P135115,S0031350,,MRL,The Monthly Relief,refinance,CR-C-familyhome,google,DCO2026,2026-10-05 07:49:00,BR-014,Ratchadaphisek,2026-10-05 10:38:45.687129931,True,False,3,2026-10-06 14:39:17.822715860,2026-10-15 17:12:41.195632621,Document Pending,
L200976,P178583,S0031524,,MRL,The Monthly Relief,refinance,CR-H-refi-fast,facebook,DCO2026,2026-09-05 14:11:00,BR-014,Ratchadaphisek,2026-09-05 15:22:43.453767854,True,False,1,2026-09-06 13:37:30.225360861,,Contacted,
L200977,P131872,S0031621,,MRL,The Monthly Relief,refinance,CR-B-calculator,display,DCO2026,2026-09-21 08:44:00,BR-052,Chiang Mai,2026-09-21 12:48:23.507872381,True,False,1,,,Cannot Contact,cannot_contact
L200978,P106251,S0031626,CIF706251,FHB,First-Home Urban Starters,housing,CR-G-firsthome,google,DCO2026,2026-10-17 08:12:00,BR-061,Rangsit,2026-10-17 14:34:32.376601912,True,False,2,2026-10-18 22:33:27.247867905,,Contacted,
L200979,P136960,S0031642,CIF736960,FHB,First-Home Urban Starters,housing,CR-A-ratecut,display,DCO2026,2026-09-25 09:32:00,BR-052,Chiang Mai,2026-09-25 09:35:55.207188864,False,False,1,,,Not Qualified,not_qualified
L200980,P179709,S0031670,,FAM,Family Upgraders,housing,CR-H-refi-fast,google,,2026-11-03 20:28:00,BR-044,Khon Kaen,2026-11-03 22:58:30.844411250,True,False,1,2026-11-04 18:34:57.059215761,,Contacted,
L200981,P147391,S0031708,CIF747391,FHB,First-Home Urban Starters,housing,CR-H-refi-fast,facebook,DCO2026,2026-10-04 08:59:00,BR-061,Rangsit,,False,False,1,,,Not Qualified,not_qualified
L200982,P147842,S0031731,,FAM,Family Upgraders,housing,CR-D-bizasset,line,DCO2026,2026-10-31 07:30:00,BR-052,Chiang Mai,2026-10-31 09:19:51.103222888,True,False,2,,,Cannot Contact,cannot_contact
L200983,P152217,S0031752,CIF752217,MRL,The Monthly Relief,refinance,CR-B-calculator,display,DCO2026,2026-09-07 20:07:00,BR-044,Khon Kaen,2026-09-07 21:33:32.101294081,False,False,5,,,Not Qualified,not_qualified
L200984,P180245,S0031796,CIF780245,MRL,The Monthly Relief,refinance,CR-E-refi-save,google,DCO2026,2026-11-02 11:44:00,BR-014,Ratchadaphisek,2026-11-02 13:53:43.189481790,False,False,5,,,Not Qualified,not_qualified
L200985,P124838,S0031802,,OPT,The Optimizer,refinance,CR-F-payless,google,DCO2026,2026-09-11 07:03:00,BR-031,Hat Yai,2026-09-11 09:42:29.628883242,False,False,5,,,Not Qualified,not_qualified
L200986,P155217,S0031889,,FAM,Family Upgraders,housing,CR-F-payless,facebook,DCO2026,2026-10-01 20:08:00,BR-031,Hat Yai,2026-10-01 21:12:52.732478478,True,False,1,2026-10-03 08:17:24.317826753,,Contacted,
L200987,P143470,S0031909,CIF743470,OPT,The Optimizer,refinance,CR-G-firsthome,facebook,DCO2026,2026-10-13 10:39:00,BR-014,Ratchadaphisek,2026-10-13 12:40:53.819302119,False,False,1,,,Not Qualified,not_qualified
L200988,P126245,S0031945,,FHB,First-Home Urban Starters,housing,CR-E-refi-save,google,DCO2026,2026-10-14 15:29:00,BR-044,Khon Kaen,2026-10-14 16:06:42.691482379,True,False,1,,,Cannot Contact,cannot_contact
L200989,P138564,S0032039,CIF738564,FHB,First-Home Urban Starters,housing,CR-A-ratecut,google,DCO2026,2026-11-03 15:29:00,BR-052,Chiang Mai,2026-11-03 16:15:17.087092190,True,False,1,2026-11-03 23:58:35.894049320,,Contacted,
L200990,,S0032069,CIF707808,FAM,Family Upgraders,housing,CR-H-refi-fast,line,DCO2026,2026-10-01 22:56:00,BR-022,Bang Khae,2026-10-01 23:36:46.965741823,True,False,1,2026-10-03 08:31:03.053297396,,Contacted,
L200991,,S0032071,,MRL,The Monthly Relief,refinance,CR-H-refi-fast,facebook,DCO2026,2026-09-23 14:16:00,BR-031,Hat Yai,2026-09-23 16:12:34.567175554,True,False,4,,,Cannot Contact,cannot_contact
L200992,P175146,S0032145,,OPT,The Optimizer,refinance,CR-B-calculator,google,DCO2026,2026-09-05 14:16:00,BR-061,Rangsit,2026-09-05 15:42:02.070577636,True,False,1,2026-09-06 09:41:56.790314623,,Contacted,
L200993,P131314,S0032170,,FHB,First-Home Urban Starters,housing,CR-D-bizasset,facebook,DCO2026,2026-09-17 17:21:00,BR-022,Bang Khae,2026-09-17 20:16:41.205452145,True,False,5,,,Cannot Contact,cannot_contact
L200994,P128456,S0032239,,OPT,The Optimizer,refinance,CR-G-firsthome,line,DCO2026,2026-10-29 21:08:00,BR-044,Khon Kaen,2026-10-30 00:02:55.664733996,False,False,5,,,Not Qualified,not_qualified
L200995,P167571,S0032312,CIF767571,FAM,Family Upgraders,housing,CR-B-calculator,display,DCO2026,2026-09-17 16:09:00,BR-061,Rangsit,2026-09-17 18:12:37.095290478,False,False,4,,,Not Qualified,not_qualified
L200996,P136011,S0032329,,FHB,First-Home Urban Starters,housing,CR-H-refi-fast,line,DCO2026,2026-10-17 07:30:00,BR-031,Hat Yai,2026-10-17 08:01:19.427985728,False,False,3,,,Not Qualified,not_qualified
L200997,P173176,S0032343,CIF773176,FHB,First-Home Urban Starters,housing,CR-E-refi-save,facebook,DCO2026,2026-10-07 19:06:00,BR-031,Hat Yai,2026-10-08 00:14:44.400331287,False,False,2,,,Not Qualified,not_qualified
L200998,P119531,S0032359,CIF719531,FHB,First-Home Urban Starters,housing,CR-A-ratecut,facebook,DCO2026,2026-09-25 16:18:00,BR-044,Khon Kaen,2026-09-25 17:24:24.817834695,True,False,3,,,Cannot Contact,cannot_contact
L200999,P174193,S0032380,,FAM,Family Upgraders,housing,CR-C-familyhome,google,DCO2026,2026-11-07 19:56:00,BR-044,Khon Kaen,,True,False,1,2026-11-08 22:08:03.651045969,,Document Pending,
L201000,P107094,S0032444,CIF707094,FAM,Family Upgraders,housing,CR-E-refi-save,line,DCO2026,2026-09-25 19:43:00,BR-014,Ratchadaphisek,2026-09-25 21:13:24.633338270,True,False,2,2026-09-29 00:51:26.904700881,,Contacted,
L201001,,S0032472,,SAE,Smart Asset Entrepreneurs,housing,CR-H-refi-fast,line,DCO2026,2026-09-26 11:14:00,BR-044,Khon Kaen,2026-09-26 15:32:33.441064210,False,False,4,,,Not Qualified,not_qualified
L201002,P139266,S0032502,,OPT,The Optimizer,refinance,CR-F-payless,line,DCO2026,2026-09-12 15:10:00,BR-022,Bang Khae,2026-09-12 15:47:41.461059910,True,False,1,,,Cannot Contact,cannot_contact
L201003,P139533,S0032536,CIF739533,OPT,The Optimizer,refinance,CR-F-payless,line,DCO2026,2026-09-27 22:55:00,BR-014,Ratchadaphisek,2026-09-28 02:58:37.229769313,True,False,1,2026-09-29 10:09:45.631361810,,Contacted,
L201004,P172332,S0032550,,MRL,The Monthly Relief,refinance,CR-E-refi-save,facebook,DCO2026,2026-10-03 20:18:00,BR-022,Bang Khae,2026-10-04 00:24:57.480122808,False,False,1,,,Not Qualified,not_qualified
L201005,P174675,S0032599,,OPT,The Optimizer,refinance,CR-B-calculator,facebook,DCO2026,2026-09-04 07:50:00,BR-014,Ratchadaphisek,2026-09-04 08:18:08.139351028,True,False,1,2026-09-06 11:41:34.726186796,,Contacted,
L201006,P172347,S0032633,,MRL,The Monthly Relief,refinance,CR-C-familyhome,facebook,DCO2026,2026-10-27 15:58:00,BR-044,Khon Kaen,2026-10-27 16:56:36.241572529,False,False,3,,,Not Qualified,not_qualified
L201007,P167534,S0032735,CIF767534,FHB,First-Home Urban Starters,housing,CR-B-calculator,line,DCO2026,2026-10-08 11:25:00,BR-022,Bang Khae,2026-10-08 14:17:04.876425127,True,False,2,2026-10-10 01:13:12.632288634,,Contacted,
L201008,P157920,S0032765,CIF757920,MRL,The Monthly Relief,refinance,CR-E-refi-save,facebook,DCO2026,2026-10-26 11:10:00,BR-031,Hat Yai,2026-10-26 12:58:36.967061332,False,False,3,,,Not Qualified,not_qualified
L201009,P105741,S0032785,CIF705741,FHB,First-Home Urban Starters,housing,CR-G-firsthome,facebook,DCO2026,2026-10-23 15:34:00,BR-031,Hat Yai,2026-10-23 18:25:19.216752742,True,False,1,2026-10-25 15:43:06.066805888,,Contacted,
L201010,P158736,S0032886,CIF758736,FHB,First-Home Urban Starters,housing,CR-H-refi-fast,facebook,DCO2026,2026-11-06 16:49:00,BR-052,Chiang Mai,2026-11-06 21:53:55.377874081,True,False,2,,,Cannot Contact,cannot_contact
L201011,,S0032893,CIF761274,FHB,First-Home Urban Starters,housing,CR-G-firsthome,google,DCO2026,2026-09-24 12:27:00,BR-031,Hat Yai,2026-09-24 13:37:07.059364906,True,False,2,2026-09-26 07:10:29.010882619,,Contacted,
L201012,P123078,S0032981,,MRL,The Monthly Relief,refinance,CR-B-calculator,google,DCO2026,2026-11-06 13:22:00,BR-031,Hat Yai,2026-11-06 21:34:40.513055000,False,False,4,,,Not Qualified,not_qualified
L201013,P105910,S0033043,CIF705910,OPT,The Optimizer,refinance,CR-F-payless,google,DCO2026,2026-09-29 18:44:00,BR-014,Ratchadaphisek,2026-09-29 19:23:16.481874848,False,False,2,,,Not Qualified,not_qualified
L201014,P163516,S0033059,CIF763516,MRL,The Monthly Relief,refinance,CR-H-refi-fast,facebook,DCO2026,2026-10-13 15:58:00,BR-014,Ratchadaphisek,2026-10-13 18:09:44.626128518,False,False,5,,,Not Qualified,not_qualified
L201015,P128665,S0033068,,FHB,First-Home Urban Starters,housing,CR-H-refi-fast,facebook,DCO2026,2026-09-11 11:24:00,BR-052,Chiang Mai,2026-09-11 12:21:59.359861584,True,False,2,2026-09-11 21:22:29.445313368,,Contacted,
L201016,,S0033096,,MRL,The Monthly Relief,refinance,CR-G-firsthome,line,DCO2026,2026-11-06 16:06:00,BR-031,Hat Yai,,True,False,3,2026-11-07 07:17:07.393249399,,Contacted,
L201017,P133314,S0033109,CIF733314,MRL,The Monthly Relief,refinance,CR-D-bizasset,google,DCO2026,2026-09-13 07:00:00,BR-031,Hat Yai,2026-09-13 07:49:22.706574128,False,False,4,,,Not Qualified,not_qualified
L201018,P112592,S0033172,,OPT,The Optimizer,refinance,CR-C-familyhome,google,DCO2026,2026-10-04 08:39:00,BR-061,Rangsit,2026-10-04 11:26:33.110134321,True,False,3,2026-10-05 13:50:28.267799427,,Contacted,
L201019,,S0033176,,OPT,The Optimizer,refinance,CR-F-payless,facebook,DCO2026,2026-09-04 08:39:00,BR-052,Chiang Mai,2026-09-04 13:20:07.753153909,True,False,1,,,Cannot Contact,cannot_contact
L201020,P169081,S0033183,,SAE,Smart Asset Entrepreneurs,housing,CR-B-calculator,facebook,DCO2026,2026-10-23 09:46:00,BR-044,Khon Kaen,2026-10-23 10:30:08.812717638,True,False,1,2026-10-23 12:43:23.848399396,,Contacted,
L201021,P108080,S0033212,,OPT,The Optimizer,refinance,CR-G-firsthome,facebook,DCO2026,2026-09-24 16:23:00,BR-044,Khon Kaen,2026-09-24 17:52:14.683581733,False,False,5,,,Not Qualified,not_qualified
L201022,P157944,S0033224,,FAM,Family Upgraders,housing,CR-G-firsthome,google,DCO2026,2026-09-11 11:19:00,BR-031,Hat Yai,2026-09-11 11:39:50.849521429,False,False,5,,,Not Qualified,not_qualified
L201023,P161943,S0033229,,SAE,Smart Asset Entrepreneurs,housing,CR-E-refi-save,line,DCO2026,2026-10-10 08:53:00,BR-052,Chiang Mai,2026-10-10 14:42:03.585165996,False,False,4,,,Not Qualified,not_qualified
L201024,P108785,S0033270,CIF708785,FHB,First-Home Urban Starters,housing,CR-G-firsthome,line,DCO2026,2026-10-28 16:38:00,BR-061,Rangsit,2026-10-28 17:09:59.282425102,True,False,2,2026-10-29 04:52:58.774573690,2026-10-31 01:13:27.283149006,Document Pending,
L201025,P123333,S0033273,,FHB,First-Home Urban Starters,housing,CR-F-payless,google,DCO2026,2026-10-23 21:18:00,BR-031,Hat Yai,2026-10-23 22:18:44.953931412,True,False,1,2026-10-24 08:51:00.506240204,,Contacted,
L201026,P182026,S0033296,CIF782026,OPT,The Optimizer,refinance,CR-E-refi-save,google,DCO2026,2026-11-03 22:00:00,BR-044,Khon Kaen,2026-11-03 22:08:56.768130290,True,False,1,2026-11-04 02:54:00.286050330,,Contacted,
L201027,P122161,S0033459,CIF722161,OPT,The Optimizer,refinance,CR-C-familyhome,facebook,DCO2026,2026-10-15 16:59:00,BR-052,Chiang Mai,2026-10-15 19:37:38.438727378,False,False,4,,,Not Qualified,not_qualified
L201028,,S0033491,,FAM,Family Upgraders,housing,CR-F-payless,facebook,DCO2026,2026-09-24 16:18:00,BR-022,Bang Khae,2026-09-24 18:05:52.392278749,True,False,1,2026-09-26 16:47:59.786338822,2026-09-28 10:02:34.768391805,Document Pending,
L201029,P163711,S0033519,,OPT,The Optimizer,refinance,CR-F-payless,line,DCO2026,2026-10-22 14:20:00,BR-044,Khon Kaen,2026-10-22 20:50:30.028922283,True,False,3,2026-10-23 18:30:45.671727349,2026-10-31 12:37:47.582899321,Document Pending,
L201030,P108004,S0033557,CIF708004,OPT,The Optimizer,refinance,CR-E-refi-save,line,DCO2026,2026-10-28 20:21:00,BR-052,Chiang Mai,2026-10-28 22:04:07.792566718,True,False,3,2026-11-01 13:24:28.376576910,,Contacted,
L201031,P119759,S0033588,,FHB,First-Home Urban Starters,housing,CR-E-refi-save,google,DCO2026,2026-09-17 11:34:00,BR-044,Khon Kaen,2026-09-17 12:09:47.494969148,True,False,2,2026-09-18 01:23:52.188311233,,Contacted,
L201032,,S0033676,,FHB,First-Home Urban Starters,housing,CR-D-bizasset,display,DCO2026,2026-09-24 20:21:00,BR-044,Khon Kaen,2026-09-24 23:11:09.753278586,True,False,1,2026-09-26 08:58:15.799778454,,Contacted,
L201033,P113722,S0033712,CIF713722,MRL,The Monthly Relief,refinance,CR-F-payless,facebook,DCO2026,2026-09-26 19:28:00,BR-022,Bang Khae,2026-09-26 20:36:42.783611632,False,False,5,,,Not Qualified,not_qualified
L201034,P112702,S0033714,CIF712702,SAE,Smart Asset Entrepreneurs,housing,CR-D-bizasset,line,DCO2026,2026-10-02 09:27:00,BR-052,Chiang Mai,,True,False,3,2026-10-03 01:20:56.693882482,2026-10-04 17:24:01.691078544,Document Pending,
L201035,P135642,S0033739,CIF735642,FHB,First-Home Urban Starters,housing,CR-A-ratecut,line,DCO2026,2026-09-18 08:27:00,BR-061,Rangsit,2026-09-18 13:17:41.198514374,True,False,1,2026-09-18 15:35:08.851748640,,Contacted,
L201036,P181270,S0033767,,OPT,The Optimizer,refinance,CR-E-refi-save,google,,2026-10-13 17:18:00,BR-044,Khon Kaen,2026-10-13 20:20:27.961912546,False,False,3,,,Not Qualified,not_qualified
L201037,P122464,S0033802,CIF722464,FAM,Family Upgraders,housing,CR-F-payless,facebook,DCO2026,2026-09-01 19:12:00,BR-031,Hat Yai,2026-09-01 21:28:54.261066489,True,True,3,,,Duplicate Lead,duplicate_lead
L201038,P100109,S0033826,CIF700109,FAM,Family Upgraders,housing,CR-H-refi-fast,facebook,DCO2026,2026-10-05 22:59:00,BR-022,Bang Khae,2026-10-06 01:10:23.699820764,True,False,3,2026-10-06 18:00:40.205370968,2026-10-08 07:27:25.247143455,Document Pending,
L201039,P155983,S0033831,,FHB,First-Home Urban Starters,housing,CR-H-refi-fast,facebook,DCO2026,2026-09-01 12:06:00,BR-031,Hat Yai,2026-09-01 12:22:49.527214489,False,False,2,,,Not Qualified,not_qualified
L201040,P178255,S0033834,,SAE,Smart Asset Entrepreneurs,housing,CR-G-firsthome,facebook,DCO2026,2026-09-08 09:23:00,BR-061,Rangsit,2026-09-08 11:16:58.202454595,True,False,2,2026-09-09 03:33:21.200514049,2026-09-17 11:30:13.753791202,Document Pending,
L201041,P177709,S0033844,,FAM,Family Upgraders,housing,CR-G-firsthome,line,DCO2026,2026-09-28 21:21:00,BR-022,Bang Khae,2026-09-29 01:25:17.256890535,True,False,1,,,Cannot Contact,cannot_contact
L201042,P172858,S0033880,,OPT,The Optimizer,refinance,CR-D-bizasset,facebook,DCO2026,2026-10-18 22:56:00,BR-044,Khon Kaen,2026-10-19 01:02:58.795424103,True,False,2,2026-10-19 19:30:54.922723600,,Contacted,
L201043,P157908,S0033896,,FHB,First-Home Urban Starters,housing,CR-H-refi-fast,facebook,DCO2026,2026-10-27 10:52:00,BR-031,Hat Yai,2026-10-27 11:46:46.548534535,True,False,1,2026-10-28 09:22:12.747417321,,Contacted,
L201044,P131910,S0033961,CIF731910,FHB,First-Home Urban Starters,housing,CR-A-ratecut,facebook,DCO2026,2026-09-25 07:53:00,BR-052,Chiang Mai,2026-09-25 09:52:38.796015771,False,False,3,,,Not Qualified,not_qualified
L201045,P158015,S0033967,CIF758015,FAM,Family Upgraders,housing,CR-F-payless,facebook,DCO2026,2026-09-08 10:24:00,BR-061,Rangsit,2026-09-08 11:30:48.067734286,True,False,2,2026-09-09 08:25:53.063390992,,Contacted,
L201046,P172588,S0033980,,OPT,The Optimizer,refinance,CR-A-ratecut,line,DCO2026,2026-10-06 14:06:00,BR-022,Bang Khae,2026-10-06 15:36:43.206147928,True,False,1,2026-10-07 05:52:00.114307453,,Contacted,
L201047,P160788,S0034060,,SAE,Smart Asset Entrepreneurs,housing,CR-H-refi-fast,facebook,DCO2026,2026-09-16 07:03:00,BR-014,Ratchadaphisek,2026-09-16 08:52:26.953079804,True,False,2,2026-09-17 01:53:46.416633532,,Contacted,
L201048,P154670,S0034076,,OPT,The Optimizer,refinance,CR-G-firsthome,line,DCO2026,2026-10-19 22:12:00,BR-031,Hat Yai,2026-10-19 22:33:11.029848480,False,False,3,,,Not Qualified,not_qualified
L201049,P144414,S0034084,,FAM,Family Upgraders,housing,CR-B-calculator,google,DCO2026,2026-09-13 15:02:00,BR-061,Rangsit,2026-09-13 16:40:18.650711562,True,False,3,,,Cannot Contact,cannot_contact
L201050,,S0034091,,FAM,Family Upgraders,housing,CR-H-refi-fast,google,,2026-09-09 08:25:00,BR-052,Chiang Mai,2026-09-09 09:40:59.895568573,False,False,5,,,Not Qualified,not_qualified
L201051,P144891,S0034113,,OPT,The Optimizer,refinance,CR-G-firsthome,line,DCO2026,2026-09-30 12:27:00,BR-014,Ratchadaphisek,2026-09-30 13:29:37.306022244,False,False,3,,,Not Qualified,not_qualified
L201052,P116831,S0034206,,MRL,The Monthly Relief,refinance,CR-C-familyhome,facebook,DCO2026,2026-10-14 17:52:00,BR-022,Bang Khae,,True,False,3,2026-10-15 19:12:40.449674216,2026-10-20 05:11:35.166582847,Document Pending,
L201053,P160232,S0034470,CIF760232,FHB,First-Home Urban Starters,housing,CR-F-payless,display,DCO2026,2026-10-31 08:25:00,BR-014,Ratchadaphisek,2026-10-31 14:23:53.553504892,False,False,4,,,Not Qualified,not_qualified
L201054,P101946,S0034558,CIF701946,OPT,The Optimizer,refinance,CR-F-payless,facebook,DCO2026,2026-10-05 22:01:00,BR-052,Chiang Mai,2026-10-05 23:11:19.860871152,True,False,2,2026-10-06 16:47:30.013586767,2026-10-08 19:16:32.317678961,Document Pending,
L201055,P151781,S0034580,CIF751781,OPT,The Optimizer,refinance,CR-A-ratecut,facebook,DCO2026,2026-09-01 14:01:00,BR-044,Khon Kaen,2026-09-01 19:36:14.985049722,False,False,2,,,Not Qualified,not_qualified
L201056,P173709,S0034697,,FHB,First-Home Urban Starters,housing,CR-G-firsthome,display,DCO2026,2026-09-27 07:48:00,BR-044,Khon Kaen,2026-09-27 17:04:40.648560617,True,False,4,,,Cannot Contact,cannot_contact
L201057,P150866,S0034763,,MRL,The Monthly Relief,refinance,CR-H-refi-fast,google,,2026-09-24 19:32:00,BR-031,Hat Yai,2026-09-24 19:50:27.676801285,True,False,2,2026-09-25 04:42:23.286522187,2026-10-06 21:34:51.412683343,Document Pending,
L201058,P165702,S0034788,,OPT,The Optimizer,refinance,CR-C-familyhome,google,DCO2026,2026-10-05 09:26:00,BR-014,Ratchadaphisek,2026-10-05 14:56:17.023011998,True,False,3,2026-10-06 20:17:41.028053644,2026-10-28 09:52:45.013258168,Document Pending,
L201059,P169183,S0034812,,FHB,First-Home Urban Starters,housing,CR-C-familyhome,facebook,DCO2026,2026-09-26 21:57:00,BR-022,Bang Khae,2026-09-26 23:30:58.001345341,True,False,1,2026-09-28 04:58:08.925511353,,Contacted,
L201060,P170010,S0034836,,FHB,First-Home Urban Starters,housing,CR-F-payless,line,DCO2026,2026-10-06 15:22:00,BR-014,Ratchadaphisek,2026-10-06 16:18:16.114768285,False,False,1,,,Not Qualified,not_qualified
L201061,,S0034845,,MRL,The Monthly Relief,refinance,CR-C-familyhome,facebook,DCO2026,2026-09-16 21:39:00,BR-031,Hat Yai,2026-09-16 22:39:13.184371623,False,False,4,,,Not Qualified,not_qualified
L201062,P106425,S0034857,CIF706425,FHB,First-Home Urban Starters,housing,CR-B-calculator,facebook,DCO2026,2026-10-08 22:31:00,BR-031,Hat Yai,2026-10-08 23:34:23.120500957,True,False,2,2026-10-09 20:15:50.832608067,2026-10-13 04:08:24.398963155,Document Pending,
L201063,P172356,S0034882,,MRL,The Monthly Relief,refinance,CR-H-refi-fast,line,DCO2026,2026-10-24 07:04:00,BR-061,Rangsit,2026-10-24 07:14:13.189293937,False,False,3,,,Not Qualified,not_qualified
L201064,P145691,S0034911,,FAM,Family Upgraders,housing,CR-B-calculator,google,DCO2026,2026-09-20 07:01:00,BR-031,Hat Yai,2026-09-20 07:43:40.230068396,False,False,5,,,Not Qualified,not_qualified
L201065,P135396,S0034936,,FHB,First-Home Urban Starters,housing,CR-G-firsthome,display,DCO2026,2026-10-25 17:34:00,BR-014,Ratchadaphisek,2026-10-25 18:35:33.466012831,True,False,3,2026-10-26 22:59:09.961172878,2026-11-02 14:11:04.622468527,Document Pending,
L201066,P127162,S0035016,,FHB,First-Home Urban Starters,housing,CR-B-calculator,facebook,DCO2026,2026-10-25 22:32:00,BR-061,Rangsit,2026-10-25 23:43:46.554060523,True,False,5,,,Cannot Contact,cannot_contact
L201067,P126881,S0035023,,FHB,First-Home Urban Starters,housing,CR-D-bizasset,facebook,DCO2026,2026-10-07 16:02:00,BR-061,Rangsit,2026-10-07 19:34:55.981118778,True,False,5,,,Cannot Contact,cannot_contact
L201068,P114714,S0035032,CIF714714,FHB,First-Home Urban Starters,housing,CR-A-ratecut,google,DCO2026,2026-09-27 21:40:00,BR-061,Rangsit,2026-09-27 23:02:57.600165432,False,True,3,,,Duplicate Lead,duplicate_lead
L201069,,S0035094,,FHB,First-Home Urban Starters,housing,CR-E-refi-save,facebook,DCO2026,2026-09-13 14:08:00,BR-031,Hat Yai,2026-09-13 15:05:45.639864414,True,False,2,2026-09-14 02:02:19.886176252,2026-09-21 20:51:12.773006198,Document Pending,
L201070,P137781,S0035114,CIF737781,MRL,The Monthly Relief,refinance,CR-H-refi-fast,display,DCO2026,2026-09-24 21:11:00,BR-031,Hat Yai,2026-09-24 22:47:15.006430116,False,False,5,,,Not Qualified,not_qualified
L201071,P164505,S0035159,CIF764505,OPT,The Optimizer,refinance,CR-A-ratecut,facebook,DCO2026,2026-10-02 17:14:00,BR-061,Rangsit,2026-10-02 18:08:45.683276724,True,False,2,,,Cannot Contact,cannot_contact
L201072,,S0035192,,OPT,The Optimizer,refinance,CR-F-payless,line,DCO2026,2026-10-04 10:06:00,BR-031,Hat Yai,2026-10-04 12:30:40.586441925,True,False,2,2026-10-05 08:12:50.254748614,,Contacted,
L201073,P151353,S0035209,,FAM,Family Upgraders,housing,CR-E-refi-save,line,DCO2026,2026-11-01 19:26:00,BR-031,Hat Yai,2026-11-01 20:06:24.115076695,True,False,2,2026-11-03 18:47:43.115365382,,Contacted,
L201074,P164004,S0035290,,OPT,The Optimizer,refinance,CR-H-refi-fast,facebook,DCO2026,2026-10-01 15:27:00,BR-044,Khon Kaen,2026-10-01 18:56:14.576434490,True,False,1,2026-10-02 03:02:47.281263086,2026-10-05 20:14:03.404343192,Document Pending,
L201075,P134673,S0035352,CIF734673,OPT,The Optimizer,refinance,CR-B-calculator,facebook,DCO2026,2026-10-11 09:04:00,BR-052,Chiang Mai,2026-10-11 10:37:28.723837841,False,False,1,,,Not Qualified,not_qualified
L201076,P110517,S0035360,,FHB,First-Home Urban Starters,housing,CR-B-calculator,display,DCO2026,2026-10-05 19:40:00,BR-022,Bang Khae,2026-10-05 20:51:16.616558868,True,False,3,2026-10-06 13:19:42.930686379,,Contacted,
L201077,P168838,S0035364,,OPT,The Optimizer,refinance,CR-A-ratecut,display,DCO2026,2026-10-31 09:26:00,BR-052,Chiang Mai,2026-10-31 16:33:25.574324016,False,False,4,,,Not Qualified,not_qualified
L201078,P145668,S0035371,,FHB,First-Home Urban Starters,housing,CR-C-familyhome,display,DCO2026,2026-11-01 18:02:00,BR-014,Ratchadaphisek,2026-11-01 19:40:19.875815512,True,False,3,2026-11-02 03:48:58.481349729,,Contacted,
L201079,P129611,S0035425,,MRL,The Monthly Relief,refinance,CR-F-payless,line,DCO2026,2026-10-17 11:19:00,BR-044,Khon Kaen,2026-10-17 13:36:44.556000262,False,False,5,,,Not Qualified,not_qualified
L201080,,S0035440,CIF740653,OPT,The Optimizer,refinance,CR-F-payless,display,DCO2026,2026-09-20 11:02:00,BR-044,Khon Kaen,2026-09-20 14:56:06.764086926,True,True,2,,,Duplicate Lead,duplicate_lead
L201081,P101168,S0035457,,FHB,First-Home Urban Starters,housing,CR-A-ratecut,facebook,DCO2026,2026-11-09 22:47:00,BR-052,Chiang Mai,,False,False,2,,,Not Qualified,not_qualified
L201082,P131981,S0035551,,FAM,Family Upgraders,housing,CR-C-familyhome,display,DCO2026,2026-09-30 08:59:00,BR-014,Ratchadaphisek,2026-09-30 12:16:37.791686875,True,False,1,2026-10-01 22:57:11.146170554,2026-10-02 18:20:13.514293958,Document Pending,
L201083,P103547,S0035564,,OPT,The Optimizer,refinance,CR-D-bizasset,line,DCO2026,2026-09-02 08:28:00,BR-052,Chiang Mai,2026-09-02 09:04:56.027758964,True,False,2,,,Cannot Contact,cannot_contact
L201084,P127373,S0035571,CIF727373,FAM,Family Upgraders,housing,CR-H-refi-fast,line,DCO2026,2026-10-07 16:04:00,BR-031,Hat Yai,2026-10-07 18:27:34.823345154,False,False,5,,,Not Qualified,not_qualified
L201085,P116963,S0035672,,OPT,The Optimizer,refinance,CR-H-refi-fast,facebook,DCO2026,2026-09-23 10:25:00,BR-014,Ratchadaphisek,2026-09-23 13:40:13.238243211,False,False,4,,,Not Qualified,not_qualified
L201086,P175664,S0035782,,OPT,The Optimizer,refinance,CR-E-refi-save,line,DCO2026,2026-09-24 15:18:00,BR-044,Khon Kaen,2026-09-24 16:41:10.016206429,True,False,3,2026-09-24 20:40:24.274477293,,Contacted,
L201087,P160090,S0035822,,FAM,Family Upgraders,housing,CR-H-refi-fast,facebook,DCO2026,2026-10-01 16:46:00,BR-052,Chiang Mai,2026-10-01 17:32:41.290437568,False,False,4,,,Not Qualified,not_qualified
L201088,P181572,S0035853,,FAM,Family Upgraders,housing,CR-E-refi-save,facebook,DCO2026,2026-09-25 13:15:00,BR-044,Khon Kaen,2026-09-25 16:17:22.449909415,True,False,1,2026-09-26 07:08:12.278106754,2026-09-27 14:57:48.372174507,Document Pending,
L201089,P171388,S0035870,,FHB,First-Home Urban Starters,housing,CR-F-payless,google,DCO2026,2026-11-03 21:08:00,BR-031,Hat Yai,2026-11-03 23:46:43.998948488,False,False,4,,,Not Qualified,not_qualified
L201090,P156354,S0035871,CIF756354,FAM,Family Upgraders,housing,CR-A-ratecut,line,DCO2026,2026-09-30 15:47:00,BR-014,Ratchadaphisek,2026-09-30 18:02:55.439898109,True,False,2,2026-10-01 01:32:46.272258504,,Contacted,
L201091,P122655,S0035874,,MRL,The Monthly Relief,refinance,CR-E-refi-save,facebook,DCO2026,2026-11-02 12:19:00,BR-022,Bang Khae,2026-11-02 13:37:00.302569005,False,False,4,,,Not Qualified,not_qualified
L201092,,S0035909,CIF714575,SAE,Smart Asset Entrepreneurs,housing,CR-A-ratecut,facebook,DCO2026,2026-09-19 22:20:00,BR-052,Chiang Mai,2026-09-20 00:19:38.077389423,True,False,2,2026-09-21 22:20:05.283389750,,Contacted,
L201093,P176601,S0035936,,FHB,First-Home Urban Starters,housing,CR-C-familyhome,facebook,DCO2026,2026-09-13 18:38:00,BR-052,Chiang Mai,2026-09-13 20:52:04.598736190,True,False,3,2026-09-16 19:04:37.168432598,2026-09-21 18:36:46.016303757,Document Pending,
L201094,P140008,S0035983,,FHB,First-Home Urban Starters,housing,CR-D-bizasset,facebook,DCO2026,2026-10-11 07:18:00,BR-031,Hat Yai,2026-10-11 10:08:39.304999258,True,False,3,2026-10-13 06:20:26.807341527,,Contacted,
L201095,P130553,S0036031,,MRL,The Monthly Relief,refinance,CR-E-refi-save,google,DCO2026,2026-09-03 14:24:00,BR-014,Ratchadaphisek,2026-09-03 16:30:39.088011448,False,False,5,,,Not Qualified,not_qualified
L201096,P138723,S0036060,,FHB,First-Home Urban Starters,housing,CR-A-ratecut,google,DCO2026,2026-09-01 12:59:00,BR-061,Rangsit,2026-09-01 15:59:37.208391418,True,False,1,2026-09-02 08:37:27.623049482,,Contacted,
L201097,P131768,S0036091,,FAM,Family Upgraders,housing,CR-A-ratecut,facebook,DCO2026,2026-10-29 10:49:00,BR-031,Hat Yai,2026-10-29 11:44:02.582049327,True,False,3,2026-10-30 23:48:44.724099955,,Contacted,
L201098,P160024,S0036099,,FHB,First-Home Urban Starters,housing,CR-E-refi-save,facebook,DCO2026,2026-10-04 13:40:00,BR-022,Bang Khae,2026-10-04 16:16:29.417103468,True,False,1,,,Cannot Contact,cannot_contact
L201099,P120361,S0036100,,FHB,First-Home Urban Starters,housing,CR-D-bizasset,line,DCO2026,2026-11-01 11:45:00,BR-031,Hat Yai,2026-11-01 14:03:38.768061524,False,False,2,,,Not Qualified,not_qualified
L201100,P163602,S0036123,,FHB,First-Home Urban Starters,housing,CR-B-calculator,facebook,DCO2026,2026-10-27 20:32:00,BR-014,Ratchadaphisek,2026-10-27 21:01:47.744703265,False,False,4,,,Not Qualified,not_qualified
L201101,P104793,S0036166,,FAM,Family Upgraders,housing,CR-B-calculator,display,DCO2026,2026-09-08 14:27:00,BR-014,Ratchadaphisek,2026-09-08 14:45:20.154553639,True,False,1,2026-09-10 11:04:25.181858110,,Contacted,
L201102,P140581,S0036170,,FAM,Family Upgraders,housing,CR-B-calculator,line,DCO2026,2026-09-11 17:13:00,BR-052,Chiang Mai,2026-09-11 17:40:47.203199362,True,False,3,2026-09-12 23:16:21.066833250,,Contacted,
L201103,P135764,S0036206,,FHB,First-Home Urban Starters,housing,CR-D-bizasset,facebook,DCO2026,2026-11-05 21:31:00,BR-031,Hat Yai,2026-11-05 22:11:53.725222750,True,False,1,,,Cannot Contact,cannot_contact
L201104,P106032,S0036208,,OPT,The Optimizer,refinance,CR-E-refi-save,display,DCO2026,2026-09-16 11:40:00,BR-061,Rangsit,2026-09-16 12:31:52.487246088,False,False,1,,,Not Qualified,not_qualified
L201105,P106176,S0036363,CIF706176,MRL,The Monthly Relief,refinance,CR-E-refi-save,display,DCO2026,2026-09-24 08:47:00,BR-044,Khon Kaen,2026-09-24 12:42:21.643950752,True,False,3,2026-09-25 09:37:36.696214446,2026-10-03 13:47:32.301028184,Document Pending,
L201106,P156625,S0036399,,FAM,Family Upgraders,housing,CR-C-familyhome,google,DCO2026,2026-11-01 08:08:00,BR-022,Bang Khae,2026-11-01 08:22:55.775020887,False,False,1,,,Not Qualified,not_qualified
L201107,P174781,S0036400,,FHB,First-Home Urban Starters,housing,CR-G-firsthome,display,DCO2026,2026-10-27 14:20:00,BR-044,Khon Kaen,2026-10-27 14:45:09.761100070,True,False,2,2026-10-28 03:46:49.255631311,2026-11-01 14:22:35.432673489,Document Pending,
L201108,P173282,S0036407,CIF773282,FAM,Family Upgraders,housing,CR-D-bizasset,facebook,DCO2026,2026-10-28 22:34:00,BR-044,Khon Kaen,2026-10-29 01:47:10.626511555,True,False,3,2026-10-30 08:46:33.135838030,2026-11-02 10:10:53.984928700,Document Pending,
L201109,P125395,S0036413,CIF725395,FAM,Family Upgraders,housing,CR-A-ratecut,google,,2026-09-23 13:16:00,BR-014,Ratchadaphisek,2026-09-23 14:53:30.826691248,True,False,3,2026-09-24 08:43:03.990179995,,Contacted,
L201110,P155072,S0036429,,FAM,Family Upgraders,housing,CR-F-payless,display,DCO2026,2026-09-27 22:34:00,BR-031,Hat Yai,2026-09-28 00:32:23.956327498,True,False,3,2026-09-29 12:34:40.859757338,2026-10-01 04:22:16.040151835,Document Pending,
L201111,P133593,S0036466,,FAM,Family Upgraders,housing,CR-E-refi-save,google,DCO2026,2026-10-18 21:32:00,BR-052,Chiang Mai,2026-10-19 00:18:36.311237720,True,False,3,2026-10-20 04:58:29.303546650,,Contacted,
L201112,P176154,S0036605,,MRL,The Monthly Relief,refinance,CR-C-familyhome,line,DCO2026,2026-09-23 13:08:00,BR-022,Bang Khae,2026-09-23 16:14:19.953449204,False,False,4,,,Not Qualified,not_qualified
L201113,P180538,S0036623,,MRL,The Monthly Relief,refinance,CR-F-payless,google,,2026-10-11 13:03:00,BR-052,Chiang Mai,2026-10-11 19:04:26.545311307,False,False,3,,,Not Qualified,not_qualified
L201114,P135664,S0036652,,OPT,The Optimizer,refinance,CR-A-ratecut,facebook,DCO2026,2026-09-02 14:07:00,BR-014,Ratchadaphisek,2026-09-02 14:50:27.077194470,True,False,3,2026-09-03 11:15:55.225122288,2026-09-07 07:48:23.267731945,Document Pending,
L201115,P175697,S0036662,CIF775697,MRL,The Monthly Relief,refinance,CR-F-payless,facebook,DCO2026,2026-11-03 21:40:00,BR-061,Rangsit,2026-11-03 22:29:07.204337515,False,False,3,,,Not Qualified,not_qualified
L201116,P168027,S0036721,,FHB,First-Home Urban Starters,housing,CR-F-payless,google,DCO2026,2026-09-28 11:17:00,BR-022,Bang Khae,2026-09-28 16:28:01.699423303,False,True,2,,,Duplicate Lead,duplicate_lead
L201117,P128131,S0036727,CIF728131,FHB,First-Home Urban Starters,housing,CR-A-ratecut,line,DCO2026,2026-09-22 16:30:00,BR-044,Khon Kaen,2026-09-22 17:57:50.335006467,False,False,1,,,Not Qualified,not_qualified
L201118,P115404,S0036755,,FHB,First-Home Urban Starters,housing,CR-C-familyhome,facebook,DCO2026,2026-10-18 08:32:00,BR-044,Khon Kaen,2026-10-18 11:54:47.604025768,True,False,3,,,Cannot Contact,cannot_contact
L201119,P148486,S0036783,,OPT,The Optimizer,refinance,CR-B-calculator,display,DCO2026,2026-10-13 10:21:00,BR-061,Rangsit,2026-10-13 12:16:24.003964470,False,True,3,,,Duplicate Lead,duplicate_lead
L201120,P142576,S0036840,CIF742576,FAM,Family Upgraders,housing,CR-B-calculator,google,DCO2026,2026-10-12 11:12:00,BR-061,Rangsit,2026-10-12 11:26:11.738316325,True,False,1,2026-10-13 21:50:00.681329130,2026-10-15 06:37:56.921183450,Document Pending,
L201121,P170695,S0036859,,FHB,First-Home Urban Starters,housing,CR-B-calculator,facebook,DCO2026,2026-09-15 15:28:00,BR-022,Bang Khae,2026-09-15 17:10:38.879020263,True,False,1,2026-09-16 17:48:34.374151255,,Contacted,
L201122,P177853,S0036952,CIF777853,OPT,The Optimizer,refinance,CR-C-familyhome,facebook,DCO2026,2026-10-19 09:14:00,BR-061,Rangsit,2026-10-19 09:53:22.717196168,False,False,1,,,Not Qualified,not_qualified
L201123,P116159,S0036982,,FHB,First-Home Urban Starters,housing,CR-C-familyhome,facebook,DCO2026,2026-09-06 10:48:00,BR-014,Ratchadaphisek,2026-09-06 11:43:25.978357124,True,False,3,2026-09-07 23:44:40.396167333,2026-09-16 01:53:17.541573165,Document Pending,
L201124,P111356,S0036995,,FHB,First-Home Urban Starters,housing,CR-D-bizasset,facebook,DCO2026,2026-10-12 12:57:00,BR-044,Khon Kaen,2026-10-12 13:11:24.195686316,False,False,4,,,Not Qualified,not_qualified
L201125,,S0037034,,FHB,First-Home Urban Starters,housing,CR-G-firsthome,line,DCO2026,2026-10-03 13:27:00,BR-014,Ratchadaphisek,2026-10-03 14:05:24.380649758,False,False,2,,,Not Qualified,not_qualified
L201126,P136668,S0037073,CIF736668,FAM,Family Upgraders,housing,CR-C-familyhome,facebook,DCO2026,2026-10-04 11:23:00,BR-022,Bang Khae,2026-10-04 13:11:51.349621402,True,False,1,2026-10-06 14:10:48.546316582,,Contacted,
L201127,P131786,S0037130,,FHB,First-Home Urban Starters,housing,CR-B-calculator,facebook,DCO2026,2026-11-01 19:07:00,BR-031,Hat Yai,2026-11-01 19:27:35.141084480,True,False,2,2026-11-02 09:33:39.627926638,,Contacted,
L201128,P101337,S0037132,CIF701337,MRL,The Monthly Relief,refinance,CR-D-bizasset,facebook,DCO2026,2026-09-22 07:07:00,BR-031,Hat Yai,2026-09-22 10:39:57.739962173,False,False,3,,,Not Qualified,not_qualified
L201129,P126266,S0037158,CIF726266,FHB,First-Home Urban Starters,housing,CR-E-refi-save,google,DCO2026,2026-11-09 11:53:00,BR-022,Bang Khae,,True,False,3,,,Contacted,
L201130,P138394,S0037259,CIF738394,MRL,The Monthly Relief,refinance,CR-A-ratecut,google,DCO2026,2026-10-25 08:38:00,BR-014,Ratchadaphisek,2026-10-25 09:52:39.542060587,False,False,5,,,Not Qualified,not_qualified
L201131,P135939,S0037263,,OPT,The Optimizer,refinance,CR-H-refi-fast,google,DCO2026,2026-09-23 08:45:00,BR-022,Bang Khae,2026-09-23 10:32:53.094424761,True,True,2,,,Duplicate Lead,duplicate_lead
L201132,P100569,S0037284,CIF700569,FAM,Family Upgraders,housing,CR-G-firsthome,facebook,DCO2026,2026-10-03 16:38:00,BR-052,Chiang Mai,,False,False,2,,,Not Qualified,not_qualified
L201133,P105000,S0037325,,MRL,The Monthly Relief,refinance,CR-C-familyhome,facebook,DCO2026,2026-11-01 16:37:00,BR-044,Khon Kaen,2026-11-01 19:44:06.323129500,False,False,1,,,Not Qualified,not_qualified
L201134,P166429,S0037336,,FAM,Family Upgraders,housing,CR-H-refi-fast,google,DCO2026,2026-11-07 13:06:00,BR-031,Hat Yai,,True,False,1,2026-11-08 04:30:30.467688670,,Document Pending,
L201135,P145769,S0037359,CIF745769,MRL,The Monthly Relief,refinance,CR-F-payless,facebook,DCO2026,2026-10-23 15:50:00,BR-052,Chiang Mai,2026-10-23 17:34:16.738821013,False,False,1,,,Not Qualified,not_qualified
L201136,P122725,S0037377,CIF722725,OPT,The Optimizer,refinance,CR-C-familyhome,google,DCO2026,2026-11-09 15:44:00,BR-044,Khon Kaen,,False,False,2,,,Not Qualified,not_qualified
L201137,,S0037378,,FAM,Family Upgraders,housing,CR-A-ratecut,line,DCO2026,2026-10-25 11:50:00,BR-061,Rangsit,2026-10-25 16:10:59.882872520,False,False,3,,,Not Qualified,not_qualified
L201138,P169781,S0037437,CIF769781,FHB,First-Home Urban Starters,housing,CR-F-payless,display,DCO2026,2026-09-03 11:26:00,BR-052,Chiang Mai,2026-09-03 12:47:31.706823276,True,False,3,,,Cannot Contact,cannot_contact
L201139,,S0037489,,OPT,The Optimizer,refinance,CR-B-calculator,google,DCO2026,2026-10-08 14:06:00,BR-061,Rangsit,2026-10-08 15:27:03.149623414,True,False,2,2026-10-09 00:29:58.836241860,2026-10-14 19:23:54.642230635,Document Pending,
L201140,P156031,S0037496,CIF756031,FAM,Family Upgraders,housing,CR-H-refi-fast,google,DCO2026,2026-09-26 18:31:00,BR-044,Khon Kaen,2026-09-26 18:47:13.549475827,True,False,3,2026-09-29 03:10:20.574936486,,Contacted,
L201141,P147355,S0037534,,SAE,Smart Asset Entrepreneurs,housing,CR-E-refi-save,facebook,DCO2026,2026-10-12 12:19:00,BR-031,Hat Yai,2026-10-12 15:28:37.776265956,True,False,2,2026-10-13 23:25:04.534983648,2026-10-16 01:32:37.809442606,Document Pending,
L201142,P179713,S0037604,,OPT,The Optimizer,refinance,CR-H-refi-fast,line,DCO2026,2026-10-09 07:19:00,BR-022,Bang Khae,2026-10-09 09:00:48.108116266,True,False,3,2026-10-10 00:03:02.715133189,,Contacted,
L201143,P153844,S0037617,,OPT,The Optimizer,refinance,CR-D-bizasset,facebook,DCO2026,2026-11-07 07:31:00,BR-044,Khon Kaen,,True,False,2,2026-11-07 15:40:18.054322736,2026-11-09 12:49:20.828565010,Document Pending,
L201144,P132018,S0037655,,MRL,The Monthly Relief,refinance,CR-D-bizasset,display,,2026-10-19 19:02:00,BR-061,Rangsit,2026-10-19 22:40:26.313226335,True,False,2,2026-10-21 01:59:03.292883398,2026-10-26 23:33:19.251634623,Document Pending,
L201145,P162073,S0037656,,SAE,Smart Asset Entrepreneurs,housing,CR-B-calculator,facebook,DCO2026,2026-09-08 15:31:00,BR-044,Khon Kaen,2026-09-08 16:37:28.387744322,True,False,3,2026-09-08 20:40:46.466568543,,Contacted,
L201146,P106347,S0037671,,OPT,The Optimizer,refinance,CR-F-payless,google,DCO2026,2026-09-26 11:18:00,BR-014,Ratchadaphisek,2026-09-26 12:48:39.374635798,False,False,3,,,Not Qualified,not_qualified
L201147,P136810,S0037696,,FHB,First-Home Urban Starters,housing,CR-F-payless,google,DCO2026,2026-10-29 22:51:00,BR-044,Khon Kaen,2026-10-29 23:54:02.043415656,True,False,1,2026-10-30 11:45:42.869362910,,Contacted,
L201148,P174287,S0037703,,MRL,The Monthly Relief,refinance,CR-B-calculator,google,DCO2026,2026-09-28 16:14:00,BR-022,Bang Khae,2026-09-28 17:16:40.649150184,False,False,1,,,Not Qualified,not_qualified
L201149,P116557,S0037717,CIF716557,OPT,The Optimizer,refinance,CR-H-refi-fast,google,DCO2026,2026-09-21 08:10:00,BR-061,Rangsit,2026-09-21 08:21:07.394784230,True,False,2,2026-09-21 18:42:12.620409557,2026-10-05 22:48:44.189798082,Document Pending,
L201150,P156915,S0037813,,OPT,The Optimizer,refinance,CR-G-firsthome,google,DCO2026,2026-10-28 16:25:00,BR-061,Rangsit,2026-10-28 20:18:33.990904802,False,False,5,,,Not Qualified,not_qualified
L201151,P118938,S0037838,,FAM,Family Upgraders,housing,CR-D-bizasset,google,DCO2026,2026-10-17 20:15:00,BR-014,Ratchadaphisek,2026-10-17 21:02:55.253367632,True,False,3,2026-10-18 13:16:43.755054171,2026-10-22 17:44:34.483827897,Document Pending,
L201152,P130245,S0037889,,FHB,First-Home Urban Starters,housing,CR-G-firsthome,facebook,DCO2026,2026-09-09 21:50:00,BR-014,Ratchadaphisek,2026-09-09 22:33:49.949492808,False,False,5,,,Not Qualified,not_qualified
L201153,P110758,S0037993,,FHB,First-Home Urban Starters,housing,CR-G-firsthome,google,DCO2026,2026-09-21 12:20:00,BR-022,Bang Khae,2026-09-21 14:50:50.291774333,True,False,2,2026-09-22 00:15:06.989244434,,Contacted,
L201154,P101729,S0037996,CIF701729,OPT,The Optimizer,refinance,CR-E-refi-save,facebook,DCO2026,2026-10-14 22:21:00,BR-044,Khon Kaen,2026-10-14 23:03:48.184019704,True,False,3,2026-10-17 01:07:13.008081280,,Contacted,
L201155,P140738,S0038013,CIF740738,OPT,The Optimizer,refinance,CR-D-bizasset,facebook,DCO2026,2026-09-08 12:09:00,BR-014,Ratchadaphisek,2026-09-08 13:27:04.425953615,True,False,1,2026-09-09 12:34:15.071366125,,Contacted,
L201156,P109993,S0038045,CIF709993,OPT,The Optimizer,refinance,CR-F-payless,google,DCO2026,2026-10-05 11:08:00,BR-061,Rangsit,2026-10-05 12:18:16.071268922,True,False,3,2026-10-06 17:43:10.516417033,,Contacted,
L201157,,S0038063,,OPT,The Optimizer,refinance,CR-A-ratecut,facebook,DCO2026,2026-11-06 20:50:00,BR-014,Ratchadaphisek,2026-11-06 21:54:40.231273512,False,False,3,,,Not Qualified,not_qualified
L201158,P178605,S0038135,CIF778605,FAM,Family Upgraders,housing,CR-F-payless,facebook,DCO2026,2026-09-13 18:35:00,BR-014,Ratchadaphisek,2026-09-13 20:38:40.664280279,True,True,3,,,Duplicate Lead,duplicate_lead
L201159,,S0038146,,FHB,First-Home Urban Starters,housing,CR-B-calculator,facebook,DCO2026,2026-10-02 16:55:00,BR-022,Bang Khae,2026-10-02 17:10:37.969403288,False,False,3,,,Not Qualified,not_qualified
L201160,P143729,S0038161,,FAM,Family Upgraders,housing,CR-C-familyhome,display,DCO2026,2026-10-25 13:33:00,BR-031,Hat Yai,2026-10-25 14:05:53.982238372,True,False,1,2026-10-25 16:57:28.355743778,,Contacted,
L201161,P100500,S0038182,CIF700500,OPT,The Optimizer,refinance,CR-D-bizasset,line,DCO2026,2026-09-13 10:55:00,BR-031,Hat Yai,2026-09-13 14:34:11.277659487,False,False,4,,,Not Qualified,not_qualified
L201162,P111625,S0038185,,OPT,The Optimizer,refinance,CR-A-ratecut,google,DCO2026,2026-10-20 08:39:00,BR-052,Chiang Mai,2026-10-20 09:38:25.035235148,True,False,3,2026-10-21 10:47:26.036018296,,Contacted,
L201163,P150503,S0038227,,FHB,First-Home Urban Starters,housing,CR-F-payless,facebook,DCO2026,2026-09-24 16:48:00,BR-031,Hat Yai,2026-09-24 18:17:22.594970094,True,False,2,2026-09-27 15:07:43.342767850,,Contacted,
L201164,P107660,S0038230,,MRL,The Monthly Relief,refinance,CR-F-payless,google,DCO2026,2026-09-26 19:43:00,BR-022,Bang Khae,2026-09-26 23:05:30.458758508,True,False,2,2026-09-28 03:33:08.555661812,2026-10-02 22:24:34.581250107,Document Pending,
L201165,P174762,S0038276,,FHB,First-Home Urban Starters,housing,CR-G-firsthome,facebook,DCO2026,2026-10-13 17:08:00,BR-052,Chiang Mai,,True,False,5,,,Cannot Contact,cannot_contact
L201166,P167317,S0038322,CIF767317,OPT,The Optimizer,refinance,CR-G-firsthome,google,DCO2026,2026-10-10 12:14:00,BR-022,Bang Khae,2026-10-10 12:29:12.964856871,True,False,3,2026-10-11 06:37:42.178705411,,Contacted,
L201167,P144054,S0038361,CIF744054,FAM,Family Upgraders,housing,CR-A-ratecut,facebook,DCO2026,2026-10-30 10:01:00,BR-014,Ratchadaphisek,2026-10-30 11:21:56.753243138,True,False,3,2026-11-02 14:26:22.076159923,,Contacted,
L201168,P122509,S0038403,,FHB,First-Home Urban Starters,housing,CR-D-bizasset,facebook,DCO2026,2026-09-22 16:36:00,BR-052,Chiang Mai,2026-09-22 18:58:25.148676093,False,False,3,,,Not Qualified,not_qualified
L201169,P125460,S0038404,,FHB,First-Home Urban Starters,housing,CR-B-calculator,google,DCO2026,2026-09-15 13:20:00,BR-044,Khon Kaen,2026-09-15 15:32:56.094979914,True,False,2,2026-09-16 21:05:32.407420672,,Contacted,
L201170,P175209,S0038418,,OPT,The Optimizer,refinance,CR-A-ratecut,facebook,DCO2026,2026-09-05 16:03:00,BR-022,Bang Khae,2026-09-05 17:42:36.992067724,False,False,2,,,Not Qualified,not_qualified
L201171,P123125,S0038426,,FAM,Family Upgraders,housing,CR-G-firsthome,line,DCO2026,2026-10-06 11:06:00,BR-044,Khon Kaen,2026-10-06 13:44:06.589719452,True,False,1,2026-10-07 07:45:20.364959988,,Contacted,
L201172,P114203,S0038476,,FHB,First-Home Urban Starters,housing,CR-D-bizasset,google,DCO2026,2026-10-17 21:22:00,BR-031,Hat Yai,2026-10-17 22:30:48.693554836,False,False,1,,,Not Qualified,not_qualified
L201173,P110708,S0038478,,FAM,Family Upgraders,housing,CR-B-calculator,line,DCO2026,2026-10-23 19:36:00,BR-052,Chiang Mai,2026-10-23 20:56:07.426049611,True,True,3,,,Duplicate Lead,duplicate_lead
L201174,P147370,S0038486,,SAE,Smart Asset Entrepreneurs,housing,CR-A-ratecut,facebook,DCO2026,2026-09-29 14:13:00,BR-022,Bang Khae,2026-09-29 18:28:57.587992736,False,False,4,,,Not Qualified,not_qualified
L201175,P138178,S0038591,CIF738178,OPT,The Optimizer,refinance,CR-C-familyhome,google,DCO2026,2026-11-05 09:33:00,BR-022,Bang Khae,2026-11-05 14:24:42.266800828,True,False,2,2026-11-07 08:11:01.887504183,,Contacted,
L201176,P177638,S0038644,,MRL,The Monthly Relief,refinance,CR-H-refi-fast,google,DCO2026,2026-10-31 18:39:00,BR-031,Hat Yai,2026-10-31 20:18:14.799597822,False,False,2,,,Not Qualified,not_qualified
L201177,P164729,S0038645,CIF764729,MRL,The Monthly Relief,refinance,CR-G-firsthome,facebook,DCO2026,2026-09-02 12:11:00,BR-031,Hat Yai,2026-09-02 12:45:30.578274883,True,False,3,2026-09-03 05:47:12.014713414,,Contacted,
L201178,P111401,S0038677,,FHB,First-Home Urban Starters,housing,CR-H-refi-fast,google,DCO2026,2026-09-07 21:51:00,BR-022,Bang Khae,2026-09-08 00:22:20.037222818,True,False,3,2026-09-08 17:25:48.103009024,2026-09-14 02:57:46.067512748,Document Pending,
L201179,P178461,S0038745,,FHB,First-Home Urban Starters,housing,CR-D-bizasset,line,DCO2026,2026-10-22 22:35:00,BR-031,Hat Yai,2026-10-23 08:42:30.632466640,True,False,3,2026-10-24 04:43:17.067954328,,Contacted,
L201180,P169133,S0038750,,FHB,First-Home Urban Starters,housing,CR-B-calculator,google,DCO2026,2026-10-27 14:46:00,BR-061,Rangsit,2026-10-27 15:43:35.765857882,True,False,2,2026-10-28 12:16:25.262413545,,Contacted,
L201181,,S0038909,,OPT,The Optimizer,refinance,CR-E-refi-save,google,DCO2026,2026-10-28 13:58:00,BR-031,Hat Yai,2026-10-28 19:42:11.134346136,False,False,5,,,Not Qualified,not_qualified
L201182,P126672,S0038925,CIF726672,FAM,Family Upgraders,housing,CR-B-calculator,line,DCO2026,2026-09-30 19:00:00,BR-061,Rangsit,2026-09-30 19:09:36.678326083,False,False,5,,,Not Qualified,not_qualified
L201183,,S0038928,,FHB,First-Home Urban Starters,housing,CR-B-calculator,facebook,DCO2026,2026-10-07 20:06:00,BR-014,Ratchadaphisek,2026-10-07 22:46:56.657759916,True,False,3,2026-10-10 05:38:04.044214978,,Contacted,
L201184,P142592,S0039010,CIF742592,MRL,The Monthly Relief,refinance,CR-E-refi-save,facebook,DCO2026,2026-09-03 21:11:00,BR-044,Khon Kaen,2026-09-04 02:17:02.225656594,False,False,1,,,Not Qualified,not_qualified
L201185,P163375,S0039054,CIF763375,FHB,First-Home Urban Starters,housing,CR-H-refi-fast,facebook,DCO2026,2026-10-01 14:17:00,BR-022,Bang Khae,2026-10-01 16:14:31.028216547,False,False,2,,,Not Qualified,not_qualified
L201186,P106065,S0039087,CIF706065,MRL,The Monthly Relief,refinance,CR-B-calculator,google,DCO2026,2026-10-10 09:12:00,BR-022,Bang Khae,2026-10-10 11:31:26.613976530,False,False,1,,,Not Qualified,not_qualified
L201187,P178571,S0039115,,FHB,First-Home Urban Starters,housing,CR-D-bizasset,google,DCO2026,2026-10-09 19:28:00,BR-031,Hat Yai,2026-10-09 22:30:02.739298466,True,False,3,2026-10-10 07:49:58.030550481,2026-10-11 18:00:09.793467294,Document Pending,
L201188,P136138,S0039122,,OPT,The Optimizer,refinance,CR-C-familyhome,google,DCO2026,2026-09-18 15:16:00,BR-052,Chiang Mai,2026-09-18 15:48:37.514083516,False,False,4,,,Not Qualified,not_qualified
L201189,P159514,S0039171,,FHB,First-Home Urban Starters,housing,CR-C-familyhome,line,DCO2026,2026-10-28 15:39:00,BR-052,Chiang Mai,2026-10-28 16:54:51.751815868,True,False,2,2026-10-29 22:56:50.327907115,2026-11-04 04:37:04.628340854,Document Pending,
L201190,P135022,S0039175,,FHB,First-Home Urban Starters,housing,CR-D-bizasset,facebook,DCO2026,2026-09-15 08:36:00,BR-061,Rangsit,2026-09-15 09:14:02.873452110,False,False,1,,,Not Qualified,not_qualified
L201191,P124995,S0039199,CIF724995,FHB,First-Home Urban Starters,housing,CR-D-bizasset,display,DCO2026,2026-09-05 14:24:00,BR-031,Hat Yai,2026-09-05 16:40:28.939583528,True,False,3,,,Cannot Contact,cannot_contact
L201192,P133496,S0039275,,OPT,The Optimizer,refinance,CR-D-bizasset,google,DCO2026,2026-10-12 18:07:00,BR-014,Ratchadaphisek,2026-10-12 19:17:06.544943799,True,False,3,2026-10-13 06:47:53.781977938,,Contacted,
L201193,P107761,S0039283,CIF707761,FAM,Family Upgraders,housing,CR-H-refi-fast,facebook,DCO2026,2026-11-05 20:41:00,BR-014,Ratchadaphisek,2026-11-06 01:00:34.556498140,False,False,2,,,Not Qualified,not_qualified
L201194,P101425,S0039328,CIF701425,FHB,First-Home Urban Starters,housing,CR-F-payless,facebook,DCO2026,2026-10-28 08:01:00,BR-044,Khon Kaen,2026-10-28 10:21:36.362132415,True,False,3,,,Cannot Contact,cannot_contact
L201195,P108346,S0039340,,FHB,First-Home Urban Starters,housing,CR-C-familyhome,display,DCO2026,2026-10-26 08:23:00,BR-044,Khon Kaen,2026-10-26 10:29:48.657087630,True,False,3,2026-10-27 17:59:12.043734354,,Contacted,
L201196,P133959,S0039364,,OPT,The Optimizer,refinance,CR-E-refi-save,display,DCO2026,2026-10-21 21:14:00,BR-022,Bang Khae,2026-10-21 22:58:06.636253563,False,False,2,,,Not Qualified,not_qualified
L201197,P120186,S0039383,CIF720186,OPT,The Optimizer,refinance,CR-B-calculator,facebook,DCO2026,2026-10-04 14:38:00,BR-044,Khon Kaen,2026-10-04 16:29:45.973809079,True,False,1,,,Cannot Contact,cannot_contact
L201198,P114495,S0039394,,MRL,The Monthly Relief,refinance,CR-F-payless,facebook,DCO2026,2026-11-02 07:07:00,BR-031,Hat Yai,2026-11-02 11:03:26.496983608,False,False,3,,,Not Qualified,not_qualified
L201199,P113966,S0039414,CIF713966,FAM,Family Upgraders,housing,CR-A-ratecut,google,DCO2026,2026-09-19 16:57:00,BR-014,Ratchadaphisek,2026-09-19 19:31:14.357658572,True,False,3,2026-09-20 02:32:08.390928141,2026-09-24 00:44:47.703563329,Document Pending,
L201200,,S0039421,CIF700072,OPT,The Optimizer,refinance,CR-D-bizasset,facebook,DCO2026,2026-10-02 19:43:00,BR-031,Hat Yai,2026-10-02 21:59:27.355969948,False,False,5,,,Not Qualified,not_qualified
L201201,P135912,S0039423,CIF735912,OPT,The Optimizer,refinance,CR-E-refi-save,google,DCO2026,2026-09-27 12:32:00,BR-044,Khon Kaen,2026-09-27 12:39:16.919448150,False,False,4,,,Not Qualified,not_qualified
L201202,P107088,S0039424,CIF707088,FHB,First-Home Urban Starters,housing,CR-E-refi-save,facebook,DCO2026,2026-11-07 15:41:00,BR-044,Khon Kaen,,False,False,5,,,Not Qualified,not_qualified
L201203,P164664,S0039500,,OPT,The Optimizer,refinance,CR-F-payless,google,DCO2026,2026-09-27 12:05:00,BR-022,Bang Khae,2026-09-27 14:11:04.233864045,True,False,2,2026-09-29 08:22:39.433610979,2026-10-08 01:33:36.626929651,Document Pending,
L201204,P120860,S0039586,,OPT,The Optimizer,refinance,CR-E-refi-save,facebook,,2026-09-13 16:55:00,BR-031,Hat Yai,2026-09-13 17:31:54.796345340,True,False,3,2026-09-16 01:20:40.749887240,,Contacted,
L201205,P140510,S0039597,CIF740510,SAE,Smart Asset Entrepreneurs,housing,CR-A-ratecut,line,DCO2026,2026-10-05 12:54:00,BR-014,Ratchadaphisek,2026-10-05 13:23:20.833857790,False,False,1,,,Not Qualified,not_qualified
L201206,P123011,S0039653,,SAE,Smart Asset Entrepreneurs,housing,CR-C-familyhome,facebook,DCO2026,2026-09-25 14:38:00,BR-014,Ratchadaphisek,2026-09-25 15:17:57.172903873,True,False,3,2026-09-26 12:55:57.637988844,,Contacted,
L201207,P103891,S0039661,,OPT,The Optimizer,refinance,CR-A-ratecut,google,DCO2026,2026-11-06 08:48:00,BR-031,Hat Yai,2026-11-06 12:09:57.931127503,True,False,5,,,Cannot Contact,cannot_contact
L201208,P160412,S0039683,CIF760412,MRL,The Monthly Relief,refinance,CR-D-bizasset,facebook,DCO2026,2026-10-22 19:42:00,BR-044,Khon Kaen,2026-10-22 22:42:34.090428394,True,False,5,,,Cannot Contact,cannot_contact
L201209,P167214,S0039691,,OPT,The Optimizer,refinance,CR-C-familyhome,facebook,DCO2026,2026-10-01 12:52:00,BR-022,Bang Khae,2026-10-01 15:57:40.006667925,True,False,2,2026-10-02 16:37:47.234851372,,Contacted,
L201210,P125675,S0039710,,OPT,The Optimizer,refinance,CR-F-payless,facebook,DCO2026,2026-10-02 21:14:00,BR-031,Hat Yai,2026-10-02 21:49:02.054869072,True,True,4,,,Duplicate Lead,duplicate_lead
L201211,P115556,S0039770,CIF715556,FHB,First-Home Urban Starters,housing,CR-A-ratecut,google,DCO2026,2026-10-22 20:40:00,BR-014,Ratchadaphisek,2026-10-22 22:55:48.700221073,True,False,2,2026-10-24 15:54:38.784907590,,Contacted,
L201212,P147515,S0039849,,FHB,First-Home Urban Starters,housing,CR-H-refi-fast,google,DCO2026,2026-10-25 20:59:00,BR-031,Hat Yai,2026-10-25 21:10:25.517759269,False,False,4,,,Not Qualified,not_qualified
L201213,P155010,S0039852,,MRL,The Monthly Relief,refinance,CR-E-refi-save,line,DCO2026,2026-10-09 17:53:00,BR-031,Hat Yai,2026-10-09 18:44:40.219745979,False,False,1,,,Not Qualified,not_qualified
L201214,P160168,S0039881,,FAM,Family Upgraders,housing,CR-A-ratecut,facebook,DCO2026,2026-10-29 09:03:00,BR-044,Khon Kaen,2026-10-29 09:50:24.909639313,True,False,2,2026-10-31 02:28:43.009784565,2026-11-05 03:55:23.744519907,Document Pending,
L201215,P156185,S0039882,CIF756185,FHB,First-Home Urban Starters,housing,CR-F-payless,line,DCO2026,2026-09-02 08:18:00,BR-061,Rangsit,2026-09-02 10:10:29.788780612,False,False,1,,,Not Qualified,not_qualified
L201216,P115079,S0039891,,OPT,The Optimizer,refinance,CR-E-refi-save,facebook,DCO2026,2026-11-03 20:23:00,BR-044,Khon Kaen,2026-11-03 21:53:42.059541423,False,False,5,,,Not Qualified,not_qualified
L201217,P126366,S0039894,,OPT,The Optimizer,refinance,CR-G-firsthome,google,DCO2026,2026-09-23 10:35:00,BR-061,Rangsit,2026-09-23 16:03:46.844982606,True,False,2,2026-09-24 12:03:37.608198733,,Contacted,
L201218,P149784,S0039958,CIF749784,OPT,The Optimizer,refinance,CR-B-calculator,google,DCO2026,2026-10-26 15:48:00,BR-052,Chiang Mai,2026-10-26 16:06:02.405490278,False,False,2,,,Not Qualified,not_qualified
L201219,P117278,S0039984,,OPT,The Optimizer,refinance,CR-C-familyhome,google,DCO2026,2026-09-25 13:58:00,BR-014,Ratchadaphisek,2026-09-25 15:37:36.572601567,False,False,3,,,Not Qualified,not_qualified
L201220,P126629,S0040005,,FHB,First-Home Urban Starters,housing,CR-C-familyhome,google,DCO2026,2026-10-04 08:19:00,BR-031,Hat Yai,2026-10-04 08:52:30.867103371,True,False,3,2026-10-05 05:17:38.902273996,,Contacted,
L201221,P178788,S0040031,,OPT,The Optimizer,refinance,CR-C-familyhome,facebook,DCO2026,2026-10-03 07:51:00,BR-052,Chiang Mai,2026-10-03 09:24:56.369633752,True,False,1,2026-10-05 00:18:38.693608801,,Contacted,
L201222,P137346,S0040076,CIF737346,OPT,The Optimizer,refinance,CR-F-payless,facebook,DCO2026,2026-10-07 15:28:00,BR-022,Bang Khae,2026-10-07 22:08:35.129692185,True,False,1,2026-10-09 16:02:26.082571623,,Contacted,
L201223,P106176,S0040088,CIF706176,MRL,The Monthly Relief,refinance,CR-E-refi-save,facebook,DCO2026,2026-10-02 11:45:00,BR-022,Bang Khae,2026-10-02 13:13:15.964467643,False,False,5,,,Not Qualified,not_qualified
L201224,P103615,S0040131,CIF703615,FHB,First-Home Urban Starters,housing,CR-C-familyhome,facebook,DCO2026,2026-10-01 19:08:00,BR-061,Rangsit,2026-10-01 21:25:14.865276296,True,False,2,2026-10-02 22:25:14.956352379,,Contacted,
L201225,P112883,S0040145,,SAE,Smart Asset Entrepreneurs,housing,CR-B-calculator,google,DCO2026,2026-10-06 21:16:00,BR-022,Bang Khae,2026-10-06 23:07:01.743986091,True,False,1,2026-10-07 06:58:08.696875957,,Contacted,
L201226,P117007,S0040204,,MRL,The Monthly Relief,refinance,CR-H-refi-fast,facebook,DCO2026,2026-11-07 07:27:00,BR-031,Hat Yai,,True,False,2,2026-11-07 19:09:51.167675174,,Document Pending,
L201227,P105772,S0040217,,FAM,Family Upgraders,housing,CR-G-firsthome,google,DCO2026,2026-10-03 20:07:00,BR-022,Bang Khae,2026-10-03 23:03:30.756636751,True,False,3,2026-10-04 04:46:51.087027456,2026-10-05 04:12:15.334180785,Document Pending,
L201228,P156396,S0040236,,FAM,Family Upgraders,housing,CR-G-firsthome,facebook,DCO2026,2026-10-29 21:54:00,BR-061,Rangsit,2026-10-29 23:22:17.521032680,True,False,1,,,Cannot Contact,cannot_contact
L201229,P145023,S0040253,,FHB,First-Home Urban Starters,housing,CR-H-refi-fast,facebook,DCO2026,2026-11-08 22:37:00,BR-044,Khon Kaen,,False,False,2,,,Not Qualified,not_qualified
L201230,P118300,S0040304,CIF718300,MRL,The Monthly Relief,refinance,CR-F-payless,line,DCO2026,2026-09-08 09:04:00,BR-044,Khon Kaen,2026-09-08 10:58:20.855537244,False,False,5,,,Not Qualified,not_qualified
L201231,P115434,S0040366,,FHB,First-Home Urban Starters,housing,CR-D-bizasset,facebook,DCO2026,2026-10-27 11:53:00,BR-022,Bang Khae,2026-10-27 15:37:15.467509032,True,False,1,,,Cannot Contact,cannot_contact
L201232,P140241,S0040434,CIF740241,MRL,The Monthly Relief,refinance,CR-F-payless,facebook,DCO2026,2026-10-06 22:34:00,BR-022,Bang Khae,2026-10-06 23:24:02.299471720,False,False,3,,,Not Qualified,not_qualified
L201233,P170349,S0040478,CIF770349,OPT,The Optimizer,refinance,CR-B-calculator,google,DCO2026,2026-10-17 09:09:00,BR-031,Hat Yai,2026-10-17 09:52:17.955936274,False,False,2,,,Not Qualified,not_qualified
L201234,P174994,S0040521,,MRL,The Monthly Relief,refinance,CR-C-familyhome,line,DCO2026,2026-10-28 13:25:00,BR-061,Rangsit,2026-10-28 14:44:33.720650868,False,False,1,,,Not Qualified,not_qualified
L201235,,S0040565,,FHB,First-Home Urban Starters,housing,CR-G-firsthome,facebook,DCO2026,2026-10-19 11:40:00,BR-022,Bang Khae,2026-10-19 12:20:25.543258611,False,False,4,,,Not Qualified,not_qualified
L201236,P142818,S0040566,,FHB,First-Home Urban Starters,housing,CR-C-familyhome,facebook,DCO2026,2026-10-10 12:57:00,BR-031,Hat Yai,2026-10-10 14:17:39.481425157,True,False,3,2026-10-11 19:45:02.389014151,2026-10-21 21:02:03.212361380,Document Pending,
L201237,P179627,S0040573,,FHB,First-Home Urban Starters,housing,CR-B-calculator,google,DCO2026,2026-09-21 14:34:00,BR-061,Rangsit,2026-09-21 14:34:59.070601368,False,False,1,,,Not Qualified,not_qualified
L201238,P127150,S0040585,,OPT,The Optimizer,refinance,CR-A-ratecut,display,DCO2026,2026-11-01 14:15:00,BR-022,Bang Khae,2026-11-01 14:57:47.888614519,True,False,1,2026-11-02 00:16:57.260459110,,Contacted,
L201239,P121902,S0040595,,FHB,First-Home Urban Starters,housing,CR-C-familyhome,facebook,DCO2026,2026-10-06 10:31:00,BR-031,Hat Yai,2026-10-06 16:16:56.075618818,True,False,2,2026-10-08 12:50:18.254983126,,Contacted,
L201240,P111872,S0040698,,SAE,Smart Asset Entrepreneurs,housing,CR-E-refi-save,google,DCO2026,2026-10-24 11:23:00,BR-052,Chiang Mai,2026-10-24 12:44:18.090778035,True,False,1,,,Cannot Contact,cannot_contact
L201241,P159466,S0040699,CIF759466,FHB,First-Home Urban Starters,housing,CR-F-payless,facebook,DCO2026,2026-09-28 12:20:00,BR-052,Chiang Mai,2026-09-28 12:27:21.222054163,False,False,1,,,Not Qualified,not_qualified
L201242,P129979,S0040810,CIF729979,MRL,The Monthly Relief,refinance,CR-B-calculator,facebook,DCO2026,2026-10-29 11:43:00,BR-022,Bang Khae,2026-10-29 13:01:40.850364945,False,False,4,,,Not Qualified,not_qualified
L201243,P171270,S0040843,,MRL,The Monthly Relief,refinance,CR-D-bizasset,facebook,DCO2026,2026-09-20 14:05:00,BR-044,Khon Kaen,2026-09-20 14:33:04.570464262,True,False,2,,,Cannot Contact,cannot_contact
L201244,P161964,S0040868,,FHB,First-Home Urban Starters,housing,CR-F-payless,facebook,DCO2026,2026-10-31 13:38:00,BR-031,Hat Yai,2026-10-31 16:36:19.463948868,True,False,3,2026-11-01 01:52:41.896055324,,Contacted,
L201245,P181024,S0040963,,OPT,The Optimizer,refinance,CR-A-ratecut,google,DCO2026,2026-11-05 12:14:00,BR-044,Khon Kaen,,False,False,4,,,Not Qualified,not_qualified
L201246,P112359,S0041000,,OPT,The Optimizer,refinance,CR-C-familyhome,facebook,DCO2026,2026-10-31 16:28:00,BR-022,Bang Khae,2026-10-31 18:11:39.795881340,True,False,2,2026-11-01 08:52:42.702238656,2026-11-07 07:20:58.977077692,Document Pending,
L201247,P110184,S0041004,CIF710184,MRL,The Monthly Relief,refinance,CR-A-ratecut,line,DCO2026,2026-09-27 07:34:00,BR-031,Hat Yai,2026-09-27 09:26:13.753242217,True,False,3,2026-09-27 13:15:57.997389120,,Contacted,
L201248,P145079,S0041007,,FAM,Family Upgraders,housing,CR-G-firsthome,facebook,DCO2026,2026-10-05 10:45:00,BR-022,Bang Khae,2026-10-05 11:10:25.734971683,False,False,5,,,Not Qualified,not_qualified
L201249,P159927,S0041064,CIF759927,FHB,First-Home Urban Starters,housing,CR-C-familyhome,google,DCO2026,2026-09-21 20:54:00,BR-014,Ratchadaphisek,2026-09-21 23:07:28.914511062,False,False,3,,,Not Qualified,not_qualified
L201250,P168168,S0041067,,FHB,First-Home Urban Starters,housing,CR-H-refi-fast,line,DCO2026,2026-10-02 18:20:00,BR-031,Hat Yai,2026-10-02 22:37:57.757658150,False,False,2,,,Not Qualified,not_qualified
L201251,P157373,S0041071,CIF757373,FHB,First-Home Urban Starters,housing,CR-F-payless,google,DCO2026,2026-09-10 12:52:00,BR-022,Bang Khae,2026-09-10 13:39:03.649704925,True,False,4,,,Cannot Contact,cannot_contact
L201252,P147570,S0041075,CIF747570,FHB,First-Home Urban Starters,housing,CR-C-familyhome,facebook,DCO2026,2026-10-09 16:37:00,BR-052,Chiang Mai,2026-10-09 21:07:05.669757035,False,False,1,,,Not Qualified,not_qualified
L201253,P101153,S0041246,,MRL,The Monthly Relief,refinance,CR-F-payless,google,DCO2026,2026-09-06 14:48:00,BR-014,Ratchadaphisek,2026-09-06 17:02:09.660254456,False,False,1,,,Not Qualified,not_qualified
L201254,P162798,S0041274,,FAM,Family Upgraders,housing,CR-F-payless,google,,2026-09-09 19:00:00,BR-061,Rangsit,2026-09-09 21:50:10.948839108,False,False,1,,,Not Qualified,not_qualified
L201255,P134293,S0041284,CIF734293,OPT,The Optimizer,refinance,CR-F-payless,google,DCO2026,2026-10-07 11:41:00,BR-052,Chiang Mai,2026-10-07 13:09:39.284643968,True,False,3,2026-10-08 05:30:15.012848229,,Contacted,
L201256,P133896,S0041305,,FHB,First-Home Urban Starters,housing,CR-D-bizasset,facebook,DCO2026,2026-10-06 17:58:00,BR-052,Chiang Mai,2026-10-06 18:15:47.029251750,True,False,2,,,Cannot Contact,cannot_contact
L201257,P168305,S0041360,,SAE,Smart Asset Entrepreneurs,housing,CR-A-ratecut,google,DCO2026,2026-11-06 21:33:00,BR-022,Bang Khae,2026-11-06 22:34:35.076619171,False,False,2,,,Not Qualified,not_qualified
L201258,P170934,S0041398,CIF770934,FHB,First-Home Urban Starters,housing,CR-G-firsthome,google,DCO2026,2026-10-12 11:12:00,BR-031,Hat Yai,2026-10-12 14:22:20.237838819,True,False,1,2026-10-14 14:41:37.222676034,,Contacted,
L201259,P103806,S0041432,,FHB,First-Home Urban Starters,housing,CR-D-bizasset,facebook,DCO2026,2026-09-10 12:48:00,BR-061,Rangsit,2026-09-10 14:31:11.542788980,True,False,2,2026-09-11 08:49:08.904410126,2026-09-20 16:13:55.744412818,Document Pending,
L201260,P111440,S0041497,CIF711440,OPT,The Optimizer,refinance,CR-B-calculator,facebook,DCO2026,2026-10-04 18:20:00,BR-014,Ratchadaphisek,2026-10-04 19:09:15.066783076,True,False,1,2026-10-05 15:14:50.598192628,2026-10-10 23:18:04.544341752,Document Pending,
L201261,P105914,S0041513,CIF705914,FAM,Family Upgraders,housing,CR-C-familyhome,facebook,DCO2026,2026-10-28 09:06:00,BR-052,Chiang Mai,2026-10-28 10:58:31.286092119,False,False,4,,,Not Qualified,not_qualified
L201262,P134975,S0041567,,OPT,The Optimizer,refinance,CR-D-bizasset,google,DCO2026,2026-10-21 21:35:00,BR-022,Bang Khae,2026-10-22 00:39:51.700917950,False,False,1,,,Not Qualified,not_qualified
L201263,P137929,S0041585,,FAM,Family Upgraders,housing,CR-E-refi-save,facebook,DCO2026,2026-10-15 16:05:00,BR-022,Bang Khae,2026-10-15 18:17:53.570523646,True,False,3,,,Cannot Contact,cannot_contact
L201264,P176575,S0041614,CIF776575,OPT,The Optimizer,refinance,CR-D-bizasset,display,DCO2026,2026-10-11 14:16:00,BR-061,Rangsit,2026-10-11 16:03:12.965343669,False,False,1,,,Not Qualified,not_qualified
L201265,P150422,S0041623,,SAE,Smart Asset Entrepreneurs,housing,CR-E-refi-save,facebook,DCO2026,2026-09-22 15:07:00,BR-052,Chiang Mai,2026-09-22 19:11:30.182339323,False,False,3,,,Not Qualified,not_qualified
L201266,P114760,S0041624,,OPT,The Optimizer,refinance,CR-G-firsthome,line,DCO2026,2026-10-06 14:04:00,BR-022,Bang Khae,2026-10-06 15:29:13.165054665,False,False,4,,,Not Qualified,not_qualified
L201267,P165596,S0041626,,FHB,First-Home Urban Starters,housing,CR-B-calculator,facebook,DCO2026,2026-09-20 13:07:00,BR-044,Khon Kaen,2026-09-20 14:39:35.197180749,False,False,5,,,Not Qualified,not_qualified
L201268,P172172,S0041652,,FHB,First-Home Urban Starters,housing,CR-C-familyhome,google,DCO2026,2026-09-14 14:16:00,BR-031,Hat Yai,2026-09-14 15:44:31.533237004,True,False,2,2026-09-15 06:42:29.935008304,,Contacted,
L201269,P107384,S0041656,,OPT,The Optimizer,refinance,CR-G-firsthome,facebook,DCO2026,2026-09-17 07:39:00,BR-022,Bang Khae,2026-09-17 08:11:22.600860064,False,False,1,,,Not Qualified,not_qualified
L201270,P168733,S0041703,,OPT,The Optimizer,refinance,CR-G-firsthome,line,DCO2026,2026-11-03 12:53:00,BR-044,Khon Kaen,2026-11-03 14:20:54.206003548,True,False,5,,,Cannot Contact,cannot_contact
L201271,P142039,S0041709,,OPT,The Optimizer,refinance,CR-D-bizasset,facebook,DCO2026,2026-10-22 16:46:00,BR-031,Hat Yai,2026-10-22 17:33:36.627771850,True,False,3,2026-10-22 20:03:54.787170627,2026-10-25 11:32:26.855762228,Document Pending,
L201272,P152469,S0041717,,MRL,The Monthly Relief,refinance,CR-B-calculator,facebook,DCO2026,2026-10-29 21:23:00,BR-031,Hat Yai,2026-10-29 23:22:06.357120867,True,False,1,2026-10-31 05:05:29.148192594,,Contacted,
L201273,P149709,S0041730,,FHB,First-Home Urban Starters,housing,CR-B-calculator,line,DCO2026,2026-09-08 21:48:00,BR-022,Bang Khae,,False,False,5,,,Not Qualified,not_qualified
L201274,P120617,S0041796,CIF720617,OPT,The Optimizer,refinance,CR-E-refi-save,google,DCO2026,2026-11-02 13:09:00,BR-061,Rangsit,2026-11-02 17:16:17.719228743,True,False,3,2026-11-04 03:22:43.959047170,,Contacted,
L201275,P110496,S0041833,,FHB,First-Home Urban Starters,housing,CR-A-ratecut,line,DCO2026,2026-10-28 11:18:00,BR-052,Chiang Mai,2026-10-28 13:34:41.046763598,True,False,3,2026-10-29 05:49:02.416441756,,Contacted,
L201276,P150701,S0041887,,OPT,The Optimizer,refinance,CR-H-refi-fast,line,DCO2026,2026-09-07 07:16:00,BR-014,Ratchadaphisek,2026-09-07 08:53:53.809180888,False,False,3,,,Not Qualified,not_qualified
L201277,P116604,S0041909,CIF716604,OPT,The Optimizer,refinance,CR-H-refi-fast,google,DCO2026,2026-09-23 11:20:00,BR-014,Ratchadaphisek,2026-09-23 14:23:07.014626506,False,False,5,,,Not Qualified,not_qualified
L201278,P124186,S0041912,,FHB,First-Home Urban Starters,housing,CR-A-ratecut,facebook,DCO2026,2026-10-17 09:49:00,BR-052,Chiang Mai,2026-10-17 11:32:06.080420262,False,False,2,,,Not Qualified,not_qualified
L201279,P109241,S0041960,,FAM,Family Upgraders,housing,CR-H-refi-fast,google,DCO2026,2026-09-10 16:05:00,BR-044,Khon Kaen,2026-09-10 17:05:01.440006483,True,False,3,2026-09-11 22:49:44.448446209,,Contacted,
L201280,P164295,S0041967,CIF764295,OPT,The Optimizer,refinance,CR-F-payless,google,DCO2026,2026-09-10 11:33:00,BR-044,Khon Kaen,2026-09-10 11:47:00.832681348,True,False,2,2026-09-10 23:57:45.366714734,2026-09-16 06:16:54.330688974,Document Pending,
L201281,P165922,S0041976,CIF765922,FHB,First-Home Urban Starters,housing,CR-F-payless,facebook,DCO2026,2026-10-04 21:33:00,BR-052,Chiang Mai,2026-10-04 23:24:48.583226937,True,False,1,,,Cannot Contact,cannot_contact
L201282,P120181,S0041991,,MRL,The Monthly Relief,refinance,CR-F-payless,facebook,DCO2026,2026-10-08 12:19:00,BR-031,Hat Yai,2026-10-08 13:52:41.716056664,False,False,4,,,Not Qualified,not_qualified
L201283,P146992,S0042001,,FAM,Family Upgraders,housing,CR-E-refi-save,facebook,DCO2026,2026-10-24 14:36:00,BR-014,Ratchadaphisek,2026-10-24 19:28:39.316873170,False,False,5,,,Not Qualified,not_qualified
L201284,P168644,S0042028,,OPT,The Optimizer,refinance,CR-E-refi-save,line,DCO2026,2026-11-06 13:51:00,BR-044,Khon Kaen,2026-11-06 14:43:38.722145275,True,False,2,,,Cannot Contact,cannot_contact
L201285,P147203,S0042069,,FAM,Family Upgraders,housing,CR-H-refi-fast,facebook,DCO2026,2026-10-11 14:31:00,BR-044,Khon Kaen,2026-10-11 16:04:45.455500220,True,False,5,,,Cannot Contact,cannot_contact
L201286,P113034,S0042078,,OPT,The Optimizer,refinance,CR-G-firsthome,display,DCO2026,2026-09-30 08:25:00,BR-044,Khon Kaen,2026-09-30 12:15:15.999577951,True,False,1,2026-10-02 15:22:52.260682856,2026-10-08 16:24:03.184642194,Document Pending,
L201287,P178908,S0042086,CIF778908,OPT,The Optimizer,refinance,CR-D-bizasset,google,DCO2026,2026-10-05 08:25:00,BR-061,Rangsit,2026-10-05 10:33:53.384419744,False,False,4,,,Not Qualified,not_qualified
L201288,P152462,S0042093,,OPT,The Optimizer,refinance,CR-C-familyhome,facebook,DCO2026,2026-10-21 20:17:00,BR-014,Ratchadaphisek,2026-10-22 00:43:59.285515776,True,False,5,,,Cannot Contact,cannot_contact
L201289,P104558,S0042157,CIF704558,OPT,The Optimizer,refinance,CR-A-ratecut,google,DCO2026,2026-10-03 13:45:00,BR-044,Khon Kaen,2026-10-03 17:20:08.767334871,False,False,4,,,Not Qualified,not_qualified
L201290,P165373,S0042163,,FHB,First-Home Urban Starters,housing,CR-C-familyhome,facebook,DCO2026,2026-09-09 11:51:00,BR-022,Bang Khae,2026-09-09 12:05:43.987752268,False,False,4,,,Not Qualified,not_qualified
L201291,P134612,S0042168,,FHB,First-Home Urban Starters,housing,CR-F-payless,facebook,DCO2026,2026-10-01 13:04:00,BR-052,Chiang Mai,2026-10-01 14:50:49.023030352,False,False,5,,,Not Qualified,not_qualified
L201292,P159551,S0042203,,FAM,Family Upgraders,housing,CR-D-bizasset,facebook,DCO2026,2026-10-07 18:47:00,BR-052,Chiang Mai,2026-10-07 19:58:41.781924074,True,False,1,2026-10-09 16:11:20.018702977,,Contacted,
L201293,P108938,S0042231,,FAM,Family Upgraders,housing,CR-C-familyhome,facebook,DCO2026,2026-09-09 20:24:00,BR-031,Hat Yai,2026-09-10 01:24:02.992417009,True,False,1,2026-09-11 15:20:54.166362118,2026-09-13 18:20:29.070899826,Document Pending,
L201294,P119623,S0042243,,OPT,The Optimizer,refinance,CR-A-ratecut,line,DCO2026,2026-10-24 12:43:00,BR-052,Chiang Mai,2026-10-24 16:04:39.054607830,False,False,4,,,Not Qualified,not_qualified
L201295,P134024,S0042267,,FHB,First-Home Urban Starters,housing,CR-D-bizasset,google,DCO2026,2026-10-06 22:25:00,BR-061,Rangsit,2026-10-06 23:56:27.228812520,True,False,2,2026-10-09 00:43:11.131578907,2026-10-12 05:40:12.940029917,Document Pending,
L201296,P108520,S0042278,,FAM,Family Upgraders,housing,CR-E-refi-save,facebook,DCO2026,2026-10-14 18:31:00,BR-061,Rangsit,2026-10-14 18:58:43.235127619,True,False,2,2026-10-15 06:53:38.495390505,,Contacted,
L201297,P128417,S0042287,,OPT,The Optimizer,refinance,CR-B-calculator,google,DCO2026,2026-09-27 19:18:00,BR-031,Hat Yai,2026-09-28 03:30:23.042739250,False,False,3,,,Not Qualified,not_qualified
L201298,P178851,S0042298,,FAM,Family Upgraders,housing,CR-E-refi-save,google,DCO2026,2026-10-20 10:29:00,BR-031,Hat Yai,2026-10-20 11:51:15.396686522,True,False,2,2026-10-21 08:15:51.767354362,,Contacted,
L201299,P110377,S0042303,,FAM,Family Upgraders,housing,CR-G-firsthome,google,DCO2026,2026-09-07 21:10:00,BR-061,Rangsit,2026-09-07 21:46:23.662570914,True,True,3,,,Duplicate Lead,duplicate_lead
L201300,P109567,S0042314,CIF709567,FHB,First-Home Urban Starters,housing,CR-B-calculator,google,DCO2026,2026-11-06 13:48:00,BR-014,Ratchadaphisek,2026-11-06 17:22:10.215723432,True,False,1,2026-11-08 12:48:32.135953089,,Contacted,
L201301,P165108,S0042323,,FHB,First-Home Urban Starters,housing,CR-F-payless,google,DCO2026,2026-09-02 07:04:00,BR-044,Khon Kaen,,True,False,1,2026-09-02 11:55:22.965662455,,Contacted,
L201302,P176399,S0042425,CIF776399,FAM,Family Upgraders,housing,CR-H-refi-fast,google,DCO2026,2026-10-19 17:45:00,BR-044,Khon Kaen,2026-10-19 18:18:21.208708425,False,False,3,,,Not Qualified,not_qualified
L201303,P127502,S0042429,,MRL,The Monthly Relief,refinance,CR-H-refi-fast,facebook,DCO2026,2026-10-02 16:53:00,BR-031,Hat Yai,2026-10-02 19:04:31.596200959,False,False,1,,,Not Qualified,not_qualified
L201304,P169703,S0042455,CIF769703,FHB,First-Home Urban Starters,housing,CR-B-calculator,display,DCO2026,2026-10-09 13:52:00,BR-014,Ratchadaphisek,2026-10-09 15:55:02.961572252,False,True,1,,,Duplicate Lead,duplicate_lead
L201305,P169029,S0042481,,OPT,The Optimizer,refinance,CR-F-payless,google,DCO2026,2026-10-15 17:45:00,BR-061,Rangsit,2026-10-15 18:07:29.912681906,True,False,2,2026-10-18 06:27:47.539874635,2026-10-20 09:23:23.396847032,Document Pending,
L201306,P141057,S0042494,,OPT,The Optimizer,refinance,CR-A-ratecut,line,DCO2026,2026-09-12 09:19:00,BR-014,Ratchadaphisek,2026-09-12 10:15:02.015700226,True,False,1,2026-09-13 01:25:22.866856693,2026-09-15 16:29:24.889390888,Document Pending,
L201307,P101804,S0042505,,MRL,The Monthly Relief,refinance,CR-G-firsthome,google,DCO2026,2026-09-17 22:45:00,BR-022,Bang Khae,2026-09-17 23:58:50.939829346,False,False,4,,,Not Qualified,not_qualified
L201308,P121893,S0042507,,OPT,The Optimizer,refinance,CR-D-bizasset,line,DCO2026,2026-10-20 17:15:00,BR-014,Ratchadaphisek,2026-10-20 21:48:19.109139444,True,False,3,2026-10-22 08:41:48.436393358,2026-10-27 07:18:18.720415141,Document Pending,
L201309,P141632,S0042544,,FAM,Family Upgraders,housing,CR-E-refi-save,display,DCO2026,2026-11-05 08:32:00,BR-052,Chiang Mai,2026-11-05 09:16:29.353711160,False,False,5,,,Not Qualified,not_qualified
L201310,P166404,S0042586,,FAM,Family Upgraders,housing,CR-H-refi-fast,display,DCO2026,2026-09-16 09:45:00,BR-031,Hat Yai,2026-09-16 11:10:15.356465666,False,False,4,,,Not Qualified,not_qualified
L201311,P145953,S0042593,,FHB,First-Home Urban Starters,housing,CR-D-bizasset,facebook,DCO2026,2026-09-12 18:22:00,BR-061,Rangsit,2026-09-12 22:47:13.412489617,True,False,3,2026-09-14 22:06:25.103883220,,Contacted,
L201312,P139765,S0042611,,MRL,The Monthly Relief,refinance,CR-B-calculator,facebook,DCO2026,2026-09-08 21:05:00,BR-014,Ratchadaphisek,,False,False,2,,,Not Qualified,not_qualified
L201313,P146226,S0042623,CIF746226,FAM,Family Upgraders,housing,CR-G-firsthome,facebook,DCO2026,2026-09-26 13:04:00,BR-061,Rangsit,2026-09-26 13:20:49.563915924,True,False,2,2026-09-27 09:45:05.288636331,,Contacted,
L201314,P177112,S0042649,CIF777112,OPT,The Optimizer,refinance,CR-D-bizasset,google,DCO2026,2026-10-17 08:40:00,BR-061,Rangsit,2026-10-17 13:07:25.356571542,True,False,1,2026-10-18 19:34:33.797800188,2026-10-22 01:54:10.397095105,Document Pending,
L201315,P127756,S0042701,CIF727756,SAE,Smart Asset Entrepreneurs,housing,CR-B-calculator,facebook,DCO2026,2026-10-26 20:09:00,BR-052,Chiang Mai,2026-10-26 21:53:52.452043231,True,False,3,2026-10-27 19:07:58.686260361,,Contacted,
L201316,P179504,S0042751,CIF779504,OPT,The Optimizer,refinance,CR-F-payless,display,DCO2026,2026-09-03 20:19:00,BR-022,Bang Khae,2026-09-03 21:26:19.310708845,True,False,1,2026-09-04 18:36:26.137909640,2026-09-07 10:43:18.428808024,Document Pending,
L201317,P118304,S0042760,,FHB,First-Home Urban Starters,housing,CR-A-ratecut,google,DCO2026,2026-11-07 12:45:00,BR-061,Rangsit,,False,False,3,,,Not Qualified,not_qualified
L201318,P110457,S0042804,,FHB,First-Home Urban Starters,housing,CR-C-familyhome,facebook,,2026-10-01 10:57:00,BR-031,Hat Yai,2026-10-01 13:01:50.296714528,True,False,3,,,Cannot Contact,cannot_contact
L201319,P167666,S0042942,CIF767666,FAM,Family Upgraders,housing,CR-B-calculator,display,DCO2026,2026-10-08 13:35:00,BR-061,Rangsit,2026-10-08 16:48:03.369088160,True,False,2,2026-10-09 07:59:17.564602870,,Contacted,
L201320,P152322,S0042962,,MRL,The Monthly Relief,refinance,CR-C-familyhome,line,DCO2026,2026-10-24 13:52:00,BR-031,Hat Yai,2026-10-24 15:46:59.318872808,False,False,5,,,Not Qualified,not_qualified
L201321,,S0042977,,SAE,Smart Asset Entrepreneurs,housing,CR-G-firsthome,facebook,DCO2026,2026-11-01 12:56:00,BR-022,Bang Khae,2026-11-01 13:55:21.169269704,False,False,4,,,Not Qualified,not_qualified
L201322,P141554,S0043034,,MRL,The Monthly Relief,refinance,CR-E-refi-save,facebook,DCO2026,2026-10-27 08:49:00,BR-014,Ratchadaphisek,2026-10-27 11:34:00.231902611,True,False,3,2026-10-28 01:39:30.455816323,,Contacted,
L201323,,S0043068,,SAE,Smart Asset Entrepreneurs,housing,CR-D-bizasset,google,DCO2026,2026-11-07 18:48:00,BR-022,Bang Khae,,True,False,3,2026-11-09 11:43:08.005340452,,Contacted,
L201324,P131340,S0043084,,MRL,The Monthly Relief,refinance,CR-G-firsthome,facebook,DCO2026,2026-10-07 12:51:00,BR-052,Chiang Mai,2026-10-07 13:43:23.537187919,False,False,1,,,Not Qualified,not_qualified
L201325,P152629,S0043093,,OPT,The Optimizer,refinance,CR-F-payless,line,DCO2026,2026-10-24 12:49:00,BR-022,Bang Khae,2026-10-24 16:30:54.068028097,True,False,3,2026-10-27 15:46:41.232580092,,Contacted,
L201326,P120346,S0043137,,MRL,The Monthly Relief,refinance,CR-E-refi-save,google,,2026-10-25 18:38:00,BR-014,Ratchadaphisek,2026-10-25 20:04:41.046716479,False,False,3,,,Not Qualified,not_qualified
L201327,,S0043171,CIF773107,FAM,Family Upgraders,housing,CR-A-ratecut,facebook,DCO2026,2026-09-21 17:00:00,BR-052,Chiang Mai,2026-09-21 18:49:36.825251260,True,False,2,2026-09-24 15:31:39.043313414,,Contacted,
L201328,P109790,S0043265,,OPT,The Optimizer,refinance,CR-D-bizasset,facebook,DCO2026,2026-10-22 08:25:00,BR-031,Hat Yai,2026-10-22 08:46:36.241825687,True,False,1,,,Cannot Contact,cannot_contact
L201329,P117700,S0043327,CIF717700,SAE,Smart Asset Entrepreneurs,housing,CR-A-ratecut,facebook,DCO2026,2026-10-12 20:24:00,BR-044,Khon Kaen,2026-10-12 22:09:38.801328933,True,False,1,2026-10-15 14:58:38.605427864,2026-10-16 06:30:20.257706527,Document Pending,
L201330,P132412,S0043335,,MRL,The Monthly Relief,refinance,CR-A-ratecut,line,DCO2026,2026-10-31 07:56:00,BR-022,Bang Khae,2026-10-31 08:20:06.258688524,False,False,3,,,Not Qualified,not_qualified
L201331,P176040,S0043496,,FAM,Family Upgraders,housing,CR-C-familyhome,facebook,DCO2026,2026-10-04 20:20:00,BR-031,Hat Yai,2026-10-04 22:17:15.703861100,False,False,4,,,Not Qualified,not_qualified
L201332,P103923,S0043507,,FHB,First-Home Urban Starters,housing,CR-H-refi-fast,facebook,DCO2026,2026-10-07 20:54:00,BR-031,Hat Yai,2026-10-07 23:44:31.831530252,True,False,4,,,Cannot Contact,cannot_contact
L201333,,S0043529,,FHB,First-Home Urban Starters,housing,CR-B-calculator,google,DCO2026,2026-10-06 08:51:00,BR-031,Hat Yai,2026-10-06 12:46:29.941041496,False,False,4,,,Not Qualified,not_qualified
L201334,,S0043535,CIF740986,MRL,The Monthly Relief,refinance,CR-E-refi-save,facebook,DCO2026,2026-09-25 13:57:00,BR-052,Chiang Mai,2026-09-25 15:00:20.745076100,True,False,3,2026-09-27 00:04:47.783813325,2026-10-01 00:22:51.888969699,Document Pending,
L201335,P104721,S0043725,,FHB,First-Home Urban Starters,housing,CR-B-calculator,facebook,DCO2026,2026-10-31 16:17:00,BR-052,Chiang Mai,2026-10-31 17:47:54.543172089,True,False,1,2026-11-02 10:17:56.340722203,,Contacted,
L201336,P159897,S0043727,,FAM,Family Upgraders,housing,CR-H-refi-fast,facebook,DCO2026,2026-10-24 07:47:00,BR-061,Rangsit,2026-10-24 14:41:04.986120060,True,False,2,2026-10-25 00:51:14.851226027,2026-10-26 23:31:12.639336687,Document Pending,
L201337,P168944,S0043743,,FHB,First-Home Urban Starters,housing,CR-G-firsthome,facebook,DCO2026,2026-09-15 15:52:00,BR-052,Chiang Mai,2026-09-15 16:02:19.396153041,True,False,1,2026-09-17 12:49:14.948989488,,Contacted,
L201338,P182146,S0043748,CIF782146,MRL,The Monthly Relief,refinance,CR-C-familyhome,facebook,DCO2026,2026-09-02 20:23:00,BR-031,Hat Yai,2026-09-02 21:53:25.653298176,False,False,5,,,Not Qualified,not_qualified
L201339,P101353,S0043770,,SAE,Smart Asset Entrepreneurs,housing,CR-D-bizasset,facebook,DCO2026,2026-11-03 15:02:00,BR-052,Chiang Mai,2026-11-03 20:08:45.406863885,True,False,2,2026-11-05 00:33:49.789936268,,Contacted,
L201340,P180922,S0043787,CIF780922,OPT,The Optimizer,refinance,CR-B-calculator,google,DCO2026,2026-09-10 15:29:00,BR-061,Rangsit,2026-09-10 16:10:14.985752870,False,False,4,,,Not Qualified,not_qualified
L201341,P128658,S0043828,,FAM,Family Upgraders,housing,CR-A-ratecut,facebook,DCO2026,2026-11-08 08:05:00,BR-052,Chiang Mai,,True,False,2,,,Contacted,
L201342,P173848,S0043847,,FHB,First-Home Urban Starters,housing,CR-H-refi-fast,facebook,DCO2026,2026-09-02 13:13:00,BR-031,Hat Yai,2026-09-02 14:43:08.763911740,False,False,3,,,Not Qualified,not_qualified
L201343,P175342,S0043884,CIF775342,OPT,The Optimizer,refinance,CR-G-firsthome,facebook,DCO2026,2026-10-26 20:24:00,BR-031,Hat Yai,2026-10-26 21:36:27.020699776,False,False,2,,,Not Qualified,not_qualified
L201344,P115722,S0043914,,FHB,First-Home Urban Starters,housing,CR-E-refi-save,google,DCO2026,2026-11-05 14:52:00,BR-044,Khon Kaen,2026-11-05 15:11:26.024427148,False,False,3,,,Not Qualified,not_qualified
L201345,P172753,S0043936,,FHB,First-Home Urban Starters,housing,CR-E-refi-save,display,DCO2026,2026-11-07 12:23:00,BR-014,Ratchadaphisek,,False,False,3,,,Not Qualified,not_qualified
L201346,P161664,S0044017,,FHB,First-Home Urban Starters,housing,CR-D-bizasset,google,DCO2026,2026-09-29 17:01:00,BR-014,Ratchadaphisek,2026-09-29 17:57:21.817647214,False,False,4,,,Not Qualified,not_qualified
L201347,P136111,S0044043,CIF736111,OPT,The Optimizer,refinance,CR-A-ratecut,facebook,DCO2026,2026-10-26 15:56:00,BR-022,Bang Khae,2026-10-26 21:51:19.311823790,True,False,4,,,Cannot Contact,cannot_contact
L201348,P124597,S0044052,CIF724597,OPT,The Optimizer,refinance,CR-H-refi-fast,facebook,DCO2026,2026-11-04 14:43:00,BR-014,Ratchadaphisek,2026-11-04 19:04:04.557146281,True,False,2,2026-11-05 20:05:22.977998360,,Contacted,
L201349,P169293,S0044056,,MRL,The Monthly Relief,refinance,CR-B-calculator,google,DCO2026,2026-09-02 20:07:00,BR-044,Khon Kaen,2026-09-02 20:45:12.366684661,True,False,2,2026-09-03 06:11:08.217523326,,Contacted,
L201350,P124781,S0044070,CIF724781,OPT,The Optimizer,refinance,CR-C-familyhome,facebook,DCO2026,2026-10-14 07:28:00,BR-014,Ratchadaphisek,2026-10-14 08:14:55.097135792,True,False,1,2026-10-15 00:44:11.567041971,2026-10-17 16:15:52.558722855,Document Pending,
L201351,P113066,S0044109,,MRL,The Monthly Relief,refinance,CR-B-calculator,google,DCO2026,2026-09-29 12:07:00,BR-044,Khon Kaen,2026-09-29 13:46:30.912934687,True,False,2,2026-10-02 01:01:28.297179586,2026-10-04 12:13:27.578229174,Document Pending,
L201352,P146630,S0044158,,OPT,The Optimizer,refinance,CR-D-bizasset,google,DCO2026,2026-09-22 14:36:00,BR-061,Rangsit,2026-09-22 16:53:49.545652941,True,False,3,2026-09-24 02:51:29.555284784,,Contacted,
L201353,P118391,S0044175,,SAE,Smart Asset Entrepreneurs,housing,CR-H-refi-fast,facebook,,2026-11-01 20:19:00,BR-052,Chiang Mai,2026-11-01 22:40:39.793181263,True,False,3,2026-11-02 17:05:39.851486990,,Contacted,
L201354,P181839,S0044182,,SAE,Smart Asset Entrepreneurs,housing,CR-C-familyhome,facebook,DCO2026,2026-11-06 09:09:00,BR-052,Chiang Mai,2026-11-06 10:21:32.996886760,False,False,3,,,Not Qualified,not_qualified
L201355,P107895,S0044219,,MRL,The Monthly Relief,refinance,CR-C-familyhome,google,DCO2026,2026-10-30 17:35:00,BR-052,Chiang Mai,2026-10-30 19:10:14.625362176,False,False,5,,,Not Qualified,not_qualified
L201356,P163183,S0044220,CIF763183,FHB,First-Home Urban Starters,housing,CR-D-bizasset,display,DCO2026,2026-10-05 20:11:00,BR-052,Chiang Mai,2026-10-05 21:45:45.592304782,True,False,2,2026-10-08 21:18:49.605390512,,Contacted,
L201357,P143156,S0044255,CIF743156,MRL,The Monthly Relief,refinance,CR-G-firsthome,google,DCO2026,2026-10-01 22:33:00,BR-014,Ratchadaphisek,2026-10-02 00:59:52.892237695,True,False,1,2026-10-04 01:09:54.289761872,,Contacted,
L201358,P144541,S0044273,,OPT,The Optimizer,refinance,CR-A-ratecut,facebook,DCO2026,2026-09-09 20:36:00,BR-044,Khon Kaen,2026-09-10 00:37:21.482398318,True,False,3,2026-09-10 05:33:15.470613140,,Contacted,
L201359,P158518,S0044274,CIF758518,FHB,First-Home Urban Starters,housing,CR-H-refi-fast,line,DCO2026,2026-09-17 19:26:00,BR-031,Hat Yai,2026-09-17 21:23:23.296993059,True,False,2,2026-09-18 21:28:53.097940456,,Contacted,
L201360,P109823,S0044321,,OPT,The Optimizer,refinance,CR-E-refi-save,display,DCO2026,2026-09-03 15:49:00,BR-022,Bang Khae,2026-09-03 17:58:20.627959420,False,False,5,,,Not Qualified,not_qualified
L201361,P135991,S0044403,CIF735991,FAM,Family Upgraders,housing,CR-A-ratecut,facebook,DCO2026,2026-09-04 13:06:00,BR-061,Rangsit,2026-09-04 15:16:28.351274826,True,False,2,,,Cannot Contact,cannot_contact
L201362,,S0044406,CIF707970,FHB,First-Home Urban Starters,housing,CR-E-refi-save,google,DCO2026,2026-11-07 09:14:00,BR-031,Hat Yai,,True,False,2,2026-11-09 17:27:36.655515476,,Document Pending,
L201363,P109275,S0044408,CIF709275,FHB,First-Home Urban Starters,housing,CR-B-calculator,google,DCO2026,2026-10-13 18:21:00,BR-022,Bang Khae,2026-10-13 19:48:23.991593947,True,False,3,2026-10-16 07:43:27.921638452,,Contacted,
L201364,P171672,S0044418,,FHB,First-Home Urban Starters,housing,CR-A-ratecut,display,DCO2026,2026-10-01 15:30:00,BR-031,Hat Yai,2026-10-01 15:37:01.255722265,True,False,2,2026-10-01 23:38:12.401587158,2026-10-10 00:37:28.744786707,Document Pending,
L201365,P148805,S0044463,,FHB,First-Home Urban Starters,housing,CR-C-familyhome,facebook,DCO2026,2026-10-28 11:49:00,BR-052,Chiang Mai,2026-10-28 14:41:06.121214666,True,False,1,,,Cannot Contact,cannot_contact
L201366,P163011,S0044505,CIF763011,OPT,The Optimizer,refinance,CR-E-refi-save,facebook,DCO2026,2026-11-09 12:06:00,BR-052,Chiang Mai,,False,False,3,,,Not Qualified,not_qualified
L201367,P142644,S0044509,CIF742644,FHB,First-Home Urban Starters,housing,CR-A-ratecut,google,DCO2026,2026-11-03 07:57:00,BR-044,Khon Kaen,2026-11-03 10:40:42.613631641,True,False,2,2026-11-04 21:03:38.742501513,,Contacted,
L201368,P103922,S0044519,,SAE,Smart Asset Entrepreneurs,housing,CR-H-refi-fast,google,DCO2026,2026-09-26 12:26:00,BR-022,Bang Khae,2026-09-26 21:18:16.592271841,False,False,2,,,Not Qualified,not_qualified
L201369,P172058,S0044538,,FAM,Family Upgraders,housing,CR-E-refi-save,google,DCO2026,2026-09-09 17:42:00,BR-061,Rangsit,2026-09-09 18:59:02.013368391,True,False,3,2026-09-10 03:14:38.668477340,2026-09-18 04:39:26.962758208,Document Pending,
L201370,P143897,S0044544,,MRL,The Monthly Relief,refinance,CR-D-bizasset,google,DCO2026,2026-10-01 16:50:00,BR-052,Chiang Mai,2026-10-01 18:11:23.399911422,True,False,3,2026-10-02 12:59:15.213385760,2026-10-08 05:43:45.621947619,Document Pending,
L201371,P182086,S0044644,,OPT,The Optimizer,refinance,CR-A-ratecut,display,DCO2026,2026-09-27 21:29:00,BR-031,Hat Yai,2026-09-27 22:34:35.289059506,True,False,3,2026-09-28 10:26:31.706524641,,Contacted,
L201372,P177006,S0044679,,MRL,The Monthly Relief,refinance,CR-F-payless,facebook,DCO2026,2026-09-19 17:46:00,BR-014,Ratchadaphisek,2026-09-19 17:58:21.961735819,True,False,2,,,Cannot Contact,cannot_contact
L201373,P172034,S0044713,CIF772034,FHB,First-Home Urban Starters,housing,CR-D-bizasset,google,DCO2026,2026-10-27 08:24:00,BR-022,Bang Khae,2026-10-27 10:01:19.393134607,True,False,3,2026-10-28 13:38:24.606648808,,Contacted,
L201374,P167194,S0044722,,MRL,The Monthly Relief,refinance,CR-C-familyhome,facebook,DCO2026,2026-11-03 07:40:00,BR-022,Bang Khae,2026-11-03 08:26:08.118045105,False,False,2,,,Not Qualified,not_qualified
L201375,P128879,S0044741,,FHB,First-Home Urban Starters,housing,CR-C-familyhome,line,DCO2026,2026-09-24 12:52:00,BR-014,Ratchadaphisek,2026-09-24 12:55:56.425783932,False,False,4,,,Not Qualified,not_qualified
L201376,P150157,S0044758,,SAE,Smart Asset Entrepreneurs,housing,CR-G-firsthome,google,DCO2026,2026-09-20 07:07:00,BR-044,Khon Kaen,2026-09-20 07:34:51.790044294,True,False,4,,,Cannot Contact,cannot_contact
L201377,P150805,S0044768,CIF750805,OPT,The Optimizer,refinance,CR-C-familyhome,facebook,,2026-10-24 07:12:00,BR-014,Ratchadaphisek,2026-10-24 08:10:26.416311142,True,False,2,2026-10-25 02:36:06.131741792,,Contacted,
L201378,P106789,S0044774,,FAM,Family Upgraders,housing,CR-B-calculator,facebook,DCO2026,2026-10-31 13:22:00,BR-031,Hat Yai,2026-10-31 13:42:28.504678812,True,False,3,2026-10-31 22:19:15.707624857,2026-11-03 12:06:27.158932028,Document Pending,
L201379,P172107,S0044832,,FAM,Family Upgraders,housing,CR-A-ratecut,line,DCO2026,2026-09-13 19:44:00,BR-014,Ratchadaphisek,2026-09-13 20:14:48.531276954,True,False,2,2026-09-14 18:21:06.793971578,2026-09-24 03:03:37.376789296,Document Pending,
L201380,P152325,S0044923,,FAM,Family Upgraders,housing,CR-E-refi-save,line,DCO2026,2026-10-16 22:55:00,BR-061,Rangsit,2026-10-17 01:09:42.898433366,True,False,1,2026-10-18 10:19:33.476680396,2026-10-19 17:24:55.688134653,Document Pending,
L201381,,S0045022,CIF708765,FAM,Family Upgraders,housing,CR-G-firsthome,facebook,DCO2026,2026-09-24 08:16:00,BR-052,Chiang Mai,2026-09-24 09:29:21.520495524,False,False,2,,,Not Qualified,not_qualified
L201382,P100574,S0045069,,MRL,The Monthly Relief,refinance,CR-G-firsthome,line,DCO2026,2026-09-03 07:41:00,BR-044,Khon Kaen,2026-09-03 08:35:56.016595155,False,False,5,,,Not Qualified,not_qualified
L201383,P179961,S0045119,CIF779961,FAM,Family Upgraders,housing,CR-G-firsthome,google,DCO2026,2026-11-04 08:40:00,BR-014,Ratchadaphisek,2026-11-04 10:38:08.383573855,True,False,1,2026-11-04 20:56:17.841809542,,Contacted,
L201384,,S0045150,,FHB,First-Home Urban Starters,housing,CR-H-refi-fast,google,DCO2026,2026-10-06 13:52:00,BR-044,Khon Kaen,2026-10-06 17:06:53.287075100,True,False,2,2026-10-07 06:46:16.723172599,,Contacted,
L201385,P150769,S0045222,,FAM,Family Upgraders,housing,CR-G-firsthome,google,,2026-09-25 07:45:00,BR-022,Bang Khae,2026-09-25 08:34:22.950788944,True,False,1,2026-09-29 19:29:45.055174322,2026-10-02 19:26:29.509081094,Document Pending,
L201386,P177868,S0045255,,MRL,The Monthly Relief,refinance,CR-C-familyhome,facebook,DCO2026,2026-09-28 12:17:00,BR-061,Rangsit,2026-09-28 15:02:03.443985036,True,False,3,2026-09-30 08:33:49.754544661,2026-10-01 18:56:01.553097574,Document Pending,
L201387,P151823,S0045282,,FHB,First-Home Urban Starters,housing,CR-D-bizasset,google,DCO2026,2026-09-21 11:51:00,BR-052,Chiang Mai,2026-09-21 13:39:03.605638993,True,False,1,2026-09-24 01:25:27.731891348,,Contacted,
L201388,P130248,S0045340,,FAM,Family Upgraders,housing,CR-A-ratecut,facebook,DCO2026,2026-09-23 09:33:00,BR-022,Bang Khae,2026-09-23 09:57:57.684135556,False,False,3,,,Not Qualified,not_qualified
L201389,P112471,S0045411,CIF712471,FHB,First-Home Urban Starters,housing,CR-E-refi-save,google,DCO2026,2026-10-11 12:13:00,BR-044,Khon Kaen,2026-10-11 13:16:06.469166408,False,False,5,,,Not Qualified,not_qualified
L201390,P156818,S0045412,,FAM,Family Upgraders,housing,CR-G-firsthome,facebook,DCO2026,2026-09-18 17:50:00,BR-031,Hat Yai,2026-09-18 19:32:12.890266171,True,False,1,2026-09-21 00:55:13.805734430,2026-09-23 02:12:21.199850468,Document Pending,
L201391,P141808,S0045415,,SAE,Smart Asset Entrepreneurs,housing,CR-B-calculator,facebook,,2026-10-22 15:12:00,BR-052,Chiang Mai,2026-10-22 17:49:12.543332790,True,False,1,2026-10-24 01:46:27.902180769,,Contacted,
L201392,P109987,S0045433,,FHB,First-Home Urban Starters,housing,CR-E-refi-save,display,DCO2026,2026-09-30 08:15:00,BR-022,Bang Khae,2026-09-30 11:29:24.523204016,True,False,1,2026-09-30 18:18:57.524452696,,Contacted,
L201393,,S0045449,CIF761958,OPT,The Optimizer,refinance,CR-E-refi-save,facebook,DCO2026,2026-11-05 15:02:00,BR-022,Bang Khae,2026-11-05 16:46:04.469922074,True,True,4,,,Duplicate Lead,duplicate_lead
L201394,P179049,S0045461,,OPT,The Optimizer,refinance,CR-H-refi-fast,facebook,DCO2026,2026-10-19 07:14:00,BR-044,Khon Kaen,2026-10-19 07:27:28.121589224,True,True,5,,,Duplicate Lead,duplicate_lead
L201395,,S0045465,,OPT,The Optimizer,refinance,CR-A-ratecut,facebook,DCO2026,2026-10-06 10:41:00,BR-022,Bang Khae,2026-10-06 13:04:59.799456895,True,False,1,2026-10-08 07:12:26.035569912,2026-10-10 11:02:49.743099248,Document Pending,
L201396,P140821,S0045488,,FHB,First-Home Urban Starters,housing,CR-A-ratecut,google,DCO2026,2026-09-30 18:21:00,BR-052,Chiang Mai,2026-09-30 19:04:57.473071795,True,False,2,2026-10-01 22:04:58.915229124,,Contacted,
L201397,P123080,S0045547,,FHB,First-Home Urban Starters,housing,CR-C-familyhome,google,DCO2026,2026-10-24 13:07:00,BR-031,Hat Yai,2026-10-24 14:24:06.445350441,True,False,2,2026-10-25 21:08:34.119897531,2026-10-29 08:34:23.872192153,Document Pending,
L201398,P129163,S0045580,,FHB,First-Home Urban Starters,housing,CR-E-refi-save,facebook,DCO2026,2026-10-20 10:38:00,BR-052,Chiang Mai,2026-10-20 12:17:06.803824978,True,False,1,2026-10-21 19:35:52.266219850,2026-10-22 23:42:10.849396623,Document Pending,
L201399,P167029,S0045595,,FAM,Family Upgraders,housing,CR-D-bizasset,display,DCO2026,2026-10-05 20:48:00,BR-022,Bang Khae,2026-10-06 00:05:15.526169372,True,False,2,2026-10-06 14:56:42.011511352,,Contacted,
L201400,P104804,S0045598,,OPT,The Optimizer,refinance,CR-D-bizasset,facebook,DCO2026,2026-11-09 16:14:00,BR-014,Ratchadaphisek,,True,False,2,,,Contacted,
L201401,P119028,S0045733,,SAE,Smart Asset Entrepreneurs,housing,CR-C-familyhome,facebook,,2026-09-10 22:26:00,BR-014,Ratchadaphisek,2026-09-11 00:37:20.353662769,False,False,1,,,Not Qualified,not_qualified
L201402,P108937,S0045748,,FAM,Family Upgraders,housing,CR-G-firsthome,facebook,DCO2026,2026-10-14 21:18:00,BR-044,Khon Kaen,2026-10-14 21:22:08.769153460,False,False,4,,,Not Qualified,not_qualified
L201403,P107960,S0045776,CIF707960,OPT,The Optimizer,refinance,CR-F-payless,google,DCO2026,2026-10-13 20:25:00,BR-044,Khon Kaen,2026-10-14 00:34:32.654961280,True,False,3,2026-10-16 05:52:14.732427945,2026-10-21 09:14:30.964465678,Document Pending,
L201404,P146523,S0045798,,FAM,Family Upgraders,housing,CR-H-refi-fast,google,DCO2026,2026-11-07 10:21:00,BR-061,Rangsit,,True,False,2,,,Cannot Contact,cannot_contact
L201405,P117534,S0045818,,FHB,First-Home Urban Starters,housing,CR-H-refi-fast,display,DCO2026,2026-10-07 09:09:00,BR-061,Rangsit,2026-10-07 12:16:13.609938187,True,False,1,2026-10-08 02:57:21.537802926,,Contacted,
L201406,,S0045852,CIF751591,FAM,Family Upgraders,housing,CR-A-ratecut,facebook,DCO2026,2026-10-14 07:42:00,BR-014,Ratchadaphisek,2026-10-14 08:44:13.420385703,True,False,1,2026-10-16 06:53:51.849704518,,Contacted,
L201407,P101697,S0045887,,FHB,First-Home Urban Starters,housing,CR-E-refi-save,facebook,DCO2026,2026-09-15 07:22:00,BR-014,Ratchadaphisek,2026-09-15 08:17:59.094253110,False,False,1,,,Not Qualified,not_qualified
L201408,P112321,S0045911,,OPT,The Optimizer,refinance,CR-C-familyhome,google,DCO2026,2026-10-16 21:10:00,BR-014,Ratchadaphisek,2026-10-17 00:00:20.559411841,True,False,3,2026-10-18 13:53:42.317018742,,Contacted,
L201409,P123657,S0045916,,SAE,Smart Asset Entrepreneurs,housing,CR-D-bizasset,line,DCO2026,2026-10-11 13:06:00,BR-044,Khon Kaen,2026-10-11 14:08:20.368912027,False,False,1,,,Not Qualified,not_qualified
L201410,P135108,S0045938,,SAE,Smart Asset Entrepreneurs,housing,CR-D-bizasset,facebook,DCO2026,2026-09-28 11:38:00,BR-022,Bang Khae,2026-09-28 13:32:40.524538881,False,False,5,,,Not Qualified,not_qualified
L201411,P135912,S0045995,CIF735912,OPT,The Optimizer,refinance,CR-C-familyhome,display,DCO2026,2026-09-07 21:47:00,BR-031,Hat Yai,2026-09-07 22:22:19.287129580,False,False,5,,,Not Qualified,not_qualified
L201412,P124354,S0046020,CIF724354,OPT,The Optimizer,refinance,CR-E-refi-save,google,DCO2026,2026-10-03 19:34:00,BR-031,Hat Yai,2026-10-03 21:30:21.657916449,False,False,1,,,Not Qualified,not_qualified
L201413,P107881,S0046023,,FAM,Family Upgraders,housing,CR-D-bizasset,facebook,,2026-09-28 13:04:00,BR-044,Khon Kaen,2026-09-28 15:10:38.801290737,True,False,1,2026-09-30 15:42:14.245190538,,Contacted,
L201414,P165408,S0046055,,FHB,First-Home Urban Starters,housing,CR-B-calculator,google,DCO2026,2026-10-18 19:02:00,BR-031,Hat Yai,2026-10-18 22:57:08.968781492,False,False,2,,,Not Qualified,not_qualified
L201415,P164363,S0046072,,FHB,First-Home Urban Starters,housing,CR-F-payless,facebook,DCO2026,2026-09-25 09:31:00,BR-031,Hat Yai,,False,False,4,,,Not Qualified,not_qualified
L201416,P175627,S0046103,,FAM,Family Upgraders,housing,CR-H-refi-fast,facebook,DCO2026,2026-10-17 17:01:00,BR-044,Khon Kaen,2026-10-17 17:46:30.053227492,True,False,3,2026-10-19 09:07:42.090645607,,Contacted,
L201417,P146698,S0046104,,MRL,The Monthly Relief,refinance,CR-H-refi-fast,facebook,DCO2026,2026-09-09 13:47:00,BR-014,Ratchadaphisek,2026-09-09 19:19:22.691636617,False,False,2,,,Not Qualified,not_qualified
L201418,P100136,S0046116,,FHB,First-Home Urban Starters,housing,CR-E-refi-save,display,DCO2026,2026-11-01 07:39:00,BR-044,Khon Kaen,2026-11-01 09:31:02.358441588,True,False,1,,,Cannot Contact,cannot_contact
L201419,P170992,S0046132,,MRL,The Monthly Relief,refinance,CR-C-familyhome,google,,2026-10-17 19:28:00,BR-022,Bang Khae,2026-10-17 21:04:31.802394009,False,False,5,,,Not Qualified,not_qualified
L201420,P112698,S0046145,,SAE,Smart Asset Entrepreneurs,housing,CR-E-refi-save,line,DCO2026,2026-10-03 22:29:00,BR-031,Hat Yai,2026-10-04 04:56:08.030923912,True,False,2,2026-10-04 09:46:18.550452771,2026-10-06 10:53:22.962943879,Document Pending,
L201421,P118304,S0046243,,FHB,First-Home Urban Starters,housing,CR-B-calculator,facebook,DCO2026,2026-10-16 10:25:00,BR-022,Bang Khae,2026-10-16 12:08:06.291570018,True,False,1,,,Cannot Contact,cannot_contact
L201422,P166725,S0046249,,SAE,Smart Asset Entrepreneurs,housing,CR-H-refi-fast,facebook,DCO2026,2026-09-02 09:37:00,BR-061,Rangsit,2026-09-02 11:57:57.953316595,False,False,4,,,Not Qualified,not_qualified
L201423,P176714,S0046294,CIF776714,MRL,The Monthly Relief,refinance,CR-C-familyhome,line,DCO2026,2026-10-09 17:05:00,BR-061,Rangsit,2026-10-09 19:15:33.745096581,False,False,1,,,Not Qualified,not_qualified
L201424,P175129,S0046651,,MRL,The Monthly Relief,refinance,CR-H-refi-fast,display,DCO2026,2026-09-10 15:09:00,BR-031,Hat Yai,2026-09-10 17:49:50.159175747,False,False,2,,,Not Qualified,not_qualified
L201425,P123975,S0046661,,OPT,The Optimizer,refinance,CR-F-payless,google,DCO2026,2026-10-08 20:38:00,BR-044,Khon Kaen,2026-10-08 22:57:42.184321669,True,False,2,2026-10-12 06:21:15.767390352,2026-10-14 01:43:51.811411444,Document Pending,
L201426,P103385,S0046673,,FAM,Family Upgraders,housing,CR-F-payless,display,DCO2026,2026-10-02 07:03:00,BR-052,Chiang Mai,2026-10-02 07:34:27.765580540,True,False,1,2026-10-03 01:28:40.583839814,2026-10-03 17:38:41.520023019,Document Pending,
L201427,P109684,S0046726,,MRL,The Monthly Relief,refinance,CR-F-payless,google,DCO2026,2026-09-18 19:47:00,BR-031,Hat Yai,2026-09-18 20:44:36.287747107,False,False,5,,,Not Qualified,not_qualified
L201428,P170457,S0046801,,OPT,The Optimizer,refinance,CR-G-firsthome,display,DCO2026,2026-10-15 20:53:00,BR-022,Bang Khae,2026-10-15 21:57:12.408298010,True,False,1,2026-10-16 11:58:40.894022378,2026-10-21 05:01:30.698970673,Document Pending,
L201429,P131250,S0046833,,SAE,Smart Asset Entrepreneurs,housing,CR-E-refi-save,google,,2026-10-04 10:11:00,BR-014,Ratchadaphisek,2026-10-04 13:08:15.263181522,True,False,5,,,Cannot Contact,cannot_contact
L201430,P147760,S0046835,,SAE,Smart Asset Entrepreneurs,housing,CR-D-bizasset,google,DCO2026,2026-10-12 17:54:00,BR-044,Khon Kaen,2026-10-12 22:45:24.812687066,False,False,2,,,Not Qualified,not_qualified
L201431,P128092,S0046868,CIF728092,SAE,Smart Asset Entrepreneurs,housing,CR-B-calculator,google,DCO2026,2026-10-02 11:51:00,BR-022,Bang Khae,2026-10-02 12:10:08.145661335,False,False,5,,,Not Qualified,not_qualified
L201432,P118910,S0046913,CIF718910,FAM,Family Upgraders,housing,CR-G-firsthome,facebook,DCO2026,2026-11-03 14:42:00,BR-022,Bang Khae,2026-11-03 20:18:38.593401821,False,False,5,,,Not Qualified,not_qualified
L201433,P157379,S0046937,,OPT,The Optimizer,refinance,CR-A-ratecut,line,DCO2026,2026-10-01 09:12:00,BR-061,Rangsit,2026-10-01 10:02:16.875028708,True,False,1,2026-10-02 11:38:32.772892671,2026-10-04 14:22:52.226493909,Document Pending,
L201434,P144910,S0046964,,OPT,The Optimizer,refinance,CR-H-refi-fast,google,DCO2026,2026-09-22 15:32:00,BR-014,Ratchadaphisek,2026-09-22 18:48:56.230199677,True,False,3,2026-09-24 11:07:32.219882462,2026-09-26 19:40:40.697931922,Document Pending,
L201435,P154184,S0046975,CIF754184,OPT,The Optimizer,refinance,CR-C-familyhome,google,DCO2026,2026-09-21 07:18:00,BR-052,Chiang Mai,2026-09-21 10:01:46.846151540,False,True,4,,,Duplicate Lead,duplicate_lead
L201436,P169259,S0046977,,FAM,Family Upgraders,housing,CR-F-payless,google,DCO2026,2026-09-18 17:51:00,BR-022,Bang Khae,2026-09-18 18:42:38.673551973,True,False,3,2026-09-19 01:45:49.485538648,,Contacted,
L201437,P174455,S0046986,,FHB,First-Home Urban Starters,housing,CR-C-familyhome,facebook,DCO2026,2026-10-16 07:05:00,BR-031,Hat Yai,2026-10-16 08:09:35.441520790,True,False,1,2026-10-17 14:34:27.424406752,,Contacted,
L201438,P118777,S0047013,CIF718777,FHB,First-Home Urban Starters,housing,CR-C-familyhome,facebook,DCO2026,2026-10-09 15:28:00,BR-014,Ratchadaphisek,2026-10-09 15:39:55.814347327,True,False,2,2026-10-09 18:41:50.684778814,,Contacted,
L201439,P139026,S0047064,,MRL,The Monthly Relief,refinance,CR-H-refi-fast,google,DCO2026,2026-10-17 12:20:00,BR-022,Bang Khae,2026-10-17 13:33:07.260378596,True,False,1,2026-10-18 13:36:10.228088726,,Contacted,
L201440,P117565,S0047077,,FHB,First-Home Urban Starters,housing,CR-F-payless,facebook,DCO2026,2026-09-27 16:29:00,BR-052,Chiang Mai,2026-09-27 17:48:24.129392462,False,False,3,,,Not Qualified,not_qualified
L201441,P142256,S0047081,,FAM,Family Upgraders,housing,CR-D-bizasset,facebook,DCO2026,2026-09-02 21:44:00,BR-031,Hat Yai,2026-09-03 00:00:40.476055368,True,False,4,,,Cannot Contact,cannot_contact
L201442,P120168,S0047109,,FHB,First-Home Urban Starters,housing,CR-F-payless,google,DCO2026,2026-09-05 17:09:00,BR-022,Bang Khae,2026-09-05 20:09:22.920092373,False,False,4,,,Not Qualified,not_qualified
L201443,P164150,S0047111,,MRL,The Monthly Relief,refinance,CR-A-ratecut,facebook,DCO2026,2026-10-01 12:31:00,BR-052,Chiang Mai,2026-10-01 15:35:14.547762278,True,False,3,2026-10-03 12:06:45.466634259,,Contacted,
L201444,,S0047149,,OPT,The Optimizer,refinance,CR-A-ratecut,facebook,DCO2026,2026-11-05 07:05:00,BR-052,Chiang Mai,2026-11-05 11:14:32.174353890,True,False,3,2026-11-05 23:47:40.172072677,,Document Pending,
L201445,P127258,S0047177,,OPT,The Optimizer,refinance,CR-G-firsthome,facebook,DCO2026,2026-09-03 13:08:00,BR-061,Rangsit,2026-09-03 16:27:13.817657510,True,False,2,2026-09-05 06:44:08.252561217,,Contacted,
L201446,P157872,S0047215,,MRL,The Monthly Relief,refinance,CR-B-calculator,facebook,DCO2026,2026-09-30 07:41:00,BR-022,Bang Khae,2026-09-30 10:24:22.405058205,False,False,4,,,Not Qualified,not_qualified
L201447,P152781,S0047220,CIF752781,OPT,The Optimizer,refinance,CR-A-ratecut,google,DCO2026,2026-09-25 15:55:00,BR-031,Hat Yai,2026-09-25 17:42:55.197504114,True,False,2,2026-09-26 21:58:45.580503250,,Contacted,
L201448,P170012,S0047274,,OPT,The Optimizer,refinance,CR-F-payless,google,DCO2026,2026-09-11 17:06:00,BR-022,Bang Khae,2026-09-11 22:11:51.328106390,True,False,2,2026-09-13 08:05:41.203016116,,Contacted,
L201449,P148702,S0047279,,FHB,First-Home Urban Starters,housing,CR-A-ratecut,google,,2026-09-03 19:56:00,BR-044,Khon Kaen,2026-09-03 21:42:27.835017189,False,False,3,,,Not Qualified,not_qualified
L201450,P155367,S0047287,,FHB,First-Home Urban Starters,housing,CR-C-familyhome,google,,2026-09-24 19:13:00,BR-022,Bang Khae,2026-09-24 20:46:51.927533805,False,False,2,,,Not Qualified,not_qualified
L201451,P151207,S0047302,,FHB,First-Home Urban Starters,housing,CR-G-firsthome,google,,2026-09-01 08:41:00,BR-044,Khon Kaen,2026-09-01 10:43:55.258166007,False,False,1,,,Not Qualified,not_qualified
L201452,P133170,S0047326,,OPT,The Optimizer,refinance,CR-A-ratecut,line,DCO2026,2026-10-01 21:49:00,BR-022,Bang Khae,2026-10-02 02:47:02.981516552,True,False,1,2026-10-03 01:15:45.113758987,,Contacted,
L201453,P116799,S0047400,,FHB,First-Home Urban Starters,housing,CR-C-familyhome,facebook,DCO2026,2026-09-01 20:10:00,BR-022,Bang Khae,2026-09-01 21:38:26.999960253,False,False,1,,,Not Qualified,not_qualified
L201454,P120069,S0047401,,MRL,The Monthly Relief,refinance,CR-G-firsthome,facebook,DCO2026,2026-11-05 09:30:00,BR-014,Ratchadaphisek,2026-11-05 10:51:22.589298961,True,False,3,2026-11-06 19:38:30.254157517,2026-11-09 07:56:37.877698698,Document Pending,
L201455,P144390,S0047435,,OPT,The Optimizer,refinance,CR-D-bizasset,google,DCO2026,2026-09-02 17:41:00,BR-014,Ratchadaphisek,2026-09-03 01:30:18.245375122,True,False,1,2026-09-04 22:56:07.339654155,,Contacted,
L201456,P116587,S0047456,,OPT,The Optimizer,refinance,CR-B-calculator,facebook,DCO2026,2026-10-13 22:19:00,BR-052,Chiang Mai,2026-10-13 23:28:47.464939162,True,False,4,,,Cannot Contact,cannot_contact
L201457,P141056,S0047501,CIF741056,SAE,Smart Asset Entrepreneurs,housing,CR-D-bizasset,google,DCO2026,2026-09-24 15:32:00,BR-014,Ratchadaphisek,2026-09-24 16:04:35.306468926,True,False,3,2026-09-24 21:29:15.546495891,,Contacted,
L201458,P120260,S0047561,CIF720260,FHB,First-Home Urban Starters,housing,CR-H-refi-fast,line,DCO2026,2026-11-04 22:16:00,BR-061,Rangsit,2026-11-05 01:15:28.378724481,True,False,2,2026-11-05 08:05:34.378090093,,Contacted,
L201459,P182043,S0047580,,OPT,The Optimizer,refinance,CR-G-firsthome,google,DCO2026,2026-10-11 17:51:00,BR-031,Hat Yai,2026-10-11 19:03:19.282423874,True,False,3,2026-10-13 13:34:47.959175071,2026-10-18 20:00:10.380786843,Document Pending,
L201460,P140247,S0047593,CIF740247,FAM,Family Upgraders,housing,CR-B-calculator,google,DCO2026,2026-09-14 12:41:00,BR-061,Rangsit,2026-09-14 13:39:57.793868342,True,False,1,,,Cannot Contact,cannot_contact
L201461,P149987,S0047596,,FHB,First-Home Urban Starters,housing,CR-C-familyhome,facebook,DCO2026,2026-10-27 13:25:00,BR-031,Hat Yai,2026-10-27 14:13:15.415270819,True,False,1,2026-10-29 18:23:01.367057568,,Contacted,
L201462,P142263,S0047621,,OPT,The Optimizer,refinance,CR-B-calculator,facebook,DCO2026,2026-09-14 15:37:00,BR-044,Khon Kaen,2026-09-14 23:06:57.464982333,False,False,3,,,Not Qualified,not_qualified
L201463,P101966,S0047691,,OPT,The Optimizer,refinance,CR-C-familyhome,facebook,DCO2026,2026-10-18 14:38:00,BR-031,Hat Yai,2026-10-18 15:33:23.661628262,False,False,3,,,Not Qualified,not_qualified
L201464,P118962,S0047699,,OPT,The Optimizer,refinance,CR-A-ratecut,facebook,DCO2026,2026-09-18 10:02:00,BR-052,Chiang Mai,2026-09-18 10:32:10.278326646,False,False,3,,,Not Qualified,not_qualified
L201465,P145911,S0047703,CIF745911,FHB,First-Home Urban Starters,housing,CR-F-payless,facebook,DCO2026,2026-11-09 12:55:00,BR-061,Rangsit,,True,False,1,,,Cannot Contact,cannot_contact
L201466,P109161,S0047729,CIF709161,FHB,First-Home Urban Starters,housing,CR-H-refi-fast,display,DCO2026,2026-09-12 21:16:00,BR-031,Hat Yai,2026-09-12 22:08:07.994655246,True,False,1,,,Cannot Contact,cannot_contact
L201467,P182156,S0047794,,FHB,First-Home Urban Starters,housing,CR-G-firsthome,facebook,DCO2026,2026-09-01 17:51:00,BR-014,Ratchadaphisek,2026-09-01 19:21:30.864412476,True,False,2,2026-09-02 02:06:27.122797922,,Contacted,
L201468,P152923,S0047808,,FHB,First-Home Urban Starters,housing,CR-G-firsthome,facebook,DCO2026,2026-09-29 18:59:00,BR-052,Chiang Mai,2026-09-29 21:26:13.233443590,True,False,2,2026-09-30 18:27:20.375902664,,Contacted,
L201469,P173764,S0047848,,FHB,First-Home Urban Starters,housing,CR-A-ratecut,line,,2026-10-26 09:52:00,BR-022,Bang Khae,2026-10-26 10:21:21.147808455,False,False,3,,,Not Qualified,not_qualified
L201470,P168376,S0047853,,FAM,Family Upgraders,housing,CR-H-refi-fast,google,DCO2026,2026-10-29 18:21:00,BR-031,Hat Yai,2026-10-29 18:26:45.692301559,False,False,5,,,Not Qualified,not_qualified
L201471,,S0047854,,FHB,First-Home Urban Starters,housing,CR-D-bizasset,facebook,DCO2026,2026-11-09 17:45:00,BR-031,Hat Yai,,True,False,1,,,Document Pending,
L201472,P179337,S0047860,,FHB,First-Home Urban Starters,housing,CR-G-firsthome,facebook,DCO2026,2026-09-04 10:44:00,BR-031,Hat Yai,2026-09-04 11:29:19.888510593,False,False,1,,,Not Qualified,not_qualified
L201473,P104895,S0047959,,FHB,First-Home Urban Starters,housing,CR-A-ratecut,google,DCO2026,2026-10-14 14:23:00,BR-031,Hat Yai,2026-10-14 14:33:28.118488854,False,False,1,,,Not Qualified,not_qualified
L201474,P101397,S0047986,CIF701397,FHB,First-Home Urban Starters,housing,CR-E-refi-save,display,DCO2026,2026-09-25 18:45:00,BR-044,Khon Kaen,2026-09-25 20:46:03.270146520,True,False,2,2026-09-27 12:14:25.706311861,,Contacted,
L201475,P143686,S0048075,CIF743686,FAM,Family Upgraders,housing,CR-F-payless,facebook,DCO2026,2026-09-23 12:33:00,BR-031,Hat Yai,2026-09-23 20:00:39.981281846,False,False,4,,,Not Qualified,not_qualified
L201476,P106962,S0048154,,FHB,First-Home Urban Starters,housing,CR-D-bizasset,facebook,DCO2026,2026-09-22 19:12:00,BR-014,Ratchadaphisek,2026-09-22 23:01:30.963884754,False,False,2,,,Not Qualified,not_qualified
L201477,P124165,S0048216,CIF724165,OPT,The Optimizer,refinance,CR-H-refi-fast,facebook,DCO2026,2026-10-12 21:59:00,BR-061,Rangsit,2026-10-12 23:22:02.423532735,False,False,3,,,Not Qualified,not_qualified
L201478,,S0048272,CIF771302,OPT,The Optimizer,refinance,CR-A-ratecut,facebook,DCO2026,2026-10-09 22:32:00,BR-061,Rangsit,2026-10-10 00:48:50.263498362,False,True,5,,,Duplicate Lead,duplicate_lead
L201479,P135446,S0048330,,SAE,Smart Asset Entrepreneurs,housing,CR-E-refi-save,display,DCO2026,2026-10-09 08:38:00,BR-044,Khon Kaen,2026-10-09 11:15:15.088775628,True,False,1,2026-10-10 21:22:02.930853343,2026-10-15 21:01:57.481232456,Document Pending,
L201480,P160401,S0048348,,FAM,Family Upgraders,housing,CR-E-refi-save,line,DCO2026,2026-10-02 11:50:00,BR-061,Rangsit,2026-10-02 13:59:21.678992258,True,False,2,,,Cannot Contact,cannot_contact
L201481,P181351,S0048361,,FAM,Family Upgraders,housing,CR-G-firsthome,line,DCO2026,2026-09-06 22:06:00,BR-022,Bang Khae,2026-09-07 06:08:32.007604477,True,False,2,,,Cannot Contact,cannot_contact
L201482,P101699,S0048367,CIF701699,OPT,The Optimizer,refinance,CR-F-payless,facebook,DCO2026,2026-10-13 21:03:00,BR-014,Ratchadaphisek,2026-10-14 00:14:09.892067017,False,False,4,,,Not Qualified,not_qualified
L201483,P118422,S0048456,,SAE,Smart Asset Entrepreneurs,housing,CR-D-bizasset,facebook,DCO2026,2026-11-05 11:34:00,BR-052,Chiang Mai,2026-11-05 12:52:00.609475204,True,False,2,2026-11-06 17:27:10.580237016,,Contacted,
L201484,P168833,S0048470,CIF768833,FAM,Family Upgraders,housing,CR-E-refi-save,line,DCO2026,2026-10-30 09:47:00,BR-031,Hat Yai,2026-10-30 10:03:19.083284169,True,False,2,2026-10-31 00:40:53.846083536,2026-10-31 09:45:38.093953990,Document Pending,
L201485,P180241,S0048472,,FHB,First-Home Urban Starters,housing,CR-E-refi-save,facebook,DCO2026,2026-10-01 13:54:00,BR-052,Chiang Mai,2026-10-01 16:15:43.949148883,False,False,4,,,Not Qualified,not_qualified
L201486,P174365,S0048510,,FHB,First-Home Urban Starters,housing,CR-H-refi-fast,line,DCO2026,2026-09-09 12:04:00,BR-022,Bang Khae,2026-09-09 13:15:24.130821361,False,False,1,,,Not Qualified,not_qualified
L201487,P142549,S0048534,,SAE,Smart Asset Entrepreneurs,housing,CR-A-ratecut,google,DCO2026,2026-09-27 12:23:00,BR-022,Bang Khae,2026-09-27 13:20:51.560228559,False,False,5,,,Not Qualified,not_qualified
L201488,,S0048564,CIF765448,OPT,The Optimizer,refinance,CR-C-familyhome,google,DCO2026,2026-09-05 15:04:00,BR-061,Rangsit,2026-09-05 21:16:55.615079732,False,False,5,,,Not Qualified,not_qualified
L201489,P109483,S0048565,,OPT,The Optimizer,refinance,CR-D-bizasset,facebook,DCO2026,2026-10-19 20:39:00,BR-052,Chiang Mai,2026-10-19 22:01:35.905200556,True,False,3,,,Cannot Contact,cannot_contact
L201490,P166103,S0048576,,MRL,The Monthly Relief,refinance,CR-D-bizasset,facebook,DCO2026,2026-11-05 22:02:00,BR-052,Chiang Mai,2026-11-06 00:23:08.057572848,True,False,2,2026-11-06 01:40:52.114279963,,Contacted,
L201491,P101975,S0048602,,FHB,First-Home Urban Starters,housing,CR-D-bizasset,facebook,DCO2026,2026-09-09 13:52:00,BR-014,Ratchadaphisek,2026-09-09 14:41:03.346189597,False,False,3,,,Not Qualified,not_qualified
L201492,P161195,S0048616,,FHB,First-Home Urban Starters,housing,CR-G-firsthome,display,DCO2026,2026-10-31 22:31:00,BR-061,Rangsit,2026-10-31 23:47:47.259060085,True,False,3,,,Cannot Contact,cannot_contact
L201493,P120501,S0048648,CIF720501,SAE,Smart Asset Entrepreneurs,housing,CR-G-firsthome,display,DCO2026,2026-09-05 18:11:00,BR-044,Khon Kaen,2026-09-05 19:40:14.811689403,False,False,5,,,Not Qualified,not_qualified
L201494,P154341,S0048649,,FAM,Family Upgraders,housing,CR-F-payless,facebook,DCO2026,2026-11-02 14:08:00,BR-061,Rangsit,2026-11-02 14:42:24.960250308,True,False,2,2026-11-03 06:51:13.656608648,2026-11-06 00:30:03.807579489,Document Pending,
L201495,P163677,S0048671,,OPT,The Optimizer,refinance,CR-A-ratecut,google,DCO2026,2026-09-04 21:57:00,BR-052,Chiang Mai,2026-09-04 22:51:47.777095443,True,False,3,2026-09-05 02:19:59.748898137,,Contacted,
L201496,P103820,S0048707,CIF703820,MRL,The Monthly Relief,refinance,CR-E-refi-save,facebook,DCO2026,2026-09-05 20:36:00,BR-052,Chiang Mai,2026-09-06 00:02:58.998263510,False,False,2,,,Not Qualified,not_qualified
L201497,P104531,S0048718,,FHB,First-Home Urban Starters,housing,CR-F-payless,google,DCO2026,2026-10-04 21:11:00,BR-061,Rangsit,2026-10-04 23:43:44.297514812,False,False,3,,,Not Qualified,not_qualified
L201498,P175130,S0048736,,MRL,The Monthly Relief,refinance,CR-B-calculator,line,DCO2026,2026-10-31 20:15:00,BR-014,Ratchadaphisek,2026-10-31 23:42:21.173929808,True,False,3,2026-11-01 07:25:15.551187445,2026-11-07 20:47:24.780905570,Document Pending,
L201499,P101700,S0048744,,OPT,The Optimizer,refinance,CR-C-familyhome,facebook,DCO2026,2026-10-15 14:08:00,BR-061,Rangsit,2026-10-15 17:47:28.642801561,True,False,3,2026-10-16 00:44:46.524290367,2026-10-24 15:27:42.230206153,Document Pending,
L201500,P153884,S0048787,CIF753884,FHB,First-Home Urban Starters,housing,CR-F-payless,google,,2026-09-25 22:34:00,BR-044,Khon Kaen,2026-09-26 01:08:50.566305608,False,False,3,,,Not Qualified,not_qualified
L201501,P152261,S0048887,CIF752261,FHB,First-Home Urban Starters,housing,CR-E-refi-save,facebook,DCO2026,2026-10-30 11:56:00,BR-052,Chiang Mai,2026-10-30 12:24:50.543785027,True,False,3,,,Cannot Contact,cannot_contact
L201502,P120216,S0048888,,OPT,The Optimizer,refinance,CR-G-firsthome,facebook,DCO2026,2026-10-09 08:37:00,BR-044,Khon Kaen,2026-10-09 09:56:29.962459725,True,True,4,,,Duplicate Lead,duplicate_lead
L201503,P163343,S0048964,,FAM,Family Upgraders,housing,CR-A-ratecut,facebook,DCO2026,2026-09-02 08:05:00,BR-052,Chiang Mai,2026-09-02 09:57:49.885170290,True,False,3,2026-09-03 01:18:23.174364846,2026-09-08 10:39:20.681387616,Document Pending,
L201504,P124079,S0048988,CIF724079,FHB,First-Home Urban Starters,housing,CR-H-refi-fast,line,DCO2026,2026-11-05 20:26:00,BR-061,Rangsit,2026-11-05 22:09:27.632330374,True,False,1,,,Cannot Contact,cannot_contact
L201505,P114539,S0049022,,FHB,First-Home Urban Starters,housing,CR-E-refi-save,google,DCO2026,2026-09-18 13:08:00,BR-061,Rangsit,2026-09-18 13:33:41.233273125,False,False,2,,,Not Qualified,not_qualified
L201506,P106863,S0049032,,OPT,The Optimizer,refinance,CR-F-payless,google,,2026-10-16 18:07:00,BR-052,Chiang Mai,2026-10-16 22:03:45.220989670,True,False,2,,,Cannot Contact,cannot_contact
L201507,P120116,S0049078,CIF720116,FHB,First-Home Urban Starters,housing,CR-B-calculator,facebook,DCO2026,2026-09-15 09:06:00,BR-061,Rangsit,2026-09-15 22:14:54.386338304,True,False,2,2026-09-17 01:46:58.551891146,2026-09-30 04:14:09.158907814,Document Pending,
L201508,P152618,S0049106,CIF752618,FHB,First-Home Urban Starters,housing,CR-F-payless,google,DCO2026,2026-10-02 15:48:00,BR-044,Khon Kaen,2026-10-02 19:53:47.545787403,False,False,5,,,Not Qualified,not_qualified
L201509,P141575,S0049127,,FHB,First-Home Urban Starters,housing,CR-E-refi-save,google,DCO2026,2026-10-12 22:45:00,BR-022,Bang Khae,2026-10-13 00:02:57.861481232,False,False,2,,,Not Qualified,not_qualified
L201510,P158416,S0049143,,FHB,First-Home Urban Starters,housing,CR-F-payless,google,DCO2026,2026-09-28 13:38:00,BR-031,Hat Yai,2026-09-28 14:55:55.592597893,False,False,4,,,Not Qualified,not_qualified
L201511,P148260,S0049164,,FHB,First-Home Urban Starters,housing,CR-H-refi-fast,line,DCO2026,2026-09-05 19:09:00,BR-022,Bang Khae,2026-09-05 22:04:19.899070719,False,False,1,,,Not Qualified,not_qualified
L201512,P156993,S0049182,,FHB,First-Home Urban Starters,housing,CR-H-refi-fast,facebook,DCO2026,2026-10-01 15:34:00,BR-031,Hat Yai,2026-10-01 20:24:23.465679684,True,False,3,2026-10-03 13:54:46.750640888,,Contacted,
L201513,,S0049186,,FHB,First-Home Urban Starters,housing,CR-C-familyhome,google,DCO2026,2026-09-15 07:23:00,BR-022,Bang Khae,2026-09-15 07:53:21.519321116,True,False,3,2026-09-16 10:32:13.479246453,2026-09-19 13:04:23.608879922,Document Pending,
L201514,P160322,S0049210,,OPT,The Optimizer,refinance,CR-D-bizasset,facebook,DCO2026,2026-10-26 11:17:00,BR-022,Bang Khae,2026-10-26 12:34:35.631233790,True,True,3,,,Duplicate Lead,duplicate_lead
L201515,,S0049280,CIF777457,FHB,First-Home Urban Starters,housing,CR-E-refi-save,display,DCO2026,2026-10-02 10:58:00,BR-044,Khon Kaen,2026-10-02 13:36:48.994310562,False,False,2,,,Not Qualified,not_qualified
L201516,P124595,S0049285,,MRL,The Monthly Relief,refinance,CR-E-refi-save,facebook,DCO2026,2026-10-02 18:14:00,BR-014,Ratchadaphisek,2026-10-02 21:57:09.237148172,False,False,1,,,Not Qualified,not_qualified
L201517,P131654,S0049307,,FAM,Family Upgraders,housing,CR-H-refi-fast,facebook,DCO2026,2026-09-04 11:32:00,BR-031,Hat Yai,2026-09-04 11:39:13.352298589,True,False,3,2026-09-05 06:46:15.672038654,2026-09-10 06:58:02.514074380,Document Pending,
L201518,P161671,S0049312,,MRL,The Monthly Relief,refinance,CR-C-familyhome,facebook,DCO2026,2026-10-12 15:35:00,BR-014,Ratchadaphisek,2026-10-12 23:39:35.359874086,True,False,3,2026-10-14 06:39:38.622705517,,Contacted,
L201519,P146033,S0049313,CIF746033,MRL,The Monthly Relief,refinance,CR-E-refi-save,google,DCO2026,2026-09-14 13:11:00,BR-052,Chiang Mai,2026-09-14 14:37:36.689840466,True,False,2,2026-09-16 20:23:25.510550472,2026-09-22 09:15:25.922945132,Document Pending,
L201520,P167080,S0049318,,MRL,The Monthly Relief,refinance,CR-C-familyhome,facebook,DCO2026,2026-10-22 20:22:00,BR-052,Chiang Mai,2026-10-22 21:23:27.316038284,False,False,5,,,Not Qualified,not_qualified
L201521,P140878,S0049358,,FHB,First-Home Urban Starters,housing,CR-H-refi-fast,google,,2026-10-12 19:24:00,BR-031,Hat Yai,2026-10-13 01:27:47.006149672,False,False,1,,,Not Qualified,not_qualified
L201522,P139468,S0049359,CIF739468,FAM,Family Upgraders,housing,CR-E-refi-save,facebook,DCO2026,2026-10-15 16:39:00,BR-044,Khon Kaen,2026-10-15 18:53:30.778078300,False,False,5,,,Not Qualified,not_qualified
L201523,,S0049401,CIF761903,FHB,First-Home Urban Starters,housing,CR-F-payless,facebook,DCO2026,2026-10-29 07:55:00,BR-022,Bang Khae,2026-10-29 10:18:31.473975976,True,False,3,2026-10-29 20:10:41.658643551,,Contacted,
L201524,P159396,S0049418,,FHB,First-Home Urban Starters,housing,CR-G-firsthome,facebook,DCO2026,2026-11-07 09:00:00,BR-014,Ratchadaphisek,,True,False,2,2026-11-08 02:29:42.310404531,,Document Pending,
L201525,P161515,S0049426,CIF761515,MRL,The Monthly Relief,refinance,CR-A-ratecut,facebook,DCO2026,2026-09-07 19:10:00,BR-014,Ratchadaphisek,2026-09-07 22:11:18.765847275,True,False,3,,,Cannot Contact,cannot_contact
L201526,P100411,S0049456,CIF700411,OPT,The Optimizer,refinance,CR-C-familyhome,facebook,DCO2026,2026-09-02 12:30:00,BR-031,Hat Yai,2026-09-02 15:52:22.686126524,True,False,1,,,Cannot Contact,cannot_contact
L201527,P171866,S0049465,CIF771866,MRL,The Monthly Relief,refinance,CR-B-calculator,facebook,DCO2026,2026-11-07 21:15:00,BR-031,Hat Yai,,False,False,4,,,Not Qualified,not_qualified
L201528,P173237,S0049474,,MRL,The Monthly Relief,refinance,CR-D-bizasset,google,DCO2026,2026-10-04 07:54:00,BR-052,Chiang Mai,2026-10-04 08:24:18.885366255,True,False,2,2026-10-05 12:13:28.631638880,,Contacted,
L201529,P143474,S0049484,CIF743474,FHB,First-Home Urban Starters,housing,CR-D-bizasset,facebook,DCO2026,2026-11-05 09:40:00,BR-044,Khon Kaen,2026-11-05 10:14:45.563256724,False,False,5,,,Not Qualified,not_qualified
L201530,P128509,S0049499,,OPT,The Optimizer,refinance,CR-E-refi-save,google,DCO2026,2026-10-31 22:05:00,BR-031,Hat Yai,2026-10-31 22:41:21.594252402,True,False,1,2026-11-02 13:27:59.239034652,,Contacted,
L201531,P134370,S0049562,,FAM,Family Upgraders,housing,CR-B-calculator,facebook,,2026-10-05 16:25:00,BR-061,Rangsit,2026-10-05 17:58:16.531495711,True,False,2,2026-10-07 04:15:52.579995651,,Contacted,
L201532,P136374,S0049612,,FHB,First-Home Urban Starters,housing,CR-A-ratecut,google,DCO2026,2026-09-20 16:20:00,BR-061,Rangsit,2026-09-20 16:52:36.071478448,False,False,1,,,Not Qualified,not_qualified
L201533,P139031,S0049661,,FHB,First-Home Urban Starters,housing,CR-G-firsthome,line,DCO2026,2026-09-09 19:19:00,BR-014,Ratchadaphisek,,False,False,3,,,Not Qualified,not_qualified
L201534,P114228,S0049718,,FHB,First-Home Urban Starters,housing,CR-B-calculator,line,DCO2026,2026-10-09 16:35:00,BR-014,Ratchadaphisek,2026-10-09 21:55:07.977659110,True,False,3,,,Cannot Contact,cannot_contact
L201535,P164934,S0049738,,FHB,First-Home Urban Starters,housing,CR-A-ratecut,line,DCO2026,2026-09-26 20:09:00,BR-031,Hat Yai,2026-09-26 21:54:43.626050272,True,False,3,2026-09-27 05:49:07.583209114,,Contacted,
L201536,P159627,S0049786,CIF759627,OPT,The Optimizer,refinance,CR-F-payless,google,DCO2026,2026-10-23 17:00:00,BR-061,Rangsit,2026-10-23 21:06:19.382383454,False,False,2,,,Not Qualified,not_qualified
L201537,P177094,S0049793,CIF777094,FHB,First-Home Urban Starters,housing,CR-C-familyhome,facebook,DCO2026,2026-10-19 18:51:00,BR-022,Bang Khae,2026-10-19 20:20:46.796304109,True,False,1,2026-10-20 19:47:02.149327608,2026-10-21 13:48:23.355384696,Document Pending,
L201538,P128128,S0049809,,FHB,First-Home Urban Starters,housing,CR-C-familyhome,facebook,DCO2026,2026-10-12 19:55:00,BR-031,Hat Yai,2026-10-13 03:43:06.001493511,False,False,1,,,Not Qualified,not_qualified
L201539,P174049,S0049822,,FHB,First-Home Urban Starters,housing,CR-A-ratecut,google,DCO2026,2026-10-09 20:05:00,BR-031,Hat Yai,2026-10-09 21:09:40.870188498,True,False,2,,,Cannot Contact,cannot_contact
L201540,P154510,S0049830,,FHB,First-Home Urban Starters,housing,CR-C-familyhome,line,DCO2026,2026-10-23 14:44:00,BR-061,Rangsit,2026-10-23 15:02:52.337348240,False,False,3,,,Not Qualified,not_qualified
L201541,P110945,S0049840,,MRL,The Monthly Relief,refinance,CR-B-calculator,display,DCO2026,2026-09-29 15:24:00,BR-031,Hat Yai,2026-09-29 17:19:02.670329366,False,False,1,,,Not Qualified,not_qualified
L201542,P100983,S0049879,,FHB,First-Home Urban Starters,housing,CR-B-calculator,facebook,DCO2026,2026-09-19 21:54:00,BR-014,Ratchadaphisek,2026-09-19 23:26:09.943864450,True,False,2,2026-09-23 06:39:18.592689186,,Contacted,
L201543,,S0049908,,FHB,First-Home Urban Starters,housing,CR-B-calculator,facebook,DCO2026,2026-09-10 11:52:00,BR-014,Ratchadaphisek,2026-09-10 13:02:54.808409650,False,False,4,,,Not Qualified,not_qualified
L201544,P127686,S0049909,CIF727686,FHB,First-Home Urban Starters,housing,CR-A-ratecut,google,DCO2026,2026-09-14 15:09:00,BR-061,Rangsit,2026-09-14 15:23:14.184103333,True,False,3,2026-09-16 00:12:57.202288527,2026-09-17 09:03:30.959471214,Document Pending,
L201545,P173229,S0049945,,FHB,First-Home Urban Starters,housing,CR-E-refi-save,google,DCO2026,2026-09-13 21:19:00,BR-052,Chiang Mai,2026-09-14 01:25:29.282863978,True,False,3,,,Cannot Contact,cannot_contact
L201546,P129201,S0049967,CIF729201,SAE,Smart Asset Entrepreneurs,housing,CR-E-refi-save,facebook,DCO2026,2026-09-20 19:56:00,BR-031,Hat Yai,2026-09-21 03:59:43.896309530,True,False,1,2026-09-23 21:44:56.274380791,,Contacted,
L201547,P136508,S0050049,,OPT,The Optimizer,refinance,CR-E-refi-save,google,DCO2026,2026-09-26 11:07:00,BR-061,Rangsit,,True,False,3,2026-09-27 23:40:14.843046589,2026-09-29 11:29:24.316303972,Document Pending,
L201548,P164472,S0050080,,OPT,The Optimizer,refinance,CR-F-payless,google,DCO2026,2026-09-05 11:58:00,BR-052,Chiang Mai,2026-09-05 16:32:46.637138236,False,False,3,,,Not Qualified,not_qualified
L201549,P113773,S0050149,,FAM,Family Upgraders,housing,CR-E-refi-save,facebook,DCO2026,2026-10-11 10:50:00,BR-022,Bang Khae,2026-10-11 11:34:31.456576280,True,False,3,2026-10-12 14:29:59.509687827,2026-10-28 08:47:21.981829986,Document Pending,
L201550,P164254,S0050203,,FAM,Family Upgraders,housing,CR-H-refi-fast,line,DCO2026,2026-10-21 17:42:00,BR-061,Rangsit,2026-10-21 19:03:26.611548728,False,False,3,,,Not Qualified,not_qualified
L201551,P102211,S0050208,,FHB,First-Home Urban Starters,housing,CR-G-firsthome,display,,2026-10-26 10:30:00,BR-052,Chiang Mai,2026-10-26 11:47:28.655622960,True,False,1,2026-10-28 05:34:54.430996652,2026-11-08 20:07:58.550467836,Document Pending,
L201552,P133319,S0050219,,FHB,First-Home Urban Starters,housing,CR-H-refi-fast,google,DCO2026,2026-09-11 19:12:00,BR-014,Ratchadaphisek,2026-09-11 20:22:21.808027552,False,False,2,,,Not Qualified,not_qualified
L201553,,S0050398,CIF761199,FHB,First-Home Urban Starters,housing,CR-D-bizasset,facebook,DCO2026,2026-10-12 22:58:00,BR-044,Khon Kaen,,True,False,1,2026-10-14 11:04:18.637986578,,Contacted,
L201554,P150069,S0050447,,OPT,The Optimizer,refinance,CR-A-ratecut,google,,2026-09-28 11:07:00,BR-052,Chiang Mai,2026-09-28 15:19:09.680865336,False,False,3,,,Not Qualified,not_qualified
L201555,P180235,S0050449,,FHB,First-Home Urban Starters,housing,CR-E-refi-save,facebook,DCO2026,2026-09-03 15:11:00,BR-061,Rangsit,2026-09-03 19:41:54.598561297,True,False,5,,,Cannot Contact,cannot_contact
L201556,P162601,S0050473,,OPT,The Optimizer,refinance,CR-B-calculator,google,DCO2026,2026-09-09 19:33:00,BR-052,Chiang Mai,2026-09-09 20:49:39.693884210,True,False,3,2026-09-10 08:08:30.437305227,,Contacted,
L201557,P117381,S0050542,CIF717381,OPT,The Optimizer,refinance,CR-F-payless,facebook,,2026-10-12 10:36:00,BR-061,Rangsit,,True,False,3,2026-10-14 15:03:59.748698415,2026-10-17 08:13:54.000172311,Document Pending,
L201558,P135015,S0050545,,FHB,First-Home Urban Starters,housing,CR-E-refi-save,line,DCO2026,2026-10-08 16:56:00,BR-052,Chiang Mai,2026-10-08 17:51:00.569741120,False,False,3,,,Not Qualified,not_qualified
L201559,P113828,S0050556,,FAM,Family Upgraders,housing,CR-E-refi-save,facebook,DCO2026,2026-11-06 12:40:00,BR-022,Bang Khae,2026-11-06 13:36:46.056429571,False,False,1,,,Not Qualified,not_qualified
L201560,P117804,S0050611,CIF717804,FHB,First-Home Urban Starters,housing,CR-A-ratecut,google,,2026-09-13 14:50:00,BR-044,Khon Kaen,2026-09-13 17:52:58.998118984,True,False,3,2026-09-15 05:55:51.228302593,2026-09-16 07:49:37.976448836,Document Pending,
L201561,P144830,S0050667,CIF744830,FHB,First-Home Urban Starters,housing,CR-F-payless,facebook,DCO2026,2026-10-28 19:55:00,BR-052,Chiang Mai,2026-10-28 20:46:02.288503965,True,False,2,2026-10-29 11:39:38.520616794,,Contacted,
L201562,P173186,S0050705,,OPT,The Optimizer,refinance,CR-F-payless,facebook,DCO2026,2026-11-08 11:35:00,BR-061,Rangsit,,True,False,3,2026-11-09 15:47:38.919874827,,Contacted,
L201563,P133626,S0050709,,FAM,Family Upgraders,housing,CR-H-refi-fast,facebook,DCO2026,2026-10-30 17:11:00,BR-022,Bang Khae,2026-10-30 20:11:52.366363434,False,False,4,,,Not Qualified,not_qualified
L201564,P127416,S0050722,,FHB,First-Home Urban Starters,housing,CR-H-refi-fast,line,DCO2026,2026-10-06 10:40:00,BR-022,Bang Khae,2026-10-06 11:22:15.816587504,True,False,2,2026-10-08 02:54:23.509525675,2026-10-23 01:33:24.772249248,Document Pending,
L201565,P156480,S0050749,,FHB,First-Home Urban Starters,housing,CR-B-calculator,facebook,DCO2026,2026-09-24 19:47:00,BR-014,Ratchadaphisek,2026-09-24 20:13:54.629352520,True,False,2,2026-09-26 10:38:09.707673434,2026-09-27 19:06:33.494191482,Document Pending,
L201566,P141875,S0050880,,FHB,First-Home Urban Starters,housing,CR-H-refi-fast,google,DCO2026,2026-09-17 10:59:00,BR-031,Hat Yai,2026-09-17 12:29:30.742074604,False,False,1,,,Not Qualified,not_qualified
L201567,P128262,S0050908,CIF728262,MRL,The Monthly Relief,refinance,CR-G-firsthome,facebook,DCO2026,2026-10-17 20:49:00,BR-014,Ratchadaphisek,2026-10-17 23:03:49.727590393,True,False,1,2026-10-19 08:02:15.414118197,,Contacted,
L201568,P155603,S0050931,,MRL,The Monthly Relief,refinance,CR-G-firsthome,google,DCO2026,2026-10-09 21:14:00,BR-014,Ratchadaphisek,2026-10-09 23:16:44.765679303,True,False,3,2026-10-11 09:17:47.994249423,2026-10-14 01:39:18.720233216,Document Pending,
L201569,P141801,S0050956,CIF741801,OPT,The Optimizer,refinance,CR-C-familyhome,facebook,,2026-10-05 13:52:00,BR-061,Rangsit,2026-10-05 16:43:37.870829748,True,False,3,,,Cannot Contact,cannot_contact
L201570,P154987,S0050966,,FHB,First-Home Urban Starters,housing,CR-H-refi-fast,facebook,,2026-10-04 09:10:00,BR-031,Hat Yai,2026-10-04 11:29:57.489822930,True,False,1,2026-10-05 13:49:08.660388484,2026-10-10 12:18:15.560907828,Document Pending,
L201571,P174360,S0051032,,FAM,Family Upgraders,housing,CR-F-payless,facebook,DCO2026,2026-10-28 07:07:00,BR-031,Hat Yai,2026-10-28 08:17:48.908764945,False,False,1,,,Not Qualified,not_qualified
L201572,P119405,S0051065,,FAM,Family Upgraders,housing,CR-A-ratecut,facebook,DCO2026,2026-10-28 16:04:00,BR-031,Hat Yai,2026-10-28 16:24:10.217625129,True,False,3,2026-10-29 21:49:48.857936324,2026-11-01 15:03:48.749167694,Document Pending,
L201573,P139713,S0051073,CIF739713,FHB,First-Home Urban Starters,housing,CR-G-firsthome,facebook,DCO2026,2026-09-29 09:14:00,BR-014,Ratchadaphisek,2026-09-29 10:31:27.284664440,True,False,4,,,Cannot Contact,cannot_contact
L201574,P103220,S0051091,,OPT,The Optimizer,refinance,CR-H-refi-fast,facebook,DCO2026,2026-10-20 08:13:00,BR-052,Chiang Mai,2026-10-20 10:42:25.260568962,False,False,1,,,Not Qualified,not_qualified
L201575,P152916,S0051094,,MRL,The Monthly Relief,refinance,CR-F-payless,facebook,DCO2026,2026-09-07 08:49:00,BR-022,Bang Khae,2026-09-07 09:58:11.855331331,True,False,3,2026-09-08 16:54:50.905628646,2026-09-12 03:20:31.529021491,Document Pending,
L201576,P126902,S0051135,CIF726902,FHB,First-Home Urban Starters,housing,CR-B-calculator,facebook,DCO2026,2026-10-27 17:41:00,BR-052,Chiang Mai,2026-10-27 18:54:13.967219654,False,True,2,,,Duplicate Lead,duplicate_lead
L201577,P101826,S0051190,CIF701826,MRL,The Monthly Relief,refinance,CR-A-ratecut,google,DCO2026,2026-10-05 19:56:00,BR-014,Ratchadaphisek,2026-10-05 23:01:36.921620932,True,False,1,2026-10-06 10:47:54.869180425,,Contacted,
L201578,P174147,S0051209,CIF774147,FAM,Family Upgraders,housing,CR-D-bizasset,google,DCO2026,2026-09-24 12:57:00,BR-061,Rangsit,2026-09-24 14:42:09.818573083,True,False,1,2026-09-25 07:46:38.299184266,2026-10-03 22:35:28.355499621,Document Pending,
L201579,P101895,S0051215,,FHB,First-Home Urban Starters,housing,CR-F-payless,facebook,,2026-10-17 14:50:00,BR-022,Bang Khae,2026-10-17 17:53:04.701855870,True,False,2,2026-10-18 12:20:10.403513283,2026-10-20 00:28:56.292536540,Document Pending,
L201580,P142701,S0051280,,MRL,The Monthly Relief,refinance,CR-H-refi-fast,facebook,DCO2026,2026-10-15 10:20:00,BR-044,Khon Kaen,2026-10-15 11:14:47.661719511,False,False,5,,,Not Qualified,not_qualified
L201581,P122664,S0051304,CIF722664,FHB,First-Home Urban Starters,housing,CR-B-calculator,facebook,DCO2026,2026-10-16 15:22:00,BR-022,Bang Khae,2026-10-16 15:39:37.912927725,False,False,3,,,Not Qualified,not_qualified
L201582,P146759,S0051322,,FHB,First-Home Urban Starters,housing,CR-E-refi-save,facebook,DCO2026,2026-10-08 15:53:00,BR-044,Khon Kaen,2026-10-08 19:17:06.204384648,True,False,3,2026-10-09 01:22:32.037905367,,Contacted,
L201583,P128575,S0051330,CIF728575,FAM,Family Upgraders,housing,CR-H-refi-fast,facebook,DCO2026,2026-09-03 16:03:00,BR-061,Rangsit,2026-09-03 16:24:03.950379021,False,True,2,,,Duplicate Lead,duplicate_lead
L201584,P120628,S0051360,CIF720628,FHB,First-Home Urban Starters,housing,CR-A-ratecut,google,DCO2026,2026-10-05 19:13:00,BR-052,Chiang Mai,2026-10-05 20:55:22.092281492,True,False,1,,,Cannot Contact,cannot_contact
L201585,P181424,S0051381,CIF781424,OPT,The Optimizer,refinance,CR-F-payless,facebook,DCO2026,2026-10-17 16:07:00,BR-044,Khon Kaen,2026-10-17 19:13:59.597672677,True,False,2,2026-10-18 23:00:24.607115412,2026-10-24 22:23:57.834319479,Document Pending,
L201586,P127154,S0051412,CIF727154,FAM,Family Upgraders,housing,CR-G-firsthome,line,DCO2026,2026-09-10 13:22:00,BR-052,Chiang Mai,,True,False,1,2026-09-12 11:10:20.788078842,2026-09-15 10:57:30.247739894,Document Pending,
L201587,P157473,S0051425,CIF757473,FHB,First-Home Urban Starters,housing,CR-H-refi-fast,facebook,DCO2026,2026-10-07 21:48:00,BR-061,Rangsit,2026-10-07 23:40:34.117919986,True,False,1,2026-10-09 19:44:29.900458590,,Contacted,
L201588,P174643,S0051428,,SAE,Smart Asset Entrepreneurs,housing,CR-G-firsthome,google,DCO2026,2026-10-12 15:05:00,BR-014,Ratchadaphisek,2026-10-12 17:19:50.705087262,True,False,5,,,Cannot Contact,cannot_contact
L201589,P140433,S0051510,,FAM,Family Upgraders,housing,CR-F-payless,facebook,DCO2026,2026-10-29 22:35:00,BR-031,Hat Yai,2026-10-29 23:53:51.100942374,True,False,2,2026-10-31 13:37:01.249099008,,Contacted,
L201590,P181801,S0051582,,OPT,The Optimizer,refinance,CR-C-familyhome,google,DCO2026,2026-11-04 07:31:00,BR-014,Ratchadaphisek,2026-11-04 08:16:56.901519640,True,False,3,2026-11-06 00:15:52.316035386,,Contacted,
L201591,P144038,S0051666,,OPT,The Optimizer,refinance,CR-C-familyhome,facebook,,2026-09-14 11:20:00,BR-052,Chiang Mai,2026-09-14 12:59:00.726553404,False,False,4,,,Not Qualified,not_qualified
L201592,P100989,S0051670,CIF700989,FHB,First-Home Urban Starters,housing,CR-A-ratecut,facebook,DCO2026,2026-09-09 10:51:00,BR-052,Chiang Mai,2026-09-09 17:38:46.336911309,True,False,2,2026-09-10 06:11:20.574258784,2026-09-16 19:13:14.322514868,Document Pending,
L201593,P160307,S0051683,,MRL,The Monthly Relief,refinance,CR-D-bizasset,facebook,DCO2026,2026-09-11 14:23:00,BR-014,Ratchadaphisek,2026-09-11 16:07:00.312831474,True,False,3,2026-09-12 01:27:37.640803058,,Contacted,
L201594,,S0051685,,FAM,Family Upgraders,housing,CR-F-payless,facebook,DCO2026,2026-10-30 09:44:00,BR-044,Khon Kaen,2026-10-30 10:35:54.095735055,True,False,4,,,Cannot Contact,cannot_contact
L201595,,S0051705,,MRL,The Monthly Relief,refinance,CR-F-payless,facebook,DCO2026,2026-10-14 10:38:00,BR-022,Bang Khae,2026-10-14 12:01:27.471872457,False,False,3,,,Not Qualified,not_qualified
L201596,P103543,S0051751,,FAM,Family Upgraders,housing,CR-B-calculator,facebook,DCO2026,2026-09-03 11:42:00,BR-022,Bang Khae,2026-09-03 12:39:47.167101860,True,False,1,,,Cannot Contact,cannot_contact
L201597,P163143,S0051766,,OPT,The Optimizer,refinance,CR-D-bizasset,display,DCO2026,2026-09-04 12:23:00,BR-061,Rangsit,,True,False,3,2026-09-05 13:16:54.228542866,,Contacted,
L201598,,S0051797,CIF730283,FHB,First-Home Urban Starters,housing,CR-B-calculator,line,DCO2026,2026-10-26 20:19:00,BR-022,Bang Khae,2026-10-26 21:18:53.338736115,True,False,2,2026-10-28 10:51:04.506503319,2026-11-03 06:26:46.104663399,Document Pending,
L201599,P174394,S0051831,,MRL,The Monthly Relief,refinance,CR-B-calculator,google,DCO2026,2026-09-16 18:15:00,BR-031,Hat Yai,2026-09-16 18:29:59.037056646,False,False,2,,,Not Qualified,not_qualified
L201600,P158824,S0051894,,OPT,The Optimizer,refinance,CR-F-payless,facebook,DCO2026,2026-10-08 14:47:00,BR-031,Hat Yai,2026-10-08 19:54:25.854342466,True,False,2,2026-10-09 14:09:53.760612421,2026-10-11 02:33:33.177007977,Document Pending,
L201601,P112934,S0051908,CIF712934,FHB,First-Home Urban Starters,housing,CR-C-familyhome,facebook,DCO2026,2026-11-04 11:43:00,BR-052,Chiang Mai,2026-11-04 16:05:29.608085388,True,False,2,2026-11-04 23:41:17.052419366,2026-11-07 03:57:45.161124810,Document Pending,
L201602,P143098,S0051946,,SAE,Smart Asset Entrepreneurs,housing,CR-G-firsthome,facebook,DCO2026,2026-09-01 16:05:00,BR-044,Khon Kaen,2026-09-01 16:29:05.943414841,True,False,1,2026-09-02 21:56:18.485537684,,Contacted,
L201603,P158889,S0051956,CIF758889,OPT,The Optimizer,refinance,CR-G-firsthome,google,DCO2026,2026-10-09 21:28:00,BR-014,Ratchadaphisek,2026-10-09 22:28:11.965814460,True,False,3,2026-10-10 19:54:35.714548219,,Contacted,
L201604,P177807,S0051970,,OPT,The Optimizer,refinance,CR-E-refi-save,line,DCO2026,2026-11-06 09:04:00,BR-061,Rangsit,2026-11-06 09:25:55.104874426,True,False,2,2026-11-06 23:12:37.649734522,,Document Pending,
L201605,P169742,S0051988,,FAM,Family Upgraders,housing,CR-C-familyhome,line,DCO2026,2026-09-11 19:19:00,BR-044,Khon Kaen,2026-09-11 21:08:33.835664553,False,False,5,,,Not Qualified,not_qualified
L201606,P141502,S0052017,,MRL,The Monthly Relief,refinance,CR-C-familyhome,facebook,DCO2026,2026-11-05 14:23:00,BR-061,Rangsit,2026-11-05 14:53:36.531845287,False,False,1,,,Not Qualified,not_qualified
L201607,P100921,S0052076,CIF700921,MRL,The Monthly Relief,refinance,CR-C-familyhome,facebook,DCO2026,2026-10-23 10:48:00,BR-031,Hat Yai,2026-10-23 12:09:28.225850378,False,False,3,,,Not Qualified,not_qualified
L201608,P112011,S0052089,,FHB,First-Home Urban Starters,housing,CR-H-refi-fast,facebook,DCO2026,2026-10-01 18:21:00,BR-022,Bang Khae,2026-10-01 21:12:34.635623338,True,False,3,2026-10-02 18:55:43.643866648,2026-10-04 02:41:05.004628828,Document Pending,
L201609,,S0052110,CIF703924,FHB,First-Home Urban Starters,housing,CR-G-firsthome,facebook,DCO2026,2026-10-25 08:14:00,BR-031,Hat Yai,2026-10-25 09:32:37.734722341,False,False,5,,,Not Qualified,not_qualified
L201610,P135512,S0052155,,FHB,First-Home Urban Starters,housing,CR-E-refi-save,display,DCO2026,2026-11-09 20:52:00,BR-031,Hat Yai,,False,False,3,,,Not Qualified,not_qualified
L201611,P137661,S0052187,CIF737661,MRL,The Monthly Relief,refinance,CR-D-bizasset,display,DCO2026,2026-10-21 18:55:00,BR-014,Ratchadaphisek,2026-10-21 22:40:59.955773626,False,False,3,,,Not Qualified,not_qualified
L201612,P147946,S0052206,,FAM,Family Upgraders,housing,CR-A-ratecut,facebook,DCO2026,2026-10-13 21:36:00,BR-061,Rangsit,2026-10-14 01:06:37.343509171,False,False,5,,,Not Qualified,not_qualified
L201613,P167864,S0052267,,OPT,The Optimizer,refinance,CR-D-bizasset,facebook,DCO2026,2026-09-08 11:31:00,BR-061,Rangsit,2026-09-08 11:36:13.899002150,False,False,5,,,Not Qualified,not_qualified
L201614,P127380,S0052341,CIF727380,OPT,The Optimizer,refinance,CR-C-familyhome,display,DCO2026,2026-11-09 09:37:00,BR-052,Chiang Mai,,True,False,3,,,Contacted,
L201615,P123064,S0052344,,FAM,Family Upgraders,housing,CR-D-bizasset,line,DCO2026,2026-10-20 21:46:00,BR-061,Rangsit,2026-10-21 00:51:20.969286043,False,False,4,,,Not Qualified,not_qualified
L201616,,S0052412,CIF746669,SAE,Smart Asset Entrepreneurs,housing,CR-C-familyhome,facebook,DCO2026,2026-09-07 17:54:00,BR-052,Chiang Mai,2026-09-08 01:31:25.775144281,False,False,1,,,Not Qualified,not_qualified
L201617,P116076,S0052480,,FAM,Family Upgraders,housing,CR-A-ratecut,display,DCO2026,2026-11-01 18:41:00,BR-022,Bang Khae,2026-11-01 19:01:25.404569948,True,False,1,2026-11-02 08:57:05.037236281,,Contacted,
L201618,P121239,S0052501,,FHB,First-Home Urban Starters,housing,CR-B-calculator,facebook,DCO2026,2026-09-09 22:01:00,BR-014,Ratchadaphisek,2026-09-09 23:58:57.683007450,True,False,3,2026-09-11 02:05:17.990092739,2026-09-14 10:33:03.844157175,Document Pending,
L201619,P148397,S0052514,,OPT,The Optimizer,refinance,CR-D-bizasset,facebook,DCO2026,2026-11-04 13:18:00,BR-022,Bang Khae,2026-11-04 13:44:19.141345564,True,False,2,2026-11-05 04:40:13.928004004,,Contacted,
L201620,P172352,S0052542,CIF772352,FAM,Family Upgraders,housing,CR-G-firsthome,facebook,DCO2026,2026-11-02 09:30:00,BR-014,Ratchadaphisek,2026-11-02 10:03:19.535758934,True,False,3,2026-11-02 20:26:39.011556732,2026-11-03 19:01:01.816581158,Document Pending,
L201621,P163133,S0052554,,FHB,First-Home Urban Starters,housing,CR-G-firsthome,line,DCO2026,2026-10-06 10:54:00,BR-044,Khon Kaen,2026-10-06 12:09:31.921368850,False,True,1,,,Duplicate Lead,duplicate_lead
L201622,P123278,S0052589,,SAE,Smart Asset Entrepreneurs,housing,CR-D-bizasset,google,DCO2026,2026-11-07 17:09:00,BR-031,Hat Yai,,False,False,2,,,Not Qualified,not_qualified
L201623,P170921,S0052598,,FAM,Family Upgraders,housing,CR-A-ratecut,display,,2026-10-16 18:25:00,BR-031,Hat Yai,2026-10-16 21:53:46.093854486,True,False,3,2026-10-17 03:47:03.730206698,2026-10-24 12:50:06.237573794,Document Pending,
L201624,P107865,S0052658,,OPT,The Optimizer,refinance,CR-F-payless,facebook,DCO2026,2026-09-22 13:54:00,BR-044,Khon Kaen,2026-09-22 17:24:27.521361370,True,False,2,2026-09-24 00:41:30.211099936,,Contacted,
L201625,P114712,S0052665,,FAM,Family Upgraders,housing,CR-H-refi-fast,google,DCO2026,2026-10-18 18:19:00,BR-014,Ratchadaphisek,2026-10-18 18:36:03.305367182,True,False,3,2026-10-19 16:35:28.517430680,,Contacted,
L201626,P181194,S0052673,CIF781194,FHB,First-Home Urban Starters,housing,CR-F-payless,facebook,DCO2026,2026-09-05 21:55:00,BR-061,Rangsit,,True,False,1,2026-09-06 11:12:35.555529418,,Contacted,
L201627,P163072,S0052687,,FHB,First-Home Urban Starters,housing,CR-F-payless,line,DCO2026,2026-10-06 14:06:00,BR-061,Rangsit,2026-10-06 20:40:19.078647347,True,False,2,2026-10-07 08:38:16.541506298,2026-10-10 14:50:29.743322211,Document Pending,
L201628,P141875,S0052779,,FHB,First-Home Urban Starters,housing,CR-B-calculator,facebook,DCO2026,2026-10-19 13:02:00,BR-052,Chiang Mai,2026-10-19 13:56:50.303126815,True,False,2,2026-10-20 21:15:38.770874209,2026-10-31 18:21:16.702730475,Document Pending,
L201629,P148234,S0052789,,FHB,First-Home Urban Starters,housing,CR-F-payless,line,DCO2026,2026-10-28 11:40:00,BR-031,Hat Yai,2026-10-28 15:33:52.167316218,False,False,4,,,Not Qualified,not_qualified
L201630,P150583,S0052810,,FAM,Family Upgraders,housing,CR-F-payless,display,DCO2026,2026-10-03 18:13:00,BR-022,Bang Khae,2026-10-03 21:36:36.878568547,True,False,3,2026-10-04 09:34:21.087761475,,Contacted,
L201631,P119628,S0052826,,FHB,First-Home Urban Starters,housing,CR-H-refi-fast,display,DCO2026,2026-09-05 09:18:00,BR-052,Chiang Mai,2026-09-05 09:24:06.922280844,False,False,2,,,Not Qualified,not_qualified
L201632,P154491,S0052847,,MRL,The Monthly Relief,refinance,CR-F-payless,facebook,DCO2026,2026-09-04 11:24:00,BR-061,Rangsit,2026-09-04 14:47:05.218415714,False,False,1,,,Not Qualified,not_qualified
L201633,P168549,S0052864,CIF768549,OPT,The Optimizer,refinance,CR-F-payless,google,DCO2026,2026-09-13 13:48:00,BR-014,Ratchadaphisek,2026-09-13 14:36:19.885390700,True,False,2,2026-09-13 22:13:29.208282452,,Contacted,
L201634,P149121,S0052951,CIF749121,OPT,The Optimizer,refinance,CR-G-firsthome,facebook,DCO2026,2026-10-11 18:04:00,BR-052,Chiang Mai,2026-10-11 18:57:31.215932448,False,False,2,,,Not Qualified,not_qualified
L201635,P113675,S0052973,,FAM,Family Upgraders,housing,CR-D-bizasset,google,DCO2026,2026-10-15 22:14:00,BR-044,Khon Kaen,2026-10-16 00:46:30.416798425,True,False,3,2026-10-16 05:44:16.399944694,2026-10-20 23:24:52.843693789,Document Pending,
L201636,P174756,S0053012,CIF774756,FAM,Family Upgraders,housing,CR-G-firsthome,facebook,DCO2026,2026-09-26 11:02:00,BR-031,Hat Yai,2026-09-26 14:15:43.915079535,True,False,3,2026-09-26 16:08:39.761585787,2026-09-29 00:16:40.038344062,Document Pending,
L201637,P129961,S0053061,CIF729961,FHB,First-Home Urban Starters,housing,CR-D-bizasset,facebook,DCO2026,2026-10-26 08:18:00,BR-022,Bang Khae,2026-10-26 09:40:52.974397923,True,True,4,,,Duplicate Lead,duplicate_lead
L201638,P163174,S0053132,,OPT,The Optimizer,refinance,CR-A-ratecut,line,DCO2026,2026-10-23 13:27:00,BR-044,Khon Kaen,2026-10-23 16:00:11.696691474,True,False,2,2026-10-24 11:05:15.572938128,,Contacted,
L201639,P147376,S0053135,CIF747376,MRL,The Monthly Relief,refinance,CR-A-ratecut,facebook,DCO2026,2026-09-02 16:30:00,BR-031,Hat Yai,2026-09-02 17:21:23.285804248,False,False,2,,,Not Qualified,not_qualified
L201640,P156699,S0053168,CIF756699,SAE,Smart Asset Entrepreneurs,housing,CR-F-payless,facebook,DCO2026,2026-10-10 19:31:00,BR-044,Khon Kaen,2026-10-10 22:53:59.984217130,True,False,2,,,Cannot Contact,cannot_contact
L201641,,S0053259,,OPT,The Optimizer,refinance,CR-H-refi-fast,display,DCO2026,2026-10-10 21:18:00,BR-052,Chiang Mai,2026-10-10 21:47:52.092451856,True,False,1,2026-10-12 05:33:26.734003459,,Contacted,
L201642,P168547,S0053297,CIF768547,OPT,The Optimizer,refinance,CR-H-refi-fast,google,DCO2026,2026-09-12 18:32:00,BR-044,Khon Kaen,2026-09-12 23:08:35.685940003,True,False,4,,,Cannot Contact,cannot_contact
L201643,P107864,S0053313,,OPT,The Optimizer,refinance,CR-B-calculator,google,DCO2026,2026-09-29 12:29:00,BR-044,Khon Kaen,2026-09-29 16:27:59.163522747,True,False,2,2026-09-30 03:57:31.167380812,,Contacted,
L201644,P147157,S0053315,,FAM,Family Upgraders,housing,CR-E-refi-save,line,DCO2026,2026-09-03 11:23:00,BR-061,Rangsit,2026-09-03 15:34:03.537432283,False,False,1,,,Not Qualified,not_qualified
L201645,P180696,S0053412,,FAM,Family Upgraders,housing,CR-C-familyhome,google,DCO2026,2026-10-30 09:17:00,BR-052,Chiang Mai,2026-10-30 09:19:28.454005132,True,False,2,2026-11-02 00:21:28.842031498,2026-11-05 13:47:45.957844004,Document Pending,
L201646,P101761,S0053447,CIF701761,FAM,Family Upgraders,housing,CR-F-payless,facebook,DCO2026,2026-10-18 20:27:00,BR-022,Bang Khae,2026-10-18 22:24:00.381393669,False,False,5,,,Not Qualified,not_qualified
L201647,P139322,S0053463,CIF739322,FAM,Family Upgraders,housing,CR-A-ratecut,display,DCO2026,2026-10-05 19:15:00,BR-052,Chiang Mai,2026-10-05 23:01:49.421987716,True,False,1,2026-10-08 05:40:24.507271506,,Contacted,
L201648,P138031,S0053588,,MRL,The Monthly Relief,refinance,CR-F-payless,display,DCO2026,2026-10-01 10:52:00,BR-044,Khon Kaen,2026-10-01 12:44:06.771326257,True,False,4,,,Cannot Contact,cannot_contact
L201649,,S0053718,,FHB,First-Home Urban Starters,housing,CR-E-refi-save,display,DCO2026,2026-09-24 12:22:00,BR-052,Chiang Mai,2026-09-24 17:40:05.491084694,False,False,3,,,Not Qualified,not_qualified
L201650,P140525,S0053744,CIF740525,FAM,Family Upgraders,housing,CR-C-familyhome,google,DCO2026,2026-10-06 18:03:00,BR-022,Bang Khae,2026-10-06 19:19:43.251193228,False,False,3,,,Not Qualified,not_qualified
L201651,,S0053771,,FAM,Family Upgraders,housing,CR-A-ratecut,google,DCO2026,2026-11-06 20:36:00,BR-052,Chiang Mai,2026-11-06 21:34:29.520893060,False,False,4,,,Not Qualified,not_qualified
L201652,P107071,S0053776,CIF707071,FAM,Family Upgraders,housing,CR-A-ratecut,facebook,DCO2026,2026-10-01 14:00:00,BR-044,Khon Kaen,2026-10-01 15:53:48.694646601,True,False,1,2026-10-03 01:59:15.847309932,,Contacted,
L201653,P138922,S0053789,,FHB,First-Home Urban Starters,housing,CR-C-familyhome,display,DCO2026,2026-09-22 12:05:00,BR-014,Ratchadaphisek,2026-09-22 12:15:44.291862717,True,False,2,2026-09-23 00:48:45.964160007,,Contacted,
L201654,P169502,S0053794,,MRL,The Monthly Relief,refinance,CR-A-ratecut,display,,2026-10-25 13:09:00,BR-044,Khon Kaen,2026-10-25 16:12:38.503033376,False,False,1,,,Not Qualified,not_qualified
L201655,P161074,S0053846,,OPT,The Optimizer,refinance,CR-C-familyhome,facebook,DCO2026,2026-09-24 20:36:00,BR-031,Hat Yai,2026-09-24 23:09:32.724134906,False,False,3,,,Not Qualified,not_qualified
L201656,P127260,S0053864,,OPT,The Optimizer,refinance,CR-A-ratecut,line,DCO2026,2026-09-19 07:05:00,BR-014,Ratchadaphisek,2026-09-19 08:35:12.731228492,True,False,3,2026-09-21 09:55:25.236021854,,Contacted,
L201657,P127229,S0053867,,OPT,The Optimizer,refinance,CR-C-familyhome,google,DCO2026,2026-10-01 19:43:00,BR-052,Chiang Mai,2026-10-01 21:51:22.159257810,True,False,2,2026-10-02 10:19:26.570747862,,Contacted,
L201658,P164665,S0053883,,FHB,First-Home Urban Starters,housing,CR-H-refi-fast,facebook,DCO2026,2026-09-15 21:37:00,BR-031,Hat Yai,2026-09-15 23:49:18.737925876,True,False,2,2026-09-17 11:19:11.199106872,,Contacted,
L201659,P170443,S0053973,,FAM,Family Upgraders,housing,CR-D-bizasset,google,DCO2026,2026-09-09 20:09:00,BR-022,Bang Khae,2026-09-09 21:04:39.638811367,True,False,1,2026-09-10 02:15:14.977732827,,Contacted,
L201660,P105446,S0053991,CIF705446,FHB,First-Home Urban Starters,housing,CR-G-firsthome,google,,2026-09-21 15:01:00,BR-022,Bang Khae,2026-09-21 20:26:51.234872012,True,False,1,2026-09-23 10:51:58.826810684,,Contacted,
L201661,P165937,S0054016,,FAM,Family Upgraders,housing,CR-C-familyhome,display,DCO2026,2026-09-04 14:00:00,BR-061,Rangsit,2026-09-04 14:45:19.792446184,True,False,3,2026-09-06 09:27:03.569946361,,Contacted,
L201662,P124655,S0054064,,OPT,The Optimizer,refinance,CR-A-ratecut,facebook,DCO2026,2026-10-20 18:43:00,BR-044,Khon Kaen,2026-10-20 19:40:13.213992502,True,False,2,2026-10-21 20:14:45.776858073,2026-10-23 10:07:24.204508023,Document Pending,
L201663,P143416,S0054148,,SAE,Smart Asset Entrepreneurs,housing,CR-F-payless,line,DCO2026,2026-10-28 18:37:00,BR-052,Chiang Mai,2026-10-28 19:17:06.296444194,True,False,4,,,Cannot Contact,cannot_contact
L201664,,S0054250,CIF761950,FHB,First-Home Urban Starters,housing,CR-E-refi-save,facebook,DCO2026,2026-11-02 12:23:00,BR-014,Ratchadaphisek,2026-11-02 12:36:31.733400021,False,False,2,,,Not Qualified,not_qualified
L201665,P146618,S0054285,,OPT,The Optimizer,refinance,CR-B-calculator,google,DCO2026,2026-09-22 12:23:00,BR-022,Bang Khae,2026-09-22 14:42:49.275082740,False,False,4,,,Not Qualified,not_qualified
L201666,P137599,S0054310,,FHB,First-Home Urban Starters,housing,CR-D-bizasset,facebook,,2026-09-17 09:21:00,BR-022,Bang Khae,2026-09-17 10:17:59.495706546,True,False,1,2026-09-19 01:38:58.292824441,,Contacted,
L201667,,S0054373,,FAM,Family Upgraders,housing,CR-D-bizasset,facebook,,2026-09-18 14:31:00,BR-022,Bang Khae,2026-09-18 18:08:56.699502805,True,False,3,2026-09-19 08:36:16.779469473,2026-09-23 05:15:09.714581725,Document Pending,
L201668,P135590,S0054399,CIF735590,MRL,The Monthly Relief,refinance,CR-G-firsthome,facebook,DCO2026,2026-11-02 09:01:00,BR-014,Ratchadaphisek,2026-11-02 09:33:23.935481347,False,False,4,,,Not Qualified,not_qualified
L201669,,S0054400,CIF756176,FHB,First-Home Urban Starters,housing,CR-F-payless,google,,2026-10-19 11:45:00,BR-061,Rangsit,2026-10-19 13:15:29.275988007,False,False,1,,,Not Qualified,not_qualified
L201670,P103201,S0054436,CIF703201,MRL,The Monthly Relief,refinance,CR-G-firsthome,facebook,DCO2026,2026-10-03 14:29:00,BR-022,Bang Khae,2026-10-03 17:46:08.517182874,False,False,2,,,Not Qualified,not_qualified
L201671,P139316,S0054470,,SAE,Smart Asset Entrepreneurs,housing,CR-E-refi-save,line,DCO2026,2026-10-23 17:52:00,BR-022,Bang Khae,2026-10-23 18:11:25.968744508,True,False,1,2026-10-26 16:32:06.453006628,,Contacted,
L201672,P113688,S0054472,,MRL,The Monthly Relief,refinance,CR-F-payless,google,,2026-09-29 14:46:00,BR-014,Ratchadaphisek,2026-09-29 15:17:46.042441874,False,False,1,,,Not Qualified,not_qualified
L201673,P166872,S0054474,,FHB,First-Home Urban Starters,housing,CR-D-bizasset,facebook,DCO2026,2026-11-04 19:58:00,BR-052,Chiang Mai,2026-11-04 21:25:16.093420704,True,False,1,2026-11-05 21:37:24.920780972,,Contacted,
L201674,P115635,S0054533,CIF715635,FHB,First-Home Urban Starters,housing,CR-H-refi-fast,facebook,DCO2026,2026-11-05 16:50:00,BR-052,Chiang Mai,2026-11-05 19:44:47.491382487,True,False,3,2026-11-07 02:35:56.926614589,,Contacted,
L201675,P177159,S0054576,,FHB,First-Home Urban Starters,housing,CR-B-calculator,google,DCO2026,2026-09-29 09:04:00,BR-061,Rangsit,2026-09-29 09:42:58.853470214,True,False,1,2026-09-30 02:01:47.009394669,,Contacted,
L201676,P149944,S0054603,,FAM,Family Upgraders,housing,CR-D-bizasset,google,DCO2026,2026-10-26 21:01:00,BR-052,Chiang Mai,2026-10-26 22:35:13.626191766,False,False,1,,,Not Qualified,not_qualified
L201677,P138154,S0054605,,FAM,Family Upgraders,housing,CR-H-refi-fast,google,DCO2026,2026-10-28 14:11:00,BR-031,Hat Yai,2026-10-28 16:24:11.173150923,True,False,3,2026-10-30 04:30:37.863522757,2026-11-07 03:01:01.566677068,Document Pending,
L201678,P167810,S0054718,,FAM,Family Upgraders,housing,CR-E-refi-save,google,DCO2026,2026-10-10 07:39:00,BR-052,Chiang Mai,2026-10-10 12:12:37.736548099,True,False,5,,,Cannot Contact,cannot_contact
L201679,,S0054742,CIF737090,FHB,First-Home Urban Starters,housing,CR-B-calculator,facebook,DCO2026,2026-09-23 12:41:00,BR-014,Ratchadaphisek,2026-09-23 12:51:25.939225603,True,False,2,2026-09-24 12:36:25.931856608,2026-10-04 10:02:59.947089519,Document Pending,
L201680,P116103,S0054760,,MRL,The Monthly Relief,refinance,CR-H-refi-fast,facebook,DCO2026,2026-09-21 15:44:00,BR-022,Bang Khae,2026-09-21 17:02:38.196230515,False,False,5,,,Not Qualified,not_qualified
L201681,P108902,S0054770,,FHB,First-Home Urban Starters,housing,CR-D-bizasset,display,DCO2026,2026-10-06 12:50:00,BR-044,Khon Kaen,2026-10-06 17:40:17.466925876,True,False,1,2026-10-07 08:35:59.137861906,,Contacted,
L201682,P180797,S0054859,CIF780797,FHB,First-Home Urban Starters,housing,CR-G-firsthome,display,DCO2026,2026-10-04 09:55:00,BR-014,Ratchadaphisek,2026-10-04 11:17:25.615593685,True,False,3,2026-10-05 04:33:22.561941271,2026-10-10 10:38:48.957240738,Document Pending,
L201683,P166969,S0054895,,OPT,The Optimizer,refinance,CR-C-familyhome,facebook,DCO2026,2026-09-06 15:11:00,BR-044,Khon Kaen,2026-09-06 16:50:17.392148395,False,False,2,,,Not Qualified,not_qualified
L201684,P156441,S0054969,,FHB,First-Home Urban Starters,housing,CR-E-refi-save,google,DCO2026,2026-09-04 12:42:00,BR-014,Ratchadaphisek,2026-09-04 14:41:22.598257988,False,False,1,,,Not Qualified,not_qualified
L201685,P114933,S0054981,CIF714933,FHB,First-Home Urban Starters,housing,CR-B-calculator,line,DCO2026,2026-09-12 20:22:00,BR-022,Bang Khae,2026-09-12 21:16:15.541661163,False,False,2,,,Not Qualified,not_qualified
L201686,P163226,S0055004,,OPT,The Optimizer,refinance,CR-A-ratecut,facebook,DCO2026,2026-09-19 09:10:00,BR-061,Rangsit,2026-09-19 09:51:48.067775660,True,False,3,2026-09-19 21:48:51.699501006,,Contacted,
L201687,P150073,S0055025,,SAE,Smart Asset Entrepreneurs,housing,CR-D-bizasset,display,DCO2026,2026-10-20 17:35:00,BR-052,Chiang Mai,2026-10-20 17:41:52.934606031,True,False,2,2026-10-22 11:44:08.228386108,2026-10-24 04:35:50.890215351,Document Pending,
L201688,P149887,S0055076,,OPT,The Optimizer,refinance,CR-B-calculator,facebook,DCO2026,2026-10-13 22:40:00,BR-061,Rangsit,2026-10-13 23:20:40.015377163,True,False,1,2026-10-14 23:20:43.622171803,2026-10-24 08:40:27.589451252,Document Pending,
L201689,,S0055084,,FHB,First-Home Urban Starters,housing,CR-A-ratecut,google,,2026-09-29 22:41:00,BR-061,Rangsit,2026-09-30 00:20:17.281507525,True,False,3,2026-09-30 10:13:21.359301637,,Contacted,
L201690,P178921,S0055104,CIF778921,OPT,The Optimizer,refinance,CR-E-refi-save,facebook,DCO2026,2026-09-17 13:37:00,BR-052,Chiang Mai,2026-09-17 17:54:36.925960513,False,False,3,,,Not Qualified,not_qualified
L201691,P171614,S0055149,,SAE,Smart Asset Entrepreneurs,housing,CR-H-refi-fast,facebook,DCO2026,2026-09-06 15:48:00,BR-052,Chiang Mai,2026-09-06 16:41:05.344964052,True,False,2,,,Cannot Contact,cannot_contact
L201692,P152498,S0055246,CIF752498,FAM,Family Upgraders,housing,CR-B-calculator,google,DCO2026,2026-11-08 07:43:00,BR-022,Bang Khae,,True,False,3,,,Cannot Contact,cannot_contact
L201693,P129558,S0055291,,MRL,The Monthly Relief,refinance,CR-D-bizasset,google,DCO2026,2026-09-26 07:36:00,BR-052,Chiang Mai,2026-09-26 07:54:32.988664216,False,False,1,,,Not Qualified,not_qualified
L201694,P161495,S0055315,CIF761495,FAM,Family Upgraders,housing,CR-G-firsthome,facebook,DCO2026,2026-09-21 16:15:00,BR-014,Ratchadaphisek,2026-09-21 16:36:11.189425586,True,False,3,2026-09-25 04:33:05.931263178,2026-09-27 05:05:28.727092982,Document Pending,
L201695,P131688,S0055391,,OPT,The Optimizer,refinance,CR-C-familyhome,line,DCO2026,2026-09-12 15:12:00,BR-022,Bang Khae,2026-09-12 18:14:07.375624728,True,False,5,,,Cannot Contact,cannot_contact
L201696,P170047,S0055392,CIF770047,SAE,Smart Asset Entrepreneurs,housing,CR-E-refi-save,display,DCO2026,2026-09-06 07:21:00,BR-052,Chiang Mai,2026-09-06 13:51:14.422910806,True,False,1,2026-09-07 03:52:51.003932368,,Contacted,
L201697,P176815,S0055403,CIF776815,OPT,The Optimizer,refinance,CR-G-firsthome,display,,2026-10-13 17:06:00,BR-031,Hat Yai,2026-10-13 18:55:39.885876343,True,False,1,2026-10-14 03:29:36.900347193,,Contacted,
L201698,P144049,S0055474,,MRL,The Monthly Relief,refinance,CR-D-bizasset,line,DCO2026,2026-10-19 19:51:00,BR-061,Rangsit,2026-10-19 23:09:42.886934992,False,False,2,,,Not Qualified,not_qualified
L201699,P141416,S0055481,,OPT,The Optimizer,refinance,CR-G-firsthome,facebook,DCO2026,2026-10-30 19:59:00,BR-052,Chiang Mai,2026-10-30 22:23:02.906195695,True,False,2,2026-10-31 02:33:36.059335485,,Contacted,
L201700,P156191,S0055498,CIF756191,MRL,The Monthly Relief,refinance,CR-C-familyhome,display,DCO2026,2026-09-17 22:54:00,BR-014,Ratchadaphisek,,True,False,3,2026-09-18 11:54:45.331019056,2026-09-21 05:05:46.834455508,Document Pending,
L201701,P122121,S0055534,CIF722121,FAM,Family Upgraders,housing,CR-H-refi-fast,facebook,DCO2026,2026-10-09 15:28:00,BR-044,Khon Kaen,2026-10-09 16:27:14.359370233,True,False,3,2026-10-11 05:49:28.530721486,,Contacted,
L201702,P154700,S0055562,,OPT,The Optimizer,refinance,CR-B-calculator,facebook,DCO2026,2026-09-23 21:00:00,BR-061,Rangsit,2026-09-24 00:34:10.741784365,False,False,2,,,Not Qualified,not_qualified
L201703,P131149,S0055607,CIF731149,FHB,First-Home Urban Starters,housing,CR-G-firsthome,display,DCO2026,2026-10-18 21:17:00,BR-044,Khon Kaen,2026-10-18 22:31:19.156136042,True,False,2,2026-10-20 15:30:51.392738917,2026-10-24 05:58:38.646131010,Document Pending,
L201704,P144110,S0055625,,OPT,The Optimizer,refinance,CR-H-refi-fast,facebook,DCO2026,2026-09-24 14:27:00,BR-031,Hat Yai,2026-09-24 14:58:25.324383576,True,False,3,2026-09-25 01:07:57.141750500,2026-10-06 11:36:27.782651379,Document Pending,
L201705,P129626,S0055627,,FHB,First-Home Urban Starters,housing,CR-B-calculator,display,DCO2026,2026-09-04 21:37:00,BR-052,Chiang Mai,2026-09-05 00:46:00.578020604,True,False,2,2026-09-05 20:10:10.471337503,2026-09-09 06:35:08.314936161,Document Pending,
L201706,P155528,S0055631,,FHB,First-Home Urban Starters,housing,CR-G-firsthome,facebook,DCO2026,2026-11-01 19:37:00,BR-052,Chiang Mai,2026-11-01 20:48:24.576495680,False,False,2,,,Not Qualified,not_qualified
L201707,,S0055653,,MRL,The Monthly Relief,refinance,CR-C-familyhome,google,DCO2026,2026-10-11 20:26:00,BR-022,Bang Khae,2026-10-11 21:42:25.083230167,False,False,1,,,Not Qualified,not_qualified
L201708,P172649,S0055665,CIF772649,FHB,First-Home Urban Starters,housing,CR-G-firsthome,facebook,DCO2026,2026-09-14 11:32:00,BR-044,Khon Kaen,2026-09-14 12:37:15.637239207,True,False,2,,,Cannot Contact,cannot_contact
L201709,P179044,S0055721,,MRL,The Monthly Relief,refinance,CR-A-ratecut,google,DCO2026,2026-10-30 20:59:00,BR-061,Rangsit,2026-10-30 23:12:25.615456248,False,False,5,,,Not Qualified,not_qualified
L201710,P133227,S0055730,,SAE,Smart Asset Entrepreneurs,housing,CR-G-firsthome,facebook,DCO2026,2026-09-03 21:20:00,BR-014,Ratchadaphisek,2026-09-03 21:50:18.292092955,True,False,2,2026-09-05 11:11:14.922841687,,Contacted,
L201711,P155494,S0055782,,SAE,Smart Asset Entrepreneurs,housing,CR-D-bizasset,facebook,DCO2026,2026-10-28 13:49:00,BR-014,Ratchadaphisek,2026-10-28 15:04:11.248818393,True,False,1,2026-10-29 04:50:47.499087723,,Contacted,
L201712,P157441,S0055864,,OPT,The Optimizer,refinance,CR-B-calculator,google,DCO2026,2026-09-06 08:05:00,BR-061,Rangsit,2026-09-06 08:35:01.710399355,True,True,5,,,Duplicate Lead,duplicate_lead
L201713,P159966,S0055875,,FHB,First-Home Urban Starters,housing,CR-H-refi-fast,line,DCO2026,2026-10-01 19:13:00,BR-014,Ratchadaphisek,2026-10-01 22:32:30.546155010,False,False,2,,,Not Qualified,not_qualified
L201714,P123076,S0055886,CIF723076,FHB,First-Home Urban Starters,housing,CR-E-refi-save,google,DCO2026,2026-10-19 08:57:00,BR-052,Chiang Mai,2026-10-19 11:00:31.360221982,False,False,5,,,Not Qualified,not_qualified
L201715,P166673,S0055949,,FHB,First-Home Urban Starters,housing,CR-C-familyhome,facebook,DCO2026,2026-09-20 15:29:00,BR-061,Rangsit,2026-09-20 17:38:12.793445557,False,False,3,,,Not Qualified,not_qualified
L201716,P110039,S0055951,,OPT,The Optimizer,refinance,CR-B-calculator,facebook,DCO2026,2026-09-21 12:24:00,BR-061,Rangsit,2026-09-21 18:46:29.480108361,True,True,1,,,Duplicate Lead,duplicate_lead
L201717,P110107,S0055956,,FHB,First-Home Urban Starters,housing,CR-H-refi-fast,google,DCO2026,2026-10-18 17:05:00,BR-022,Bang Khae,2026-10-18 22:17:44.323917159,True,False,3,2026-10-20 01:24:12.903744140,2026-10-21 06:40:11.117706795,Document Pending,
L201718,P112988,S0056075,CIF712988,SAE,Smart Asset Entrepreneurs,housing,CR-E-refi-save,facebook,DCO2026,2026-11-08 16:20:00,BR-061,Rangsit,,True,False,3,,,Contacted,
L201719,P175208,S0056089,,FAM,Family Upgraders,housing,CR-A-ratecut,line,DCO2026,2026-09-23 21:23:00,BR-031,Hat Yai,2026-09-23 23:30:57.709281907,True,False,1,2026-09-24 09:59:54.233918881,2026-09-29 20:01:47.025376252,Document Pending,
L201720,P128216,S0056092,,SAE,Smart Asset Entrepreneurs,housing,CR-G-firsthome,display,DCO2026,2026-10-31 07:30:00,BR-061,Rangsit,2026-10-31 08:57:45.935387899,True,False,2,,,Cannot Contact,cannot_contact
L201721,P178072,S0056118,,MRL,The Monthly Relief,refinance,CR-G-firsthome,facebook,,2026-10-20 15:05:00,BR-014,Ratchadaphisek,2026-10-20 18:28:05.000565825,True,False,4,,,Cannot Contact,cannot_contact
L201722,P112749,S0056120,,SAE,Smart Asset Entrepreneurs,housing,CR-E-refi-save,facebook,DCO2026,2026-10-14 11:29:00,BR-044,Khon Kaen,2026-10-14 15:42:10.252755840,True,False,1,2026-10-15 08:13:34.054288890,,Contacted,
L201723,,S0056137,CIF740452,OPT,The Optimizer,refinance,CR-H-refi-fast,facebook,DCO2026,2026-11-09 21:23:00,BR-022,Bang Khae,,False,False,5,,,Not Qualified,not_qualified
L201724,P126640,S0056150,CIF726640,FHB,First-Home Urban Starters,housing,CR-C-familyhome,line,DCO2026,2026-10-15 18:32:00,BR-044,Khon Kaen,2026-10-15 19:43:27.429005364,False,False,3,,,Not Qualified,not_qualified
L201725,P164344,S0056169,,FHB,First-Home Urban Starters,housing,CR-E-refi-save,facebook,DCO2026,2026-09-05 13:14:00,BR-014,Ratchadaphisek,2026-09-05 13:59:14.465187104,True,False,2,2026-09-05 23:15:05.876570071,2026-09-12 14:39:55.690249630,Document Pending,
L201726,P101847,S0056239,CIF701847,FAM,Family Upgraders,housing,CR-C-familyhome,google,DCO2026,2026-10-14 18:17:00,BR-052,Chiang Mai,2026-10-15 00:49:51.633455949,False,False,3,,,Not Qualified,not_qualified
L201727,P153222,S0056240,CIF753222,OPT,The Optimizer,refinance,CR-D-bizasset,facebook,,2026-09-29 18:19:00,BR-031,Hat Yai,2026-09-29 20:03:34.513451750,True,False,4,,,Cannot Contact,cannot_contact
L201728,P157370,S0056350,,MRL,The Monthly Relief,refinance,CR-A-ratecut,facebook,DCO2026,2026-09-20 14:20:00,BR-031,Hat Yai,2026-09-20 15:02:37.961435955,False,False,5,,,Not Qualified,not_qualified
L201729,P167883,S0056368,,OPT,The Optimizer,refinance,CR-A-ratecut,line,,2026-10-26 10:17:00,BR-044,Khon Kaen,2026-10-26 12:53:32.023884466,True,False,5,,,Cannot Contact,cannot_contact
L201730,P126985,S0056380,,FHB,First-Home Urban Starters,housing,CR-F-payless,facebook,DCO2026,2026-09-05 07:47:00,BR-014,Ratchadaphisek,2026-09-05 09:15:00.102626266,True,False,1,,,Cannot Contact,cannot_contact
L201731,P136454,S0056392,,OPT,The Optimizer,refinance,CR-H-refi-fast,facebook,DCO2026,2026-09-24 20:19:00,BR-031,Hat Yai,2026-09-24 23:00:53.951408358,False,False,3,,,Not Qualified,not_qualified
L201732,P126935,S0056466,,OPT,The Optimizer,refinance,CR-C-familyhome,facebook,DCO2026,2026-09-14 20:45:00,BR-022,Bang Khae,2026-09-14 21:25:33.458151414,True,False,3,2026-09-16 02:50:26.223990093,,Contacted,
L201733,P128660,S0056492,,FHB,First-Home Urban Starters,housing,CR-D-bizasset,facebook,DCO2026,2026-09-15 11:43:00,BR-044,Khon Kaen,2026-09-15 13:31:02.576594995,False,False,5,,,Not Qualified,not_qualified
L201734,P163384,S0056551,,FAM,Family Upgraders,housing,CR-E-refi-save,line,DCO2026,2026-10-15 22:59:00,BR-061,Rangsit,2026-10-16 00:42:48.926522661,True,False,3,2026-10-16 19:28:49.064698798,,Contacted,
L201735,P134368,S0056617,CIF734368,FHB,First-Home Urban Starters,housing,CR-B-calculator,display,DCO2026,2026-10-29 19:09:00,BR-044,Khon Kaen,2026-10-29 20:05:51.821833786,True,False,2,2026-10-30 02:05:31.569309027,,Contacted,
L201736,P136135,S0056621,,OPT,The Optimizer,refinance,CR-H-refi-fast,google,DCO2026,2026-09-30 17:20:00,BR-014,Ratchadaphisek,2026-09-30 21:56:49.442325296,False,False,2,,,Not Qualified,not_qualified
L201737,P129440,S0056691,,SAE,Smart Asset Entrepreneurs,housing,CR-E-refi-save,display,DCO2026,2026-09-28 09:59:00,BR-014,Ratchadaphisek,2026-09-28 11:17:44.469496249,False,False,3,,,Not Qualified,not_qualified
L201738,P154808,S0056743,,MRL,The Monthly Relief,refinance,CR-C-familyhome,line,DCO2026,2026-10-12 09:21:00,BR-061,Rangsit,2026-10-12 11:13:13.632678390,False,False,2,,,Not Qualified,not_qualified
L201739,P108446,S0056759,CIF708446,FAM,Family Upgraders,housing,CR-F-payless,facebook,DCO2026,2026-10-04 17:50:00,BR-044,Khon Kaen,2026-10-04 19:11:27.925949732,True,False,1,2026-10-07 02:04:10.403339528,2026-10-10 23:03:27.242964451,Document Pending,
L201740,P111737,S0056778,,FAM,Family Upgraders,housing,CR-B-calculator,line,DCO2026,2026-11-04 12:01:00,BR-014,Ratchadaphisek,2026-11-04 12:21:35.392934652,True,False,2,,,Cannot Contact,cannot_contact
L201741,P151369,S0056805,,OPT,The Optimizer,refinance,CR-G-firsthome,google,DCO2026,2026-09-08 07:45:00,BR-014,Ratchadaphisek,2026-09-08 08:12:19.627780820,True,False,1,2026-09-08 18:54:57.809055747,,Contacted,
L201742,P119870,S0056821,,FHB,First-Home Urban Starters,housing,CR-C-familyhome,facebook,DCO2026,2026-09-13 07:50:00,BR-052,Chiang Mai,2026-09-13 10:57:55.109314325,False,False,5,,,Not Qualified,not_qualified
L201743,P146936,S0056840,,FHB,First-Home Urban Starters,housing,CR-D-bizasset,facebook,DCO2026,2026-09-27 18:17:00,BR-061,Rangsit,2026-09-27 22:28:52.430273246,True,False,1,2026-09-30 11:23:16.349051401,,Contacted,
L201744,P111062,S0056862,,FHB,First-Home Urban Starters,housing,CR-C-familyhome,facebook,DCO2026,2026-10-26 14:38:00,BR-022,Bang Khae,2026-10-26 15:26:36.151371885,False,False,1,,,Not Qualified,not_qualified
L201745,,S0056883,,FAM,Family Upgraders,housing,CR-G-firsthome,facebook,DCO2026,2026-10-31 11:13:00,BR-061,Rangsit,2026-10-31 15:09:04.044924960,False,False,3,,,Not Qualified,not_qualified
L201746,P166864,S0056896,,FHB,First-Home Urban Starters,housing,CR-A-ratecut,facebook,DCO2026,2026-10-06 20:34:00,BR-044,Khon Kaen,2026-10-06 21:41:34.132819576,False,False,2,,,Not Qualified,not_qualified
L201747,P115881,S0056980,CIF715881,OPT,The Optimizer,refinance,CR-A-ratecut,facebook,DCO2026,2026-10-06 16:55:00,BR-014,Ratchadaphisek,2026-10-06 19:26:25.655583356,True,False,3,2026-10-08 17:28:13.515302631,2026-10-11 20:16:07.381148227,Document Pending,
L201748,P100526,S0057008,CIF700526,FHB,First-Home Urban Starters,housing,CR-B-calculator,line,DCO2026,2026-09-29 18:23:00,BR-052,Chiang Mai,2026-09-29 19:45:10.304560743,True,False,2,2026-09-30 03:28:55.304026699,2026-10-02 17:23:23.733961711,Document Pending,
L201749,P171137,S0057021,,FHB,First-Home Urban Starters,housing,CR-E-refi-save,google,DCO2026,2026-10-22 12:48:00,BR-052,Chiang Mai,2026-10-22 13:48:42.765831241,False,False,4,,,Not Qualified,not_qualified
L201750,,S0057022,CIF700593,OPT,The Optimizer,refinance,CR-G-firsthome,google,DCO2026,2026-10-17 19:14:00,BR-061,Rangsit,2026-10-17 19:31:43.579157744,False,False,1,,,Not Qualified,not_qualified
L201751,P134333,S0057030,CIF734333,OPT,The Optimizer,refinance,CR-F-payless,google,DCO2026,2026-10-06 09:08:00,BR-052,Chiang Mai,2026-10-06 09:15:30.436789321,True,False,1,2026-10-08 21:50:14.930435336,2026-10-14 10:17:40.470699405,Document Pending,
L201752,P119024,S0057042,CIF719024,FAM,Family Upgraders,housing,CR-C-familyhome,google,DCO2026,2026-09-07 19:04:00,BR-014,Ratchadaphisek,2026-09-07 19:11:38.473013535,True,False,2,2026-09-08 13:57:03.842111925,,Contacted,
L201753,P161196,S0057095,,MRL,The Monthly Relief,refinance,CR-E-refi-save,line,,2026-09-02 07:37:00,BR-022,Bang Khae,2026-09-02 09:03:03.940740276,True,True,3,,,Duplicate Lead,duplicate_lead
L201754,P139591,S0057127,CIF739591,OPT,The Optimizer,refinance,CR-E-refi-save,google,DCO2026,2026-09-19 16:53:00,BR-014,Ratchadaphisek,2026-09-19 18:53:50.626022151,True,False,5,,,Cannot Contact,cannot_contact
L201755,,S0057159,,OPT,The Optimizer,refinance,CR-H-refi-fast,google,DCO2026,2026-09-11 12:33:00,BR-044,Khon Kaen,2026-09-11 12:48:08.410974062,True,False,2,,,Cannot Contact,cannot_contact
L201756,P163835,S0057183,CIF763835,OPT,The Optimizer,refinance,CR-D-bizasset,google,DCO2026,2026-10-22 17:01:00,BR-014,Ratchadaphisek,2026-10-22 18:03:07.344864243,True,False,1,2026-10-23 15:09:07.460013519,,Contacted,
L201757,P153705,S0057228,,MRL,The Monthly Relief,refinance,CR-C-familyhome,line,DCO2026,2026-10-01 16:35:00,BR-052,Chiang Mai,2026-10-01 17:57:47.244765162,False,False,4,,,Not Qualified,not_qualified
L201758,P153017,S0057234,,FHB,First-Home Urban Starters,housing,CR-G-firsthome,google,,2026-10-23 13:44:00,BR-061,Rangsit,2026-10-23 14:23:28.558504854,True,False,3,2026-10-24 23:45:23.005114208,2026-10-25 09:38:26.788629326,Document Pending,
L201759,P173880,S0057235,CIF773880,OPT,The Optimizer,refinance,CR-G-firsthome,facebook,DCO2026,2026-10-29 16:43:00,BR-044,Khon Kaen,2026-10-29 18:17:59.746202839,False,False,4,,,Not Qualified,not_qualified
L201760,,S0057265,,FHB,First-Home Urban Starters,housing,CR-D-bizasset,google,DCO2026,2026-10-09 15:36:00,BR-052,Chiang Mai,2026-10-09 18:04:38.025577898,True,False,3,2026-10-10 06:58:26.980703799,,Contacted,
L201761,P109607,S0057382,,OPT,The Optimizer,refinance,CR-E-refi-save,facebook,DCO2026,2026-11-08 17:40:00,BR-052,Chiang Mai,,True,False,2,,,Document Pending,
L201762,P122505,S0057420,,OPT,The Optimizer,refinance,CR-E-refi-save,google,DCO2026,2026-10-11 16:30:00,BR-044,Khon Kaen,2026-10-11 16:51:20.628949147,False,False,2,,,Not Qualified,not_qualified
L201763,P177089,S0057488,CIF777089,FAM,Family Upgraders,housing,CR-B-calculator,facebook,DCO2026,2026-09-20 21:52:00,BR-031,Hat Yai,2026-09-20 23:32:54.178132821,True,False,1,2026-09-22 13:01:42.761906463,2026-09-23 09:58:41.206673754,Document Pending,
L201764,P161817,S0057504,,MRL,The Monthly Relief,refinance,CR-C-familyhome,facebook,DCO2026,2026-10-29 10:24:00,BR-014,Ratchadaphisek,2026-10-29 11:52:13.766606979,False,False,1,,,Not Qualified,not_qualified
L201765,P123662,S0057520,,FAM,Family Upgraders,housing,CR-E-refi-save,facebook,DCO2026,2026-09-02 08:04:00,BR-052,Chiang Mai,2026-09-02 08:57:42.399941546,True,False,1,2026-09-03 00:59:49.520075552,,Contacted,
L201766,P172893,S0057526,CIF772893,FHB,First-Home Urban Starters,housing,CR-D-bizasset,display,DCO2026,2026-11-02 14:04:00,BR-052,Chiang Mai,2026-11-02 14:43:15.424875302,True,False,3,2026-11-03 18:54:19.552486419,2026-11-07 07:44:17.641827984,Document Pending,
L201767,P123770,S0057585,,FAM,Family Upgraders,housing,CR-C-familyhome,facebook,DCO2026,2026-09-10 17:52:00,BR-022,Bang Khae,2026-09-10 19:20:58.395625431,False,False,2,,,Not Qualified,not_qualified
L201768,,S0057603,,FHB,First-Home Urban Starters,housing,CR-D-bizasset,facebook,DCO2026,2026-09-05 19:57:00,BR-044,Khon Kaen,2026-09-05 20:52:41.755987002,False,False,5,,,Not Qualified,not_qualified
L201769,P169594,S0057629,,FAM,Family Upgraders,housing,CR-A-ratecut,facebook,DCO2026,2026-11-03 09:09:00,BR-052,Chiang Mai,2026-11-03 09:44:02.878925996,True,False,2,2026-11-04 16:47:17.281391168,2026-11-08 02:13:11.470754964,Document Pending,
L201770,P119068,S0057630,CIF719068,SAE,Smart Asset Entrepreneurs,housing,CR-D-bizasset,google,DCO2026,2026-11-01 21:26:00,BR-014,Ratchadaphisek,2026-11-01 21:48:51.068630445,False,False,2,,,Not Qualified,not_qualified
L201771,P178732,S0057703,,FHB,First-Home Urban Starters,housing,CR-H-refi-fast,google,DCO2026,2026-10-15 18:53:00,BR-044,Khon Kaen,2026-10-15 23:25:18.296604697,True,False,1,2026-10-17 01:22:47.831656639,2026-10-23 20:29:02.796540134,Document Pending,
L201772,P172152,S0057721,,FHB,First-Home Urban Starters,housing,CR-C-familyhome,google,DCO2026,2026-10-08 10:58:00,BR-014,Ratchadaphisek,2026-10-08 12:24:00.979156842,True,False,2,2026-10-09 01:23:48.365202075,,Contacted,
L201773,P145106,S0057722,,MRL,The Monthly Relief,refinance,CR-B-calculator,facebook,DCO2026,2026-09-28 09:50:00,BR-014,Ratchadaphisek,2026-09-28 10:33:06.912105132,True,False,1,2026-10-02 15:34:16.279947733,2026-10-05 13:22:34.318171834,Document Pending,
L201774,P172362,S0057797,CIF772362,OPT,The Optimizer,refinance,CR-G-firsthome,facebook,DCO2026,2026-09-20 15:17:00,BR-044,Khon Kaen,2026-09-20 16:44:32.265423925,True,False,1,2026-09-21 21:59:14.159889295,2026-09-29 16:17:22.472470807,Document Pending,
L201775,P100228,S0057859,CIF700228,OPT,The Optimizer,refinance,CR-B-calculator,google,DCO2026,2026-09-20 16:01:00,BR-052,Chiang Mai,2026-09-20 17:15:48.183634276,False,False,5,,,Not Qualified,not_qualified
L201776,P160699,S0057869,,FAM,Family Upgraders,housing,CR-C-familyhome,facebook,DCO2026,2026-10-23 19:42:00,BR-061,Rangsit,2026-10-23 19:59:11.558585259,True,False,3,2026-10-24 18:01:41.063744906,2026-11-01 05:46:58.002888997,Document Pending,
L201777,P143111,S0057873,,FHB,First-Home Urban Starters,housing,CR-B-calculator,facebook,DCO2026,2026-10-19 18:14:00,BR-022,Bang Khae,2026-10-19 20:24:25.401066942,True,False,3,2026-10-21 05:43:53.351919085,,Contacted,
L201778,P108020,S0058026,,OPT,The Optimizer,refinance,CR-G-firsthome,google,DCO2026,2026-11-06 18:29:00,BR-052,Chiang Mai,2026-11-06 19:06:23.715616404,False,False,4,,,Not Qualified,not_qualified
L201779,P141561,S0058033,CIF741561,FHB,First-Home Urban Starters,housing,CR-A-ratecut,line,DCO2026,2026-09-05 12:29:00,BR-031,Hat Yai,2026-09-05 13:48:19.838305056,False,False,4,,,Not Qualified,not_qualified
L201780,,S0058039,CIF727181,FHB,First-Home Urban Starters,housing,CR-E-refi-save,display,,2026-10-14 19:25:00,BR-014,Ratchadaphisek,2026-10-14 20:55:31.188895066,False,False,4,,,Not Qualified,not_qualified
L201781,P118101,S0058097,,FHB,First-Home Urban Starters,housing,CR-F-payless,line,DCO2026,2026-10-12 10:12:00,BR-031,Hat Yai,2026-10-12 16:30:54.340474302,True,False,5,,,Cannot Contact,cannot_contact
L201782,P115757,S0058100,,SAE,Smart Asset Entrepreneurs,housing,CR-G-firsthome,facebook,DCO2026,2026-09-14 15:20:00,BR-014,Ratchadaphisek,2026-09-14 15:44:30.736198771,True,False,1,,,Cannot Contact,cannot_contact
L201783,P146355,S0058126,CIF746355,FAM,Family Upgraders,housing,CR-B-calculator,google,DCO2026,2026-10-13 12:20:00,BR-052,Chiang Mai,2026-10-13 13:00:37.586525026,False,False,1,,,Not Qualified,not_qualified
L201784,P123346,S0058179,CIF723346,OPT,The Optimizer,refinance,CR-F-payless,google,DCO2026,2026-10-21 09:02:00,BR-031,Hat Yai,2026-10-21 10:38:07.017062025,True,False,3,2026-10-23 17:31:58.570075888,,Contacted,
L201785,P147560,S0058185,,OPT,The Optimizer,refinance,CR-E-refi-save,google,DCO2026,2026-10-31 20:54:00,BR-044,Khon Kaen,2026-11-01 03:18:23.957527878,True,False,1,2026-11-02 08:02:07.137015295,,Contacted,
L201786,P102513,S0058223,,OPT,The Optimizer,refinance,CR-B-calculator,display,,2026-09-13 11:07:00,BR-061,Rangsit,2026-09-13 12:30:05.286386961,True,False,1,2026-09-15 18:42:23.648284852,,Contacted,
L201787,P121871,S0058238,,FHB,First-Home Urban Starters,housing,CR-E-refi-save,facebook,DCO2026,2026-10-13 12:54:00,BR-044,Khon Kaen,2026-10-13 14:51:01.136862561,True,False,2,2026-10-14 15:11:20.638334918,,Contacted,
L201788,P128757,S0058262,,FAM,Family Upgraders,housing,CR-H-refi-fast,facebook,DCO2026,2026-09-07 16:17:00,BR-044,Khon Kaen,2026-09-07 16:22:09.960538344,True,False,1,2026-09-09 11:34:07.683124070,,Contacted,
L201789,P169551,S0058277,,FAM,Family Upgraders,housing,CR-F-payless,google,DCO2026,2026-10-17 20:20:00,BR-061,Rangsit,2026-10-17 21:52:20.332566290,True,False,3,2026-10-18 22:26:13.519991620,,Contacted,
L201790,P112321,S0058332,,OPT,The Optimizer,refinance,CR-H-refi-fast,google,DCO2026,2026-10-26 12:10:00,BR-061,Rangsit,2026-10-26 12:29:35.833585285,True,False,3,2026-10-28 20:42:08.907115362,2026-10-30 02:07:07.119355950,Document Pending,
L201791,P143020,S0058361,CIF743020,FAM,Family Upgraders,housing,CR-H-refi-fast,line,DCO2026,2026-10-30 21:48:00,BR-014,Ratchadaphisek,2026-10-31 00:41:37.876538421,True,False,2,,,Cannot Contact,cannot_contact
L201792,P104741,S0058368,,SAE,Smart Asset Entrepreneurs,housing,CR-D-bizasset,facebook,DCO2026,2026-09-28 11:50:00,BR-014,Ratchadaphisek,2026-09-28 12:44:20.094652209,True,False,1,2026-09-28 23:49:03.468966817,,Contacted,
L201793,P121328,S0058378,CIF721328,FHB,First-Home Urban Starters,housing,CR-D-bizasset,display,DCO2026,2026-09-28 09:56:00,BR-022,Bang Khae,,True,False,5,,,Cannot Contact,cannot_contact
L201794,P109555,S0058392,,FHB,First-Home Urban Starters,housing,CR-F-payless,facebook,DCO2026,2026-10-06 15:11:00,BR-014,Ratchadaphisek,2026-10-06 16:07:32.670681291,False,False,3,,,Not Qualified,not_qualified
L201795,P110735,S0058436,,FHB,First-Home Urban Starters,housing,CR-A-ratecut,line,DCO2026,2026-10-01 13:26:00,BR-014,Ratchadaphisek,2026-10-01 13:44:04.259361391,False,False,4,,,Not Qualified,not_qualified
L201796,P102854,S0058468,,OPT,The Optimizer,refinance,CR-E-refi-save,google,,2026-09-02 09:02:00,BR-044,Khon Kaen,2026-09-02 12:54:01.152627970,False,False,4,,,Not Qualified,not_qualified
L201797,P109355,S0058470,,OPT,The Optimizer,refinance,CR-D-bizasset,facebook,DCO2026,2026-10-25 17:27:00,BR-061,Rangsit,2026-10-25 18:46:59.817630223,True,False,3,2026-10-26 08:34:01.940863792,,Contacted,
L201798,P158153,S0058485,,OPT,The Optimizer,refinance,CR-H-refi-fast,google,DCO2026,2026-10-07 10:20:00,BR-061,Rangsit,2026-10-07 11:08:32.781880580,True,False,5,,,Cannot Contact,cannot_contact
L201799,P179556,S0058501,CIF779556,OPT,The Optimizer,refinance,CR-C-familyhome,line,DCO2026,2026-09-17 08:39:00,BR-061,Rangsit,2026-09-17 10:01:27.990750759,True,False,3,2026-09-20 09:22:59.997445266,2026-09-22 22:11:09.664984233,Document Pending,
L201800,P149843,S0058555,,FHB,First-Home Urban Starters,housing,CR-C-familyhome,facebook,DCO2026,2026-10-21 16:02:00,BR-044,Khon Kaen,2026-10-21 17:46:10.363908764,True,False,2,,,Cannot Contact,cannot_contact
L201801,P156275,S0058655,CIF756275,OPT,The Optimizer,refinance,CR-D-bizasset,facebook,,2026-10-07 13:52:00,BR-044,Khon Kaen,2026-10-07 17:20:01.856549622,True,False,1,2026-10-08 22:19:18.606772555,2026-10-12 02:00:42.797742716,Document Pending,
L201802,P104450,S0058695,CIF704450,OPT,The Optimizer,refinance,CR-G-firsthome,google,DCO2026,2026-10-07 08:44:00,BR-044,Khon Kaen,2026-10-07 09:43:56.877081532,False,False,5,,,Not Qualified,not_qualified
L201803,P117766,S0058702,,OPT,The Optimizer,refinance,CR-D-bizasset,display,DCO2026,2026-09-22 22:38:00,BR-061,Rangsit,2026-09-23 00:18:59.194781176,True,False,1,2026-09-24 00:33:54.936846901,,Contacted,
L201804,,S0058788,,MRL,The Monthly Relief,refinance,CR-F-payless,line,DCO2026,2026-11-05 15:43:00,BR-061,Rangsit,2026-11-05 18:38:01.943802631,False,False,2,,,Not Qualified,not_qualified
L201805,P132496,S0058809,CIF732496,SAE,Smart Asset Entrepreneurs,housing,CR-D-bizasset,line,DCO2026,2026-10-08 17:37:00,BR-044,Khon Kaen,2026-10-08 20:31:04.016465809,True,False,2,2026-10-09 12:15:23.579289697,,Contacted,
L201806,P100478,S0058917,CIF700478,SAE,Smart Asset Entrepreneurs,housing,CR-E-refi-save,facebook,DCO2026,2026-11-07 15:14:00,BR-031,Hat Yai,,False,False,1,,,Not Qualified,not_qualified
L201807,P172126,S0058956,,FAM,Family Upgraders,housing,CR-E-refi-save,facebook,DCO2026,2026-09-14 07:27:00,BR-061,Rangsit,2026-09-14 09:13:48.884664057,True,False,1,2026-09-15 21:44:44.287734879,,Contacted,
L201808,P119719,S0058984,,OPT,The Optimizer,refinance,CR-B-calculator,google,DCO2026,2026-11-03 12:19:00,BR-052,Chiang Mai,2026-11-03 16:18:36.318564535,True,False,2,2026-11-05 13:58:58.917621142,,Contacted,
L201809,P173828,S0058985,,FHB,First-Home Urban Starters,housing,CR-E-refi-save,facebook,,2026-11-01 18:01:00,BR-044,Khon Kaen,2026-11-01 21:18:08.675855426,True,False,2,2026-11-02 15:49:10.773142218,,Contacted,
L201810,P180138,S0058994,,OPT,The Optimizer,refinance,CR-G-firsthome,google,DCO2026,2026-09-22 10:14:00,BR-014,Ratchadaphisek,2026-09-22 14:18:49.656839869,True,False,1,,,Cannot Contact,cannot_contact
L201811,P113680,S0059002,,FAM,Family Upgraders,housing,CR-E-refi-save,google,DCO2026,2026-11-05 22:10:00,BR-061,Rangsit,2026-11-05 23:10:22.689328482,True,False,2,2026-11-07 03:47:31.677479360,,Document Pending,
L201812,P179778,S0059054,CIF779778,OPT,The Optimizer,refinance,CR-E-refi-save,google,DCO2026,2026-09-21 18:04:00,BR-044,Khon Kaen,2026-09-21 18:57:58.707994578,True,True,3,,,Duplicate Lead,duplicate_lead
L201813,P176844,S0059070,,MRL,The Monthly Relief,refinance,CR-D-bizasset,display,DCO2026,2026-10-28 10:44:00,BR-044,Khon Kaen,2026-10-28 14:32:30.202753309,True,False,1,2026-10-29 04:44:59.695327677,,Contacted,
L201814,P148512,S0059095,CIF748512,SAE,Smart Asset Entrepreneurs,housing,CR-F-payless,google,DCO2026,2026-09-23 12:17:00,BR-052,Chiang Mai,2026-09-23 13:38:52.589937834,False,False,1,,,Not Qualified,not_qualified
L201815,P172913,S0059109,CIF772913,FHB,First-Home Urban Starters,housing,CR-G-firsthome,facebook,DCO2026,2026-11-09 11:51:00,BR-022,Bang Khae,,True,False,3,,,Cannot Contact,cannot_contact
L201816,P161580,S0059111,,FHB,First-Home Urban Starters,housing,CR-G-firsthome,facebook,DCO2026,2026-10-29 17:35:00,BR-022,Bang Khae,2026-10-29 19:55:07.881141663,True,False,3,2026-10-30 13:59:28.995100833,,Contacted,
L201817,P179542,S0059167,,FHB,First-Home Urban Starters,housing,CR-B-calculator,facebook,DCO2026,2026-10-13 18:08:00,BR-022,Bang Khae,2026-10-13 21:58:45.846173752,True,False,3,2026-10-15 12:17:56.550724567,2026-10-24 02:51:19.156153472,Document Pending,
L201818,P163660,S0059206,,FAM,Family Upgraders,housing,CR-D-bizasset,facebook,DCO2026,2026-10-25 18:29:00,BR-031,Hat Yai,2026-10-25 20:46:23.209983391,True,False,2,2026-10-26 06:28:39.318706928,2026-10-28 09:22:06.284009734,Document Pending,
L201819,P154096,S0059216,,OPT,The Optimizer,refinance,CR-E-refi-save,display,DCO2026,2026-09-17 15:34:00,BR-061,Rangsit,2026-09-17 16:42:31.799428771,True,False,2,2026-09-18 19:10:37.026552686,2026-10-01 03:40:32.400374580,Document Pending,
L201820,P178966,S0059253,,FAM,Family Upgraders,housing,CR-E-refi-save,google,DCO2026,2026-10-24 21:39:00,BR-061,Rangsit,2026-10-25 02:58:58.670924502,False,False,4,,,Not Qualified,not_qualified
L201821,P145537,S0059287,,MRL,The Monthly Relief,refinance,CR-F-payless,facebook,DCO2026,2026-11-08 07:07:00,BR-022,Bang Khae,,False,False,1,,,Not Qualified,not_qualified
L201822,P115356,S0059344,CIF715356,OPT,The Optimizer,refinance,CR-E-refi-save,google,,2026-09-20 11:07:00,BR-022,Bang Khae,2026-09-20 13:06:16.734415077,True,False,5,,,Cannot Contact,cannot_contact
L201823,P113468,S0059361,,FHB,First-Home Urban Starters,housing,CR-D-bizasset,display,DCO2026,2026-10-10 15:51:00,BR-014,Ratchadaphisek,2026-10-10 16:27:38.513999109,False,False,2,,,Not Qualified,not_qualified
L201824,P144939,S0059392,,MRL,The Monthly Relief,refinance,CR-C-familyhome,facebook,DCO2026,2026-09-18 11:08:00,BR-022,Bang Khae,2026-09-18 13:07:03.342205251,False,False,2,,,Not Qualified,not_qualified
L201825,P104550,S0059399,,OPT,The Optimizer,refinance,CR-C-familyhome,google,DCO2026,2026-10-04 18:12:00,BR-052,Chiang Mai,2026-10-04 18:14:33.385920990,True,False,5,,,Cannot Contact,cannot_contact
L201826,P157032,S0059404,,FAM,Family Upgraders,housing,CR-E-refi-save,facebook,DCO2026,2026-10-29 09:44:00,BR-022,Bang Khae,2026-10-29 10:45:42.301500070,True,False,2,,,Cannot Contact,cannot_contact
L201827,P153812,S0059414,,OPT,The Optimizer,refinance,CR-F-payless,google,DCO2026,2026-10-31 13:41:00,BR-022,Bang Khae,2026-10-31 14:58:46.772473038,True,False,5,,,Cannot Contact,cannot_contact
L201828,P141839,S0059429,,FHB,First-Home Urban Starters,housing,CR-C-familyhome,google,DCO2026,2026-10-06 07:32:00,BR-022,Bang Khae,2026-10-06 07:42:55.442751690,True,False,2,2026-10-06 10:12:57.520480594,2026-10-11 01:15:22.816590560,Document Pending,
L201829,P180590,S0059435,CIF780590,FAM,Family Upgraders,housing,CR-E-refi-save,google,DCO2026,2026-09-30 20:46:00,BR-014,Ratchadaphisek,2026-10-01 02:14:05.262459934,True,False,3,2026-10-01 18:56:12.654664698,,Contacted,
L201830,P154767,S0059436,,OPT,The Optimizer,refinance,CR-D-bizasset,google,DCO2026,2026-09-20 20:08:00,BR-022,Bang Khae,2026-09-20 23:45:20.525967120,True,False,2,2026-09-22 19:21:33.372382832,2026-09-24 14:47:50.600075612,Document Pending,
L201831,P135443,S0059443,CIF735443,OPT,The Optimizer,refinance,CR-E-refi-save,line,DCO2026,2026-09-08 12:42:00,BR-044,Khon Kaen,2026-09-08 18:23:44.009046726,False,True,2,,,Duplicate Lead,duplicate_lead
L201832,P167851,S0059448,CIF767851,FHB,First-Home Urban Starters,housing,CR-A-ratecut,facebook,DCO2026,2026-11-06 20:46:00,BR-061,Rangsit,2026-11-07 00:36:01.773623101,True,False,2,2026-11-08 03:14:55.642008727,,Document Pending,
L201833,P161126,S0059449,,FHB,First-Home Urban Starters,housing,CR-D-bizasset,display,DCO2026,2026-09-15 14:04:00,BR-052,Chiang Mai,2026-09-15 16:00:12.944081709,True,False,2,2026-09-18 05:56:22.867683247,,Contacted,
L201834,P105007,S0059572,CIF705007,FAM,Family Upgraders,housing,CR-A-ratecut,facebook,DCO2026,2026-09-25 20:50:00,BR-052,Chiang Mai,2026-09-26 01:49:02.422694119,True,False,2,2026-09-26 15:53:42.899385366,,Contacted,
L201835,P105199,S0059585,,FAM,Family Upgraders,housing,CR-F-payless,line,DCO2026,2026-10-25 16:01:00,BR-014,Ratchadaphisek,2026-10-25 16:58:48.456405914,True,False,2,2026-10-26 05:10:01.364220428,,Contacted,
L201836,P107968,S0059586,,FHB,First-Home Urban Starters,housing,CR-F-payless,facebook,DCO2026,2026-10-25 12:18:00,BR-022,Bang Khae,2026-10-25 13:01:22.572924571,False,False,3,,,Not Qualified,not_qualified
L201837,P179760,S0059594,,FHB,First-Home Urban Starters,housing,CR-C-familyhome,facebook,DCO2026,2026-10-28 19:57:00,BR-022,Bang Khae,2026-10-28 22:52:13.969861510,True,False,2,,,Cannot Contact,cannot_contact
L201838,P121834,S0059604,CIF721834,SAE,Smart Asset Entrepreneurs,housing,CR-D-bizasset,facebook,DCO2026,2026-09-28 10:27:00,BR-052,Chiang Mai,2026-09-28 13:01:38.804680243,True,False,4,,,Cannot Contact,cannot_contact
L201839,P175436,S0059608,CIF775436,FHB,First-Home Urban Starters,housing,CR-B-calculator,display,DCO2026,2026-10-06 18:52:00,BR-014,Ratchadaphisek,2026-10-06 21:01:56.714513788,True,False,2,2026-10-08 15:44:54.469070025,2026-10-13 16:59:12.873812109,Document Pending,
L201840,P133798,S0059615,CIF733798,FAM,Family Upgraders,housing,CR-F-payless,facebook,DCO2026,2026-09-14 13:48:00,BR-022,Bang Khae,2026-09-14 14:17:45.224981854,True,False,3,,,Cannot Contact,cannot_contact
L201841,P175129,S0059622,,MRL,The Monthly Relief,refinance,CR-H-refi-fast,facebook,DCO2026,2026-09-28 08:30:00,BR-052,Chiang Mai,2026-09-28 16:16:20.152865632,False,False,5,,,Not Qualified,not_qualified
L201842,P174313,S0059663,,FHB,First-Home Urban Starters,housing,CR-F-payless,google,DCO2026,2026-10-08 13:53:00,BR-061,Rangsit,2026-10-08 15:38:13.618643400,True,False,1,2026-10-09 21:15:39.201785547,,Contacted,
L201843,P102947,S0059674,,FHB,First-Home Urban Starters,housing,CR-C-familyhome,facebook,DCO2026,2026-09-19 10:43:00,BR-014,Ratchadaphisek,2026-09-19 12:40:56.527092619,True,False,1,,,Cannot Contact,cannot_contact
L201844,P143287,S0059684,,FHB,First-Home Urban Starters,housing,CR-B-calculator,google,DCO2026,2026-11-08 21:31:00,BR-022,Bang Khae,,True,False,3,2026-11-09 09:54:18.925458514,,Contacted,
L201845,P137293,S0059692,CIF737293,FHB,First-Home Urban Starters,housing,CR-E-refi-save,facebook,DCO2026,2026-10-02 07:12:00,BR-044,Khon Kaen,2026-10-02 10:53:43.169557502,False,False,2,,,Not Qualified,not_qualified
L201846,P129189,S0059699,CIF729189,OPT,The Optimizer,refinance,CR-G-firsthome,facebook,DCO2026,2026-11-03 08:42:00,BR-022,Bang Khae,2026-11-03 11:56:38.574704382,True,True,1,,,Duplicate Lead,duplicate_lead
L201847,P104883,S0059733,,MRL,The Monthly Relief,refinance,CR-D-bizasset,facebook,DCO2026,2026-11-05 11:06:00,BR-044,Khon Kaen,2026-11-05 11:44:35.448142801,False,True,2,,,Duplicate Lead,duplicate_lead
L201848,P111312,S0059763,,FAM,Family Upgraders,housing,CR-H-refi-fast,line,DCO2026,2026-10-15 15:49:00,BR-022,Bang Khae,2026-10-15 16:05:43.474385146,True,False,5,,,Cannot Contact,cannot_contact
L201849,P121717,S0059827,CIF721717,OPT,The Optimizer,refinance,CR-B-calculator,facebook,DCO2026,2026-09-04 15:19:00,BR-031,Hat Yai,2026-09-04 17:06:35.262051396,False,False,3,,,Not Qualified,not_qualified
L201850,P141173,S0059835,,FHB,First-Home Urban Starters,housing,CR-D-bizasset,facebook,DCO2026,2026-09-15 16:52:00,BR-022,Bang Khae,2026-09-15 18:48:43.502091115,False,False,2,,,Not Qualified,not_qualified
L201851,,S0059839,,OPT,The Optimizer,refinance,CR-D-bizasset,facebook,DCO2026,2026-10-20 19:55:00,BR-061,Rangsit,2026-10-20 21:44:13.844546634,True,False,2,2026-10-21 03:22:24.264774932,2026-10-22 15:11:41.316721705,Document Pending,
L201852,P121015,S0059845,,FHB,First-Home Urban Starters,housing,CR-G-firsthome,facebook,DCO2026,2026-09-30 12:24:00,BR-022,Bang Khae,2026-09-30 13:05:47.151101706,True,False,3,2026-10-02 05:33:36.438359101,2026-10-09 21:35:57.555030426,Document Pending,
L201853,P111517,S0059929,,FHB,First-Home Urban Starters,housing,CR-H-refi-fast,display,DCO2026,2026-11-02 17:55:00,BR-044,Khon Kaen,2026-11-02 18:35:40.123796833,False,False,3,,,Not Qualified,not_qualified
L201854,P181276,S0059932,,FHB,First-Home Urban Starters,housing,CR-B-calculator,display,DCO2026,2026-10-30 14:52:00,BR-061,Rangsit,2026-10-30 15:23:26.452676222,False,False,4,,,Not Qualified,not_qualified
L201855,P125047,S0059945,CIF725047,OPT,The Optimizer,refinance,CR-A-ratecut,line,DCO2026,2026-09-04 22:58:00,BR-014,Ratchadaphisek,2026-09-05 01:09:56.564579634,True,False,1,2026-09-05 04:49:46.376766108,,Contacted,
L201856,P135050,S0059954,,OPT,The Optimizer,refinance,CR-D-bizasset,google,DCO2026,2026-10-04 08:39:00,BR-044,Khon Kaen,2026-10-04 09:37:17.579068183,True,False,3,2026-10-04 23:41:27.196428001,,Contacted,
L201857,P135777,S0059994,,FAM,Family Upgraders,housing,CR-E-refi-save,facebook,DCO2026,2026-11-02 20:44:00,BR-014,Ratchadaphisek,2026-11-02 23:48:09.398032917,True,True,3,,,Duplicate Lead,duplicate_lead
L201858,P125734,S0060004,CIF725734,OPT,The Optimizer,refinance,CR-H-refi-fast,facebook,,2026-10-21 18:45:00,BR-022,Bang Khae,2026-10-21 22:01:36.524126164,True,False,3,2026-10-24 15:28:34.723662924,,Contacted,
L201859,P145028,S0060050,,FHB,First-Home Urban Starters,housing,CR-H-refi-fast,facebook,DCO2026,2026-09-09 09:41:00,BR-022,Bang Khae,2026-09-09 10:25:59.470480676,False,False,1,,,Not Qualified,not_qualified
L201860,P102996,S0060096,CIF702996,OPT,The Optimizer,refinance,CR-E-refi-save,google,DCO2026,2026-10-31 22:34:00,BR-022,Bang Khae,2026-11-01 00:28:00.783687027,False,False,2,,,Not Qualified,not_qualified
L201861,P119658,S0060121,CIF719658,MRL,The Monthly Relief,refinance,CR-A-ratecut,facebook,DCO2026,2026-10-10 20:42:00,BR-052,Chiang Mai,2026-10-10 21:17:28.737132943,False,False,1,,,Not Qualified,not_qualified
L201862,,S0060162,,SAE,Smart Asset Entrepreneurs,housing,CR-H-refi-fast,google,DCO2026,2026-10-17 16:03:00,BR-022,Bang Khae,2026-10-17 16:07:03.147484857,True,False,3,,,Cannot Contact,cannot_contact
L201863,P107513,S0060205,,OPT,The Optimizer,refinance,CR-D-bizasset,facebook,DCO2026,2026-10-06 07:16:00,BR-031,Hat Yai,2026-10-06 08:17:46.669918159,True,False,1,2026-10-06 13:32:47.396274070,2026-10-13 12:10:18.980911915,Document Pending,
L201864,P157135,S0060273,,SAE,Smart Asset Entrepreneurs,housing,CR-B-calculator,line,,2026-10-30 14:12:00,BR-061,Rangsit,2026-10-30 14:37:02.086872434,False,False,1,,,Not Qualified,not_qualified
L201865,P122774,S0060301,,OPT,The Optimizer,refinance,CR-G-firsthome,facebook,DCO2026,2026-09-20 18:34:00,BR-061,Rangsit,2026-09-20 19:02:28.641763966,True,False,1,2026-09-23 10:17:53.194489359,,Contacted,
L201866,P112536,S0060317,,MRL,The Monthly Relief,refinance,CR-G-firsthome,facebook,DCO2026,2026-09-04 22:06:00,BR-031,Hat Yai,2026-09-04 22:35:30.758627194,False,False,2,,,Not Qualified,not_qualified
L201867,P132629,S0060339,,OPT,The Optimizer,refinance,CR-D-bizasset,facebook,DCO2026,2026-10-30 20:48:00,BR-052,Chiang Mai,2026-10-30 23:43:54.870064014,True,False,1,2026-10-31 09:16:22.069190960,,Contacted,
L201868,P163733,S0060348,,FAM,Family Upgraders,housing,CR-G-firsthome,facebook,DCO2026,2026-09-21 20:48:00,BR-052,Chiang Mai,2026-09-22 00:19:15.848184766,True,False,2,2026-09-23 01:58:16.408689045,,Contacted,
L201869,P159915,S0060353,,FHB,First-Home Urban Starters,housing,CR-B-calculator,display,DCO2026,2026-10-10 18:15:00,BR-061,Rangsit,2026-10-10 19:48:04.729925415,True,False,3,2026-10-11 04:47:36.437901709,,Contacted,
L201870,P158400,S0060371,CIF758400,MRL,The Monthly Relief,refinance,CR-B-calculator,display,DCO2026,2026-09-09 20:30:00,BR-044,Khon Kaen,2026-09-09 22:50:43.016038072,False,False,3,,,Not Qualified,not_qualified
L201871,P136652,S0060400,,OPT,The Optimizer,refinance,CR-G-firsthome,display,DCO2026,2026-10-01 18:22:00,BR-044,Khon Kaen,2026-10-01 21:12:03.427644012,True,False,1,2026-10-02 14:43:29.970352630,,Contacted,
L201872,P129621,S0060438,CIF729621,FHB,First-Home Urban Starters,housing,CR-F-payless,facebook,DCO2026,2026-09-25 10:05:00,BR-014,Ratchadaphisek,2026-09-25 12:42:09.516157676,True,False,3,2026-09-27 20:40:07.814517554,2026-10-01 15:48:00.935836320,Document Pending,
L201873,P167754,S0060443,,FAM,Family Upgraders,housing,CR-F-payless,facebook,DCO2026,2026-10-18 16:46:00,BR-044,Khon Kaen,2026-10-18 17:28:13.257170553,True,False,3,,,Cannot Contact,cannot_contact
L201874,P144948,S0060445,,OPT,The Optimizer,refinance,CR-C-familyhome,line,DCO2026,2026-10-24 18:49:00,BR-031,Hat Yai,2026-10-24 19:18:51.445997516,True,False,1,2026-10-25 09:59:37.700155059,,Contacted,
L201875,P180066,S0060494,CIF780066,FAM,Family Upgraders,housing,CR-C-familyhome,facebook,DCO2026,2026-10-18 18:45:00,BR-031,Hat Yai,2026-10-18 20:06:58.926153517,True,False,3,2026-10-19 10:03:15.401123071,,Contacted,
L201876,P175099,S0060504,CIF775099,FAM,Family Upgraders,housing,CR-E-refi-save,facebook,DCO2026,2026-09-10 08:51:00,BR-052,Chiang Mai,2026-09-10 12:28:20.838981982,True,False,1,2026-09-10 21:40:30.834241996,2026-09-18 17:43:52.149582631,Document Pending,
L201877,P128289,S0060512,,FHB,First-Home Urban Starters,housing,CR-E-refi-save,facebook,DCO2026,2026-09-17 21:31:00,BR-061,Rangsit,2026-09-17 23:49:28.130990716,True,False,3,2026-09-18 13:05:10.823514409,,Contacted,
L201878,P138460,S0060569,CIF738460,OPT,The Optimizer,refinance,CR-G-firsthome,facebook,DCO2026,2026-10-13 07:09:00,BR-052,Chiang Mai,2026-10-13 13:52:25.683064658,True,False,1,2026-10-16 01:03:47.178961963,,Contacted,
L201879,,S0060574,CIF743848,OPT,The Optimizer,refinance,CR-A-ratecut,google,DCO2026,2026-09-19 13:11:00,BR-031,Hat Yai,2026-09-19 15:29:15.063932429,True,False,3,2026-09-23 10:11:50.448000787,2026-09-28 00:41:58.560676794,Document Pending,
L201880,P105712,S0060601,,MRL,The Monthly Relief,refinance,CR-A-ratecut,line,DCO2026,2026-09-12 18:54:00,BR-061,Rangsit,2026-09-12 19:40:59.693050599,True,False,1,2026-09-14 03:07:35.712467076,2026-09-20 13:08:48.430981392,Document Pending,
L201881,P137813,S0060611,,MRL,The Monthly Relief,refinance,CR-C-familyhome,facebook,DCO2026,2026-10-23 19:21:00,BR-061,Rangsit,2026-10-23 20:13:38.757365810,False,False,2,,,Not Qualified,not_qualified
L201882,P136822,S0060625,CIF736822,SAE,Smart Asset Entrepreneurs,housing,CR-C-familyhome,display,DCO2026,2026-10-16 19:50:00,BR-031,Hat Yai,2026-10-16 21:30:09.200047443,True,False,5,,,Cannot Contact,cannot_contact
L201883,P124920,S0060628,,MRL,The Monthly Relief,refinance,CR-F-payless,display,DCO2026,2026-11-06 07:07:00,BR-061,Rangsit,2026-11-06 08:56:00.483019615,False,False,4,,,Not Qualified,not_qualified
L201884,P112498,S0060645,CIF712498,MRL,The Monthly Relief,refinance,CR-C-familyhome,line,DCO2026,2026-09-29 18:15:00,BR-061,Rangsit,2026-09-29 21:45:15.902893043,True,False,3,,,Cannot Contact,cannot_contact
L201885,P111700,S0060692,,FHB,First-Home Urban Starters,housing,CR-G-firsthome,display,DCO2026,2026-09-02 18:37:00,BR-031,Hat Yai,2026-09-02 22:31:13.735458363,True,False,4,,,Cannot Contact,cannot_contact
L201886,P108498,S0060702,CIF708498,MRL,The Monthly Relief,refinance,CR-E-refi-save,facebook,DCO2026,2026-09-02 18:17:00,BR-061,Rangsit,2026-09-02 20:42:35.326522156,True,False,3,2026-09-05 17:42:30.659393028,,Contacted,
L201887,P132142,S0060784,CIF732142,FHB,First-Home Urban Starters,housing,CR-H-refi-fast,line,DCO2026,2026-09-11 10:09:00,BR-022,Bang Khae,,True,False,2,2026-09-12 10:33:42.672566944,,Contacted,
L201888,P171401,S0060790,,FAM,Family Upgraders,housing,CR-F-payless,display,DCO2026,2026-09-08 11:51:00,BR-031,Hat Yai,2026-09-08 14:55:36.697769364,True,False,3,2026-09-10 12:41:21.528441409,,Contacted,
L201889,P168005,S0060818,,FHB,First-Home Urban Starters,housing,CR-F-payless,google,DCO2026,2026-09-21 08:07:00,BR-044,Khon Kaen,2026-09-21 13:33:59.731512086,True,False,1,2026-09-23 00:17:43.139783233,,Contacted,
L201890,P159308,S0060855,CIF759308,SAE,Smart Asset Entrepreneurs,housing,CR-B-calculator,line,DCO2026,2026-10-01 15:34:00,BR-022,Bang Khae,2026-10-01 18:27:08.114053617,True,False,2,2026-10-03 03:08:08.281627399,2026-10-13 05:33:30.331202406,Document Pending,
L201891,P150622,S0060874,,FHB,First-Home Urban Starters,housing,CR-E-refi-save,google,DCO2026,2026-10-07 13:23:00,BR-014,Ratchadaphisek,2026-10-07 14:02:07.597637780,True,False,3,,,Cannot Contact,cannot_contact
L201892,P103936,S0060876,,MRL,The Monthly Relief,refinance,CR-B-calculator,google,DCO2026,2026-11-02 21:10:00,BR-031,Hat Yai,2026-11-02 23:59:31.202312116,False,False,5,,,Not Qualified,not_qualified
L201893,P102214,S0060913,CIF702214,FHB,First-Home Urban Starters,housing,CR-H-refi-fast,google,DCO2026,2026-10-17 21:18:00,BR-022,Bang Khae,2026-10-17 23:29:47.244946606,True,False,3,2026-10-19 03:57:27.858711452,2026-10-31 03:07:04.378008532,Document Pending,
L201894,P113128,S0061034,CIF713128,FHB,First-Home Urban Starters,housing,CR-G-firsthome,facebook,DCO2026,2026-09-01 11:43:00,BR-044,Khon Kaen,2026-09-01 14:28:57.485331813,False,False,1,,,Not Qualified,not_qualified
L201895,P163588,S0061036,CIF763588,OPT,The Optimizer,refinance,CR-B-calculator,facebook,DCO2026,2026-10-01 16:58:00,BR-014,Ratchadaphisek,,False,False,3,,,Not Qualified,not_qualified
L201896,P176068,S0061053,,FHB,First-Home Urban Starters,housing,CR-A-ratecut,facebook,DCO2026,2026-09-18 18:19:00,BR-031,Hat Yai,2026-09-18 20:13:05.744066572,False,False,5,,,Not Qualified,not_qualified
L201897,P128539,S0061061,,MRL,The Monthly Relief,refinance,CR-D-bizasset,google,DCO2026,2026-09-13 16:52:00,BR-031,Hat Yai,2026-09-13 20:22:14.256815331,False,False,2,,,Not Qualified,not_qualified
L201898,,S0061149,CIF747924,OPT,The Optimizer,refinance,CR-E-refi-save,display,DCO2026,2026-09-29 16:44:00,BR-044,Khon Kaen,2026-09-29 18:32:51.123177590,False,False,1,,,Not Qualified,not_qualified
L201899,P141730,S0061210,CIF741730,SAE,Smart Asset Entrepreneurs,housing,CR-G-firsthome,facebook,DCO2026,2026-10-05 09:59:00,BR-052,Chiang Mai,,False,False,5,,,Not Qualified,not_qualified
L201900,P105996,S0061285,,FHB,First-Home Urban Starters,housing,CR-E-refi-save,facebook,DCO2026,2026-10-07 10:07:00,BR-044,Khon Kaen,2026-10-07 10:31:50.226955815,False,False,4,,,Not Qualified,not_qualified
L201901,P105635,S0061353,CIF705635,FHB,First-Home Urban Starters,housing,CR-F-payless,facebook,DCO2026,2026-09-25 12:10:00,BR-061,Rangsit,2026-09-25 13:38:34.680877366,True,False,5,,,Cannot Contact,cannot_contact
L201902,P173593,S0061362,,FHB,First-Home Urban Starters,housing,CR-C-familyhome,facebook,DCO2026,2026-10-06 17:03:00,BR-031,Hat Yai,2026-10-06 17:26:30.661080748,True,False,2,,,Cannot Contact,cannot_contact
L201903,P128720,S0061381,,MRL,The Monthly Relief,refinance,CR-C-familyhome,google,DCO2026,2026-11-01 11:23:00,BR-044,Khon Kaen,2026-11-01 13:19:21.188836575,True,False,3,2026-11-02 01:47:54.985360320,,Contacted,
L201904,P152242,S0061439,CIF752242,OPT,The Optimizer,refinance,CR-G-firsthome,google,DCO2026,2026-09-07 09:30:00,BR-022,Bang Khae,2026-09-07 11:32:09.692043162,True,False,2,2026-09-09 14:48:38.175842062,2026-09-12 23:18:14.795545777,Document Pending,
L201905,P181689,S0061483,CIF781689,FHB,First-Home Urban Starters,housing,CR-A-ratecut,display,DCO2026,2026-09-27 19:49:00,BR-014,Ratchadaphisek,2026-09-27 20:49:21.488803387,False,False,3,,,Not Qualified,not_qualified
L201906,P120060,S0061495,CIF720060,OPT,The Optimizer,refinance,CR-G-firsthome,facebook,DCO2026,2026-10-19 19:30:00,BR-044,Khon Kaen,2026-10-19 21:40:21.284122843,True,False,1,2026-10-20 22:33:12.160005926,,Contacted,
L201907,P111723,S0061512,,OPT,The Optimizer,refinance,CR-C-familyhome,facebook,DCO2026,2026-09-27 22:00:00,BR-014,Ratchadaphisek,2026-09-27 22:45:46.376427675,False,False,2,,,Not Qualified,not_qualified
L201908,P157046,S0061555,CIF757046,OPT,The Optimizer,refinance,CR-B-calculator,google,DCO2026,2026-10-09 12:17:00,BR-014,Ratchadaphisek,2026-10-09 12:38:21.892638423,True,False,3,2026-10-09 14:21:41.646528224,2026-10-11 11:17:13.254376582,Document Pending,
L201909,P102596,S0061730,CIF702596,FHB,First-Home Urban Starters,housing,CR-F-payless,google,DCO2026,2026-11-02 13:29:00,BR-052,Chiang Mai,2026-11-02 16:31:38.737466660,True,False,1,2026-11-02 17:07:21.196583826,,Contacted,
L201910,P163095,S0061732,,MRL,The Monthly Relief,refinance,CR-B-calculator,facebook,DCO2026,2026-09-27 08:20:00,BR-031,Hat Yai,2026-09-27 11:46:15.636492841,False,False,4,,,Not Qualified,not_qualified
L201911,P130644,S0061739,CIF730644,FHB,First-Home Urban Starters,housing,CR-F-payless,line,DCO2026,2026-10-22 21:14:00,BR-052,Chiang Mai,2026-10-22 22:37:42.484372508,False,False,5,,,Not Qualified,not_qualified
L201912,P149088,S0061760,,OPT,The Optimizer,refinance,CR-B-calculator,google,DCO2026,2026-10-01 08:23:00,BR-044,Khon Kaen,2026-10-01 09:34:56.650632338,False,False,2,,,Not Qualified,not_qualified
L201913,P152720,S0061769,,SAE,Smart Asset Entrepreneurs,housing,CR-B-calculator,facebook,DCO2026,2026-09-22 21:06:00,BR-052,Chiang Mai,2026-09-22 22:18:51.613821352,False,False,2,,,Not Qualified,not_qualified
L201914,P165531,S0061805,,FHB,First-Home Urban Starters,housing,CR-C-familyhome,facebook,DCO2026,2026-10-10 19:38:00,BR-061,Rangsit,2026-10-10 20:48:46.872618470,True,False,3,2026-10-11 22:05:20.088439099,2026-10-16 05:41:40.844862068,Document Pending,
L201915,P108295,S0061823,,FHB,First-Home Urban Starters,housing,CR-E-refi-save,google,DCO2026,2026-10-09 19:21:00,BR-052,Chiang Mai,2026-10-10 01:47:07.516486312,True,False,1,2026-10-10 10:24:31.301243924,,Contacted,
L201916,P134011,S0061835,,OPT,The Optimizer,refinance,CR-C-familyhome,facebook,DCO2026,2026-11-03 13:22:00,BR-052,Chiang Mai,2026-11-03 17:35:45.740598546,True,False,2,,,Cannot Contact,cannot_contact
L201917,P103316,S0061881,,MRL,The Monthly Relief,refinance,CR-G-firsthome,google,DCO2026,2026-09-05 07:21:00,BR-022,Bang Khae,2026-09-05 07:22:27.699918117,False,False,4,,,Not Qualified,not_qualified
L201918,P144223,S0061884,,FHB,First-Home Urban Starters,housing,CR-C-familyhome,google,DCO2026,2026-10-20 19:23:00,BR-052,Chiang Mai,2026-10-20 21:48:08.117789286,False,False,1,,,Not Qualified,not_qualified
L201919,P147161,S0061904,CIF747161,MRL,The Monthly Relief,refinance,CR-B-calculator,facebook,DCO2026,2026-10-24 18:32:00,BR-044,Khon Kaen,2026-10-24 21:08:18.669644503,False,False,3,,,Not Qualified,not_qualified
L201920,P171082,S0061971,,FAM,Family Upgraders,housing,CR-C-familyhome,facebook,DCO2026,2026-09-21 07:41:00,BR-022,Bang Khae,2026-09-21 09:40:22.516908266,False,False,4,,,Not Qualified,not_qualified
L201921,P136649,S0061994,,MRL,The Monthly Relief,refinance,CR-B-calculator,line,DCO2026,2026-10-13 22:38:00,BR-031,Hat Yai,2026-10-13 23:24:01.258325583,False,False,3,,,Not Qualified,not_qualified
L201922,P123815,S0062107,,OPT,The Optimizer,refinance,CR-G-firsthome,google,DCO2026,2026-10-24 09:08:00,BR-014,Ratchadaphisek,2026-10-24 09:33:07.661830209,False,False,1,,,Not Qualified,not_qualified
L201923,P153363,S0062127,CIF753363,MRL,The Monthly Relief,refinance,CR-F-payless,google,DCO2026,2026-10-23 21:22:00,BR-022,Bang Khae,2026-10-24 00:02:19.994477919,False,False,3,,,Not Qualified,not_qualified
L201924,,S0062149,CIF719615,FHB,First-Home Urban Starters,housing,CR-C-familyhome,facebook,DCO2026,2026-11-05 19:49:00,BR-052,Chiang Mai,2026-11-05 23:22:31.798939654,True,False,2,,,Cannot Contact,cannot_contact
L201925,P174930,S0062239,,FHB,First-Home Urban Starters,housing,CR-C-familyhome,facebook,DCO2026,2026-09-22 12:31:00,BR-052,Chiang Mai,2026-09-22 16:33:42.360699138,True,False,2,2026-09-23 17:14:50.480018724,2026-09-28 13:56:39.191936210,Document Pending,
L201926,P102823,S0062245,,FHB,First-Home Urban Starters,housing,CR-C-familyhome,facebook,DCO2026,2026-10-16 10:48:00,BR-061,Rangsit,2026-10-16 13:21:18.842611096,False,False,3,,,Not Qualified,not_qualified
L201927,P140627,S0062295,CIF740627,OPT,The Optimizer,refinance,CR-A-ratecut,google,DCO2026,2026-09-06 17:11:00,BR-052,Chiang Mai,2026-09-06 17:42:35.232116210,False,False,2,,,Not Qualified,not_qualified
L201928,P175128,S0062338,,OPT,The Optimizer,refinance,CR-G-firsthome,google,DCO2026,2026-10-15 12:11:00,BR-052,Chiang Mai,2026-10-15 12:23:42.059020384,True,False,1,2026-10-15 19:42:26.589053924,,Contacted,
L201929,P162069,S0062339,,FAM,Family Upgraders,housing,CR-G-firsthome,facebook,DCO2026,2026-10-11 17:55:00,BR-022,Bang Khae,2026-10-11 22:11:49.395873475,False,False,1,,,Not Qualified,not_qualified
L201930,P129623,S0062371,CIF729623,FHB,First-Home Urban Starters,housing,CR-B-calculator,facebook,DCO2026,2026-09-19 10:34:00,BR-052,Chiang Mai,2026-09-19 13:05:30.201462908,True,False,1,2026-09-20 09:10:43.313429102,,Contacted,
L201931,P153128,S0062379,,OPT,The Optimizer,refinance,CR-B-calculator,google,DCO2026,2026-09-18 19:46:00,BR-061,Rangsit,2026-09-18 21:22:36.905093204,True,False,3,2026-09-20 01:02:42.700448337,,Contacted,
L201932,P147899,S0062423,,FHB,First-Home Urban Starters,housing,CR-G-firsthome,display,DCO2026,2026-10-13 20:02:00,BR-052,Chiang Mai,2026-10-13 21:24:32.878488187,False,False,1,,,Not Qualified,not_qualified
L201933,P110168,S0062428,,OPT,The Optimizer,refinance,CR-F-payless,line,DCO2026,2026-10-29 12:21:00,BR-022,Bang Khae,2026-10-29 13:10:22.449398505,True,False,3,2026-10-30 10:37:22.338050163,2026-11-02 08:40:53.285600463,Document Pending,
L201934,P122440,S0062462,CIF722440,OPT,The Optimizer,refinance,CR-A-ratecut,google,DCO2026,2026-11-02 21:13:00,BR-031,Hat Yai,2026-11-02 22:11:43.642839014,True,False,3,2026-11-04 08:58:50.483526598,,Contacted,
L201935,P101138,S0062530,,OPT,The Optimizer,refinance,CR-A-ratecut,line,DCO2026,2026-10-30 08:43:00,BR-044,Khon Kaen,2026-10-30 08:59:05.094676135,True,False,1,2026-10-31 23:31:20.996559428,2026-11-06 11:53:32.993647150,Document Pending,
L201936,P158776,S0062533,CIF758776,OPT,The Optimizer,refinance,CR-G-firsthome,facebook,DCO2026,2026-09-29 14:22:00,BR-052,Chiang Mai,2026-09-29 15:14:27.691814607,False,False,2,,,Not Qualified,not_qualified
L201937,P106686,S0062582,,FHB,First-Home Urban Starters,housing,CR-F-payless,line,DCO2026,2026-10-11 22:49:00,BR-014,Ratchadaphisek,2026-10-11 23:43:05.199609697,True,False,1,2026-10-13 14:10:18.288696556,2026-10-17 06:04:06.818858258,Document Pending,
L201938,P100149,S0062711,,OPT,The Optimizer,refinance,CR-B-calculator,display,DCO2026,2026-09-26 11:51:00,BR-052,Chiang Mai,2026-09-26 13:27:27.553843933,False,False,5,,,Not Qualified,not_qualified
L201939,P117121,S0062795,,FHB,First-Home Urban Starters,housing,CR-G-firsthome,line,DCO2026,2026-10-26 12:34:00,BR-022,Bang Khae,2026-10-26 13:25:36.352709085,False,False,2,,,Not Qualified,not_qualified
L201940,P123821,S0062800,CIF723821,FAM,Family Upgraders,housing,CR-C-familyhome,facebook,DCO2026,2026-10-29 14:51:00,BR-014,Ratchadaphisek,2026-10-29 15:31:54.093918338,True,False,1,2026-10-31 10:57:27.171764611,2026-11-05 15:07:41.619475873,Document Pending,
L201941,P116703,S0062865,,MRL,The Monthly Relief,refinance,CR-E-refi-save,line,DCO2026,2026-09-10 13:19:00,BR-061,Rangsit,2026-09-10 16:34:30.738290688,False,False,4,,,Not Qualified,not_qualified
L201942,P178759,S0062871,CIF778759,FHB,First-Home Urban Starters,housing,CR-B-calculator,facebook,DCO2026,2026-10-07 12:06:00,BR-061,Rangsit,2026-10-07 12:28:04.240669717,True,False,1,2026-10-08 18:29:22.554136035,2026-10-24 17:35:11.526911721,Document Pending,
L201943,P100831,S0062950,,FHB,First-Home Urban Starters,housing,CR-D-bizasset,google,DCO2026,2026-10-03 19:30:00,BR-031,Hat Yai,2026-10-03 22:07:36.542691692,True,False,2,2026-10-05 10:57:58.738016404,,Contacted,
L201944,P156685,S0062977,,SAE,Smart Asset Entrepreneurs,housing,CR-A-ratecut,facebook,DCO2026,2026-10-20 11:13:00,BR-031,Hat Yai,2026-10-20 14:35:09.062577660,False,False,5,,,Not Qualified,not_qualified
L201945,P153143,S0062995,,OPT,The Optimizer,refinance,CR-F-payless,line,DCO2026,2026-09-22 15:48:00,BR-061,Rangsit,2026-09-22 18:32:37.042417860,False,False,1,,,Not Qualified,not_qualified
L201946,P133785,S0063107,CIF733785,OPT,The Optimizer,refinance,CR-E-refi-save,google,DCO2026,2026-10-24 11:27:00,BR-014,Ratchadaphisek,2026-10-24 15:51:44.205188094,True,False,1,2026-10-27 13:12:29.431109343,,Contacted,
L201947,P134035,S0063127,,MRL,The Monthly Relief,refinance,CR-D-bizasset,line,DCO2026,2026-10-30 08:46:00,BR-031,Hat Yai,2026-10-30 09:49:15.933738481,False,False,2,,,Not Qualified,not_qualified
L201948,P121430,S0063152,,FAM,Family Upgraders,housing,CR-C-familyhome,facebook,DCO2026,2026-09-07 22:13:00,BR-031,Hat Yai,2026-09-08 02:17:34.529113034,True,False,3,2026-09-09 23:41:52.869465678,,Contacted,
L201949,P113355,S0063158,CIF713355,MRL,The Monthly Relief,refinance,CR-H-refi-fast,facebook,DCO2026,2026-11-03 10:54:00,BR-022,Bang Khae,2026-11-03 12:58:23.478461306,True,False,2,,,Cannot Contact,cannot_contact
L201950,P157142,S0063198,CIF757142,FAM,Family Upgraders,housing,CR-F-payless,display,DCO2026,2026-09-14 07:53:00,BR-052,Chiang Mai,2026-09-14 08:39:09.566150610,False,False,4,,,Not Qualified,not_qualified
L201951,P119512,S0063212,CIF719512,FHB,First-Home Urban Starters,housing,CR-G-firsthome,facebook,DCO2026,2026-10-14 21:24:00,BR-022,Bang Khae,2026-10-14 22:33:28.227094570,False,True,2,,,Duplicate Lead,duplicate_lead
L201952,P123542,S0063266,CIF723542,OPT,The Optimizer,refinance,CR-A-ratecut,display,DCO2026,2026-09-18 10:20:00,BR-022,Bang Khae,2026-09-18 11:11:56.232996537,True,False,3,2026-09-19 09:26:31.241889651,,Contacted,
L201953,P113844,S0063331,CIF713844,OPT,The Optimizer,refinance,CR-G-firsthome,facebook,DCO2026,2026-11-07 07:16:00,BR-061,Rangsit,,True,False,1,2026-11-07 20:55:48.416868831,,Contacted,
L201954,P142948,S0063334,,MRL,The Monthly Relief,refinance,CR-E-refi-save,google,,2026-11-06 18:16:00,BR-031,Hat Yai,2026-11-06 19:24:49.233336982,True,False,5,,,Cannot Contact,cannot_contact
L201955,P174502,S0063348,CIF774502,FAM,Family Upgraders,housing,CR-A-ratecut,facebook,DCO2026,2026-09-29 22:19:00,BR-044,Khon Kaen,2026-09-29 23:37:58.137209506,True,False,3,2026-09-30 21:25:44.730668224,,Contacted,
L201956,P176434,S0063371,CIF776434,FAM,Family Upgraders,housing,CR-F-payless,display,DCO2026,2026-09-09 16:18:00,BR-022,Bang Khae,2026-09-09 17:54:50.602709127,True,False,1,2026-09-10 20:35:32.694985024,,Contacted,
L201957,P109612,S0063461,,FAM,Family Upgraders,housing,CR-E-refi-save,line,DCO2026,2026-11-08 22:27:00,BR-014,Ratchadaphisek,,True,False,1,,,Contacted,
L201958,P150498,S0063559,CIF750498,FHB,First-Home Urban Starters,housing,CR-A-ratecut,google,DCO2026,2026-11-08 08:38:00,BR-052,Chiang Mai,,True,False,2,2026-11-09 21:01:44.094768554,,Document Pending,
L201959,P161963,S0063593,,FAM,Family Upgraders,housing,CR-E-refi-save,line,DCO2026,2026-09-03 13:08:00,BR-061,Rangsit,2026-09-03 13:39:24.434072637,True,False,1,2026-09-05 11:33:11.353900029,2026-09-11 03:44:47.642589601,Document Pending,
L201960,P118162,S0063644,CIF718162,SAE,Smart Asset Entrepreneurs,housing,CR-F-payless,google,DCO2026,2026-09-06 17:35:00,BR-031,Hat Yai,2026-09-07 03:21:24.143701508,False,False,1,,,Not Qualified,not_qualified
L201961,P115863,S0063678,CIF715863,FHB,First-Home Urban Starters,housing,CR-G-firsthome,line,DCO2026,2026-09-05 12:59:00,BR-052,Chiang Mai,2026-09-05 14:19:17.989036512,True,False,2,,,Cannot Contact,cannot_contact
L201962,P129076,S0063785,CIF729076,FHB,First-Home Urban Starters,housing,CR-H-refi-fast,facebook,DCO2026,2026-10-30 19:13:00,BR-052,Chiang Mai,2026-10-30 19:40:42.275284628,False,False,3,,,Not Qualified,not_qualified
L201963,P144165,S0063808,,FHB,First-Home Urban Starters,housing,CR-D-bizasset,facebook,DCO2026,2026-10-23 20:29:00,BR-031,Hat Yai,2026-10-24 01:28:04.365629646,True,False,2,2026-10-25 06:32:18.162664232,,Contacted,
L201964,P154625,S0063841,,MRL,The Monthly Relief,refinance,CR-H-refi-fast,display,DCO2026,2026-09-05 12:06:00,BR-052,Chiang Mai,2026-09-05 13:00:26.024056437,False,False,1,,,Not Qualified,not_qualified
L201965,P151593,S0063899,CIF751593,FAM,Family Upgraders,housing,CR-B-calculator,display,DCO2026,2026-09-18 14:19:00,BR-044,Khon Kaen,2026-09-18 15:21:50.510648014,True,False,2,2026-09-19 20:05:54.408464328,,Contacted,
L201966,P166816,S0063941,CIF766816,FAM,Family Upgraders,housing,CR-C-familyhome,facebook,DCO2026,2026-10-27 17:28:00,BR-014,Ratchadaphisek,2026-10-27 18:02:19.381533034,True,False,3,2026-10-28 10:51:35.073727285,2026-11-08 18:48:53.443487590,Document Pending,
L201967,P106108,S0063949,,SAE,Smart Asset Entrepreneurs,housing,CR-E-refi-save,facebook,DCO2026,2026-09-22 08:44:00,BR-022,Bang Khae,2026-09-22 14:08:44.818722054,True,False,3,2026-09-25 21:33:34.185590245,2026-10-03 01:22:17.264071536,Document Pending,
L201968,P143409,S0063956,CIF743409,OPT,The Optimizer,refinance,CR-G-firsthome,facebook,DCO2026,2026-10-12 18:09:00,BR-022,Bang Khae,2026-10-12 18:39:16.695105130,False,False,5,,,Not Qualified,not_qualified
L201969,P153826,S0063960,,SAE,Smart Asset Entrepreneurs,housing,CR-A-ratecut,google,DCO2026,2026-10-03 12:20:00,BR-031,Hat Yai,2026-10-03 19:13:57.989818334,False,False,5,,,Not Qualified,not_qualified
L201970,P180802,S0064008,,FHB,First-Home Urban Starters,housing,CR-B-calculator,facebook,DCO2026,2026-09-19 18:35:00,BR-014,Ratchadaphisek,2026-09-19 20:47:42.613132273,False,False,5,,,Not Qualified,not_qualified
L201971,P109604,S0064035,CIF709604,OPT,The Optimizer,refinance,CR-H-refi-fast,line,DCO2026,2026-10-13 15:11:00,BR-061,Rangsit,,True,False,2,2026-10-15 23:14:01.167767114,2026-10-22 19:34:43.007189330,Document Pending,
L201972,P151673,S0064049,,SAE,Smart Asset Entrepreneurs,housing,CR-G-firsthome,facebook,DCO2026,2026-10-18 19:07:00,BR-014,Ratchadaphisek,2026-10-18 22:05:29.791558754,False,False,1,,,Not Qualified,not_qualified
L201973,,S0064085,CIF750400,OPT,The Optimizer,refinance,CR-D-bizasset,display,DCO2026,2026-09-16 20:17:00,BR-014,Ratchadaphisek,,False,False,1,,,Not Qualified,not_qualified
L201974,P119976,S0064088,,FHB,First-Home Urban Starters,housing,CR-E-refi-save,facebook,DCO2026,2026-10-23 12:36:00,BR-031,Hat Yai,2026-10-23 13:57:09.153884124,True,False,2,2026-10-25 04:04:54.172595971,,Contacted,
L201975,P136814,S0064100,,SAE,Smart Asset Entrepreneurs,housing,CR-D-bizasset,google,DCO2026,2026-09-20 10:12:00,BR-014,Ratchadaphisek,2026-09-20 11:17:06.936065743,False,False,1,,,Not Qualified,not_qualified
L201976,P101765,S0064154,,FHB,First-Home Urban Starters,housing,CR-C-familyhome,facebook,DCO2026,2026-09-08 13:31:00,BR-022,Bang Khae,2026-09-08 16:32:15.998666934,True,False,2,2026-09-09 12:04:27.289670385,,Contacted,
L201977,P111710,S0064232,,OPT,The Optimizer,refinance,CR-H-refi-fast,google,DCO2026,2026-10-30 11:55:00,BR-044,Khon Kaen,2026-10-30 13:33:06.124733948,True,True,4,,,Duplicate Lead,duplicate_lead
L201978,P148186,S0064243,,FHB,First-Home Urban Starters,housing,CR-G-firsthome,facebook,DCO2026,2026-11-07 07:59:00,BR-061,Rangsit,,True,False,3,2026-11-08 19:26:21.245485716,,Document Pending,
L201979,P114805,S0064299,,FHB,First-Home Urban Starters,housing,CR-G-firsthome,facebook,,2026-10-05 17:15:00,BR-014,Ratchadaphisek,2026-10-05 20:31:47.129553318,True,False,3,2026-10-06 22:40:39.132940306,,Contacted,
L201980,P113473,S0064314,,MRL,The Monthly Relief,refinance,CR-C-familyhome,google,DCO2026,2026-09-02 18:17:00,BR-022,Bang Khae,2026-09-02 23:49:57.155515504,False,False,4,,,Not Qualified,not_qualified
L201981,P102468,S0064336,,SAE,Smart Asset Entrepreneurs,housing,CR-G-firsthome,display,DCO2026,2026-09-04 17:59:00,BR-014,Ratchadaphisek,2026-09-04 18:30:19.356582468,True,False,2,2026-09-06 10:37:49.101233607,,Contacted,
L201982,P113190,S0064365,,FHB,First-Home Urban Starters,housing,CR-H-refi-fast,facebook,DCO2026,2026-09-11 18:20:00,BR-052,Chiang Mai,2026-09-11 19:13:11.147307115,True,False,2,2026-09-13 00:45:01.748494279,2026-09-13 10:57:39.135068587,Document Pending,
L201983,P162133,S0064419,CIF762133,FHB,First-Home Urban Starters,housing,CR-D-bizasset,display,DCO2026,2026-10-27 12:14:00,BR-044,Khon Kaen,2026-10-27 12:43:21.374732108,True,False,2,2026-10-28 01:47:46.941111997,,Contacted,
L201984,P134466,S0064502,,FHB,First-Home Urban Starters,housing,CR-C-familyhome,line,DCO2026,2026-09-06 19:18:00,BR-031,Hat Yai,2026-09-06 20:54:00.330969081,True,False,2,2026-09-07 04:34:05.949632715,,Contacted,
L201985,,S0064524,CIF708700,FAM,Family Upgraders,housing,CR-G-firsthome,display,DCO2026,2026-10-02 22:08:00,BR-014,Ratchadaphisek,2026-10-03 00:45:32.566330750,False,False,4,,,Not Qualified,not_qualified
L201986,P111195,S0064573,CIF711195,FHB,First-Home Urban Starters,housing,CR-A-ratecut,line,DCO2026,2026-11-02 12:21:00,BR-022,Bang Khae,2026-11-02 12:29:22.389152557,True,False,1,2026-11-04 04:48:50.263538335,,Document Pending,
L201987,P150561,S0064576,,OPT,The Optimizer,refinance,CR-E-refi-save,google,DCO2026,2026-10-04 22:00:00,BR-022,Bang Khae,2026-10-05 00:24:57.555435560,True,False,2,2026-10-06 02:53:22.594740644,,Contacted,
L201988,P164161,S0064605,,FHB,First-Home Urban Starters,housing,CR-A-ratecut,line,DCO2026,2026-09-26 17:55:00,BR-061,Rangsit,2026-09-26 20:26:51.865894952,True,False,2,,,Cannot Contact,cannot_contact
L201989,P109543,S0064640,,OPT,The Optimizer,refinance,CR-H-refi-fast,line,DCO2026,2026-09-15 18:58:00,BR-061,Rangsit,2026-09-15 20:18:08.637242906,False,False,3,,,Not Qualified,not_qualified
L201990,P101067,S0064660,,MRL,The Monthly Relief,refinance,CR-D-bizasset,facebook,DCO2026,2026-11-09 18:29:00,BR-052,Chiang Mai,,False,False,1,,,Not Qualified,not_qualified
L201991,P147259,S0064700,,FHB,First-Home Urban Starters,housing,CR-F-payless,line,DCO2026,2026-10-13 10:32:00,BR-031,Hat Yai,2026-10-13 12:55:54.105312771,False,False,3,,,Not Qualified,not_qualified
L201992,P124424,S0064723,,FHB,First-Home Urban Starters,housing,CR-H-refi-fast,line,DCO2026,2026-11-07 22:22:00,BR-044,Khon Kaen,,False,False,2,,,Not Qualified,not_qualified
L201993,P150266,S0064731,,MRL,The Monthly Relief,refinance,CR-F-payless,display,DCO2026,2026-09-16 17:10:00,BR-014,Ratchadaphisek,2026-09-16 18:42:42.765754750,False,False,1,,,Not Qualified,not_qualified
L201994,,S0064826,,MRL,The Monthly Relief,refinance,CR-B-calculator,facebook,DCO2026,2026-11-09 10:21:00,BR-044,Khon Kaen,,False,False,2,,,Not Qualified,not_qualified
L201995,P148556,S0064854,,OPT,The Optimizer,refinance,CR-D-bizasset,facebook,DCO2026,2026-09-09 09:27:00,BR-031,Hat Yai,2026-09-09 12:06:31.651492712,False,False,2,,,Not Qualified,not_qualified
L201996,P171775,S0064881,,SAE,Smart Asset Entrepreneurs,housing,CR-F-payless,line,DCO2026,2026-10-06 17:22:00,BR-044,Khon Kaen,2026-10-06 18:03:42.339232042,False,False,4,,,Not Qualified,not_qualified
L201997,P136734,S0064891,CIF736734,OPT,The Optimizer,refinance,CR-H-refi-fast,google,,2026-09-17 14:51:00,BR-044,Khon Kaen,2026-09-17 18:49:14.083356392,True,False,5,,,Cannot Contact,cannot_contact
L201998,P133019,S0064928,,MRL,The Monthly Relief,refinance,CR-A-ratecut,facebook,DCO2026,2026-10-17 12:18:00,BR-052,Chiang Mai,2026-10-17 12:25:18.875728585,False,False,2,,,Not Qualified,not_qualified
L201999,P136514,S0064932,,OPT,The Optimizer,refinance,CR-E-refi-save,line,DCO2026,2026-10-19 16:32:00,BR-044,Khon Kaen,2026-10-19 17:21:54.976031342,False,False,3,,,Not Qualified,not_qualified
L202000,P116944,S0065056,CIF716944,FHB,First-Home Urban Starters,housing,CR-C-familyhome,facebook,,2026-10-31 15:53:00,BR-061,Rangsit,2026-10-31 16:19:04.861633095,True,False,2,,,Cannot Contact,cannot_contact
L202001,P177189,S0065058,,FHB,First-Home Urban Starters,housing,CR-D-bizasset,facebook,DCO2026,2026-10-04 17:15:00,BR-052,Chiang Mai,2026-10-04 19:41:50.840373181,False,False,2,,,Not Qualified,not_qualified
L202002,P160524,S0065059,,FAM,Family Upgraders,housing,CR-E-refi-save,google,DCO2026,2026-10-06 20:50:00,BR-044,Khon Kaen,2026-10-06 22:36:17.862765261,False,False,5,,,Not Qualified,not_qualified
L202003,P128105,S0065107,,FHB,First-Home Urban Starters,housing,CR-H-refi-fast,facebook,DCO2026,2026-11-07 19:55:00,BR-052,Chiang Mai,,True,False,4,,,Cannot Contact,cannot_contact
L202004,P129920,S0065115,,FAM,Family Upgraders,housing,CR-E-refi-save,facebook,DCO2026,2026-10-27 15:29:00,BR-061,Rangsit,2026-10-27 17:03:01.388520184,False,False,4,,,Not Qualified,not_qualified
L202005,P107233,S0065123,CIF707233,FHB,First-Home Urban Starters,housing,CR-B-calculator,facebook,DCO2026,2026-09-30 19:54:00,BR-031,Hat Yai,2026-09-30 20:59:54.404437290,True,False,1,,,Cannot Contact,cannot_contact
L202006,P111035,S0065201,CIF711035,OPT,The Optimizer,refinance,CR-B-calculator,facebook,DCO2026,2026-10-01 12:29:00,BR-014,Ratchadaphisek,2026-10-01 13:17:45.672612361,False,False,3,,,Not Qualified,not_qualified
L202007,P100827,S0065292,,OPT,The Optimizer,refinance,CR-F-payless,google,DCO2026,2026-09-09 10:33:00,BR-061,Rangsit,2026-09-09 16:34:57.731464956,True,False,3,,,Cannot Contact,cannot_contact
L202008,P164793,S0065328,,FHB,First-Home Urban Starters,housing,CR-E-refi-save,facebook,DCO2026,2026-10-18 09:16:00,BR-031,Hat Yai,2026-10-18 14:32:46.282783605,True,False,2,2026-10-18 20:33:27.320988865,,Contacted,
L202009,P112595,S0065349,,MRL,The Monthly Relief,refinance,CR-G-firsthome,facebook,DCO2026,2026-09-04 14:21:00,BR-061,Rangsit,2026-09-04 16:50:45.902218117,False,False,3,,,Not Qualified,not_qualified
L202010,P147244,S0065383,,SAE,Smart Asset Entrepreneurs,housing,CR-E-refi-save,line,DCO2026,2026-10-18 14:45:00,BR-052,Chiang Mai,2026-10-18 16:31:33.220543922,False,False,5,,,Not Qualified,not_qualified
L202011,P177619,S0065392,,OPT,The Optimizer,refinance,CR-E-refi-save,line,DCO2026,2026-09-04 14:15:00,BR-031,Hat Yai,2026-09-04 15:18:51.204955903,True,False,3,2026-09-06 10:50:07.225667898,2026-09-10 13:37:32.228376528,Document Pending,
L202012,,S0065473,,FAM,Family Upgraders,housing,CR-G-firsthome,display,DCO2026,2026-09-30 14:02:00,BR-022,Bang Khae,2026-09-30 15:32:47.457551678,False,False,5,,,Not Qualified,not_qualified
L202013,P160125,S0065495,CIF760125,OPT,The Optimizer,refinance,CR-H-refi-fast,google,DCO2026,2026-10-24 10:46:00,BR-052,Chiang Mai,2026-10-24 11:14:32.280708561,True,False,2,2026-10-24 16:41:03.117067057,2026-10-26 04:44:20.970519117,Document Pending,
L202014,P115978,S0065512,,OPT,The Optimizer,refinance,CR-E-refi-save,facebook,DCO2026,2026-10-25 11:08:00,BR-052,Chiang Mai,2026-10-25 12:56:47.833056468,True,False,2,2026-10-29 16:14:04.538441372,,Contacted,
L202015,P142654,S0065529,,OPT,The Optimizer,refinance,CR-D-bizasset,display,DCO2026,2026-09-19 15:47:00,BR-061,Rangsit,2026-09-19 17:34:39.647482558,True,False,2,,,Cannot Contact,cannot_contact
L202016,P180720,S0065544,,FAM,Family Upgraders,housing,CR-E-refi-save,facebook,,2026-09-23 14:38:00,BR-022,Bang Khae,2026-09-23 15:38:47.058114250,True,True,3,,,Duplicate Lead,duplicate_lead
L202017,P131370,S0065576,CIF731370,OPT,The Optimizer,refinance,CR-C-familyhome,facebook,DCO2026,2026-10-15 14:54:00,BR-052,Chiang Mai,2026-10-15 16:50:26.800339927,False,False,5,,,Not Qualified,not_qualified
L202018,P145611,S0065637,,MRL,The Monthly Relief,refinance,CR-B-calculator,facebook,DCO2026,2026-10-26 10:48:00,BR-022,Bang Khae,2026-10-26 13:27:24.611348523,False,False,1,,,Not Qualified,not_qualified
L202019,P171081,S0065668,,FHB,First-Home Urban Starters,housing,CR-F-payless,line,DCO2026,2026-09-17 12:17:00,BR-061,Rangsit,2026-09-17 14:29:16.404028110,True,False,2,2026-09-18 20:58:59.818660159,2026-09-26 14:45:43.109981886,Document Pending,
L202020,P143598,S0065693,CIF743598,OPT,The Optimizer,refinance,CR-E-refi-save,google,DCO2026,2026-10-16 11:11:00,BR-031,Hat Yai,2026-10-16 15:51:50.256127153,True,False,3,2026-10-18 17:32:24.701156240,2026-10-24 02:25:44.141884177,Document Pending,
L202021,,S0065695,,OPT,The Optimizer,refinance,CR-H-refi-fast,google,,2026-09-11 13:41:00,BR-014,Ratchadaphisek,2026-09-11 18:48:52.582305403,False,False,5,,,Not Qualified,not_qualified
L202022,P107324,S0065735,,FHB,First-Home Urban Starters,housing,CR-E-refi-save,facebook,DCO2026,2026-09-18 15:18:00,BR-022,Bang Khae,2026-09-18 16:51:32.162464249,True,False,3,2026-09-19 12:38:42.330024952,2026-09-20 12:08:10.871028247,Document Pending,
L202023,P174741,S0065789,CIF774741,OPT,The Optimizer,refinance,CR-A-ratecut,google,DCO2026,2026-11-03 21:15:00,BR-052,Chiang Mai,2026-11-03 23:10:57.908818743,True,False,1,2026-11-07 11:46:28.288146435,,Contacted,
L202024,P151480,S0065802,,OPT,The Optimizer,refinance,CR-G-firsthome,facebook,DCO2026,2026-09-21 15:40:00,BR-022,Bang Khae,2026-09-21 16:15:44.374050672,False,False,3,,,Not Qualified,not_qualified
L202025,P151910,S0065825,CIF751910,FAM,Family Upgraders,housing,CR-D-bizasset,google,DCO2026,2026-09-15 18:46:00,BR-022,Bang Khae,2026-09-15 21:13:46.670952207,True,False,1,2026-09-16 16:31:46.066521985,,Contacted,
L202026,P166788,S0065842,,OPT,The Optimizer,refinance,CR-A-ratecut,facebook,DCO2026,2026-10-23 15:28:00,BR-031,Hat Yai,2026-10-23 16:35:48.097709292,True,False,2,2026-10-25 22:50:33.028594183,2026-10-29 14:07:24.397356254,Document Pending,
L202027,P125031,S0065889,,OPT,The Optimizer,refinance,CR-H-refi-fast,facebook,,2026-09-08 14:24:00,BR-031,Hat Yai,2026-09-08 14:57:45.924370743,True,False,2,2026-09-10 03:37:42.061366272,2026-09-13 23:06:20.238557148,Document Pending,
L202028,P120231,S0065944,,FHB,First-Home Urban Starters,housing,CR-E-refi-save,facebook,DCO2026,2026-09-24 20:14:00,BR-061,Rangsit,2026-09-24 20:27:58.581484514,True,False,1,,,Cannot Contact,cannot_contact
L202029,P135604,S0065982,CIF735604,MRL,The Monthly Relief,refinance,CR-D-bizasset,line,DCO2026,2026-11-02 14:10:00,BR-031,Hat Yai,2026-11-02 14:18:23.609369806,True,False,2,2026-11-05 03:48:58.920716310,,Document Pending,
L202030,P141552,S0065997,,FHB,First-Home Urban Starters,housing,CR-D-bizasset,facebook,DCO2026,2026-09-14 19:01:00,BR-052,Chiang Mai,2026-09-14 23:46:06.141788078,True,False,1,2026-09-17 04:49:05.908299296,2026-09-19 15:35:54.500453360,Document Pending,
L202031,P146639,S0066039,CIF746639,FAM,Family Upgraders,housing,CR-G-firsthome,google,DCO2026,2026-09-19 18:43:00,BR-014,Ratchadaphisek,2026-09-19 20:07:49.295623860,True,False,1,2026-09-21 08:57:23.496659095,,Contacted,
L202032,,S0066204,CIF761296,FHB,First-Home Urban Starters,housing,CR-H-refi-fast,facebook,DCO2026,2026-10-14 22:13:00,BR-044,Khon Kaen,2026-10-14 22:57:29.891147294,False,False,1,,,Not Qualified,not_qualified
L202033,,S0066208,,MRL,The Monthly Relief,refinance,CR-H-refi-fast,line,DCO2026,2026-10-30 09:20:00,BR-061,Rangsit,2026-10-30 09:41:23.935795934,True,False,2,2026-11-01 09:30:42.373792088,2026-11-03 01:44:34.700604710,Document Pending,
L202034,P141742,S0066264,,FAM,Family Upgraders,housing,CR-B-calculator,facebook,,2026-10-21 14:22:00,BR-044,Khon Kaen,2026-10-21 16:24:14.420441677,True,False,3,2026-10-23 12:46:50.821077618,,Contacted,
L202035,P116016,S0066342,,FHB,First-Home Urban Starters,housing,CR-B-calculator,facebook,DCO2026,2026-10-24 13:49:00,BR-052,Chiang Mai,2026-10-24 13:54:11.509286175,False,False,3,,,Not Qualified,not_qualified
L202036,P170510,S0066363,,MRL,The Monthly Relief,refinance,CR-F-payless,google,DCO2026,2026-11-09 10:24:00,BR-044,Khon Kaen,,True,False,2,2026-11-09 18:58:03.447561212,,Contacted,
L202037,P148815,S0066417,,OPT,The Optimizer,refinance,CR-A-ratecut,facebook,DCO2026,2026-10-17 09:27:00,BR-061,Rangsit,2026-10-17 10:15:15.862838382,True,False,2,2026-10-17 22:38:42.586459890,,Contacted,
L202038,P145715,S0066479,,FHB,First-Home Urban Starters,housing,CR-E-refi-save,google,DCO2026,2026-09-01 17:41:00,BR-014,Ratchadaphisek,2026-09-01 19:46:49.620992668,True,False,1,2026-09-02 01:14:44.308091988,,Contacted,
L202039,P164140,S0066480,CIF764140,OPT,The Optimizer,refinance,CR-B-calculator,google,DCO2026,2026-09-06 09:22:00,BR-061,Rangsit,2026-09-06 09:53:57.495151826,True,False,2,2026-09-07 02:17:40.966270878,,Contacted,
L202040,P111456,S0066499,,OPT,The Optimizer,refinance,CR-G-firsthome,facebook,DCO2026,2026-10-15 13:31:00,BR-061,Rangsit,2026-10-15 14:44:16.611104751,True,False,1,2026-10-16 03:22:37.250452566,,Contacted,
L202041,P141753,S0066534,CIF741753,MRL,The Monthly Relief,refinance,CR-B-calculator,facebook,DCO2026,2026-10-16 08:58:00,BR-022,Bang Khae,2026-10-16 09:29:40.735189246,True,True,4,,,Duplicate Lead,duplicate_lead
L202042,P136727,S0066571,,FAM,Family Upgraders,housing,CR-H-refi-fast,line,DCO2026,2026-10-12 18:11:00,BR-014,Ratchadaphisek,2026-10-12 19:10:34.616912308,False,False,3,,,Not Qualified,not_qualified
L202043,P101032,S0066705,CIF701032,MRL,The Monthly Relief,refinance,CR-E-refi-save,google,DCO2026,2026-10-18 16:39:00,BR-044,Khon Kaen,2026-10-18 18:05:59.284866624,True,False,1,2026-10-20 11:44:13.500223990,,Contacted,
L202044,P111292,S0066719,CIF711292,MRL,The Monthly Relief,refinance,CR-G-firsthome,line,DCO2026,2026-09-09 17:29:00,BR-052,Chiang Mai,2026-09-09 21:16:31.116411078,False,False,2,,,Not Qualified,not_qualified
L202045,P125817,S0066727,,MRL,The Monthly Relief,refinance,CR-D-bizasset,google,DCO2026,2026-10-09 10:29:00,BR-031,Hat Yai,2026-10-09 11:22:21.991349983,False,False,3,,,Not Qualified,not_qualified
L202046,P107842,S0066735,,MRL,The Monthly Relief,refinance,CR-F-payless,google,DCO2026,2026-10-03 12:57:00,BR-022,Bang Khae,2026-10-03 16:24:48.782805901,True,False,2,2026-10-04 21:22:55.643745964,2026-10-08 09:51:33.181935213,Document Pending,
L202047,P131318,S0066736,,MRL,The Monthly Relief,refinance,CR-B-calculator,facebook,DCO2026,2026-10-03 17:55:00,BR-014,Ratchadaphisek,2026-10-03 20:36:43.215351482,False,False,3,,,Not Qualified,not_qualified
L202048,P164068,S0066807,,OPT,The Optimizer,refinance,CR-D-bizasset,google,DCO2026,2026-11-03 18:08:00,BR-044,Khon Kaen,2026-11-03 19:02:39.391992216,True,False,2,,,Cannot Contact,cannot_contact
L202049,P151898,S0066830,,OPT,The Optimizer,refinance,CR-B-calculator,line,DCO2026,2026-10-27 19:25:00,BR-031,Hat Yai,2026-10-27 22:15:31.305964704,False,False,2,,,Not Qualified,not_qualified
L202050,P107551,S0066857,,OPT,The Optimizer,refinance,CR-E-refi-save,google,DCO2026,2026-09-15 19:16:00,BR-061,Rangsit,2026-09-16 00:07:43.015993758,True,False,3,2026-09-17 13:59:50.205640890,2026-09-19 22:30:59.429434074,Document Pending,
L202051,P122265,S0066867,,OPT,The Optimizer,refinance,CR-A-ratecut,line,DCO2026,2026-10-07 22:55:00,BR-044,Khon Kaen,2026-10-08 02:01:22.811260140,True,False,1,2026-10-08 23:26:53.215642606,2026-10-13 20:40:46.169849847,Document Pending,
L202052,P138200,S0066915,CIF738200,MRL,The Monthly Relief,refinance,CR-B-calculator,facebook,DCO2026,2026-11-04 20:53:00,BR-044,Khon Kaen,2026-11-04 22:10:34.886181685,False,False,2,,,Not Qualified,not_qualified
L202053,P106637,S0066938,,FHB,First-Home Urban Starters,housing,CR-B-calculator,display,DCO2026,2026-09-10 20:31:00,BR-031,Hat Yai,2026-09-10 20:48:14.484033754,True,False,3,2026-09-11 11:48:11.867198024,2026-09-29 09:43:52.057438732,Document Pending,
L202054,P115283,S0066943,,FHB,First-Home Urban Starters,housing,CR-C-familyhome,google,DCO2026,2026-10-05 22:54:00,BR-022,Bang Khae,2026-10-06 03:44:41.646885100,False,False,4,,,Not Qualified,not_qualified
L202055,,S0066987,,OPT,The Optimizer,refinance,CR-G-firsthome,line,,2026-10-30 17:02:00,BR-031,Hat Yai,2026-10-30 19:45:13.390143812,True,False,1,2026-11-01 05:36:28.776213930,,Contacted,
L202056,P136328,S0066999,,MRL,The Monthly Relief,refinance,CR-H-refi-fast,display,,2026-10-17 13:38:00,BR-044,Khon Kaen,2026-10-17 19:49:48.249365107,True,False,2,,,Cannot Contact,cannot_contact
L202057,P171199,S0067030,CIF771199,MRL,The Monthly Relief,refinance,CR-C-familyhome,facebook,DCO2026,2026-09-17 11:40:00,BR-031,Hat Yai,2026-09-17 14:04:22.447043755,False,False,1,,,Not Qualified,not_qualified
L202058,P173472,S0067083,,OPT,The Optimizer,refinance,CR-B-calculator,display,DCO2026,2026-09-10 21:27:00,BR-014,Ratchadaphisek,2026-09-10 21:39:50.296241070,True,False,2,2026-09-12 20:09:45.784185584,,Contacted,
L202059,P111680,S0067101,CIF711680,MRL,The Monthly Relief,refinance,CR-E-refi-save,facebook,DCO2026,2026-10-16 15:34:00,BR-061,Rangsit,2026-10-16 19:04:49.895968708,False,False,1,,,Not Qualified,not_qualified
L202060,,S0067116,,FAM,Family Upgraders,housing,CR-D-bizasset,google,DCO2026,2026-10-13 14:44:00,BR-022,Bang Khae,2026-10-13 17:28:48.728291737,True,False,3,2026-10-13 23:12:02.003866003,2026-10-23 13:24:52.629224728,Document Pending,
L202061,P180413,S0067151,CIF780413,FHB,First-Home Urban Starters,housing,CR-D-bizasset,facebook,DCO2026,2026-10-31 18:06:00,BR-014,Ratchadaphisek,2026-10-31 21:55:32.896115598,True,False,1,2026-11-01 22:38:54.833277908,,Contacted,
L202062,P137480,S0067196,,FAM,Family Upgraders,housing,CR-E-refi-save,line,DCO2026,2026-09-02 09:47:00,BR-014,Ratchadaphisek,2026-09-02 12:40:06.786610306,True,False,3,2026-09-02 18:03:38.969814399,2026-09-16 01:23:52.356726403,Document Pending,
L202063,P149835,S0067263,,MRL,The Monthly Relief,refinance,CR-B-calculator,display,DCO2026,2026-10-20 21:25:00,BR-014,Ratchadaphisek,2026-10-21 03:11:48.637258543,False,False,2,,,Not Qualified,not_qualified
L202064,P163960,S0067264,,MRL,The Monthly Relief,refinance,CR-F-payless,facebook,DCO2026,2026-10-05 15:55:00,BR-014,Ratchadaphisek,2026-10-05 18:19:23.185304182,False,False,5,,,Not Qualified,not_qualified
L202065,,S0067273,,OPT,The Optimizer,refinance,CR-D-bizasset,line,DCO2026,2026-10-12 21:34:00,BR-031,Hat Yai,2026-10-12 21:40:04.745230804,False,False,3,,,Not Qualified,not_qualified
L202066,P133068,S0067279,,OPT,The Optimizer,refinance,CR-E-refi-save,facebook,DCO2026,2026-10-19 08:05:00,BR-022,Bang Khae,2026-10-19 09:10:44.620325944,False,False,5,,,Not Qualified,not_qualified
L202067,P107058,S0067280,,MRL,The Monthly Relief,refinance,CR-H-refi-fast,google,DCO2026,2026-09-22 21:13:00,BR-052,Chiang Mai,2026-09-22 21:42:17.239705526,False,True,3,,,Duplicate Lead,duplicate_lead
L202068,P127256,S0067283,,OPT,The Optimizer,refinance,CR-F-payless,facebook,DCO2026,2026-10-19 20:25:00,BR-052,Chiang Mai,2026-10-19 22:22:11.682484434,False,False,2,,,Not Qualified,not_qualified
L202069,,S0067319,,OPT,The Optimizer,refinance,CR-E-refi-save,google,DCO2026,2026-11-03 20:05:00,BR-014,Ratchadaphisek,2026-11-03 21:32:24.971051599,True,False,3,2026-11-04 06:57:27.298487935,,Contacted,
L202070,P116119,S0067328,CIF716119,FHB,First-Home Urban Starters,housing,CR-B-calculator,facebook,DCO2026,2026-10-09 10:00:00,BR-044,Khon Kaen,2026-10-09 10:38:10.525470993,True,False,3,2026-10-10 04:25:28.979415451,2026-10-15 23:23:29.522253037,Document Pending,
L202071,P116267,S0067359,CIF716267,FHB,First-Home Urban Starters,housing,CR-H-refi-fast,facebook,,2026-10-24 21:08:00,BR-061,Rangsit,2026-10-24 22:30:39.175998283,True,False,3,2026-10-25 03:54:27.799139442,2026-11-03 13:55:53.082108013,Document Pending,
L202072,P130282,S0067360,CIF730282,MRL,The Monthly Relief,refinance,CR-H-refi-fast,facebook,DCO2026,2026-10-24 12:35:00,BR-031,Hat Yai,2026-10-24 14:00:50.526675962,True,False,2,2026-10-25 11:41:07.796732306,,Document Pending,
L202073,P101505,S0067373,,OPT,The Optimizer,refinance,CR-E-refi-save,facebook,DCO2026,2026-09-25 08:15:00,BR-031,Hat Yai,2026-09-25 08:55:42.051157377,True,False,3,2026-09-25 17:23:17.567225055,,Contacted,
L202074,P150446,S0067396,,OPT,The Optimizer,refinance,CR-D-bizasset,facebook,DCO2026,2026-09-07 15:48:00,BR-061,Rangsit,2026-09-07 16:29:01.820391428,True,False,1,2026-09-08 11:40:00.199520659,,Contacted,
L202075,P106041,S0067461,,OPT,The Optimizer,refinance,CR-H-refi-fast,google,DCO2026,2026-11-02 20:45:00,BR-014,Ratchadaphisek,2026-11-02 23:55:42.732847830,True,True,1,,,Duplicate Lead,duplicate_lead
L202076,P135432,S0067472,,MRL,The Monthly Relief,refinance,CR-E-refi-save,google,DCO2026,2026-09-09 19:50:00,BR-052,Chiang Mai,2026-09-09 20:32:04.346494135,False,False,4,,,Not Qualified,not_qualified
L202077,P136238,S0067484,,OPT,The Optimizer,refinance,CR-D-bizasset,facebook,DCO2026,2026-10-12 08:57:00,BR-022,Bang Khae,2026-10-12 11:41:00.806379010,True,False,3,,,Cannot Contact,cannot_contact
L202078,P130829,S0067497,,FHB,First-Home Urban Starters,housing,CR-E-refi-save,google,DCO2026,2026-09-14 19:19:00,BR-052,Chiang Mai,2026-09-14 21:13:37.254374208,False,False,1,,,Not Qualified,not_qualified
L202079,P126454,S0067530,,FHB,First-Home Urban Starters,housing,CR-E-refi-save,line,DCO2026,2026-09-06 08:51:00,BR-061,Rangsit,2026-09-06 09:11:59.384969340,True,False,5,,,Cannot Contact,cannot_contact
L202080,P163290,S0067588,CIF763290,FHB,First-Home Urban Starters,housing,CR-C-familyhome,facebook,DCO2026,2026-09-24 18:17:00,BR-022,Bang Khae,2026-09-24 21:55:44.296598346,True,False,2,,,Cannot Contact,cannot_contact
L202081,P106549,S0067701,CIF706549,FHB,First-Home Urban Starters,housing,CR-B-calculator,facebook,DCO2026,2026-09-30 21:39:00,BR-044,Khon Kaen,2026-09-30 23:21:10.066783129,False,False,1,,,Not Qualified,not_qualified
L202082,P152101,S0067708,CIF752101,FHB,First-Home Urban Starters,housing,CR-C-familyhome,facebook,DCO2026,2026-11-01 14:28:00,BR-014,Ratchadaphisek,2026-11-01 16:26:23.687240268,False,False,5,,,Not Qualified,not_qualified
L202083,P138915,S0067751,,FHB,First-Home Urban Starters,housing,CR-E-refi-save,line,DCO2026,2026-09-24 15:34:00,BR-022,Bang Khae,2026-09-24 21:24:47.351060070,True,False,3,2026-09-27 04:08:13.570940416,,Contacted,
L202084,P133358,S0067847,,OPT,The Optimizer,refinance,CR-B-calculator,google,DCO2026,2026-10-01 14:00:00,BR-014,Ratchadaphisek,2026-10-01 18:49:46.704006919,True,False,3,,,Cannot Contact,cannot_contact
L202085,P171206,S0067918,,FHB,First-Home Urban Starters,housing,CR-G-firsthome,display,DCO2026,2026-10-03 08:40:00,BR-022,Bang Khae,2026-10-03 11:15:28.300728487,True,False,1,2026-10-05 13:03:01.901035824,2026-10-12 16:14:06.444458842,Document Pending,
L202086,P111783,S0067947,,MRL,The Monthly Relief,refinance,CR-G-firsthome,facebook,DCO2026,2026-10-09 14:16:00,BR-044,Khon Kaen,2026-10-09 17:53:58.992362504,False,False,2,,,Not Qualified,not_qualified
L202087,P111912,S0067960,,FHB,First-Home Urban Starters,housing,CR-E-refi-save,facebook,DCO2026,2026-09-01 18:50:00,BR-044,Khon Kaen,2026-09-02 00:01:54.446226259,True,False,3,2026-09-02 07:25:12.252940090,2026-09-06 13:25:46.039635207,Document Pending,
L202088,P130314,S0067983,,FHB,First-Home Urban Starters,housing,CR-F-payless,google,,2026-09-03 10:15:00,BR-052,Chiang Mai,2026-09-03 18:15:37.166943092,False,False,5,,,Not Qualified,not_qualified
L202089,P139783,S0068028,,SAE,Smart Asset Entrepreneurs,housing,CR-C-familyhome,google,DCO2026,2026-10-09 13:37:00,BR-014,Ratchadaphisek,2026-10-09 14:59:27.703224310,False,False,4,,,Not Qualified,not_qualified
L202090,P115891,S0068035,,FAM,Family Upgraders,housing,CR-E-refi-save,google,DCO2026,2026-09-22 14:58:00,BR-031,Hat Yai,,True,False,2,2026-09-24 12:19:21.953142673,,Contacted,
L202091,P111285,S0068054,,OPT,The Optimizer,refinance,CR-E-refi-save,display,DCO2026,2026-09-21 15:57:00,BR-014,Ratchadaphisek,2026-09-21 17:19:13.556947620,False,False,5,,,Not Qualified,not_qualified
L202092,P144824,S0068057,,FAM,Family Upgraders,housing,CR-G-firsthome,google,DCO2026,2026-09-16 14:02:00,BR-031,Hat Yai,2026-09-16 19:22:37.176949687,True,False,3,2026-09-20 11:29:41.016767871,,Contacted,
L202093,P158712,S0068091,,OPT,The Optimizer,refinance,CR-F-payless,google,DCO2026,2026-11-08 09:29:00,BR-014,Ratchadaphisek,,True,False,2,2026-11-08 22:03:54.020006104,,Contacted,
L202094,P177173,S0068119,,OPT,The Optimizer,refinance,CR-D-bizasset,google,DCO2026,2026-10-28 14:37:00,BR-044,Khon Kaen,2026-10-28 15:43:58.758558663,True,False,1,2026-10-29 11:42:29.304710649,,Contacted,
L202095,P145996,S0068122,CIF745996,FHB,First-Home Urban Starters,housing,CR-B-calculator,google,DCO2026,2026-09-14 07:12:00,BR-061,Rangsit,2026-09-14 08:29:57.322221273,True,False,1,2026-09-15 16:34:44.951788383,2026-09-16 17:21:18.784190458,Document Pending,
L202096,P174607,S0068188,,FAM,Family Upgraders,housing,CR-D-bizasset,line,DCO2026,2026-10-29 14:04:00,BR-022,Bang Khae,2026-10-29 15:30:10.478973638,True,False,2,2026-10-31 10:40:25.711269458,,Contacted,
L202097,P102538,S0068262,,SAE,Smart Asset Entrepreneurs,housing,CR-H-refi-fast,display,DCO2026,2026-09-18 17:08:00,BR-052,Chiang Mai,2026-09-18 17:41:36.890965659,False,False,4,,,Not Qualified,not_qualified
L202098,P132901,S0068397,,FHB,First-Home Urban Starters,housing,CR-D-bizasset,facebook,DCO2026,2026-10-14 07:28:00,BR-022,Bang Khae,2026-10-14 08:18:53.636975203,True,False,5,,,Cannot Contact,cannot_contact
L202099,P141786,S0068449,,OPT,The Optimizer,refinance,CR-B-calculator,google,DCO2026,2026-09-10 16:53:00,BR-031,Hat Yai,2026-09-11 01:18:02.145934606,True,True,2,,,Duplicate Lead,duplicate_lead
L202100,P129341,S0068485,,OPT,The Optimizer,refinance,CR-H-refi-fast,facebook,DCO2026,2026-10-25 14:12:00,BR-052,Chiang Mai,2026-10-25 15:56:18.327586912,True,False,2,2026-10-27 06:52:31.310555030,2026-10-31 13:24:31.281855422,Document Pending,
L202101,P116573,S0068491,,FHB,First-Home Urban Starters,housing,CR-E-refi-save,google,,2026-10-14 10:56:00,BR-044,Khon Kaen,2026-10-14 14:27:27.682414777,True,False,3,2026-10-16 08:23:54.917971074,,Contacted,
L202102,P164428,S0068522,,MRL,The Monthly Relief,refinance,CR-C-familyhome,google,DCO2026,2026-09-19 13:12:00,BR-061,Rangsit,2026-09-19 14:02:54.480769630,False,False,4,,,Not Qualified,not_qualified
L202103,P167907,S0068529,,SAE,Smart Asset Entrepreneurs,housing,CR-H-refi-fast,facebook,DCO2026,2026-09-10 10:25:00,BR-052,Chiang Mai,2026-09-10 11:30:37.320783133,False,False,4,,,Not Qualified,not_qualified
L202104,,S0068541,,FAM,Family Upgraders,housing,CR-E-refi-save,facebook,DCO2026,2026-10-28 20:09:00,BR-061,Rangsit,2026-10-28 21:02:50.340691647,True,False,4,,,Cannot Contact,cannot_contact
L202105,P176890,S0068556,CIF776890,FHB,First-Home Urban Starters,housing,CR-E-refi-save,facebook,DCO2026,2026-10-29 18:46:00,BR-031,Hat Yai,2026-10-29 22:06:20.706515642,False,False,5,,,Not Qualified,not_qualified
L202106,P127260,S0068590,,OPT,The Optimizer,refinance,CR-H-refi-fast,facebook,DCO2026,2026-10-25 17:43:00,BR-052,Chiang Mai,2026-10-25 20:37:17.230865022,True,False,5,,,Cannot Contact,cannot_contact
L202107,P111889,S0068694,,FAM,Family Upgraders,housing,CR-D-bizasset,facebook,DCO2026,2026-11-04 22:47:00,BR-022,Bang Khae,2026-11-05 00:39:01.413825607,True,False,5,,,Cannot Contact,cannot_contact
L202108,,S0068748,,SAE,Smart Asset Entrepreneurs,housing,CR-A-ratecut,google,DCO2026,2026-10-21 09:04:00,BR-044,Khon Kaen,2026-10-21 10:04:57.575143368,False,False,3,,,Not Qualified,not_qualified
L202109,P158649,S0068834,,FHB,First-Home Urban Starters,housing,CR-B-calculator,google,DCO2026,2026-09-08 20:17:00,BR-031,Hat Yai,2026-09-09 00:37:51.152339371,True,False,1,2026-09-09 20:13:29.581803898,,Contacted,
L202110,P177498,S0068858,,FAM,Family Upgraders,housing,CR-C-familyhome,google,DCO2026,2026-10-17 22:47:00,BR-014,Ratchadaphisek,2026-10-17 23:59:57.540035973,True,False,1,2026-10-18 09:43:53.277210582,,Contacted,
L202111,P123157,S0068865,,MRL,The Monthly Relief,refinance,CR-E-refi-save,google,DCO2026,2026-10-09 07:18:00,BR-022,Bang Khae,2026-10-09 09:58:11.557583144,False,False,2,,,Not Qualified,not_qualified
L202112,P181616,S0068914,,FAM,Family Upgraders,housing,CR-B-calculator,google,DCO2026,2026-10-03 19:43:00,BR-014,Ratchadaphisek,2026-10-03 21:33:38.070751678,True,False,2,2026-10-05 21:29:51.394895029,,Contacted,
L202113,P139838,S0068948,,OPT,The Optimizer,refinance,CR-D-bizasset,line,DCO2026,2026-09-23 11:24:00,BR-022,Bang Khae,2026-09-23 12:06:19.843525245,False,False,1,,,Not Qualified,not_qualified
L202114,P102382,S0068970,,FHB,First-Home Urban Starters,housing,CR-D-bizasset,facebook,DCO2026,2026-09-02 09:08:00,BR-044,Khon Kaen,2026-09-02 11:02:16.110536889,True,False,3,2026-09-02 17:59:57.238027059,2026-09-07 21:13:40.304830376,Document Pending,
L202115,P147399,S0069002,CIF747399,FAM,Family Upgraders,housing,CR-H-refi-fast,facebook,DCO2026,2026-09-02 12:47:00,BR-031,Hat Yai,2026-09-02 16:33:54.468840687,True,False,3,2026-09-02 19:49:30.438292729,,Contacted,
L202116,P165681,S0069028,,OPT,The Optimizer,refinance,CR-A-ratecut,google,DCO2026,2026-10-28 08:50:00,BR-022,Bang Khae,2026-10-28 10:02:22.776016014,True,False,3,2026-10-29 21:09:31.453932036,,Contacted,
L202117,P177583,S0069107,,OPT,The Optimizer,refinance,CR-H-refi-fast,display,DCO2026,2026-10-09 09:43:00,BR-031,Hat Yai,2026-10-09 11:31:45.224156930,True,False,3,,,Cannot Contact,cannot_contact
L202118,P166778,S0069257,,SAE,Smart Asset Entrepreneurs,housing,CR-C-familyhome,facebook,DCO2026,2026-10-26 16:11:00,BR-044,Khon Kaen,2026-10-26 18:30:40.826253918,False,False,4,,,Not Qualified,not_qualified
L202119,P101131,S0069338,,FHB,First-Home Urban Starters,housing,CR-E-refi-save,facebook,DCO2026,2026-09-22 18:01:00,BR-061,Rangsit,2026-09-22 19:21:07.830945618,False,True,1,,,Duplicate Lead,duplicate_lead
L202120,P147858,S0069363,CIF747858,FHB,First-Home Urban Starters,housing,CR-H-refi-fast,line,DCO2026,2026-09-10 16:49:00,BR-014,Ratchadaphisek,2026-09-10 17:56:45.438557952,True,False,2,2026-09-11 21:48:40.575337389,2026-09-12 10:00:15.334538434,Document Pending,
L202121,P127533,S0069502,,OPT,The Optimizer,refinance,CR-E-refi-save,facebook,DCO2026,2026-09-24 08:21:00,BR-031,Hat Yai,2026-09-24 12:42:17.841532280,True,False,1,2026-09-25 06:01:59.902027064,,Contacted,
L202122,P140568,S0069528,,MRL,The Monthly Relief,refinance,CR-B-calculator,facebook,DCO2026,2026-09-08 13:24:00,BR-022,Bang Khae,2026-09-08 13:28:53.934274614,False,False,4,,,Not Qualified,not_qualified
L202123,P173500,S0069568,CIF773500,FHB,First-Home Urban Starters,housing,CR-F-payless,facebook,DCO2026,2026-09-24 17:38:00,BR-022,Bang Khae,2026-09-24 20:05:02.440192809,True,False,3,,,Cannot Contact,cannot_contact
L202124,,S0069573,,MRL,The Monthly Relief,refinance,CR-H-refi-fast,facebook,DCO2026,2026-09-04 19:29:00,BR-052,Chiang Mai,2026-09-04 21:13:00.522625419,True,False,4,,,Cannot Contact,cannot_contact
L202125,P112966,S0069616,CIF712966,MRL,The Monthly Relief,refinance,CR-H-refi-fast,facebook,DCO2026,2026-10-30 19:01:00,BR-044,Khon Kaen,2026-10-30 21:44:22.601851496,False,False,4,,,Not Qualified,not_qualified
L202126,P109840,S0069666,,SAE,Smart Asset Entrepreneurs,housing,CR-A-ratecut,google,DCO2026,2026-09-16 12:04:00,BR-052,Chiang Mai,2026-09-16 13:34:32.986165129,True,False,1,2026-09-17 11:40:47.259394768,,Contacted,
L202127,P130455,S0069673,,FAM,Family Upgraders,housing,CR-F-payless,google,DCO2026,2026-09-28 16:22:00,BR-031,Hat Yai,2026-09-28 18:45:41.144122608,True,False,3,,,Cannot Contact,cannot_contact
L202128,P153734,S0069710,,MRL,The Monthly Relief,refinance,CR-C-familyhome,line,DCO2026,2026-10-19 11:57:00,BR-061,Rangsit,2026-10-19 13:44:21.794920774,True,False,1,2026-10-20 02:10:14.408006718,2026-10-21 13:49:23.028310704,Document Pending,
L202129,P119732,S0069712,,FAM,Family Upgraders,housing,CR-A-ratecut,facebook,DCO2026,2026-09-18 18:04:00,BR-061,Rangsit,2026-09-18 18:48:56.981438185,True,False,1,2026-09-19 20:28:57.644318851,2026-10-02 13:36:09.579011388,Document Pending,
L202130,P174744,S0069718,,FHB,First-Home Urban Starters,housing,CR-G-firsthome,display,DCO2026,2026-10-12 10:22:00,BR-022,Bang Khae,2026-10-12 13:50:37.489448848,True,False,2,2026-10-13 12:24:03.582528601,2026-10-16 01:13:18.907095164,Document Pending,
L202131,P160112,S0069776,,OPT,The Optimizer,refinance,CR-G-firsthome,facebook,DCO2026,2026-10-20 19:31:00,BR-022,Bang Khae,2026-10-20 20:53:18.833926598,True,False,1,,,Cannot Contact,cannot_contact
L202132,P129373,S0069779,,OPT,The Optimizer,refinance,CR-A-ratecut,google,DCO2026,2026-09-08 20:54:00,BR-044,Khon Kaen,2026-09-08 22:52:33.132810810,True,False,3,2026-09-09 15:10:33.825094741,,Contacted,
L202133,P170585,S0069809,,FHB,First-Home Urban Starters,housing,CR-B-calculator,google,DCO2026,2026-10-11 12:11:00,BR-014,Ratchadaphisek,2026-10-11 12:25:54.191514969,True,False,5,,,Cannot Contact,cannot_contact
L202134,P162742,S0069820,,FHB,First-Home Urban Starters,housing,CR-A-ratecut,line,DCO2026,2026-10-12 12:44:00,BR-061,Rangsit,2026-10-12 14:41:11.250352893,True,False,1,2026-10-13 15:53:58.164923138,,Contacted,
L202135,P118044,S0069834,,OPT,The Optimizer,refinance,CR-G-firsthome,facebook,DCO2026,2026-10-14 20:52:00,BR-014,Ratchadaphisek,2026-10-14 22:52:27.695294672,True,False,2,2026-10-16 11:04:04.120774758,2026-10-21 08:27:15.737761172,Document Pending,
L202136,P151374,S0069949,,MRL,The Monthly Relief,refinance,CR-F-payless,line,DCO2026,2026-10-24 13:44:00,BR-061,Rangsit,2026-10-24 14:06:11.526415219,True,False,1,2026-10-26 09:37:28.222728680,2026-10-31 01:49:11.105042524,Document Pending,
L202137,P177301,S0069979,CIF777301,FAM,Family Upgraders,housing,CR-C-familyhome,google,DCO2026,2026-09-21 13:47:00,BR-061,Rangsit,2026-09-21 17:11:33.164555317,True,False,3,2026-09-22 06:39:48.106364390,,Contacted,
L202138,P169934,S0070088,CIF769934,FHB,First-Home Urban Starters,housing,CR-H-refi-fast,facebook,DCO2026,2026-11-06 21:32:00,BR-061,Rangsit,2026-11-07 00:05:26.274261538,True,False,1,,,Cannot Contact,cannot_contact
L202139,,S0070182,,OPT,The Optimizer,refinance,CR-A-ratecut,line,DCO2026,2026-09-26 09:15:00,BR-031,Hat Yai,2026-09-26 15:08:38.361144685,True,False,2,2026-09-27 05:24:19.517581749,,Contacted,
L202140,P173042,S0070191,,FAM,Family Upgraders,housing,CR-E-refi-save,facebook,DCO2026,2026-09-15 08:31:00,BR-022,Bang Khae,2026-09-15 08:39:39.742852707,True,False,2,,,Cannot Contact,cannot_contact
L202141,P131616,S0070262,,FHB,First-Home Urban Starters,housing,CR-F-payless,line,DCO2026,2026-11-09 12:59:00,BR-031,Hat Yai,,False,False,4,,,Not Qualified,not_qualified
L202142,P122584,S0070306,,OPT,The Optimizer,refinance,CR-G-firsthome,google,DCO2026,2026-09-07 16:20:00,BR-031,Hat Yai,2026-09-07 16:29:52.659559954,True,False,2,2026-09-08 03:56:11.749558860,2026-09-10 23:27:21.512964831,Document Pending,
L202143,P172970,S0070329,,MRL,The Monthly Relief,refinance,CR-E-refi-save,display,DCO2026,2026-09-13 14:47:00,BR-044,Khon Kaen,2026-09-13 18:16:22.790654952,False,False,3,,,Not Qualified,not_qualified
L202144,P125242,S0070394,,MRL,The Monthly Relief,refinance,CR-D-bizasset,display,DCO2026,2026-11-07 10:33:00,BR-052,Chiang Mai,,True,False,1,2026-11-08 02:27:24.572424474,,Contacted,
L202145,P129187,S0070409,,FHB,First-Home Urban Starters,housing,CR-H-refi-fast,display,DCO2026,2026-10-08 19:08:00,BR-022,Bang Khae,2026-10-08 20:46:42.655314332,True,False,3,2026-10-09 13:35:59.866347427,2026-10-14 10:25:09.110553824,Document Pending,
L202146,P113377,S0070448,CIF713377,MRL,The Monthly Relief,refinance,CR-B-calculator,google,DCO2026,2026-10-11 18:44:00,BR-052,Chiang Mai,2026-10-11 19:24:21.685308096,False,False,5,,,Not Qualified,not_qualified
L202147,P175126,S0070485,,FAM,Family Upgraders,housing,CR-B-calculator,google,DCO2026,2026-09-30 09:08:00,BR-052,Chiang Mai,2026-09-30 09:47:42.525888876,True,False,2,2026-10-01 01:56:18.507068175,2026-10-03 03:16:54.550278481,Document Pending,
L202148,P169208,S0070535,,OPT,The Optimizer,refinance,CR-H-refi-fast,google,DCO2026,2026-09-05 07:13:00,BR-061,Rangsit,2026-09-05 08:49:50.232919665,True,False,3,2026-09-06 03:53:03.726210111,,Contacted,
L202149,P158442,S0070561,CIF758442,OPT,The Optimizer,refinance,CR-B-calculator,facebook,DCO2026,2026-10-03 16:53:00,BR-014,Ratchadaphisek,2026-10-03 17:43:55.791651922,True,False,2,2026-10-04 08:21:39.124371673,,Contacted,
L202150,P149756,S0070640,,SAE,Smart Asset Entrepreneurs,housing,CR-C-familyhome,display,DCO2026,2026-11-08 19:17:00,BR-014,Ratchadaphisek,,False,False,5,,,Not Qualified,not_qualified
L202151,P144579,S0070726,,OPT,The Optimizer,refinance,CR-C-familyhome,display,DCO2026,2026-09-16 10:47:00,BR-022,Bang Khae,2026-09-16 12:19:08.093291503,True,True,5,,,Duplicate Lead,duplicate_lead
L202152,,S0070747,CIF725395,FAM,Family Upgraders,housing,CR-F-payless,facebook,DCO2026,2026-09-27 13:33:00,BR-044,Khon Kaen,2026-09-27 17:47:01.561230931,True,False,1,2026-09-28 08:00:20.512188518,,Contacted,
L202153,P125494,S0070767,CIF725494,MRL,The Monthly Relief,refinance,CR-D-bizasset,line,DCO2026,2026-09-20 10:35:00,BR-022,Bang Khae,2026-09-20 12:17:48.950385163,False,False,4,,,Not Qualified,not_qualified
L202154,P156943,S0070784,,FAM,Family Upgraders,housing,CR-C-familyhome,line,DCO2026,2026-09-05 14:43:00,BR-052,Chiang Mai,2026-09-05 15:01:29.563400336,True,False,5,,,Cannot Contact,cannot_contact
L202155,P112145,S0070791,CIF712145,FAM,Family Upgraders,housing,CR-C-familyhome,facebook,DCO2026,2026-09-16 22:03:00,BR-052,Chiang Mai,2026-09-17 00:12:06.667199049,True,False,3,2026-09-18 00:32:54.417616501,2026-09-29 04:02:40.581778124,Document Pending,
L202156,P176009,S0070851,,FHB,First-Home Urban Starters,housing,CR-A-ratecut,facebook,DCO2026,2026-09-12 15:14:00,BR-014,Ratchadaphisek,2026-09-12 16:40:11.438508249,True,False,2,2026-09-13 01:50:45.186233508,2026-09-13 22:28:37.147975375,Document Pending,
L202157,P125591,S0070861,,FHB,First-Home Urban Starters,housing,CR-H-refi-fast,google,DCO2026,2026-09-22 15:11:00,BR-014,Ratchadaphisek,2026-09-22 16:42:17.011956741,True,False,3,2026-09-23 08:54:17.680274706,2026-09-26 20:17:02.584863244,Document Pending,
L202158,P100099,S0070894,,FAM,Family Upgraders,housing,CR-E-refi-save,google,DCO2026,2026-11-08 20:19:00,BR-052,Chiang Mai,,True,False,1,2026-11-09 11:35:23.191732362,,Document Pending,
L202159,P110331,S0070943,,MRL,The Monthly Relief,refinance,CR-G-firsthome,facebook,DCO2026,2026-10-18 15:25:00,BR-052,Chiang Mai,2026-10-18 18:10:58.504728085,False,False,2,,,Not Qualified,not_qualified
L202160,,S0070972,CIF709198,FHB,First-Home Urban Starters,housing,CR-G-firsthome,display,DCO2026,2026-09-30 10:35:00,BR-061,Rangsit,2026-09-30 12:42:33.621931912,True,False,1,2026-10-01 16:04:12.377343350,,Contacted,
L202161,P162821,S0070982,,FAM,Family Upgraders,housing,CR-F-payless,google,DCO2026,2026-11-02 17:34:00,BR-052,Chiang Mai,2026-11-02 22:28:57.492318956,False,False,3,,,Not Qualified,not_qualified
L202162,P110611,S0070985,,SAE,Smart Asset Entrepreneurs,housing,CR-E-refi-save,line,DCO2026,2026-09-15 12:45:00,BR-044,Khon Kaen,2026-09-15 13:32:12.351310915,False,False,2,,,Not Qualified,not_qualified
L202163,P124292,S0071001,,FAM,Family Upgraders,housing,CR-A-ratecut,line,DCO2026,2026-09-01 21:43:00,BR-022,Bang Khae,2026-09-02 02:07:45.985989909,False,False,4,,,Not Qualified,not_qualified
L202164,P110035,S0071026,CIF710035,FAM,Family Upgraders,housing,CR-D-bizasset,facebook,DCO2026,2026-10-19 19:53:00,BR-052,Chiang Mai,2026-10-19 20:34:26.605927863,True,False,3,2026-10-20 07:49:00.307376462,,Contacted,
L202165,P118595,S0071036,,MRL,The Monthly Relief,refinance,CR-C-familyhome,google,DCO2026,2026-09-16 19:38:00,BR-014,Ratchadaphisek,2026-09-16 21:10:23.604928314,False,False,4,,,Not Qualified,not_qualified
L202166,P112518,S0071087,,SAE,Smart Asset Entrepreneurs,housing,CR-D-bizasset,line,DCO2026,2026-10-25 21:09:00,BR-031,Hat Yai,2026-10-25 21:37:57.650319199,False,False,3,,,Not Qualified,not_qualified
L202167,P116044,S0071101,,FHB,First-Home Urban Starters,housing,CR-D-bizasset,facebook,DCO2026,2026-09-04 10:33:00,BR-052,Chiang Mai,2026-09-04 13:17:06.891020937,True,False,3,2026-09-06 02:25:36.803619771,2026-09-07 03:19:26.346381402,Document Pending,
L202168,P104659,S0071217,,FHB,First-Home Urban Starters,housing,CR-A-ratecut,google,DCO2026,2026-11-09 15:47:00,BR-031,Hat Yai,,True,False,3,,,Contacted,
L202169,,S0071240,CIF730381,SAE,Smart Asset Entrepreneurs,housing,CR-D-bizasset,facebook,DCO2026,2026-09-30 17:22:00,BR-022,Bang Khae,2026-09-30 18:29:09.050032315,False,False,2,,,Not Qualified,not_qualified
L202170,P145988,S0071245,CIF745988,OPT,The Optimizer,refinance,CR-G-firsthome,facebook,DCO2026,2026-09-01 15:52:00,BR-031,Hat Yai,2026-09-01 17:59:42.742577740,True,False,2,2026-09-02 20:21:50.032273876,,Contacted,
L202171,P110284,S0071260,,OPT,The Optimizer,refinance,CR-D-bizasset,facebook,,2026-11-03 16:52:00,BR-031,Hat Yai,2026-11-03 17:56:06.038831251,True,False,2,2026-11-04 08:23:26.019013393,2026-11-06 23:44:01.908418339,Document Pending,
L202172,P181251,S0071283,,SAE,Smart Asset Entrepreneurs,housing,CR-A-ratecut,line,DCO2026,2026-09-29 16:13:00,BR-022,Bang Khae,2026-09-29 18:45:32.684152862,True,False,3,,,Cannot Contact,cannot_contact
L202173,P181261,S0071286,CIF781261,MRL,The Monthly Relief,refinance,CR-G-firsthome,display,DCO2026,2026-09-14 17:40:00,BR-031,Hat Yai,2026-09-14 18:32:32.256879106,False,False,3,,,Not Qualified,not_qualified
L202174,P154935,S0071334,,OPT,The Optimizer,refinance,CR-D-bizasset,facebook,DCO2026,2026-09-10 14:10:00,BR-044,Khon Kaen,2026-09-10 14:33:58.694251405,False,False,3,,,Not Qualified,not_qualified
L202175,P172414,S0071349,,FAM,Family Upgraders,housing,CR-E-refi-save,line,DCO2026,2026-10-26 14:43:00,BR-061,Rangsit,2026-10-26 18:18:04.497784371,False,False,5,,,Not Qualified,not_qualified
L202176,P133509,S0071354,CIF733509,OPT,The Optimizer,refinance,CR-G-firsthome,google,DCO2026,2026-10-02 21:43:00,BR-061,Rangsit,2026-10-02 22:01:44.822859649,False,False,1,,,Not Qualified,not_qualified
L202177,P116422,S0071446,,FHB,First-Home Urban Starters,housing,CR-F-payless,facebook,DCO2026,2026-09-30 11:20:00,BR-061,Rangsit,2026-09-30 12:09:37.401685248,True,False,2,,,Cannot Contact,cannot_contact
L202178,P145772,S0071458,,MRL,The Monthly Relief,refinance,CR-G-firsthome,facebook,DCO2026,2026-10-14 16:44:00,BR-061,Rangsit,2026-10-14 20:22:17.558460596,False,False,4,,,Not Qualified,not_qualified
L202179,P160766,S0071473,,MRL,The Monthly Relief,refinance,CR-F-payless,google,DCO2026,2026-09-06 21:51:00,BR-022,Bang Khae,2026-09-06 23:43:43.904815914,False,False,4,,,Not Qualified,not_qualified
L202180,P146619,S0071478,CIF746619,OPT,The Optimizer,refinance,CR-A-ratecut,google,DCO2026,2026-10-24 13:10:00,BR-014,Ratchadaphisek,2026-10-24 15:40:32.138219257,True,False,1,2026-10-25 07:37:12.142939489,2026-11-03 03:41:59.688931025,Document Pending,
L202181,P174607,S0071526,,FAM,Family Upgraders,housing,CR-B-calculator,line,DCO2026,2026-10-17 13:30:00,BR-022,Bang Khae,2026-10-17 13:49:58.281713184,True,False,2,2026-10-18 14:04:40.486368262,,Contacted,
L202182,P131513,S0071540,CIF731513,OPT,The Optimizer,refinance,CR-D-bizasset,line,DCO2026,2026-09-18 21:24:00,BR-052,Chiang Mai,2026-09-18 23:15:59.549735782,False,False,5,,,Not Qualified,not_qualified
L202183,,S0071592,,FHB,First-Home Urban Starters,housing,CR-F-payless,line,DCO2026,2026-09-09 20:13:00,BR-052,Chiang Mai,2026-09-09 21:51:14.411164070,False,False,1,,,Not Qualified,not_qualified
L202184,P181987,S0071717,,MRL,The Monthly Relief,refinance,CR-H-refi-fast,facebook,DCO2026,2026-10-20 13:36:00,BR-022,Bang Khae,2026-10-20 18:46:03.484156749,True,False,1,2026-10-20 23:48:26.589268414,2026-10-23 14:19:27.550580991,Document Pending,
L202185,P175365,S0071719,CIF775365,MRL,The Monthly Relief,refinance,CR-B-calculator,facebook,DCO2026,2026-10-11 19:39:00,BR-061,Rangsit,2026-10-11 22:15:13.295139069,False,False,2,,,Not Qualified,not_qualified
L202186,P117768,S0071770,CIF717768,MRL,The Monthly Relief,refinance,CR-H-refi-fast,google,DCO2026,2026-10-21 18:19:00,BR-044,Khon Kaen,2026-10-21 18:53:42.233830791,True,False,3,2026-10-22 02:17:19.829302482,,Contacted,
L202187,P151535,S0071801,,SAE,Smart Asset Entrepreneurs,housing,CR-B-calculator,google,DCO2026,2026-11-06 16:26:00,BR-022,Bang Khae,2026-11-06 18:25:58.922392099,False,False,5,,,Not Qualified,not_qualified
L202188,P114803,S0071824,,OPT,The Optimizer,refinance,CR-G-firsthome,google,DCO2026,2026-10-28 10:34:00,BR-052,Chiang Mai,2026-10-28 17:40:45.673925904,False,False,2,,,Not Qualified,not_qualified
L202189,P145807,S0071848,CIF745807,FHB,First-Home Urban Starters,housing,CR-A-ratecut,facebook,DCO2026,2026-10-04 20:44:00,BR-022,Bang Khae,2026-10-04 21:52:00.502534878,False,False,3,,,Not Qualified,not_qualified
L202190,P182062,S0071855,,OPT,The Optimizer,refinance,CR-H-refi-fast,facebook,DCO2026,2026-09-04 21:02:00,BR-022,Bang Khae,2026-09-04 22:04:12.286296959,False,False,5,,,Not Qualified,not_qualified
L202191,P175299,S0071900,,SAE,Smart Asset Entrepreneurs,housing,CR-A-ratecut,google,DCO2026,2026-09-30 21:44:00,BR-031,Hat Yai,2026-09-30 23:59:35.752914986,False,False,3,,,Not Qualified,not_qualified
L202192,P157192,S0071906,,MRL,The Monthly Relief,refinance,CR-F-payless,display,DCO2026,2026-09-23 07:38:00,BR-052,Chiang Mai,2026-09-23 08:46:28.077275864,False,False,4,,,Not Qualified,not_qualified
L202193,P100204,S0071909,CIF700204,MRL,The Monthly Relief,refinance,CR-F-payless,facebook,DCO2026,2026-10-28 13:06:00,BR-061,Rangsit,2026-10-28 14:12:55.922527461,False,False,4,,,Not Qualified,not_qualified
L202194,P129213,S0071971,CIF729213,FAM,Family Upgraders,housing,CR-D-bizasset,facebook,DCO2026,2026-09-20 10:42:00,BR-061,Rangsit,2026-09-20 12:23:38.070810693,True,False,2,2026-09-21 09:12:49.406833321,,Contacted,
L202195,P181295,S0072001,CIF781295,FAM,Family Upgraders,housing,CR-E-refi-save,display,DCO2026,2026-10-28 08:56:00,BR-014,Ratchadaphisek,2026-10-28 12:04:57.412778431,True,False,3,2026-10-29 02:06:03.127980547,2026-10-30 10:00:33.484203865,Document Pending,
L202196,P173380,S0072019,CIF773380,FAM,Family Upgraders,housing,CR-B-calculator,google,DCO2026,2026-09-10 17:41:00,BR-061,Rangsit,2026-09-10 19:48:40.900153072,True,False,1,2026-09-12 04:17:44.981954690,,Contacted,
L202197,P124143,S0072042,CIF724143,OPT,The Optimizer,refinance,CR-G-firsthome,display,DCO2026,2026-09-22 13:02:00,BR-031,Hat Yai,2026-09-22 13:10:05.908810264,True,False,3,2026-09-23 05:32:14.693619830,,Contacted,
L202198,P109765,S0072072,CIF709765,FHB,First-Home Urban Starters,housing,CR-C-familyhome,facebook,DCO2026,2026-09-04 17:44:00,BR-031,Hat Yai,2026-09-04 18:05:38.594161191,True,False,3,2026-09-05 14:35:11.971151337,,Contacted,
L202199,P146081,S0072087,,SAE,Smart Asset Entrepreneurs,housing,CR-C-familyhome,facebook,DCO2026,2026-11-01 15:38:00,BR-014,Ratchadaphisek,2026-11-01 17:41:47.142622767,True,False,3,2026-11-02 02:48:34.146741410,2026-11-08 09:40:16.218183235,Document Pending,
L202200,P129371,S0072138,,OPT,The Optimizer,refinance,CR-A-ratecut,facebook,DCO2026,2026-10-12 14:57:00,BR-061,Rangsit,2026-10-12 18:27:19.179558788,False,False,4,,,Not Qualified,not_qualified
L202201,P152571,S0072271,,FHB,First-Home Urban Starters,housing,CR-E-refi-save,google,DCO2026,2026-09-06 22:59:00,BR-031,Hat Yai,2026-09-07 01:14:00.775699862,True,False,2,2026-09-07 17:44:06.107666004,2026-09-15 13:20:20.103928405,Document Pending,
L202202,P127171,S0072300,,SAE,Smart Asset Entrepreneurs,housing,CR-A-ratecut,display,DCO2026,2026-09-21 08:43:00,BR-022,Bang Khae,2026-09-21 11:07:10.023081328,True,False,2,2026-09-23 04:00:14.943037945,,Contacted,
L202203,P120881,S0072350,CIF720881,FHB,First-Home Urban Starters,housing,CR-H-refi-fast,google,DCO2026,2026-10-27 21:12:00,BR-031,Hat Yai,2026-10-27 21:29:14.850381865,True,False,1,2026-10-28 04:47:00.636572810,2026-10-29 09:09:14.349196112,Document Pending,
L202204,P116672,S0072409,CIF716672,OPT,The Optimizer,refinance,CR-A-ratecut,facebook,DCO2026,2026-09-22 14:18:00,BR-022,Bang Khae,2026-09-22 14:42:09.078396706,False,False,2,,,Not Qualified,not_qualified
L202205,P147916,S0072413,,FHB,First-Home Urban Starters,housing,CR-D-bizasset,facebook,DCO2026,2026-11-04 18:25:00,BR-061,Rangsit,2026-11-05 01:26:04.527723345,True,False,1,2026-11-08 05:45:38.567251064,,Contacted,
L202206,P153161,S0072435,,OPT,The Optimizer,refinance,CR-D-bizasset,facebook,DCO2026,2026-09-14 14:38:00,BR-022,Bang Khae,2026-09-14 17:35:08.498364940,False,False,2,,,Not Qualified,not_qualified
L202207,P158469,S0072467,,FHB,First-Home Urban Starters,housing,CR-B-calculator,facebook,DCO2026,2026-10-13 21:27:00,BR-061,Rangsit,2026-10-13 21:40:24.409304551,False,False,4,,,Not Qualified,not_qualified
L202208,P179518,S0072480,,FHB,First-Home Urban Starters,housing,CR-C-familyhome,facebook,DCO2026,2026-09-17 10:14:00,BR-022,Bang Khae,2026-09-17 11:20:49.402757865,True,False,2,2026-09-18 02:20:56.828634811,2026-09-21 23:23:43.896159169,Document Pending,
L202209,P138633,S0072482,CIF738633,OPT,The Optimizer,refinance,CR-H-refi-fast,line,DCO2026,2026-10-30 17:27:00,BR-052,Chiang Mai,2026-10-30 18:36:14.388796699,False,False,3,,,Not Qualified,not_qualified
L202210,P107570,S0072555,,OPT,The Optimizer,refinance,CR-G-firsthome,google,DCO2026,2026-10-02 14:29:00,BR-061,Rangsit,2026-10-02 17:22:26.128957077,True,False,4,,,Cannot Contact,cannot_contact
L202211,P161787,S0072573,CIF761787,FHB,First-Home Urban Starters,housing,CR-B-calculator,facebook,DCO2026,2026-09-16 08:48:00,BR-022,Bang Khae,2026-09-16 10:49:49.788989457,False,False,2,,,Not Qualified,not_qualified
L202212,P128795,S0072598,,FHB,First-Home Urban Starters,housing,CR-G-firsthome,line,DCO2026,2026-11-08 17:59:00,BR-061,Rangsit,,True,False,2,2026-11-09 05:32:04.209770714,,Contacted,
L202213,P109026,S0072670,,FAM,Family Upgraders,housing,CR-F-payless,facebook,DCO2026,2026-09-15 09:37:00,BR-022,Bang Khae,2026-09-15 11:37:54.711661341,True,False,3,2026-09-15 21:39:51.554235980,,Contacted,
L202214,P116605,S0072686,CIF716605,FAM,Family Upgraders,housing,CR-A-ratecut,google,DCO2026,2026-11-01 21:38:00,BR-044,Khon Kaen,2026-11-01 22:06:07.596749737,True,False,2,2026-11-04 00:02:15.983539009,,Contacted,
L202215,P136553,S0072729,,MRL,The Monthly Relief,refinance,CR-B-calculator,google,DCO2026,2026-10-08 13:08:00,BR-014,Ratchadaphisek,2026-10-08 22:15:40.426896522,False,False,5,,,Not Qualified,not_qualified
L202216,P146767,S0072743,,OPT,The Optimizer,refinance,CR-H-refi-fast,line,,2026-10-23 17:30:00,BR-014,Ratchadaphisek,2026-10-23 21:17:30.328294052,True,False,1,2026-10-24 10:44:41.727647929,,Contacted,
L202217,P152794,S0072749,CIF752794,SAE,Smart Asset Entrepreneurs,housing,CR-E-refi-save,facebook,DCO2026,2026-10-03 07:45:00,BR-052,Chiang Mai,2026-10-03 09:23:26.514289316,True,False,3,2026-10-05 16:06:32.853925389,2026-10-07 00:45:33.334205817,Document Pending,
L202218,P125909,S0072764,CIF725909,SAE,Smart Asset Entrepreneurs,housing,CR-C-familyhome,facebook,DCO2026,2026-09-11 19:52:00,BR-022,Bang Khae,2026-09-11 22:35:14.648847844,False,False,3,,,Not Qualified,not_qualified
L202219,P165157,S0072781,,MRL,The Monthly Relief,refinance,CR-D-bizasset,facebook,DCO2026,2026-09-13 13:21:00,BR-061,Rangsit,2026-09-13 19:46:33.703400866,False,False,2,,,Not Qualified,not_qualified
L202220,P174215,S0072813,,FAM,Family Upgraders,housing,CR-A-ratecut,google,DCO2026,2026-09-14 08:51:00,BR-061,Rangsit,2026-09-14 15:36:30.941933900,False,False,4,,,Not Qualified,not_qualified
L202221,P168178,S0072882,CIF768178,OPT,The Optimizer,refinance,CR-B-calculator,google,DCO2026,2026-09-24 11:27:00,BR-031,Hat Yai,2026-09-24 14:12:56.692586034,True,False,2,2026-09-26 08:34:32.678991951,2026-09-30 08:14:10.207185082,Document Pending,
L202222,P121772,S0072890,,FHB,First-Home Urban Starters,housing,CR-A-ratecut,facebook,,2026-09-13 20:11:00,BR-052,Chiang Mai,2026-09-13 20:42:36.529590795,True,False,2,2026-09-15 01:28:44.491860913,,Contacted,
L202223,P173014,S0072903,,OPT,The Optimizer,refinance,CR-G-firsthome,google,DCO2026,2026-11-05 20:02:00,BR-044,Khon Kaen,2026-11-05 20:35:47.683132185,False,False,3,,,Not Qualified,not_qualified
L202224,P179354,S0072907,,FAM,Family Upgraders,housing,CR-D-bizasset,line,DCO2026,2026-10-19 14:16:00,BR-022,Bang Khae,2026-10-19 15:27:49.948733284,True,False,5,,,Cannot Contact,cannot_contact
L202225,P150852,S0072945,,FAM,Family Upgraders,housing,CR-F-payless,facebook,DCO2026,2026-09-08 11:53:00,BR-044,Khon Kaen,2026-09-08 12:09:42.669052665,True,False,1,2026-09-10 03:17:33.764197795,,Contacted,
L202226,P154085,S0073031,CIF754085,OPT,The Optimizer,refinance,CR-C-familyhome,line,DCO2026,2026-11-02 09:09:00,BR-014,Ratchadaphisek,2026-11-02 11:59:34.206855468,True,False,2,2026-11-04 03:32:30.529120617,2026-11-07 01:54:53.825091699,Document Pending,
L202227,P115615,S0073071,,FHB,First-Home Urban Starters,housing,CR-H-refi-fast,facebook,DCO2026,2026-09-08 21:31:00,BR-031,Hat Yai,2026-09-08 21:31:31.899851629,True,False,2,2026-09-09 14:54:03.650981589,2026-09-11 23:58:27.653445370,Document Pending,
L202228,P114498,S0073081,,OPT,The Optimizer,refinance,CR-G-firsthome,google,DCO2026,2026-09-02 21:52:00,BR-022,Bang Khae,2026-09-02 23:25:14.019634310,False,False,5,,,Not Qualified,not_qualified
L202229,P176697,S0073094,,FHB,First-Home Urban Starters,housing,CR-D-bizasset,facebook,DCO2026,2026-10-04 09:02:00,BR-044,Khon Kaen,2026-10-04 09:10:18.830201258,True,False,3,2026-10-05 14:11:58.990930783,,Contacted,
L202230,P162170,S0073099,,OPT,The Optimizer,refinance,CR-C-familyhome,facebook,DCO2026,2026-09-07 18:02:00,BR-031,Hat Yai,,True,False,4,,,Cannot Contact,cannot_contact
L202231,P171839,S0073130,,FHB,First-Home Urban Starters,housing,CR-D-bizasset,facebook,DCO2026,2026-09-06 22:30:00,BR-061,Rangsit,2026-09-06 23:44:21.339677515,True,False,3,2026-09-10 20:51:37.740031380,2026-09-11 19:10:07.612072449,Document Pending,
L202232,P179133,S0073182,CIF779133,FHB,First-Home Urban Starters,housing,CR-E-refi-save,facebook,DCO2026,2026-09-09 18:58:00,BR-022,Bang Khae,2026-09-09 20:36:55.781464390,True,False,3,,,Cannot Contact,cannot_contact
L202233,P172879,S0073210,,FAM,Family Upgraders,housing,CR-D-bizasset,google,DCO2026,2026-09-30 16:21:00,BR-031,Hat Yai,2026-09-30 18:09:30.213322318,True,False,2,,,Cannot Contact,cannot_contact
L202234,,S0073219,,SAE,Smart Asset Entrepreneurs,housing,CR-C-familyhome,facebook,DCO2026,2026-10-30 12:11:00,BR-022,Bang Khae,2026-10-30 13:22:02.363308710,True,False,2,2026-10-31 21:43:15.067646458,2026-11-04 10:18:25.192064722,Document Pending,
L202235,P159755,S0073228,,MRL,The Monthly Relief,refinance,CR-H-refi-fast,facebook,DCO2026,2026-11-04 11:12:00,BR-031,Hat Yai,2026-11-04 15:35:51.718065676,False,False,3,,,Not Qualified,not_qualified
L202236,P103610,S0073303,CIF703610,OPT,The Optimizer,refinance,CR-F-payless,facebook,DCO2026,2026-11-08 17:23:00,BR-031,Hat Yai,,True,False,3,,,Contacted,
L202237,P176773,S0073304,,FHB,First-Home Urban Starters,housing,CR-C-familyhome,facebook,DCO2026,2026-10-12 22:51:00,BR-031,Hat Yai,2026-10-13 00:22:37.373178327,True,False,1,,,Cannot Contact,cannot_contact
L202238,P148486,S0073353,,OPT,The Optimizer,refinance,CR-F-payless,google,DCO2026,2026-10-14 16:54:00,BR-044,Khon Kaen,2026-10-14 17:27:52.827401923,True,False,1,2026-10-15 12:24:35.839628182,2026-10-22 12:14:52.965324186,Document Pending,
L202239,P124558,S0073404,,FHB,First-Home Urban Starters,housing,CR-H-refi-fast,google,DCO2026,2026-10-11 07:09:00,BR-052,Chiang Mai,2026-10-11 10:17:15.097299208,True,False,2,2026-10-12 01:07:33.107867612,,Contacted,
L202240,P104558,S0073458,CIF704558,OPT,The Optimizer,refinance,CR-G-firsthome,facebook,DCO2026,2026-09-12 20:04:00,BR-061,Rangsit,2026-09-12 21:30:33.312782608,False,False,3,,,Not Qualified,not_qualified
L202241,P123377,S0073519,CIF723377,OPT,The Optimizer,refinance,CR-E-refi-save,display,DCO2026,2026-10-15 17:23:00,BR-022,Bang Khae,2026-10-16 00:02:28.069552728,True,False,5,,,Cannot Contact,cannot_contact
L202242,P123000,S0073521,CIF723000,FHB,First-Home Urban Starters,housing,CR-A-ratecut,google,DCO2026,2026-10-13 21:43:00,BR-031,Hat Yai,2026-10-13 22:09:41.871587737,False,False,1,,,Not Qualified,not_qualified
L202243,P143892,S0073527,CIF743892,MRL,The Monthly Relief,refinance,CR-A-ratecut,line,DCO2026,2026-10-13 17:12:00,BR-044,Khon Kaen,2026-10-13 18:27:31.324155454,True,False,1,2026-10-14 17:12:42.230132010,2026-10-18 13:39:21.541823222,Document Pending,
L202244,P108153,S0073697,,OPT,The Optimizer,refinance,CR-A-ratecut,line,DCO2026,2026-11-03 11:17:00,BR-014,Ratchadaphisek,2026-11-03 13:56:22.947472263,False,False,1,,,Not Qualified,not_qualified
L202245,P105045,S0073768,CIF705045,FAM,Family Upgraders,housing,CR-F-payless,display,DCO2026,2026-09-23 17:43:00,BR-061,Rangsit,2026-09-23 18:24:56.164385968,False,False,3,,,Not Qualified,not_qualified
L202246,,S0073801,,OPT,The Optimizer,refinance,CR-H-refi-fast,facebook,DCO2026,2026-10-17 15:08:00,BR-014,Ratchadaphisek,2026-10-17 15:43:36.361965534,False,False,5,,,Not Qualified,not_qualified
L202247,P140875,S0073812,,FHB,First-Home Urban Starters,housing,CR-C-familyhome,line,DCO2026,2026-10-19 22:36:00,BR-014,Ratchadaphisek,2026-10-20 01:02:53.112689970,False,False,5,,,Not Qualified,not_qualified
L202248,P112522,S0073867,,OPT,The Optimizer,refinance,CR-A-ratecut,facebook,DCO2026,2026-09-25 21:31:00,BR-044,Khon Kaen,2026-09-25 23:35:36.747344359,True,False,2,2026-09-26 22:01:57.331276567,,Contacted,
L202249,P153769,S0073904,CIF753769,SAE,Smart Asset Entrepreneurs,housing,CR-F-payless,facebook,DCO2026,2026-10-26 07:17:00,BR-052,Chiang Mai,2026-10-26 07:31:15.401035456,True,False,2,2026-10-26 21:46:03.259304037,2026-11-01 08:57:50.782208430,Document Pending,
L202250,P156621,S0073918,,MRL,The Monthly Relief,refinance,CR-G-firsthome,facebook,DCO2026,2026-09-17 22:46:00,BR-044,Khon Kaen,,True,False,1,,,Cannot Contact,cannot_contact
L202251,P109171,S0073943,CIF709171,OPT,The Optimizer,refinance,CR-G-firsthome,facebook,DCO2026,2026-09-06 17:09:00,BR-022,Bang Khae,2026-09-06 18:23:16.105351362,False,False,2,,,Not Qualified,not_qualified
L202252,P158974,S0073980,,MRL,The Monthly Relief,refinance,CR-F-payless,google,DCO2026,2026-09-21 13:41:00,BR-061,Rangsit,2026-09-21 15:58:14.319822220,True,False,1,2026-09-24 13:29:39.771810831,,Contacted,
L202253,P135899,S0073984,,FHB,First-Home Urban Starters,housing,CR-G-firsthome,line,DCO2026,2026-09-03 20:00:00,BR-014,Ratchadaphisek,2026-09-04 04:57:28.350492897,True,False,1,,,Cannot Contact,cannot_contact
L202254,P154239,S0074055,,OPT,The Optimizer,refinance,CR-D-bizasset,line,DCO2026,2026-11-01 20:05:00,BR-052,Chiang Mai,2026-11-01 21:07:47.512536939,False,False,3,,,Not Qualified,not_qualified
L202255,P104715,S0074099,,FAM,Family Upgraders,housing,CR-G-firsthome,facebook,DCO2026,2026-10-10 12:41:00,BR-014,Ratchadaphisek,2026-10-10 13:50:59.582908580,True,False,3,2026-10-12 11:59:56.543045032,,Contacted,
L202256,P156137,S0074168,,SAE,Smart Asset Entrepreneurs,housing,CR-B-calculator,facebook,,2026-10-15 18:22:00,BR-061,Rangsit,2026-10-15 21:14:53.232630830,True,False,2,,,Cannot Contact,cannot_contact
L202257,P132524,S0074203,,OPT,The Optimizer,refinance,CR-B-calculator,display,DCO2026,2026-11-09 12:51:00,BR-052,Chiang Mai,,True,False,2,,,Contacted,
L202258,P103224,S0074288,,MRL,The Monthly Relief,refinance,CR-F-payless,line,DCO2026,2026-11-09 12:23:00,BR-022,Bang Khae,,True,False,5,,,Cannot Contact,cannot_contact
L202259,P149802,S0074341,,FAM,Family Upgraders,housing,CR-C-familyhome,google,DCO2026,2026-09-22 13:07:00,BR-044,Khon Kaen,2026-09-22 13:32:31.586118315,True,False,3,2026-09-22 23:53:22.824108069,,Contacted,
L202260,,S0074442,,FAM,Family Upgraders,housing,CR-C-familyhome,google,DCO2026,2026-11-09 19:34:00,BR-052,Chiang Mai,,False,False,3,,,Not Qualified,not_qualified
L202261,P100773,S0074477,,FHB,First-Home Urban Starters,housing,CR-D-bizasset,line,DCO2026,2026-09-18 22:56:00,BR-031,Hat Yai,,True,False,3,2026-09-20 00:00:34.273444123,,Contacted,
L202262,P145850,S0074512,,FHB,First-Home Urban Starters,housing,CR-E-refi-save,facebook,DCO2026,2026-09-08 11:06:00,BR-052,Chiang Mai,2026-09-08 17:03:13.271988967,True,False,2,2026-09-09 12:22:35.208420999,2026-09-15 15:00:03.359584652,Document Pending,
L202263,P131934,S0074557,CIF731934,FHB,First-Home Urban Starters,housing,CR-B-calculator,google,DCO2026,2026-09-17 16:49:00,BR-052,Chiang Mai,2026-09-17 20:23:45.849448351,False,False,2,,,Not Qualified,not_qualified
L202264,P179774,S0074566,,FAM,Family Upgraders,housing,CR-H-refi-fast,line,DCO2026,2026-09-04 07:46:00,BR-061,Rangsit,2026-09-04 08:22:46.339052605,True,False,3,2026-09-05 02:57:58.072404580,,Contacted,
L202265,P132934,S0074580,,OPT,The Optimizer,refinance,CR-C-familyhome,facebook,DCO2026,2026-11-09 17:04:00,BR-031,Hat Yai,,True,False,3,,,Contacted,
L202266,P114510,S0074612,CIF714510,FAM,Family Upgraders,housing,CR-B-calculator,facebook,DCO2026,2026-09-08 15:04:00,BR-022,Bang Khae,2026-09-08 15:27:12.788860610,False,True,2,,,Duplicate Lead,duplicate_lead
L202267,P142444,S0074620,CIF742444,FHB,First-Home Urban Starters,housing,CR-C-familyhome,google,DCO2026,2026-11-04 13:30:00,BR-031,Hat Yai,2026-11-04 14:57:17.052411286,True,True,5,,,Duplicate Lead,duplicate_lead
L202268,P112352,S0074764,CIF712352,OPT,The Optimizer,refinance,CR-E-refi-save,facebook,DCO2026,2026-10-15 09:28:00,BR-052,Chiang Mai,2026-10-15 09:33:24.600190524,True,False,3,2026-10-16 06:04:30.324603891,,Contacted,
L202269,P102398,S0074787,,OPT,The Optimizer,refinance,CR-D-bizasset,facebook,DCO2026,2026-10-11 18:42:00,BR-044,Khon Kaen,2026-10-12 02:14:38.943389997,False,False,4,,,Not Qualified,not_qualified
L202270,P151410,S0074896,,FAM,Family Upgraders,housing,CR-E-refi-save,facebook,,2026-09-07 22:49:00,BR-022,Bang Khae,2026-09-08 00:08:46.697514600,True,False,1,2026-09-09 12:13:24.589737810,2026-09-12 00:05:31.428821323,Document Pending,
L202271,P169651,S0074908,,OPT,The Optimizer,refinance,CR-A-ratecut,google,DCO2026,2026-09-03 13:57:00,BR-044,Khon Kaen,2026-09-03 14:27:42.083435502,True,False,2,2026-09-04 16:36:23.604649797,2026-09-07 10:27:11.562068005,Document Pending,
L202272,,S0074928,CIF771770,FAM,Family Upgraders,housing,CR-F-payless,display,DCO2026,2026-09-19 10:37:00,BR-061,Rangsit,2026-09-19 12:02:39.520799814,True,False,2,2026-09-20 01:10:27.458910453,,Contacted,
L202273,P158176,S0075000,,FHB,First-Home Urban Starters,housing,CR-E-refi-save,line,DCO2026,2026-11-05 17:02:00,BR-022,Bang Khae,2026-11-05 18:34:41.516934201,True,False,3,2026-11-06 10:05:02.751747624,2026-11-07 10:42:45.545388927,Document Pending,
L202274,P143540,S0075013,CIF743540,OPT,The Optimizer,refinance,CR-G-firsthome,facebook,DCO2026,2026-09-15 15:07:00,BR-044,Khon Kaen,2026-09-15 16:07:22.288574606,False,False,2,,,Not Qualified,not_qualified
L202275,P154105,S0075025,,SAE,Smart Asset Entrepreneurs,housing,CR-D-bizasset,facebook,DCO2026,2026-11-08 07:40:00,BR-031,Hat Yai,,True,False,2,,,Document Pending,
L202276,P124883,S0075072,CIF724883,MRL,The Monthly Relief,refinance,CR-H-refi-fast,google,DCO2026,2026-10-08 16:44:00,BR-014,Ratchadaphisek,2026-10-08 21:37:47.595446725,False,False,2,,,Not Qualified,not_qualified
L202277,P136058,S0075124,,FHB,First-Home Urban Starters,housing,CR-F-payless,google,DCO2026,2026-10-13 11:12:00,BR-044,Khon Kaen,2026-10-13 12:06:05.258175048,False,False,1,,,Not Qualified,not_qualified
L202278,P104664,S0075127,,FAM,Family Upgraders,housing,CR-G-firsthome,facebook,,2026-10-01 08:16:00,BR-061,Rangsit,2026-10-01 10:24:51.136994886,True,False,1,2026-10-02 15:59:20.256105064,,Contacted,
L202279,P166080,S0075166,,FHB,First-Home Urban Starters,housing,CR-H-refi-fast,display,DCO2026,2026-09-25 07:42:00,BR-061,Rangsit,2026-09-25 08:01:47.154233388,True,False,2,2026-09-26 10:52:56.451078343,,Contacted,
L202280,P168861,S0075170,CIF768861,FHB,First-Home Urban Starters,housing,CR-G-firsthome,line,DCO2026,2026-10-10 19:53:00,BR-061,Rangsit,2026-10-10 22:38:46.739167866,False,False,2,,,Not Qualified,not_qualified
L202281,P160352,S0075200,,MRL,The Monthly Relief,refinance,CR-C-familyhome,google,DCO2026,2026-09-30 08:17:00,BR-044,Khon Kaen,2026-09-30 08:35:42.575308938,True,False,2,2026-10-01 04:56:35.186792104,,Contacted,
L202282,P127358,S0075216,,OPT,The Optimizer,refinance,CR-D-bizasset,facebook,DCO2026,2026-10-25 18:11:00,BR-052,Chiang Mai,2026-10-25 18:34:43.462249591,False,False,1,,,Not Qualified,not_qualified
L202283,P108881,S0075217,CIF708881,FHB,First-Home Urban Starters,housing,CR-A-ratecut,line,DCO2026,2026-09-12 22:10:00,BR-022,Bang Khae,2026-09-13 00:51:45.616577251,False,False,4,,,Not Qualified,not_qualified
L202284,,S0075231,CIF728252,FHB,First-Home Urban Starters,housing,CR-G-firsthome,google,DCO2026,2026-09-03 07:49:00,BR-044,Khon Kaen,2026-09-03 10:44:14.524943728,False,False,3,,,Not Qualified,not_qualified
L202285,P165895,S0075247,,FAM,Family Upgraders,housing,CR-B-calculator,google,DCO2026,2026-10-05 14:53:00,BR-061,Rangsit,2026-10-05 16:29:18.477313876,True,False,4,,,Cannot Contact,cannot_contact
L202286,P147382,S0075263,,SAE,Smart Asset Entrepreneurs,housing,CR-B-calculator,google,DCO2026,2026-09-13 17:27:00,BR-014,Ratchadaphisek,2026-09-13 18:56:41.393924044,False,False,5,,,Not Qualified,not_qualified
L202287,P110919,S0075312,,OPT,The Optimizer,refinance,CR-G-firsthome,google,DCO2026,2026-09-15 15:05:00,BR-031,Hat Yai,2026-09-15 16:20:24.970425199,True,False,3,2026-09-17 05:50:57.737802117,,Contacted,
L202288,P117161,S0075337,,SAE,Smart Asset Entrepreneurs,housing,CR-G-firsthome,google,,2026-09-16 22:57:00,BR-044,Khon Kaen,2026-09-16 23:21:13.681127872,True,False,5,,,Cannot Contact,cannot_contact
L202289,P166487,S0075353,CIF766487,FHB,First-Home Urban Starters,housing,CR-F-payless,google,DCO2026,2026-10-20 10:03:00,BR-052,Chiang Mai,2026-10-20 11:26:06.007213770,True,False,1,2026-10-21 16:31:12.278175243,2026-10-27 00:08:36.682523365,Document Pending,
L202290,P170668,S0075356,,OPT,The Optimizer,refinance,CR-D-bizasset,google,DCO2026,2026-09-12 12:49:00,BR-031,Hat Yai,2026-09-12 18:11:15.575515093,True,False,3,2026-09-14 07:26:26.337631648,,Contacted,
L202291,P113819,S0075403,CIF713819,MRL,The Monthly Relief,refinance,CR-D-bizasset,facebook,,2026-09-30 20:19:00,BR-052,Chiang Mai,2026-09-30 23:14:36.149005549,False,False,4,,,Not Qualified,not_qualified
L202292,,S0075448,,FHB,First-Home Urban Starters,housing,CR-E-refi-save,facebook,DCO2026,2026-09-16 19:56:00,BR-031,Hat Yai,2026-09-16 20:17:28.984325785,False,False,3,,,Not Qualified,not_qualified
L202293,P117078,S0075498,,FAM,Family Upgraders,housing,CR-B-calculator,line,DCO2026,2026-09-08 20:48:00,BR-031,Hat Yai,2026-09-09 01:52:04.548147931,True,False,1,2026-09-11 06:23:19.568961470,2026-09-12 23:16:03.711883220,Document Pending,
L202294,P138747,S0075627,CIF738747,OPT,The Optimizer,refinance,CR-G-firsthome,facebook,DCO2026,2026-11-03 11:14:00,BR-044,Khon Kaen,2026-11-03 12:32:34.299440931,True,False,3,2026-11-03 22:56:02.084916085,,Contacted,
L202295,,S0075634,,FHB,First-Home Urban Starters,housing,CR-B-calculator,facebook,DCO2026,2026-10-19 14:03:00,BR-014,Ratchadaphisek,2026-10-20 00:32:37.936826250,False,False,1,,,Not Qualified,not_qualified
L202296,P103399,S0075681,,SAE,Smart Asset Entrepreneurs,housing,CR-F-payless,facebook,DCO2026,2026-10-13 08:17:00,BR-044,Khon Kaen,2026-10-13 08:55:19.268477793,False,False,3,,,Not Qualified,not_qualified
L202297,P101171,S0075706,CIF701171,FHB,First-Home Urban Starters,housing,CR-E-refi-save,google,DCO2026,2026-09-28 19:02:00,BR-044,Khon Kaen,2026-09-28 22:25:21.088747896,True,False,1,2026-09-30 06:35:15.464130634,2026-10-10 23:04:33.771957028,Document Pending,
L202298,P111853,S0075730,CIF711853,FHB,First-Home Urban Starters,housing,CR-E-refi-save,google,DCO2026,2026-10-22 20:17:00,BR-022,Bang Khae,2026-10-23 02:20:03.826123794,True,False,3,2026-10-24 22:27:47.595883022,2026-10-28 09:53:07.444566046,Document Pending,
L202299,P129784,S0075737,CIF729784,OPT,The Optimizer,refinance,CR-F-payless,google,DCO2026,2026-10-13 18:04:00,BR-031,Hat Yai,2026-10-13 20:15:14.460117140,True,False,3,2026-10-17 16:37:08.753540180,2026-10-21 18:49:37.357360268,Document Pending,
L202300,P180783,S0075751,,MRL,The Monthly Relief,refinance,CR-F-payless,google,DCO2026,2026-11-09 15:36:00,BR-031,Hat Yai,,False,False,2,,,Not Qualified,not_qualified
L202301,P180233,S0075757,CIF780233,OPT,The Optimizer,refinance,CR-B-calculator,display,DCO2026,2026-09-01 07:54:00,BR-044,Khon Kaen,2026-09-01 12:06:12.135590748,True,False,2,2026-09-02 19:06:46.840254098,,Contacted,
L202302,P104953,S0075927,CIF704953,SAE,Smart Asset Entrepreneurs,housing,CR-A-ratecut,facebook,DCO2026,2026-09-15 08:05:00,BR-022,Bang Khae,2026-09-15 13:33:10.307196008,False,False,1,,,Not Qualified,not_qualified
L202303,,S0075969,,OPT,The Optimizer,refinance,CR-D-bizasset,google,DCO2026,2026-09-26 14:43:00,BR-031,Hat Yai,2026-09-26 15:28:54.125298554,True,False,1,2026-09-27 18:57:36.680762572,2026-10-03 03:25:14.580081187,Document Pending,
L202304,P154200,S0076039,,FAM,Family Upgraders,housing,CR-D-bizasset,facebook,DCO2026,2026-10-25 21:52:00,BR-052,Chiang Mai,2026-10-25 23:01:57.079883714,True,False,1,2026-10-28 20:11:02.632622772,2026-11-03 14:10:51.233123383,Document Pending,
L202305,P167696,S0076048,CIF767696,OPT,The Optimizer,refinance,CR-H-refi-fast,facebook,DCO2026,2026-09-09 07:17:00,BR-022,Bang Khae,2026-09-09 08:15:00.909530482,True,False,3,,,Cannot Contact,cannot_contact
L202306,P108014,S0076085,,FHB,First-Home Urban Starters,housing,CR-A-ratecut,google,DCO2026,2026-09-03 19:08:00,BR-014,Ratchadaphisek,2026-09-03 19:18:31.362733624,False,False,1,,,Not Qualified,not_qualified
L202307,P141109,S0076137,CIF741109,FHB,First-Home Urban Starters,housing,CR-A-ratecut,facebook,DCO2026,2026-09-01 14:04:00,BR-052,Chiang Mai,2026-09-01 21:54:47.753018232,False,False,1,,,Not Qualified,not_qualified
L202308,P168463,S0076138,,OPT,The Optimizer,refinance,CR-D-bizasset,line,DCO2026,2026-09-12 15:06:00,BR-022,Bang Khae,2026-09-12 19:31:52.374420156,True,False,3,2026-09-14 09:12:10.746327808,,Contacted,
L202309,P162204,S0076156,,FHB,First-Home Urban Starters,housing,CR-A-ratecut,google,DCO2026,2026-09-18 17:30:00,BR-061,Rangsit,2026-09-18 20:18:04.765953895,False,False,2,,,Not Qualified,not_qualified
L202310,P118218,S0076173,CIF718218,FHB,First-Home Urban Starters,housing,CR-D-bizasset,facebook,DCO2026,2026-10-02 09:04:00,BR-052,Chiang Mai,2026-10-02 10:26:36.110630172,True,False,1,2026-10-04 00:10:53.617505418,,Contacted,
L202311,P103737,S0076197,,OPT,The Optimizer,refinance,CR-H-refi-fast,facebook,DCO2026,2026-10-21 18:19:00,BR-022,Bang Khae,2026-10-21 21:43:12.229621977,True,False,3,2026-10-22 15:42:41.723734372,,Contacted,
L202312,P135667,S0076232,CIF735667,OPT,The Optimizer,refinance,CR-G-firsthome,line,DCO2026,2026-10-28 20:50:00,BR-052,Chiang Mai,2026-10-29 00:15:13.208312593,True,False,1,2026-10-29 23:35:02.346796008,,Contacted,
L202313,P140003,S0076366,CIF740003,MRL,The Monthly Relief,refinance,CR-E-refi-save,google,DCO2026,2026-09-04 21:37:00,BR-044,Khon Kaen,2026-09-04 22:37:09.471631262,False,True,5,,,Duplicate Lead,duplicate_lead
L202314,P163292,S0076394,,MRL,The Monthly Relief,refinance,CR-A-ratecut,google,DCO2026,2026-10-05 08:25:00,BR-044,Khon Kaen,2026-10-05 10:01:30.068439026,False,False,2,,,Not Qualified,not_qualified
L202315,P140670,S0076413,,MRL,The Monthly Relief,refinance,CR-H-refi-fast,facebook,DCO2026,2026-10-10 09:50:00,BR-061,Rangsit,2026-10-10 12:35:39.903236888,False,False,5,,,Not Qualified,not_qualified
L202316,P125576,S0076493,,OPT,The Optimizer,refinance,CR-A-ratecut,line,DCO2026,2026-09-25 18:23:00,BR-052,Chiang Mai,,False,False,2,,,Not Qualified,not_qualified
L202317,P156425,S0076508,,OPT,The Optimizer,refinance,CR-F-payless,google,DCO2026,2026-09-10 08:18:00,BR-022,Bang Khae,2026-09-10 09:19:32.231988847,True,False,4,,,Cannot Contact,cannot_contact
L202318,P119583,S0076528,CIF719583,FHB,First-Home Urban Starters,housing,CR-E-refi-save,google,DCO2026,2026-11-04 09:03:00,BR-031,Hat Yai,2026-11-04 10:28:29.785259834,True,False,3,2026-11-04 18:13:09.933158031,2026-11-06 23:47:39.851404483,Document Pending,
L202319,P115487,S0076538,,OPT,The Optimizer,refinance,CR-F-payless,google,DCO2026,2026-10-13 07:31:00,BR-061,Rangsit,2026-10-13 10:17:02.283893025,False,False,5,,,Not Qualified,not_qualified
L202320,P162250,S0076574,,OPT,The Optimizer,refinance,CR-C-familyhome,facebook,DCO2026,2026-09-01 14:36:00,BR-022,Bang Khae,2026-09-01 17:30:41.631092697,False,False,5,,,Not Qualified,not_qualified
L202321,P113729,S0076613,CIF713729,FHB,First-Home Urban Starters,housing,CR-D-bizasset,facebook,DCO2026,2026-09-16 14:34:00,BR-031,Hat Yai,2026-09-16 15:18:24.825370311,True,False,1,,,Cannot Contact,cannot_contact
L202322,P133400,S0076639,CIF733400,OPT,The Optimizer,refinance,CR-D-bizasset,facebook,,2026-09-07 21:15:00,BR-022,Bang Khae,2026-09-07 23:50:20.200054704,True,False,2,,,Cannot Contact,cannot_contact
L202323,P180850,S0076648,CIF780850,OPT,The Optimizer,refinance,CR-A-ratecut,google,,2026-09-14 09:56:00,BR-052,Chiang Mai,2026-09-14 15:21:38.725211452,False,False,3,,,Not Qualified,not_qualified
L202324,P143611,S0076676,,FAM,Family Upgraders,housing,CR-B-calculator,google,DCO2026,2026-09-05 08:55:00,BR-061,Rangsit,2026-09-05 14:55:57.180144272,True,False,3,2026-09-06 06:28:54.957592314,2026-09-07 10:10:25.784744169,Document Pending,
L202325,P171178,S0076695,,FAM,Family Upgraders,housing,CR-E-refi-save,facebook,DCO2026,2026-09-30 13:11:00,BR-044,Khon Kaen,2026-09-30 14:55:13.900024658,True,False,2,2026-10-02 17:23:34.913135818,2026-10-10 20:45:17.048590017,Document Pending,
L202326,P160182,S0076744,,SAE,Smart Asset Entrepreneurs,housing,CR-H-refi-fast,facebook,DCO2026,2026-10-04 18:00:00,BR-022,Bang Khae,2026-10-04 18:38:42.319789670,False,False,4,,,Not Qualified,not_qualified
L202327,P104353,S0076762,,MRL,The Monthly Relief,refinance,CR-A-ratecut,facebook,DCO2026,2026-10-25 08:13:00,BR-014,Ratchadaphisek,2026-10-25 08:40:57.373778995,False,False,2,,,Not Qualified,not_qualified
L202328,P115770,S0076803,,FHB,First-Home Urban Starters,housing,CR-C-familyhome,display,DCO2026,2026-10-05 09:48:00,BR-031,Hat Yai,2026-10-05 10:01:51.736120096,False,False,2,,,Not Qualified,not_qualified
L202329,P142374,S0076804,,OPT,The Optimizer,refinance,CR-A-ratecut,line,DCO2026,2026-10-30 15:44:00,BR-052,Chiang Mai,2026-10-30 16:13:23.179800044,False,False,1,,,Not Qualified,not_qualified
L202330,P177314,S0076812,CIF777314,FHB,First-Home Urban Starters,housing,CR-E-refi-save,google,DCO2026,2026-10-19 12:04:00,BR-014,Ratchadaphisek,2026-10-19 13:56:53.606826325,True,False,1,,,Cannot Contact,cannot_contact
L202331,P154875,S0076871,,OPT,The Optimizer,refinance,CR-G-firsthome,line,DCO2026,2026-09-18 11:15:00,BR-031,Hat Yai,2026-09-18 15:18:53.071986510,True,False,5,,,Cannot Contact,cannot_contact
L202332,P167859,S0076880,,OPT,The Optimizer,refinance,CR-B-calculator,facebook,DCO2026,2026-10-10 10:45:00,BR-052,Chiang Mai,2026-10-10 12:37:38.963621377,True,False,2,2026-10-12 21:23:20.730533427,2026-10-14 11:08:31.884296694,Document Pending,
L202333,P152432,S0076906,,OPT,The Optimizer,refinance,CR-D-bizasset,facebook,DCO2026,2026-09-05 19:57:00,BR-052,Chiang Mai,2026-09-05 21:59:50.323473762,True,False,2,2026-09-06 03:41:19.705219350,2026-09-14 14:25:08.657377035,Document Pending,
L202334,P123405,S0076931,,OPT,The Optimizer,refinance,CR-D-bizasset,facebook,DCO2026,2026-10-01 21:08:00,BR-014,Ratchadaphisek,2026-10-01 22:48:29.493710709,False,False,2,,,Not Qualified,not_qualified
L202335,P108412,S0076954,,OPT,The Optimizer,refinance,CR-E-refi-save,line,DCO2026,2026-09-28 11:32:00,BR-044,Khon Kaen,2026-09-28 14:08:02.586713450,True,False,3,2026-09-29 15:45:35.144900446,,Contacted,
L202336,P136641,S0077023,,OPT,The Optimizer,refinance,CR-G-firsthome,google,DCO2026,2026-09-27 15:56:00,BR-022,Bang Khae,2026-09-27 19:25:22.373539065,True,False,5,,,Cannot Contact,cannot_contact
L202337,,S0077045,,FHB,First-Home Urban Starters,housing,CR-F-payless,google,DCO2026,2026-10-06 16:49:00,BR-044,Khon Kaen,2026-10-06 19:50:59.592366973,True,False,2,2026-10-07 02:49:00.986961725,,Contacted,
L202338,P167786,S0077133,,FHB,First-Home Urban Starters,housing,CR-H-refi-fast,facebook,,2026-10-02 17:12:00,BR-052,Chiang Mai,2026-10-02 17:41:30.799839897,False,False,4,,,Not Qualified,not_qualified
L202339,P166740,S0077143,,FHB,First-Home Urban Starters,housing,CR-G-firsthome,google,,2026-09-05 09:13:00,BR-044,Khon Kaen,2026-09-05 10:21:24.860835697,False,False,5,,,Not Qualified,not_qualified
L202340,P160348,S0077153,,FAM,Family Upgraders,housing,CR-A-ratecut,facebook,DCO2026,2026-10-05 14:52:00,BR-022,Bang Khae,2026-10-05 15:18:21.986285136,False,False,1,,,Not Qualified,not_qualified
L202341,P147510,S0077197,CIF747510,FAM,Family Upgraders,housing,CR-H-refi-fast,line,DCO2026,2026-11-03 08:25:00,BR-052,Chiang Mai,2026-11-03 10:08:41.671810722,True,False,3,2026-11-05 13:17:09.464673284,,Contacted,
L202342,P145839,S0077198,,FAM,Family Upgraders,housing,CR-B-calculator,google,DCO2026,2026-10-04 15:28:00,BR-052,Chiang Mai,,True,False,3,2026-10-06 01:17:55.929192308,,Contacted,
L202343,P120276,S0077276,,FHB,First-Home Urban Starters,housing,CR-H-refi-fast,facebook,DCO2026,2026-10-31 08:29:00,BR-014,Ratchadaphisek,2026-10-31 11:03:39.829194696,True,False,1,2026-11-02 11:05:36.798026223,2026-11-05 14:27:46.351450563,Document Pending,
L202344,P100193,S0077418,,OPT,The Optimizer,refinance,CR-F-payless,facebook,DCO2026,2026-09-15 09:34:00,BR-031,Hat Yai,2026-09-15 11:17:51.827565140,True,False,4,,,Cannot Contact,cannot_contact
L202345,P151884,S0077432,,MRL,The Monthly Relief,refinance,CR-E-refi-save,line,DCO2026,2026-09-26 07:22:00,BR-022,Bang Khae,2026-09-26 10:30:55.050661604,False,False,5,,,Not Qualified,not_qualified
L202346,P151027,S0077462,,FAM,Family Upgraders,housing,CR-H-refi-fast,facebook,DCO2026,2026-09-18 14:09:00,BR-044,Khon Kaen,2026-09-18 14:37:32.732537422,True,False,1,2026-09-19 15:01:50.764109667,,Contacted,
L202347,,S0077517,,FHB,First-Home Urban Starters,housing,CR-C-familyhome,facebook,DCO2026,2026-10-24 09:22:00,BR-022,Bang Khae,2026-10-24 11:43:12.633406966,False,False,4,,,Not Qualified,not_qualified
L202348,P165423,S0077537,,OPT,The Optimizer,refinance,CR-D-bizasset,facebook,DCO2026,2026-10-04 07:15:00,BR-022,Bang Khae,2026-10-04 11:22:57.423893678,False,False,1,,,Not Qualified,not_qualified
L202349,P110036,S0077623,,OPT,The Optimizer,refinance,CR-D-bizasset,google,DCO2026,2026-10-08 16:47:00,BR-052,Chiang Mai,2026-10-08 17:33:50.131723216,True,False,3,2026-10-09 07:00:56.847074224,,Contacted,
L202350,P167273,S0077702,CIF767273,FAM,Family Upgraders,housing,CR-G-firsthome,facebook,DCO2026,2026-09-16 18:38:00,BR-052,Chiang Mai,2026-09-16 21:16:59.129732094,True,False,3,2026-09-17 01:27:28.267728733,,Contacted,
L202351,P113337,S0077756,,OPT,The Optimizer,refinance,CR-D-bizasset,google,DCO2026,2026-09-26 19:13:00,BR-022,Bang Khae,2026-09-26 23:00:32.291543461,True,False,1,2026-09-27 14:46:50.176202677,,Contacted,
L202352,P126362,S0077929,CIF726362,OPT,The Optimizer,refinance,CR-D-bizasset,facebook,DCO2026,2026-09-19 14:35:00,BR-014,Ratchadaphisek,2026-09-19 14:40:45.781692561,False,False,3,,,Not Qualified,not_qualified
L202353,P152362,S0077952,,FHB,First-Home Urban Starters,housing,CR-E-refi-save,google,DCO2026,2026-10-18 13:05:00,BR-061,Rangsit,2026-10-18 13:24:17.173782998,True,False,1,2026-10-18 19:39:09.434078281,,Contacted,
L202354,P152281,S0078075,,SAE,Smart Asset Entrepreneurs,housing,CR-F-payless,line,DCO2026,2026-09-14 15:07:00,BR-014,Ratchadaphisek,2026-09-14 17:01:06.395913223,True,False,1,2026-09-15 15:10:19.999664625,,Contacted,
L202355,P104137,S0078080,CIF704137,OPT,The Optimizer,refinance,CR-E-refi-save,facebook,DCO2026,2026-09-24 17:44:00,BR-061,Rangsit,2026-09-24 18:15:51.122457717,False,False,1,,,Not Qualified,not_qualified
L202356,,S0078129,CIF738219,SAE,Smart Asset Entrepreneurs,housing,CR-H-refi-fast,facebook,DCO2026,2026-09-12 19:11:00,BR-031,Hat Yai,2026-09-12 21:30:34.054386056,False,False,2,,,Not Qualified,not_qualified
L202357,P174498,S0078142,,MRL,The Monthly Relief,refinance,CR-B-calculator,google,DCO2026,2026-10-01 09:32:00,BR-061,Rangsit,2026-10-01 09:55:17.060772091,True,False,3,2026-10-03 22:24:35.461304166,2026-10-06 22:18:12.681604369,Document Pending,
L202358,P141077,S0078159,,OPT,The Optimizer,refinance,CR-C-familyhome,display,DCO2026,2026-09-04 20:50:00,BR-022,Bang Khae,2026-09-04 21:13:54.571907929,False,False,1,,,Not Qualified,not_qualified
L202359,P111299,S0078187,,SAE,Smart Asset Entrepreneurs,housing,CR-A-ratecut,facebook,DCO2026,2026-10-07 15:30:00,BR-052,Chiang Mai,2026-10-07 19:49:41.246156992,False,False,5,,,Not Qualified,not_qualified
L202360,P130517,S0078203,CIF730517,FHB,First-Home Urban Starters,housing,CR-G-firsthome,facebook,DCO2026,2026-11-04 16:30:00,BR-052,Chiang Mai,2026-11-04 18:10:45.480189399,False,False,5,,,Not Qualified,not_qualified
L202361,P117881,S0078235,,SAE,Smart Asset Entrepreneurs,housing,CR-F-payless,facebook,DCO2026,2026-11-01 11:31:00,BR-014,Ratchadaphisek,2026-11-01 12:26:15.547431835,False,False,2,,,Not Qualified,not_qualified
L202362,P146260,S0078275,,OPT,The Optimizer,refinance,CR-C-familyhome,line,DCO2026,2026-10-02 13:05:00,BR-044,Khon Kaen,2026-10-02 14:03:16.728031196,True,False,3,2026-10-04 13:55:26.879847766,2026-10-07 11:46:39.583104792,Document Pending,
L202363,P165670,S0078277,CIF765670,OPT,The Optimizer,refinance,CR-B-calculator,google,DCO2026,2026-10-30 21:53:00,BR-014,Ratchadaphisek,2026-10-30 23:57:05.711207059,False,False,5,,,Not Qualified,not_qualified
L202364,P152926,S0078291,,OPT,The Optimizer,refinance,CR-A-ratecut,facebook,DCO2026,2026-10-13 12:41:00,BR-044,Khon Kaen,2026-10-13 13:45:13.219382874,False,False,1,,,Not Qualified,not_qualified
L202365,P147178,S0078373,,FHB,First-Home Urban Starters,housing,CR-B-calculator,facebook,DCO2026,2026-10-22 08:24:00,BR-022,Bang Khae,2026-10-22 09:29:38.617490850,False,False,1,,,Not Qualified,not_qualified
L202366,P147323,S0078413,,OPT,The Optimizer,refinance,CR-E-refi-save,display,DCO2026,2026-09-05 21:03:00,BR-014,Ratchadaphisek,2026-09-05 21:55:15.373294467,True,False,2,2026-09-07 01:09:37.138691728,,Contacted,
L202367,P163334,S0078419,,MRL,The Monthly Relief,refinance,CR-G-firsthome,facebook,DCO2026,2026-10-28 20:50:00,BR-031,Hat Yai,2026-10-28 22:06:09.174157183,True,False,1,2026-10-29 15:11:49.595711418,,Contacted,
L202368,P149693,S0078423,CIF749693,OPT,The Optimizer,refinance,CR-A-ratecut,facebook,,2026-09-20 22:11:00,BR-014,Ratchadaphisek,2026-09-20 22:52:28.079820164,False,False,4,,,Not Qualified,not_qualified
L202369,,S0078432,,MRL,The Monthly Relief,refinance,CR-B-calculator,facebook,DCO2026,2026-11-02 15:15:00,BR-044,Khon Kaen,2026-11-02 19:10:28.121870532,True,False,3,2026-11-04 02:12:01.274399809,2026-11-08 10:54:59.374712001,Document Pending,
L202370,P150274,S0078458,CIF750274,FAM,Family Upgraders,housing,CR-C-familyhome,line,DCO2026,2026-09-09 19:41:00,BR-061,Rangsit,2026-09-10 01:00:11.066563815,True,False,2,2026-09-10 14:10:23.101220504,,Contacted,
L202371,P168845,S0078474,CIF768845,MRL,The Monthly Relief,refinance,CR-E-refi-save,display,DCO2026,2026-11-06 15:42:00,BR-061,Rangsit,2026-11-06 19:36:39.784404031,False,False,1,,,Not Qualified,not_qualified
L202372,P147158,S0078507,,SAE,Smart Asset Entrepreneurs,housing,CR-E-refi-save,facebook,,2026-11-07 19:30:00,BR-061,Rangsit,,True,False,1,2026-11-09 15:57:31.463323459,,Document Pending,
L202373,P168065,S0078527,,MRL,The Monthly Relief,refinance,CR-E-refi-save,facebook,DCO2026,2026-10-19 07:15:00,BR-031,Hat Yai,2026-10-19 08:35:36.142833422,True,False,4,,,Cannot Contact,cannot_contact
L202374,P155103,S0078534,,FAM,Family Upgraders,housing,CR-D-bizasset,google,DCO2026,2026-09-17 10:23:00,BR-014,Ratchadaphisek,2026-09-17 11:10:47.527900090,True,False,2,,,Cannot Contact,cannot_contact
L202375,P173454,S0078537,,OPT,The Optimizer,refinance,CR-B-calculator,facebook,DCO2026,2026-10-01 13:41:00,BR-022,Bang Khae,,False,False,2,,,Not Qualified,not_qualified
L202376,P126147,S0078545,CIF726147,MRL,The Monthly Relief,refinance,CR-E-refi-save,facebook,DCO2026,2026-09-10 22:15:00,BR-061,Rangsit,2026-09-11 00:09:39.176520087,False,False,5,,,Not Qualified,not_qualified
L202377,P141023,S0078568,,FHB,First-Home Urban Starters,housing,CR-C-familyhome,google,DCO2026,2026-10-24 11:01:00,BR-052,Chiang Mai,2026-10-24 14:36:05.033347648,False,False,4,,,Not Qualified,not_qualified
L202378,P180492,S0078596,,OPT,The Optimizer,refinance,CR-C-familyhome,facebook,DCO2026,2026-10-17 19:32:00,BR-022,Bang Khae,2026-10-17 20:54:38.520407308,True,False,1,2026-10-20 08:09:23.203761254,,Contacted,
L202379,P167571,S0078619,CIF767571,FAM,Family Upgraders,housing,CR-E-refi-save,google,,2026-10-14 14:05:00,BR-061,Rangsit,2026-10-14 18:04:06.357811380,False,False,5,,,Not Qualified,not_qualified
L202380,P106559,S0078657,,MRL,The Monthly Relief,refinance,CR-A-ratecut,facebook,DCO2026,2026-11-02 18:40:00,BR-052,Chiang Mai,2026-11-02 19:31:58.628536491,True,False,1,2026-11-03 09:47:55.641422114,,Document Pending,
L202381,P165100,S0078672,,FAM,Family Upgraders,housing,CR-A-ratecut,facebook,DCO2026,2026-10-30 22:10:00,BR-061,Rangsit,2026-10-30 22:18:28.933858089,False,False,1,,,Not Qualified,not_qualified
L202382,P139997,S0078716,,FAM,Family Upgraders,housing,CR-B-calculator,google,DCO2026,2026-09-03 21:21:00,BR-031,Hat Yai,2026-09-03 23:37:47.113499514,True,False,2,,,Cannot Contact,cannot_contact
L202383,,S0078729,,OPT,The Optimizer,refinance,CR-E-refi-save,facebook,DCO2026,2026-09-25 16:35:00,BR-044,Khon Kaen,2026-09-25 17:28:23.961365473,True,True,3,,,Duplicate Lead,duplicate_lead
L202384,P173455,S0078741,,FHB,First-Home Urban Starters,housing,CR-C-familyhome,facebook,DCO2026,2026-09-25 11:16:00,BR-014,Ratchadaphisek,2026-09-25 18:53:18.577556061,False,False,1,,,Not Qualified,not_qualified
L202385,P129224,S0078764,,FHB,First-Home Urban Starters,housing,CR-G-firsthome,facebook,DCO2026,2026-09-14 10:03:00,BR-052,Chiang Mai,2026-09-14 10:12:12.972254126,True,False,3,2026-09-14 19:18:20.810547867,2026-09-20 06:02:26.851587334,Document Pending,
L202386,P113702,S0078786,,FHB,First-Home Urban Starters,housing,CR-C-familyhome,facebook,DCO2026,2026-09-14 16:05:00,BR-061,Rangsit,2026-09-14 16:40:37.860991756,True,False,3,2026-09-15 06:29:01.982178169,2026-09-20 14:33:46.553851369,Document Pending,
L202387,P143280,S0078796,,MRL,The Monthly Relief,refinance,CR-H-refi-fast,facebook,DCO2026,2026-09-20 12:10:00,BR-014,Ratchadaphisek,2026-09-20 13:27:29.635869627,True,False,3,2026-09-20 20:22:14.252798307,,Contacted,
L202388,P132972,S0078829,,MRL,The Monthly Relief,refinance,CR-C-familyhome,facebook,DCO2026,2026-10-07 07:11:00,BR-061,Rangsit,2026-10-07 08:04:51.553859222,False,False,4,,,Not Qualified,not_qualified
L202389,P119826,S0078832,,OPT,The Optimizer,refinance,CR-D-bizasset,facebook,DCO2026,2026-10-04 14:11:00,BR-044,Khon Kaen,2026-10-04 14:44:22.369616135,True,True,2,,,Duplicate Lead,duplicate_lead
L202390,P146926,S0078920,,MRL,The Monthly Relief,refinance,CR-F-payless,facebook,DCO2026,2026-09-28 22:42:00,BR-052,Chiang Mai,2026-09-28 23:44:43.699524918,False,False,3,,,Not Qualified,not_qualified
L202391,P168516,S0078942,,FAM,Family Upgraders,housing,CR-D-bizasset,line,DCO2026,2026-10-13 18:30:00,BR-031,Hat Yai,2026-10-13 20:09:11.528547973,False,False,4,,,Not Qualified,not_qualified
L202392,P125590,S0078966,,OPT,The Optimizer,refinance,CR-D-bizasset,line,DCO2026,2026-11-07 17:28:00,BR-052,Chiang Mai,,True,False,1,,,Contacted,
L202393,P178152,S0078984,,FHB,First-Home Urban Starters,housing,CR-C-familyhome,google,DCO2026,2026-10-10 13:11:00,BR-052,Chiang Mai,2026-10-10 13:40:45.931565083,True,False,2,2026-10-12 01:49:19.246716132,2026-10-19 10:20:36.543202801,Document Pending,
L202394,P129242,S0078991,,MRL,The Monthly Relief,refinance,CR-H-refi-fast,google,DCO2026,2026-10-03 11:34:00,BR-031,Hat Yai,2026-10-03 15:03:43.399123872,False,False,3,,,Not Qualified,not_qualified
L202395,P177456,S0079065,,MRL,The Monthly Relief,refinance,CR-B-calculator,line,DCO2026,2026-10-06 16:45:00,BR-014,Ratchadaphisek,2026-10-06 19:46:39.659618895,False,False,5,,,Not Qualified,not_qualified
L202396,P136964,S0079085,,FHB,First-Home Urban Starters,housing,CR-A-ratecut,google,DCO2026,2026-09-19 07:43:00,BR-052,Chiang Mai,2026-09-19 10:19:43.789024054,False,False,4,,,Not Qualified,not_qualified
L202397,P115185,S0079172,,FAM,Family Upgraders,housing,CR-E-refi-save,line,DCO2026,2026-10-24 20:37:00,BR-061,Rangsit,2026-10-24 20:57:47.915422846,False,False,4,,,Not Qualified,not_qualified
L202398,,S0079240,,OPT,The Optimizer,refinance,CR-A-ratecut,google,DCO2026,2026-10-12 09:38:00,BR-052,Chiang Mai,2026-10-12 09:55:32.753494345,True,False,2,,,Cannot Contact,cannot_contact
L202399,P134126,S0079253,,OPT,The Optimizer,refinance,CR-F-payless,display,DCO2026,2026-10-01 08:35:00,BR-044,Khon Kaen,,True,False,5,,,Cannot Contact,cannot_contact
L202400,P179516,S0079273,,OPT,The Optimizer,refinance,CR-F-payless,google,DCO2026,2026-10-16 12:15:00,BR-061,Rangsit,2026-10-16 14:24:53.488722229,True,False,5,,,Cannot Contact,cannot_contact
L202401,P124191,S0079275,CIF724191,FHB,First-Home Urban Starters,housing,CR-C-familyhome,facebook,DCO2026,2026-10-17 11:49:00,BR-052,Chiang Mai,2026-10-17 14:23:45.166515762,True,False,2,2026-10-18 10:41:59.766022506,,Contacted,
L202402,P115206,S0079298,CIF715206,SAE,Smart Asset Entrepreneurs,housing,CR-B-calculator,facebook,DCO2026,2026-10-13 16:42:00,BR-022,Bang Khae,2026-10-13 17:16:13.962714326,True,False,2,2026-10-14 17:36:02.564619714,,Contacted,
L202403,P131608,S0079308,CIF731608,FHB,First-Home Urban Starters,housing,CR-F-payless,facebook,DCO2026,2026-11-05 16:46:00,BR-022,Bang Khae,2026-11-05 19:46:25.787095952,True,False,3,2026-11-06 07:16:13.348055116,,Contacted,
L202404,,S0079314,,MRL,The Monthly Relief,refinance,CR-D-bizasset,line,DCO2026,2026-11-07 22:43:00,BR-031,Hat Yai,,False,False,1,,,Not Qualified,not_qualified
L202405,,S0079328,CIF735879,FAM,Family Upgraders,housing,CR-F-payless,google,DCO2026,2026-10-12 15:42:00,BR-031,Hat Yai,2026-10-12 17:27:58.939906644,False,False,3,,,Not Qualified,not_qualified
L202406,P119186,S0079366,CIF719186,FHB,First-Home Urban Starters,housing,CR-G-firsthome,facebook,DCO2026,2026-10-12 17:30:00,BR-031,Hat Yai,2026-10-12 19:21:12.297495092,False,False,4,,,Not Qualified,not_qualified
L202407,P154069,S0079370,,OPT,The Optimizer,refinance,CR-A-ratecut,line,,2026-10-10 18:47:00,BR-061,Rangsit,2026-10-10 19:22:29.433702865,True,False,3,2026-10-14 01:55:02.255585549,,Contacted,
L202408,P132888,S0079436,,MRL,The Monthly Relief,refinance,CR-F-payless,line,DCO2026,2026-09-01 09:40:00,BR-031,Hat Yai,2026-09-01 12:14:41.157436238,False,False,3,,,Not Qualified,not_qualified
L202409,P111845,S0079463,CIF711845,OPT,The Optimizer,refinance,CR-A-ratecut,google,DCO2026,2026-10-14 22:26:00,BR-014,Ratchadaphisek,,True,False,2,2026-10-16 03:15:39.851077476,,Contacted,
L202410,P120980,S0079473,,FHB,First-Home Urban Starters,housing,CR-A-ratecut,google,DCO2026,2026-11-09 18:50:00,BR-014,Ratchadaphisek,,True,False,2,,,Cannot Contact,cannot_contact
L202411,P130635,S0079559,,SAE,Smart Asset Entrepreneurs,housing,CR-C-familyhome,facebook,DCO2026,2026-09-16 22:01:00,BR-044,Khon Kaen,2026-09-17 02:57:17.489847066,True,False,3,2026-09-18 09:18:13.400604636,,Contacted,
L202412,P160560,S0079562,CIF760560,FHB,First-Home Urban Starters,housing,CR-A-ratecut,line,,2026-11-08 07:39:00,BR-022,Bang Khae,,True,False,2,,,Contacted,
L202413,P176486,S0079590,CIF776486,FAM,Family Upgraders,housing,CR-C-familyhome,facebook,DCO2026,2026-10-22 13:43:00,BR-052,Chiang Mai,2026-10-22 14:35:20.241231949,True,False,2,2026-10-23 03:53:00.287373306,2026-10-29 02:17:01.694962477,Document Pending,
L202414,P168653,S0079594,CIF768653,OPT,The Optimizer,refinance,CR-B-calculator,facebook,DCO2026,2026-09-05 21:11:00,BR-031,Hat Yai,2026-09-05 22:04:42.683081802,True,False,2,2026-09-06 20:22:26.735748828,,Contacted,
L202415,P140886,S0079702,,FAM,Family Upgraders,housing,CR-E-refi-save,google,DCO2026,2026-11-01 21:19:00,BR-031,Hat Yai,2026-11-01 23:52:34.249416030,True,False,1,,,Cannot Contact,cannot_contact
L202416,P127781,S0079727,,OPT,The Optimizer,refinance,CR-A-ratecut,facebook,DCO2026,2026-10-24 11:12:00,BR-044,Khon Kaen,2026-10-24 12:27:04.874608497,True,False,5,,,Cannot Contact,cannot_contact
L202417,P119554,S0079732,,FHB,First-Home Urban Starters,housing,CR-G-firsthome,facebook,DCO2026,2026-09-18 18:28:00,BR-061,Rangsit,2026-09-18 18:38:50.339160573,True,False,3,2026-09-20 06:59:35.302232492,,Contacted,
L202418,P160880,S0079755,,SAE,Smart Asset Entrepreneurs,housing,CR-E-refi-save,facebook,DCO2026,2026-10-13 15:55:00,BR-061,Rangsit,2026-10-13 18:11:11.397392835,True,False,5,,,Cannot Contact,cannot_contact
L202419,P175835,S0079775,CIF775835,OPT,The Optimizer,refinance,CR-C-familyhome,google,,2026-11-02 22:14:00,BR-061,Rangsit,2026-11-03 08:30:10.540144851,True,False,5,,,Cannot Contact,cannot_contact
L202420,P159402,S0079784,,FAM,Family Upgraders,housing,CR-C-familyhome,facebook,DCO2026,2026-10-07 10:18:00,BR-022,Bang Khae,2026-10-07 11:30:00.939205540,False,False,4,,,Not Qualified,not_qualified
L202421,P131951,S0079785,,FHB,First-Home Urban Starters,housing,CR-B-calculator,display,DCO2026,2026-10-11 07:17:00,BR-031,Hat Yai,2026-10-11 07:56:39.543215533,False,False,2,,,Not Qualified,not_qualified
L202422,P163409,S0079843,CIF763409,FAM,Family Upgraders,housing,CR-E-refi-save,line,DCO2026,2026-10-04 22:14:00,BR-022,Bang Khae,2026-10-04 22:36:46.947248414,True,False,3,2026-10-05 20:01:53.891863328,2026-10-09 20:19:25.611023713,Document Pending,
L202423,P178999,S0079846,,FAM,Family Upgraders,housing,CR-B-calculator,facebook,,2026-11-06 18:14:00,BR-044,Khon Kaen,2026-11-06 18:47:41.770703185,True,True,3,,,Duplicate Lead,duplicate_lead
L202424,P126325,S0079852,,FAM,Family Upgraders,housing,CR-C-familyhome,facebook,DCO2026,2026-09-27 07:53:00,BR-052,Chiang Mai,2026-09-27 09:57:00.163952745,True,False,2,2026-09-28 22:47:13.880937758,,Contacted,
L202425,P140002,S0079940,,OPT,The Optimizer,refinance,CR-H-refi-fast,facebook,DCO2026,2026-09-20 18:20:00,BR-044,Khon Kaen,2026-09-20 19:43:52.380491049,True,False,1,2026-09-21 07:35:56.963053681,2026-09-29 18:27:44.866946920,Document Pending,
L202426,P106148,S0079948,CIF706148,OPT,The Optimizer,refinance,CR-H-refi-fast,google,DCO2026,2026-10-09 08:37:00,BR-044,Khon Kaen,2026-10-09 10:03:49.203889184,True,False,1,2026-10-10 21:40:47.069258057,2026-10-20 21:43:18.373447656,Document Pending,
L202427,,S0079975,,MRL,The Monthly Relief,refinance,CR-A-ratecut,google,DCO2026,2026-10-20 12:07:00,BR-014,Ratchadaphisek,2026-10-20 14:51:16.733504245,True,False,2,2026-10-21 18:41:50.660305197,2026-10-27 02:18:21.392925946,Document Pending,
L202428,P121853,S0080062,,MRL,The Monthly Relief,refinance,CR-C-familyhome,facebook,DCO2026,2026-11-03 07:54:00,BR-044,Khon Kaen,2026-11-03 08:09:29.616768180,False,False,5,,,Not Qualified,not_qualified
L202429,P177909,S0080082,,FHB,First-Home Urban Starters,housing,CR-F-payless,facebook,DCO2026,2026-09-09 17:59:00,BR-031,Hat Yai,2026-09-09 18:51:08.194457672,False,False,2,,,Not Qualified,not_qualified
L202430,P170612,S0080109,CIF770612,MRL,The Monthly Relief,refinance,CR-H-refi-fast,line,DCO2026,2026-10-25 08:54:00,BR-061,Rangsit,2026-10-25 09:30:16.050157930,False,False,5,,,Not Qualified,not_qualified
L202431,P142639,S0080273,,FAM,Family Upgraders,housing,CR-B-calculator,display,DCO2026,2026-09-26 15:46:00,BR-014,Ratchadaphisek,,False,False,1,,,Not Qualified,not_qualified
L202432,P111020,S0080278,,FHB,First-Home Urban Starters,housing,CR-A-ratecut,line,DCO2026,2026-10-19 13:51:00,BR-022,Bang Khae,,False,False,5,,,Not Qualified,not_qualified
L202433,P152155,S0080358,CIF752155,FAM,Family Upgraders,housing,CR-A-ratecut,facebook,DCO2026,2026-10-04 14:10:00,BR-014,Ratchadaphisek,2026-10-04 15:28:09.798355116,True,False,2,,,Cannot Contact,cannot_contact
L202434,P170128,S0080372,CIF770128,FHB,First-Home Urban Starters,housing,CR-D-bizasset,google,DCO2026,2026-10-08 21:10:00,BR-031,Hat Yai,2026-10-08 21:49:54.772758925,False,False,2,,,Not Qualified,not_qualified
L202435,P141861,S0080422,CIF741861,FAM,Family Upgraders,housing,CR-A-ratecut,google,DCO2026,2026-09-28 18:12:00,BR-014,Ratchadaphisek,2026-09-29 01:18:14.579127327,False,False,5,,,Not Qualified,not_qualified
L202436,P117567,S0080468,CIF717567,FHB,First-Home Urban Starters,housing,CR-F-payless,facebook,DCO2026,2026-10-31 14:34:00,BR-014,Ratchadaphisek,2026-10-31 15:51:14.701750637,True,False,1,2026-10-31 19:56:37.187571633,,Contacted,
L202437,,S0080472,,FHB,First-Home Urban Starters,housing,CR-H-refi-fast,facebook,DCO2026,2026-10-19 13:23:00,BR-031,Hat Yai,2026-10-19 20:41:58.731484071,True,False,1,2026-10-22 04:34:48.627774736,,Contacted,
L202438,P161903,S0080526,CIF761903,FHB,First-Home Urban Starters,housing,CR-H-refi-fast,line,DCO2026,2026-09-22 12:01:00,BR-052,Chiang Mai,2026-09-22 13:38:36.074329503,False,False,3,,,Not Qualified,not_qualified
L202439,P146952,S0080538,CIF746952,MRL,The Monthly Relief,refinance,CR-H-refi-fast,facebook,DCO2026,2026-10-19 08:58:00,BR-014,Ratchadaphisek,2026-10-19 12:59:53.119348266,False,False,5,,,Not Qualified,not_qualified
L202440,,S0080549,,FAM,Family Upgraders,housing,CR-F-payless,google,DCO2026,2026-09-28 14:24:00,BR-052,Chiang Mai,2026-09-28 17:45:55.931910760,True,False,2,2026-09-30 18:49:28.717366598,,Contacted,
L202441,P176900,S0080565,,FHB,First-Home Urban Starters,housing,CR-C-familyhome,facebook,DCO2026,2026-09-16 14:55:00,BR-052,Chiang Mai,2026-09-16 18:13:12.946935992,False,False,5,,,Not Qualified,not_qualified
L202442,,S0080581,CIF769622,OPT,The Optimizer,refinance,CR-E-refi-save,facebook,DCO2026,2026-11-08 14:57:00,BR-031,Hat Yai,,True,False,1,,,Contacted,
L202443,P129750,S0080593,CIF729750,SAE,Smart Asset Entrepreneurs,housing,CR-H-refi-fast,google,DCO2026,2026-09-06 11:21:00,BR-031,Hat Yai,2026-09-06 14:27:24.080100213,True,False,2,2026-09-06 22:07:29.625056558,2026-09-13 02:26:33.050929045,Document Pending,
L202444,P133194,S0080675,,FHB,First-Home Urban Starters,housing,CR-G-firsthome,facebook,DCO2026,2026-10-05 12:53:00,BR-052,Chiang Mai,2026-10-05 18:22:10.661785396,True,False,2,,,Cannot Contact,cannot_contact
L202445,P112925,S0080699,,OPT,The Optimizer,refinance,CR-G-firsthome,display,DCO2026,2026-09-10 10:17:00,BR-014,Ratchadaphisek,2026-09-10 12:23:22.002640804,False,False,4,,,Not Qualified,not_qualified
L202446,P104819,S0080754,,FHB,First-Home Urban Starters,housing,CR-B-calculator,display,DCO2026,2026-09-06 13:09:00,BR-044,Khon Kaen,2026-09-06 14:12:35.348247266,True,False,2,2026-09-07 13:17:59.623270483,2026-09-08 21:10:47.292722392,Document Pending,
L202447,P101013,S0080866,CIF701013,FHB,First-Home Urban Starters,housing,CR-C-familyhome,facebook,DCO2026,2026-10-18 18:44:00,BR-061,Rangsit,2026-10-18 19:23:22.378484984,False,False,3,,,Not Qualified,not_qualified
L202448,P122242,S0080906,CIF722242,SAE,Smart Asset Entrepreneurs,housing,CR-F-payless,google,DCO2026,2026-09-11 17:23:00,BR-022,Bang Khae,2026-09-11 20:18:59.503768852,False,False,2,,,Not Qualified,not_qualified
L202449,P131136,S0080919,,FAM,Family Upgraders,housing,CR-A-ratecut,facebook,DCO2026,2026-10-17 07:33:00,BR-014,Ratchadaphisek,2026-10-17 08:24:54.515312467,False,False,3,,,Not Qualified,not_qualified
L202450,P109175,S0081008,,FHB,First-Home Urban Starters,housing,CR-F-payless,google,DCO2026,2026-10-23 13:26:00,BR-022,Bang Khae,2026-10-23 13:51:53.712269227,False,False,3,,,Not Qualified,not_qualified
L202451,P141085,S0081042,,MRL,The Monthly Relief,refinance,CR-D-bizasset,google,DCO2026,2026-10-31 21:13:00,BR-052,Chiang Mai,2026-10-31 21:26:02.871079629,False,False,4,,,Not Qualified,not_qualified
L202452,P126154,S0081081,,MRL,The Monthly Relief,refinance,CR-A-ratecut,google,DCO2026,2026-11-04 10:18:00,BR-022,Bang Khae,2026-11-04 13:36:07.707237642,True,False,3,2026-11-05 12:36:42.270682363,,Document Pending,
L202453,P178158,S0081086,CIF778158,FAM,Family Upgraders,housing,CR-D-bizasset,facebook,DCO2026,2026-10-31 20:14:00,BR-044,Khon Kaen,2026-10-31 22:57:33.052955152,False,False,5,,,Not Qualified,not_qualified
L202454,P123489,S0081103,,OPT,The Optimizer,refinance,CR-C-familyhome,line,DCO2026,2026-10-26 09:50:00,BR-044,Khon Kaen,2026-10-26 12:03:54.219630302,True,False,3,2026-10-27 15:52:17.368095548,,Contacted,
L202455,P114222,S0081117,CIF714222,FAM,Family Upgraders,housing,CR-A-ratecut,facebook,DCO2026,2026-09-26 11:47:00,BR-052,Chiang Mai,2026-09-26 12:41:58.332826396,False,False,4,,,Not Qualified,not_qualified
L202456,P129094,S0081143,CIF729094,OPT,The Optimizer,refinance,CR-B-calculator,google,DCO2026,2026-09-16 22:20:00,BR-014,Ratchadaphisek,2026-09-16 23:06:47.117229870,True,False,3,2026-09-19 09:05:03.842135658,2026-09-20 00:04:53.702170792,Document Pending,
L202457,P138383,S0081170,,OPT,The Optimizer,refinance,CR-H-refi-fast,google,DCO2026,2026-10-25 21:51:00,BR-031,Hat Yai,2026-10-25 23:30:11.291916924,True,False,2,,,Cannot Contact,cannot_contact
L202458,P152255,S0081269,,FHB,First-Home Urban Starters,housing,CR-C-familyhome,facebook,DCO2026,2026-09-28 11:32:00,BR-052,Chiang Mai,2026-09-28 14:07:42.240716444,True,True,2,,,Duplicate Lead,duplicate_lead
L202459,P139236,S0081283,,SAE,Smart Asset Entrepreneurs,housing,CR-H-refi-fast,google,DCO2026,2026-11-04 18:13:00,BR-014,Ratchadaphisek,2026-11-04 20:54:01.272654405,False,False,4,,,Not Qualified,not_qualified
L202460,P157144,S0081335,,FAM,Family Upgraders,housing,CR-H-refi-fast,google,DCO2026,2026-10-30 07:23:00,BR-014,Ratchadaphisek,2026-10-30 07:54:32.335495503,True,False,3,2026-11-02 00:08:50.052591946,,Contacted,
L202461,P143693,S0081343,,FAM,Family Upgraders,housing,CR-C-familyhome,line,DCO2026,2026-10-01 19:27:00,BR-014,Ratchadaphisek,2026-10-02 04:34:02.922492892,True,False,1,2026-10-03 13:36:12.242737562,,Contacted,
L202462,P181540,S0081347,,FHB,First-Home Urban Starters,housing,CR-C-familyhome,display,DCO2026,2026-11-09 13:35:00,BR-031,Hat Yai,,True,False,1,,,Document Pending,
L202463,P153540,S0081359,CIF753540,MRL,The Monthly Relief,refinance,CR-E-refi-save,facebook,DCO2026,2026-10-16 08:20:00,BR-014,Ratchadaphisek,2026-10-16 10:33:34.482431301,False,False,4,,,Not Qualified,not_qualified
L202464,P165794,S0081401,,MRL,The Monthly Relief,refinance,CR-H-refi-fast,facebook,DCO2026,2026-10-14 11:58:00,BR-022,Bang Khae,2026-10-14 13:01:41.400275371,False,False,3,,,Not Qualified,not_qualified
L202465,P141905,S0081441,,FHB,First-Home Urban Starters,housing,CR-D-bizasset,line,DCO2026,2026-10-03 17:44:00,BR-044,Khon Kaen,2026-10-03 23:00:43.503197304,True,False,2,2026-10-04 16:23:11.821267177,2026-10-05 16:10:33.482442872,Document Pending,
L202466,P130403,S0081491,,FHB,First-Home Urban Starters,housing,CR-B-calculator,line,DCO2026,2026-10-05 21:17:00,BR-031,Hat Yai,2026-10-05 22:29:28.594311444,True,True,1,,,Duplicate Lead,duplicate_lead
L202467,P128418,S0081572,CIF728418,FAM,Family Upgraders,housing,CR-B-calculator,facebook,DCO2026,2026-09-12 13:36:00,BR-061,Rangsit,2026-09-12 17:10:32.895309363,False,False,5,,,Not Qualified,not_qualified
L202468,P172148,S0081608,CIF772148,OPT,The Optimizer,refinance,CR-G-firsthome,display,DCO2026,2026-09-28 14:47:00,BR-031,Hat Yai,2026-09-28 15:41:56.277051613,True,False,2,2026-09-29 05:20:11.289472437,,Contacted,
L202469,P147750,S0081633,,FAM,Family Upgraders,housing,CR-F-payless,line,DCO2026,2026-09-19 21:46:00,BR-031,Hat Yai,2026-09-20 00:08:21.714421918,True,False,1,,,Cannot Contact,cannot_contact
L202470,,S0081638,,FHB,First-Home Urban Starters,housing,CR-E-refi-save,facebook,DCO2026,2026-09-28 16:09:00,BR-022,Bang Khae,2026-09-28 19:33:29.457730159,False,False,5,,,Not Qualified,not_qualified
L202471,P119106,S0081712,,MRL,The Monthly Relief,refinance,CR-A-ratecut,facebook,DCO2026,2026-10-03 19:12:00,BR-031,Hat Yai,2026-10-03 21:56:05.655530094,False,False,5,,,Not Qualified,not_qualified
L202472,,S0081729,CIF758773,SAE,Smart Asset Entrepreneurs,housing,CR-H-refi-fast,google,DCO2026,2026-09-14 19:51:00,BR-022,Bang Khae,2026-09-15 03:09:56.520137581,True,False,2,2026-09-17 01:46:42.146858042,2026-09-19 04:24:33.684960844,Document Pending,
L202473,P119189,S0081742,,FAM,Family Upgraders,housing,CR-H-refi-fast,display,,2026-09-08 15:00:00,BR-052,Chiang Mai,2026-09-08 15:31:20.008126952,True,False,5,,,Cannot Contact,cannot_contact
L202474,P138942,S0081841,CIF738942,FHB,First-Home Urban Starters,housing,CR-E-refi-save,facebook,DCO2026,2026-10-10 16:59:00,BR-052,Chiang Mai,2026-10-10 19:57:02.284789501,False,False,2,,,Not Qualified,not_qualified
L202475,P163199,S0081946,,OPT,The Optimizer,refinance,CR-G-firsthome,display,DCO2026,2026-10-16 08:35:00,BR-014,Ratchadaphisek,2026-10-16 11:25:35.215370966,True,False,3,2026-10-17 06:43:02.023627729,2026-10-31 07:28:56.536936814,Document Pending,
L202476,P141452,S0081974,CIF741452,FHB,First-Home Urban Starters,housing,CR-A-ratecut,google,DCO2026,2026-09-16 21:15:00,BR-052,Chiang Mai,2026-09-17 00:55:54.944378148,False,False,3,,,Not Qualified,not_qualified
L202477,P117293,S0081980,,OPT,The Optimizer,refinance,CR-E-refi-save,display,DCO2026,2026-09-17 11:41:00,BR-014,Ratchadaphisek,2026-09-17 13:05:55.483420647,False,False,1,,,Not Qualified,not_qualified
L202478,P154332,S0082046,,MRL,The Monthly Relief,refinance,CR-E-refi-save,facebook,,2026-10-13 16:32:00,BR-031,Hat Yai,2026-10-13 17:06:59.014207254,True,False,2,2026-10-16 06:47:52.867041260,2026-10-17 02:07:58.948365843,Document Pending,
L202479,P170188,S0082053,,SAE,Smart Asset Entrepreneurs,housing,CR-B-calculator,display,DCO2026,2026-09-22 09:02:00,BR-031,Hat Yai,2026-09-22 13:42:37.850185509,True,False,2,2026-09-25 05:08:00.956748063,2026-10-02 07:46:35.138782035,Document Pending,
L202480,P172606,S0082116,,MRL,The Monthly Relief,refinance,CR-C-familyhome,display,DCO2026,2026-10-29 15:48:00,BR-031,Hat Yai,2026-10-29 17:08:26.807604025,True,False,1,2026-10-31 08:29:46.199163055,2026-11-03 19:37:49.207851202,Document Pending,
L202481,P100263,S0082117,,OPT,The Optimizer,refinance,CR-C-familyhome,line,DCO2026,2026-11-02 14:32:00,BR-022,Bang Khae,2026-11-02 18:16:12.980558238,True,False,2,2026-11-04 04:48:57.677940710,,Contacted,
L202482,P138316,S0082147,,OPT,The Optimizer,refinance,CR-C-familyhome,display,DCO2026,2026-09-16 19:31:00,BR-031,Hat Yai,2026-09-16 20:56:48.668457842,True,False,1,2026-09-17 10:09:33.250426911,,Contacted,
L202483,,S0082158,,MRL,The Monthly Relief,refinance,CR-C-familyhome,facebook,DCO2026,2026-11-09 16:09:00,BR-022,Bang Khae,,False,False,3,,,Not Qualified,not_qualified
L202484,P165910,S0082189,,FAM,Family Upgraders,housing,CR-E-refi-save,line,DCO2026,2026-11-01 09:06:00,BR-044,Khon Kaen,2026-11-01 10:26:34.529493757,True,False,2,,,Cannot Contact,cannot_contact
L202485,P131125,S0082240,,SAE,Smart Asset Entrepreneurs,housing,CR-B-calculator,display,DCO2026,2026-09-25 08:58:00,BR-031,Hat Yai,2026-09-25 09:43:21.298038750,True,False,3,2026-09-26 17:47:24.720584869,2026-10-01 11:04:20.847687267,Document Pending,
L202486,P132665,S0082257,,FHB,First-Home Urban Starters,housing,CR-D-bizasset,facebook,DCO2026,2026-09-29 10:28:00,BR-014,Ratchadaphisek,2026-09-29 11:43:08.107295868,False,False,3,,,Not Qualified,not_qualified
L202487,P156864,S0082270,CIF756864,MRL,The Monthly Relief,refinance,CR-C-familyhome,google,DCO2026,2026-09-27 22:07:00,BR-022,Bang Khae,2026-09-27 23:51:56.021003354,True,False,2,,,Cannot Contact,cannot_contact
L202488,,S0082301,,OPT,The Optimizer,refinance,CR-E-refi-save,facebook,DCO2026,2026-10-16 07:47:00,BR-022,Bang Khae,2026-10-16 08:08:55.396930622,True,False,1,2026-10-16 20:48:00.510719811,,Contacted,
L202489,,S0082376,,OPT,The Optimizer,refinance,CR-C-familyhome,facebook,DCO2026,2026-11-09 12:19:00,BR-031,Hat Yai,,True,False,1,,,Document Pending,
L202490,P162935,S0082396,CIF762935,MRL,The Monthly Relief,refinance,CR-F-payless,facebook,DCO2026,2026-09-10 21:41:00,BR-044,Khon Kaen,2026-09-10 22:52:38.998239853,False,False,5,,,Not Qualified,not_qualified
L202491,P124971,S0082398,,FHB,First-Home Urban Starters,housing,CR-A-ratecut,google,DCO2026,2026-11-06 17:38:00,BR-014,Ratchadaphisek,2026-11-06 20:25:41.894855232,True,False,3,,,Document Pending,
L202492,P164903,S0082400,,FAM,Family Upgraders,housing,CR-B-calculator,line,DCO2026,2026-09-18 11:59:00,BR-022,Bang Khae,2026-09-18 13:09:38.073600364,True,False,1,2026-09-21 01:58:58.382318634,2026-09-22 03:48:02.540761543,Document Pending,
L202493,P160569,S0082404,CIF760569,MRL,The Monthly Relief,refinance,CR-F-payless,facebook,DCO2026,2026-09-06 09:24:00,BR-044,Khon Kaen,2026-09-06 09:53:52.252066125,True,False,2,2026-09-07 01:06:33.420337218,,Contacted,
L202494,,S0082415,,MRL,The Monthly Relief,refinance,CR-H-refi-fast,google,DCO2026,2026-10-04 16:08:00,BR-031,Hat Yai,2026-10-04 16:37:13.621531275,True,False,1,2026-10-07 09:16:45.437683552,,Contacted,
L202495,P131106,S0082466,CIF731106,OPT,The Optimizer,refinance,CR-G-firsthome,facebook,DCO2026,2026-10-12 17:46:00,BR-052,Chiang Mai,2026-10-12 21:45:51.163919037,True,False,3,2026-10-12 23:03:29.531132113,2026-10-25 02:52:31.920899673,Document Pending,
L202496,P153644,S0082547,,SAE,Smart Asset Entrepreneurs,housing,CR-G-firsthome,facebook,DCO2026,2026-10-07 22:37:00,BR-061,Rangsit,2026-10-08 00:39:03.308680924,False,False,5,,,Not Qualified,not_qualified
L202497,,S0082565,CIF749975,SAE,Smart Asset Entrepreneurs,housing,CR-E-refi-save,google,DCO2026,2026-09-28 08:12:00,BR-014,Ratchadaphisek,,True,False,1,2026-09-30 02:31:45.775244103,,Contacted,
L202498,P175933,S0082601,,FHB,First-Home Urban Starters,housing,CR-D-bizasset,facebook,DCO2026,2026-10-07 14:06:00,BR-014,Ratchadaphisek,2026-10-07 15:04:50.703609097,True,False,2,2026-10-12 11:33:37.443574519,2026-10-15 09:44:52.037143839,Document Pending,
L202499,P136362,S0082762,CIF736362,FHB,First-Home Urban Starters,housing,CR-F-payless,facebook,DCO2026,2026-10-13 10:23:00,BR-022,Bang Khae,2026-10-13 13:55:03.141321590,False,False,5,,,Not Qualified,not_qualified
L202500,P145429,S0082782,,OPT,The Optimizer,refinance,CR-G-firsthome,facebook,DCO2026,2026-09-12 15:24:00,BR-022,Bang Khae,2026-09-12 17:12:31.463736339,True,False,3,2026-09-13 10:30:08.078099760,,Contacted,
L202501,P151820,S0082849,CIF751820,FHB,First-Home Urban Starters,housing,CR-H-refi-fast,facebook,,2026-10-22 16:33:00,BR-031,Hat Yai,2026-10-22 17:37:54.044564163,True,False,1,,,Cannot Contact,cannot_contact
L202502,P163317,S0082868,,OPT,The Optimizer,refinance,CR-E-refi-save,facebook,DCO2026,2026-09-24 08:27:00,BR-031,Hat Yai,2026-09-24 09:58:27.796512997,True,False,2,2026-09-25 09:42:16.566035137,,Contacted,
L202503,P114744,S0082883,,FHB,First-Home Urban Starters,housing,CR-B-calculator,line,DCO2026,2026-09-26 22:36:00,BR-061,Rangsit,2026-09-26 23:35:00.098083017,True,False,3,2026-09-27 09:39:38.323073181,2026-10-02 01:42:32.684315742,Document Pending,
L202504,P105949,S0082889,,FHB,First-Home Urban Starters,housing,CR-D-bizasset,google,DCO2026,2026-10-13 20:15:00,BR-044,Khon Kaen,2026-10-13 23:09:34.233692428,True,False,1,2026-10-16 05:31:10.273673729,,Contacted,
L202505,P160052,S0082895,,OPT,The Optimizer,refinance,CR-F-payless,facebook,DCO2026,2026-10-13 14:02:00,BR-014,Ratchadaphisek,2026-10-13 17:38:46.983853994,True,False,1,,,Cannot Contact,cannot_contact
L202506,P105864,S0082921,CIF705864,OPT,The Optimizer,refinance,CR-G-firsthome,line,DCO2026,2026-09-03 22:46:00,BR-052,Chiang Mai,2026-09-04 04:18:50.352721018,True,False,3,2026-09-05 13:18:55.025177686,2026-09-11 04:20:15.330243496,Document Pending,
L202507,P108413,S0082950,,FHB,First-Home Urban Starters,housing,CR-G-firsthome,display,DCO2026,2026-09-03 18:15:00,BR-044,Khon Kaen,2026-09-03 18:32:22.318390320,True,False,3,,,Cannot Contact,cannot_contact
L202508,P100774,S0082970,,OPT,The Optimizer,refinance,CR-E-refi-save,google,DCO2026,2026-09-30 07:11:00,BR-044,Khon Kaen,2026-09-30 08:06:07.053117355,True,True,3,,,Duplicate Lead,duplicate_lead
L202509,P104204,S0082979,,FAM,Family Upgraders,housing,CR-G-firsthome,google,DCO2026,2026-09-02 08:51:00,BR-031,Hat Yai,2026-09-02 10:31:52.286678277,True,False,2,2026-09-03 04:13:23.457633236,,Contacted,
L202510,P142906,S0083009,,FAM,Family Upgraders,housing,CR-F-payless,facebook,DCO2026,2026-10-29 12:11:00,BR-031,Hat Yai,2026-10-29 13:05:25.563924572,True,False,3,2026-10-29 22:48:31.585933369,,Document Pending,
L202511,P132632,S0083024,CIF732632,FHB,First-Home Urban Starters,housing,CR-H-refi-fast,google,DCO2026,2026-09-02 16:00:00,BR-061,Rangsit,2026-09-02 21:29:25.161560376,False,False,2,,,Not Qualified,not_qualified
L202512,P144014,S0083075,,FHB,First-Home Urban Starters,housing,CR-F-payless,google,DCO2026,2026-09-06 14:37:00,BR-014,Ratchadaphisek,,False,False,4,,,Not Qualified,not_qualified
L202513,P145539,S0083087,,OPT,The Optimizer,refinance,CR-A-ratecut,display,DCO2026,2026-10-19 11:56:00,BR-061,Rangsit,,True,False,2,2026-10-20 02:35:50.539808386,,Contacted,
L202514,P176910,S0083107,CIF776910,MRL,The Monthly Relief,refinance,CR-D-bizasset,line,DCO2026,2026-11-07 13:27:00,BR-031,Hat Yai,,False,False,5,,,Not Qualified,not_qualified
L202515,P135663,S0083135,CIF735663,SAE,Smart Asset Entrepreneurs,housing,CR-H-refi-fast,facebook,DCO2026,2026-10-04 15:58:00,BR-061,Rangsit,2026-10-04 18:35:55.430181631,True,False,3,2026-10-05 04:17:10.539402366,2026-10-12 08:35:57.178451067,Document Pending,
L202516,P135054,S0083139,,FHB,First-Home Urban Starters,housing,CR-D-bizasset,facebook,DCO2026,2026-10-16 20:28:00,BR-044,Khon Kaen,2026-10-16 22:06:07.103139457,True,False,2,2026-10-17 15:36:48.591638257,,Contacted,
L202517,P171570,S0083143,,OPT,The Optimizer,refinance,CR-D-bizasset,facebook,,2026-10-31 13:31:00,BR-061,Rangsit,2026-10-31 15:33:28.486414276,True,False,2,,,Cannot Contact,cannot_contact
L202518,P132040,S0083167,CIF732040,FHB,First-Home Urban Starters,housing,CR-E-refi-save,display,DCO2026,2026-10-11 08:03:00,BR-014,Ratchadaphisek,2026-10-11 09:25:43.957985221,True,False,1,2026-10-11 14:59:00.619561762,,Contacted,
L202519,P124322,S0083206,CIF724322,OPT,The Optimizer,refinance,CR-D-bizasset,google,DCO2026,2026-10-14 12:28:00,BR-044,Khon Kaen,2026-10-14 14:57:50.822703304,False,False,2,,,Not Qualified,not_qualified
L202520,P168890,S0083215,,FAM,Family Upgraders,housing,CR-A-ratecut,facebook,DCO2026,2026-10-27 18:31:00,BR-014,Ratchadaphisek,2026-10-27 19:44:22.910087852,False,False,1,,,Not Qualified,not_qualified
L202521,P180261,S0083236,CIF780261,FHB,First-Home Urban Starters,housing,CR-F-payless,line,DCO2026,2026-10-23 22:12:00,BR-052,Chiang Mai,2026-10-24 01:23:28.174108502,False,False,3,,,Not Qualified,not_qualified
L202522,P175674,S0083260,,FHB,First-Home Urban Starters,housing,CR-C-familyhome,facebook,DCO2026,2026-11-02 15:45:00,BR-052,Chiang Mai,2026-11-02 19:51:55.185540192,True,False,3,2026-11-04 08:34:31.617669558,,Contacted,
L202523,P141221,S0083269,,OPT,The Optimizer,refinance,CR-C-familyhome,facebook,DCO2026,2026-09-01 21:45:00,BR-044,Khon Kaen,2026-09-01 22:53:25.234424116,True,False,2,2026-09-01 23:21:20.013529075,2026-09-07 09:56:24.095073706,Document Pending,
L202524,P134784,S0083338,,MRL,The Monthly Relief,refinance,CR-G-firsthome,google,DCO2026,2026-09-25 11:38:00,BR-022,Bang Khae,2026-09-25 12:55:24.447774516,True,False,3,2026-09-26 23:31:22.105407807,,Contacted,
L202525,P137350,S0083344,,FHB,First-Home Urban Starters,housing,CR-G-firsthome,facebook,DCO2026,2026-10-17 18:44:00,BR-014,Ratchadaphisek,2026-10-17 19:50:03.020584262,True,False,2,2026-10-18 19:24:36.880110253,2026-11-03 09:59:35.008502954,Document Pending,
L202526,P104919,S0083368,,FHB,First-Home Urban Starters,housing,CR-A-ratecut,google,DCO2026,2026-09-07 09:46:00,BR-031,Hat Yai,2026-09-07 10:44:54.285988015,False,False,1,,,Not Qualified,not_qualified
L202527,P143161,S0083372,,SAE,Smart Asset Entrepreneurs,housing,CR-A-ratecut,line,DCO2026,2026-09-13 21:50:00,BR-061,Rangsit,2026-09-13 22:47:37.007487331,False,False,1,,,Not Qualified,not_qualified
L202528,P173663,S0083427,,FHB,First-Home Urban Starters,housing,CR-B-calculator,google,DCO2026,2026-09-18 13:00:00,BR-052,Chiang Mai,2026-09-18 13:16:16.661611970,True,False,1,,,Cannot Contact,cannot_contact
L202529,P135528,S0083446,,FAM,Family Upgraders,housing,CR-H-refi-fast,google,DCO2026,2026-11-04 12:55:00,BR-014,Ratchadaphisek,2026-11-04 14:27:26.007673732,True,False,2,2026-11-04 21:15:12.106449308,,Document Pending,
L202530,P170037,S0083472,CIF770037,FAM,Family Upgraders,housing,CR-G-firsthome,facebook,DCO2026,2026-09-01 10:34:00,BR-031,Hat Yai,2026-09-01 11:34:53.083916082,True,False,1,,,Cannot Contact,cannot_contact
L202531,P166546,S0083536,CIF766546,FAM,Family Upgraders,housing,CR-H-refi-fast,display,DCO2026,2026-11-09 09:51:00,BR-014,Ratchadaphisek,,False,False,3,,,Not Qualified,not_qualified
L202532,P158556,S0083595,CIF758556,OPT,The Optimizer,refinance,CR-A-ratecut,line,DCO2026,2026-10-29 21:22:00,BR-044,Khon Kaen,2026-10-29 22:49:56.471593140,True,False,3,2026-10-31 17:12:04.067867004,,Contacted,
L202533,P180291,S0083606,,FAM,Family Upgraders,housing,CR-H-refi-fast,display,DCO2026,2026-10-03 09:33:00,BR-052,Chiang Mai,2026-10-03 11:52:11.986257925,True,False,1,2026-10-05 00:03:19.300950601,2026-10-08 05:15:29.605477860,Document Pending,
L202534,P126989,S0083614,CIF726989,FHB,First-Home Urban Starters,housing,CR-C-familyhome,facebook,DCO2026,2026-10-19 22:07:00,BR-022,Bang Khae,2026-10-19 23:51:33.938566328,False,False,2,,,Not Qualified,not_qualified
L202535,P162561,S0083645,,FAM,Family Upgraders,housing,CR-B-calculator,google,DCO2026,2026-09-13 20:19:00,BR-061,Rangsit,2026-09-14 06:02:48.195982898,True,False,2,2026-09-14 12:05:14.232991087,2026-09-18 08:07:29.836803751,Document Pending,
L202536,P126666,S0083680,CIF726666,FHB,First-Home Urban Starters,housing,CR-B-calculator,google,DCO2026,2026-11-05 12:19:00,BR-061,Rangsit,2026-11-05 14:45:10.278104103,True,False,1,2026-11-05 21:13:14.876979483,,Document Pending,
L202537,P131877,S0083717,,OPT,The Optimizer,refinance,CR-F-payless,facebook,DCO2026,2026-09-30 13:04:00,BR-044,Khon Kaen,2026-09-30 16:39:07.901805616,True,False,1,2026-10-01 03:36:21.143814738,,Contacted,
L202538,P115808,S0083719,,FHB,First-Home Urban Starters,housing,CR-H-refi-fast,facebook,DCO2026,2026-09-02 09:43:00,BR-044,Khon Kaen,2026-09-02 10:11:14.871211867,True,False,2,2026-09-03 12:44:47.793007984,,Contacted,
L202539,P126659,S0083726,CIF726659,MRL,The Monthly Relief,refinance,CR-H-refi-fast,google,DCO2026,2026-10-08 13:43:00,BR-061,Rangsit,2026-10-08 14:45:54.291888322,False,False,5,,,Not Qualified,not_qualified
L202540,P145973,S0083774,CIF745973,FHB,First-Home Urban Starters,housing,CR-G-firsthome,line,DCO2026,2026-09-07 14:50:00,BR-014,Ratchadaphisek,2026-09-07 15:09:57.733007426,True,False,1,2026-09-08 02:31:20.376229534,2026-09-11 18:09:26.529289831,Document Pending,
L202541,P150408,S0083792,,FAM,Family Upgraders,housing,CR-C-familyhome,facebook,DCO2026,2026-09-09 22:37:00,BR-052,Chiang Mai,2026-09-10 00:29:10.950894620,False,False,3,,,Not Qualified,not_qualified
L202542,P123404,S0083811,,OPT,The Optimizer,refinance,CR-E-refi-save,display,DCO2026,2026-11-04 16:46:00,BR-061,Rangsit,2026-11-04 19:22:44.514109414,False,False,2,,,Not Qualified,not_qualified
L202543,P146287,S0083822,,OPT,The Optimizer,refinance,CR-F-payless,display,DCO2026,2026-09-26 20:55:00,BR-052,Chiang Mai,2026-09-26 23:15:32.980184206,True,False,1,2026-09-28 15:06:26.212686986,2026-10-03 12:40:47.249184430,Document Pending,
L202544,P101746,S0083867,,FAM,Family Upgraders,housing,CR-B-calculator,facebook,DCO2026,2026-11-03 22:49:00,BR-061,Rangsit,,False,False,4,,,Not Qualified,not_qualified
L202545,P114053,S0083908,,MRL,The Monthly Relief,refinance,CR-F-payless,facebook,DCO2026,2026-10-04 18:51:00,BR-014,Ratchadaphisek,2026-10-04 19:26:57.286937752,False,False,4,,,Not Qualified,not_qualified
L202546,P145107,S0083990,,OPT,The Optimizer,refinance,CR-E-refi-save,line,DCO2026,2026-10-25 21:40:00,BR-031,Hat Yai,2026-10-26 01:16:23.994965988,False,False,2,,,Not Qualified,not_qualified
L202547,P152913,S0083997,,MRL,The Monthly Relief,refinance,CR-G-firsthome,facebook,DCO2026,2026-10-06 09:57:00,BR-061,Rangsit,2026-10-06 10:18:19.125586335,False,False,4,,,Not Qualified,not_qualified
L202548,P156859,S0084029,,MRL,The Monthly Relief,refinance,CR-G-firsthome,facebook,DCO2026,2026-09-09 22:20:00,BR-014,Ratchadaphisek,2026-09-10 01:31:01.952659546,True,False,3,,,Cannot Contact,cannot_contact
L202549,P175858,S0084060,,OPT,The Optimizer,refinance,CR-C-familyhome,facebook,DCO2026,2026-10-27 10:16:00,BR-044,Khon Kaen,2026-10-27 11:13:17.108954564,False,False,1,,,Not Qualified,not_qualified
L202550,P133767,S0084104,CIF733767,SAE,Smart Asset Entrepreneurs,housing,CR-A-ratecut,facebook,DCO2026,2026-09-04 10:17:00,BR-014,Ratchadaphisek,2026-09-04 14:26:17.891338780,True,False,3,,,Cannot Contact,cannot_contact
L202551,P172311,S0084184,,OPT,The Optimizer,refinance,CR-D-bizasset,display,,2026-09-03 11:11:00,BR-052,Chiang Mai,2026-09-03 16:05:18.625897486,False,False,5,,,Not Qualified,not_qualified
L202552,P122721,S0084253,,OPT,The Optimizer,refinance,CR-C-familyhome,facebook,DCO2026,2026-09-21 12:05:00,BR-031,Hat Yai,2026-09-21 13:21:48.361200074,False,False,2,,,Not Qualified,not_qualified
L202553,P157690,S0084254,,OPT,The Optimizer,refinance,CR-A-ratecut,google,DCO2026,2026-10-20 19:17:00,BR-014,Ratchadaphisek,2026-10-20 19:41:06.332937602,True,False,3,2026-10-21 22:52:11.783662378,,Contacted,
L202554,P171677,S0084271,,FAM,Family Upgraders,housing,CR-A-ratecut,google,DCO2026,2026-09-10 11:24:00,BR-044,Khon Kaen,2026-09-10 17:53:24.862419366,True,False,2,2026-09-12 21:06:10.849433918,,Contacted,
L202555,P148508,S0084280,,MRL,The Monthly Relief,refinance,CR-A-ratecut,display,DCO2026,2026-09-02 17:22:00,BR-044,Khon Kaen,2026-09-03 00:00:33.448247412,False,False,5,,,Not Qualified,not_qualified
L202556,,S0084288,,FHB,First-Home Urban Starters,housing,CR-B-calculator,google,DCO2026,2026-10-30 15:01:00,BR-031,Hat Yai,2026-10-30 15:58:50.856673287,False,False,4,,,Not Qualified,not_qualified
L202557,P163231,S0084360,,FAM,Family Upgraders,housing,CR-F-payless,display,DCO2026,2026-10-27 21:22:00,BR-022,Bang Khae,2026-10-27 21:51:10.255850131,True,False,1,2026-10-30 14:15:44.773318989,,Contacted,
L202558,P103038,S0084388,,OPT,The Optimizer,refinance,CR-A-ratecut,google,DCO2026,2026-09-24 18:37:00,BR-022,Bang Khae,2026-09-24 20:16:41.823886298,False,False,2,,,Not Qualified,not_qualified
L202559,P131074,S0084404,CIF731074,FHB,First-Home Urban Starters,housing,CR-B-calculator,google,DCO2026,2026-10-21 21:09:00,BR-014,Ratchadaphisek,2026-10-21 22:13:06.877162696,False,True,5,,,Duplicate Lead,duplicate_lead
L202560,P176454,S0084507,,FAM,Family Upgraders,housing,CR-H-refi-fast,facebook,DCO2026,2026-09-28 16:58:00,BR-061,Rangsit,2026-09-28 18:33:26.357413268,True,False,2,2026-09-30 03:31:48.837133015,,Contacted,
L202561,P110080,S0084531,CIF710080,SAE,Smart Asset Entrepreneurs,housing,CR-B-calculator,facebook,DCO2026,2026-09-08 10:32:00,BR-022,Bang Khae,2026-09-08 12:30:36.038286292,True,False,3,,,Cannot Contact,cannot_contact
L202562,P113979,S0084576,CIF713979,FAM,Family Upgraders,housing,CR-H-refi-fast,facebook,DCO2026,2026-09-16 07:35:00,BR-022,Bang Khae,2026-09-16 07:43:08.696521420,False,False,3,,,Not Qualified,not_qualified
L202563,P180274,S0084580,CIF780274,FAM,Family Upgraders,housing,CR-A-ratecut,google,DCO2026,2026-10-24 09:55:00,BR-061,Rangsit,2026-10-24 10:31:24.308199392,True,False,1,2026-10-25 09:37:49.975817846,2026-10-26 13:53:09.272058031,Document Pending,
L202564,P176275,S0084676,,FHB,First-Home Urban Starters,housing,CR-E-refi-save,google,DCO2026,2026-10-28 16:29:00,BR-031,Hat Yai,2026-10-28 17:37:49.940162545,False,False,5,,,Not Qualified,not_qualified
L202565,,S0084684,,FHB,First-Home Urban Starters,housing,CR-G-firsthome,facebook,,2026-10-06 19:22:00,BR-031,Hat Yai,2026-10-06 20:25:18.070377660,True,False,2,2026-10-07 21:04:01.945391432,,Contacted,
L202566,P110708,S0084696,,FAM,Family Upgraders,housing,CR-E-refi-save,facebook,DCO2026,2026-09-06 17:52:00,BR-044,Khon Kaen,2026-09-06 19:44:21.574592878,True,False,3,2026-09-07 22:16:21.448166281,2026-09-16 01:40:55.215511214,Document Pending,
L202567,P116419,S0084711,,FHB,First-Home Urban Starters,housing,CR-D-bizasset,google,DCO2026,2026-10-27 20:32:00,BR-052,Chiang Mai,2026-10-27 23:30:49.497416796,True,True,4,,,Duplicate Lead,duplicate_lead
L202568,P107564,S0084717,,OPT,The Optimizer,refinance,CR-A-ratecut,google,DCO2026,2026-10-11 19:52:00,BR-052,Chiang Mai,2026-10-11 20:03:38.473152194,True,False,2,2026-10-13 09:20:00.004984834,,Contacted,
L202569,P175919,S0084761,CIF775919,FAM,Family Upgraders,housing,CR-G-firsthome,google,DCO2026,2026-10-08 22:22:00,BR-022,Bang Khae,2026-10-08 23:25:37.639354690,True,False,3,2026-10-13 00:44:53.820293329,2026-10-19 01:56:23.232489445,Document Pending,
L202570,P179883,S0084770,CIF779883,SAE,Smart Asset Entrepreneurs,housing,CR-E-refi-save,facebook,DCO2026,2026-09-15 15:44:00,BR-014,Ratchadaphisek,2026-09-15 17:51:34.592843730,False,False,4,,,Not Qualified,not_qualified
L202571,P149506,S0084776,CIF749506,SAE,Smart Asset Entrepreneurs,housing,CR-F-payless,display,DCO2026,2026-09-07 12:10:00,BR-052,Chiang Mai,2026-09-07 15:14:40.477669892,False,True,3,,,Duplicate Lead,duplicate_lead
L202572,P137428,S0084790,CIF737428,FAM,Family Upgraders,housing,CR-H-refi-fast,facebook,DCO2026,2026-09-10 22:39:00,BR-031,Hat Yai,2026-09-11 00:57:55.767421234,True,False,1,2026-09-11 02:46:57.532012431,,Contacted,
L202573,P145110,S0084824,,FHB,First-Home Urban Starters,housing,CR-G-firsthome,facebook,DCO2026,2026-10-26 13:51:00,BR-044,Khon Kaen,2026-10-26 17:48:12.778450336,True,False,2,,,Cannot Contact,cannot_contact
L202574,P120794,S0084826,,FAM,Family Upgraders,housing,CR-B-calculator,facebook,DCO2026,2026-10-26 19:58:00,BR-052,Chiang Mai,2026-10-26 22:12:44.741033502,False,True,4,,,Duplicate Lead,duplicate_lead
L202575,P163765,S0084911,CIF763765,FHB,First-Home Urban Starters,housing,CR-D-bizasset,facebook,DCO2026,2026-10-06 09:30:00,BR-031,Hat Yai,2026-10-06 11:33:01.387864886,True,False,2,2026-10-07 15:46:05.485152342,,Contacted,
L202576,P168396,S0084913,CIF768396,OPT,The Optimizer,refinance,CR-E-refi-save,facebook,DCO2026,2026-09-17 15:24:00,BR-031,Hat Yai,2026-09-17 16:04:37.141238085,False,False,1,,,Not Qualified,not_qualified
L202577,,S0085085,CIF700343,OPT,The Optimizer,refinance,CR-G-firsthome,line,DCO2026,2026-11-09 08:40:00,BR-052,Chiang Mai,,True,False,2,2026-11-09 18:51:38.629249332,,Contacted,
L202578,P130280,S0085086,,FHB,First-Home Urban Starters,housing,CR-B-calculator,display,,2026-09-01 12:46:00,BR-022,Bang Khae,2026-09-01 15:29:06.399925222,False,False,2,,,Not Qualified,not_qualified
L202579,P110763,S0085101,CIF710763,FHB,First-Home Urban Starters,housing,CR-F-payless,google,DCO2026,2026-10-26 13:32:00,BR-061,Rangsit,2026-10-26 15:50:03.084090886,True,False,2,2026-10-29 22:52:43.887316228,,Contacted,
L202580,P108716,S0085121,,FHB,First-Home Urban Starters,housing,CR-F-payless,google,DCO2026,2026-10-15 11:26:00,BR-031,Hat Yai,2026-10-15 15:24:24.006214225,False,False,5,,,Not Qualified,not_qualified
L202581,P169545,S0085183,,FHB,First-Home Urban Starters,housing,CR-G-firsthome,google,DCO2026,2026-10-15 09:26:00,BR-031,Hat Yai,2026-10-15 11:45:49.798001938,False,False,1,,,Not Qualified,not_qualified
L202582,P112253,S0085278,CIF712253,SAE,Smart Asset Entrepreneurs,housing,CR-B-calculator,google,DCO2026,2026-10-18 19:15:00,BR-044,Khon Kaen,2026-10-18 23:20:52.352268075,False,False,1,,,Not Qualified,not_qualified
L202583,P173551,S0085295,,MRL,The Monthly Relief,refinance,CR-D-bizasset,facebook,DCO2026,2026-10-15 13:08:00,BR-031,Hat Yai,2026-10-15 14:15:39.093561408,False,False,1,,,Not Qualified,not_qualified
L202584,P151611,S0085297,CIF751611,FAM,Family Upgraders,housing,CR-F-payless,facebook,DCO2026,2026-09-22 09:47:00,BR-022,Bang Khae,2026-09-22 15:02:09.730957762,True,False,1,2026-09-23 08:46:46.961792545,2026-09-29 06:32:26.080112494,Document Pending,
L202585,P141939,S0085301,CIF741939,FHB,First-Home Urban Starters,housing,CR-B-calculator,line,DCO2026,2026-11-06 21:51:00,BR-031,Hat Yai,2026-11-07 02:27:12.769025367,True,False,3,2026-11-07 15:53:19.605326384,,Document Pending,
L202586,P174112,S0085320,,MRL,The Monthly Relief,refinance,CR-F-payless,display,DCO2026,2026-10-26 21:45:00,BR-022,Bang Khae,2026-10-26 22:16:20.765914770,False,False,5,,,Not Qualified,not_qualified
L202587,P123697,S0085326,CIF723697,FHB,First-Home Urban Starters,housing,CR-E-refi-save,line,DCO2026,2026-10-04 09:36:00,BR-061,Rangsit,2026-10-04 16:08:13.184612617,False,False,1,,,Not Qualified,not_qualified
L202588,P154954,S0085368,CIF754954,MRL,The Monthly Relief,refinance,CR-B-calculator,facebook,DCO2026,2026-09-17 08:10:00,BR-052,Chiang Mai,2026-09-17 10:48:01.308590487,True,False,3,,,Cannot Contact,cannot_contact
L202589,P102035,S0085421,CIF702035,FHB,First-Home Urban Starters,housing,CR-E-refi-save,google,DCO2026,2026-09-18 12:01:00,BR-061,Rangsit,2026-09-18 12:53:59.012923105,False,False,5,,,Not Qualified,not_qualified
L202590,P177471,S0085422,,OPT,The Optimizer,refinance,CR-A-ratecut,facebook,DCO2026,2026-10-17 07:28:00,BR-014,Ratchadaphisek,2026-10-17 09:46:55.338830629,True,False,1,2026-10-18 12:44:14.883819823,,Contacted,
L202591,P135500,S0085451,,OPT,The Optimizer,refinance,CR-G-firsthome,google,DCO2026,2026-10-06 14:43:00,BR-044,Khon Kaen,2026-10-06 15:09:17.464886433,True,False,3,2026-10-06 23:43:00.173569060,,Contacted,
L202592,P169493,S0085489,,FAM,Family Upgraders,housing,CR-C-familyhome,display,DCO2026,2026-10-11 09:43:00,BR-052,Chiang Mai,2026-10-11 09:52:11.299660452,True,False,3,,,Cannot Contact,cannot_contact
L202593,P118504,S0085491,,OPT,The Optimizer,refinance,CR-H-refi-fast,google,DCO2026,2026-09-08 18:28:00,BR-014,Ratchadaphisek,2026-09-08 19:45:45.371772787,True,False,1,2026-09-10 16:42:46.497417338,,Contacted,
L202594,P104676,S0085499,CIF704676,FHB,First-Home Urban Starters,housing,CR-G-firsthome,google,DCO2026,2026-10-12 14:38:00,BR-031,Hat Yai,2026-10-12 16:06:16.969334091,True,False,1,2026-10-13 01:17:40.836707647,2026-10-19 12:44:11.726442561,Document Pending,
L202595,P152683,S0085572,,SAE,Smart Asset Entrepreneurs,housing,CR-F-payless,facebook,DCO2026,2026-09-08 10:48:00,BR-014,Ratchadaphisek,,True,False,3,2026-09-09 00:19:39.629626514,,Contacted,
L202596,P171299,S0085582,CIF771299,FAM,Family Upgraders,housing,CR-D-bizasset,facebook,DCO2026,2026-10-25 13:38:00,BR-031,Hat Yai,2026-10-25 15:21:23.435782125,True,False,2,2026-10-26 21:02:28.580248674,,Contacted,
L202597,P100573,S0085583,CIF700573,FAM,Family Upgraders,housing,CR-G-firsthome,google,DCO2026,2026-09-21 13:27:00,BR-031,Hat Yai,2026-09-21 16:35:07.667791411,False,False,3,,,Not Qualified,not_qualified
L202598,P176135,S0085662,,FHB,First-Home Urban Starters,housing,CR-A-ratecut,google,DCO2026,2026-09-01 21:48:00,BR-052,Chiang Mai,2026-09-02 00:16:34.567282876,True,False,2,2026-09-03 13:35:10.918370774,,Contacted,
L202599,P147266,S0085671,CIF747266,OPT,The Optimizer,refinance,CR-A-ratecut,display,DCO2026,2026-10-23 12:56:00,BR-052,Chiang Mai,2026-10-23 14:05:09.318813217,True,False,3,,,Cannot Contact,cannot_contact
L202600,P169958,S0085730,,FHB,First-Home Urban Starters,housing,CR-C-familyhome,google,DCO2026,2026-09-17 07:38:00,BR-044,Khon Kaen,2026-09-17 09:02:21.863255932,False,False,4,,,Not Qualified,not_qualified
L202601,P136104,S0085735,,SAE,Smart Asset Entrepreneurs,housing,CR-E-refi-save,line,DCO2026,2026-09-23 07:53:00,BR-031,Hat Yai,2026-09-23 09:16:26.422688076,True,False,2,2026-09-25 15:03:25.942150898,,Contacted,
L202602,P178957,S0085738,CIF778957,SAE,Smart Asset Entrepreneurs,housing,CR-F-payless,facebook,DCO2026,2026-09-24 21:09:00,BR-044,Khon Kaen,2026-09-24 22:10:32.924415993,False,False,3,,,Not Qualified,not_qualified
L202603,P113093,S0085823,,FHB,First-Home Urban Starters,housing,CR-F-payless,display,DCO2026,2026-09-29 09:26:00,BR-022,Bang Khae,2026-09-29 18:31:36.337653088,True,False,5,,,Cannot Contact,cannot_contact
L202604,P112485,S0085826,,OPT,The Optimizer,refinance,CR-E-refi-save,facebook,DCO2026,2026-10-02 16:41:00,BR-022,Bang Khae,2026-10-02 16:57:44.856888726,True,False,2,2026-10-03 08:03:48.608472316,,Contacted,
L202605,P166094,S0085838,,FAM,Family Upgraders,housing,CR-F-payless,facebook,DCO2026,2026-10-03 09:40:00,BR-022,Bang Khae,2026-10-03 10:15:02.595358114,True,False,1,2026-10-05 06:57:01.108595504,2026-10-12 08:07:18.428570380,Document Pending,
L202606,P126832,S0085854,,OPT,The Optimizer,refinance,CR-D-bizasset,display,DCO2026,2026-10-26 09:57:00,BR-014,Ratchadaphisek,2026-10-26 12:27:14.993605324,True,False,2,2026-10-27 08:16:53.185212141,2026-10-28 19:56:05.525959243,Document Pending,
L202607,P176626,S0085958,CIF776626,MRL,The Monthly Relief,refinance,CR-H-refi-fast,facebook,DCO2026,2026-11-07 09:21:00,BR-061,Rangsit,,True,False,2,2026-11-08 03:57:57.408997546,,Document Pending,
L202608,P117360,S0085980,CIF717360,MRL,The Monthly Relief,refinance,CR-F-payless,facebook,DCO2026,2026-09-28 17:27:00,BR-052,Chiang Mai,2026-09-28 19:32:57.478718655,True,False,3,2026-09-29 08:00:53.569137625,2026-10-03 14:34:36.070969094,Document Pending,
L202609,P107832,S0086018,,FHB,First-Home Urban Starters,housing,CR-F-payless,facebook,DCO2026,2026-10-04 18:16:00,BR-044,Khon Kaen,2026-10-04 20:12:20.415481702,True,False,2,2026-10-05 22:31:06.922140850,2026-10-07 12:17:36.602199422,Document Pending,
L202610,P135857,S0086220,,OPT,The Optimizer,refinance,CR-H-refi-fast,facebook,DCO2026,2026-09-08 19:07:00,BR-052,Chiang Mai,2026-09-08 20:51:08.083773578,False,False,1,,,Not Qualified,not_qualified
L202611,P125533,S0086246,,FHB,First-Home Urban Starters,housing,CR-G-firsthome,line,DCO2026,2026-09-23 17:40:00,BR-044,Khon Kaen,2026-09-23 18:07:45.637173694,False,False,1,,,Not Qualified,not_qualified
L202612,P128166,S0086267,,MRL,The Monthly Relief,refinance,CR-A-ratecut,facebook,DCO2026,2026-10-09 19:13:00,BR-044,Khon Kaen,2026-10-09 21:03:29.472383752,False,False,4,,,Not Qualified,not_qualified
L202613,P105202,S0086274,,MRL,The Monthly Relief,refinance,CR-H-refi-fast,display,DCO2026,2026-10-03 12:54:00,BR-022,Bang Khae,2026-10-03 14:00:32.499506880,False,False,1,,,Not Qualified,not_qualified
L202614,,S0086292,,MRL,The Monthly Relief,refinance,CR-B-calculator,google,DCO2026,2026-10-03 14:38:00,BR-044,Khon Kaen,2026-10-03 15:37:45.443477724,False,False,3,,,Not Qualified,not_qualified
L202615,,S0086294,,FAM,Family Upgraders,housing,CR-E-refi-save,google,DCO2026,2026-09-04 12:35:00,BR-044,Khon Kaen,2026-09-04 13:49:15.528107086,False,False,4,,,Not Qualified,not_qualified
L202616,P116393,S0086303,CIF716393,FHB,First-Home Urban Starters,housing,CR-H-refi-fast,google,DCO2026,2026-10-29 17:13:00,BR-031,Hat Yai,2026-10-29 19:25:54.804337513,False,False,2,,,Not Qualified,not_qualified
L202617,P147311,S0086361,,FHB,First-Home Urban Starters,housing,CR-G-firsthome,display,DCO2026,2026-09-08 19:41:00,BR-031,Hat Yai,2026-09-09 01:39:42.547258236,True,False,3,2026-09-11 01:53:04.670806521,,Contacted,
L202618,P178206,S0086421,,FHB,First-Home Urban Starters,housing,CR-G-firsthome,google,DCO2026,2026-09-17 18:27:00,BR-022,Bang Khae,2026-09-17 19:52:40.175880063,False,False,2,,,Not Qualified,not_qualified
L202619,P130500,S0086455,CIF730500,FHB,First-Home Urban Starters,housing,CR-H-refi-fast,facebook,,2026-10-16 09:38:00,BR-014,Ratchadaphisek,2026-10-16 11:32:13.346841135,True,False,3,2026-10-16 20:26:02.730831386,,Contacted,
L202620,P111472,S0086515,CIF711472,FAM,Family Upgraders,housing,CR-E-refi-save,google,DCO2026,2026-10-16 13:38:00,BR-052,Chiang Mai,2026-10-16 16:20:26.406795906,True,False,3,2026-10-17 01:39:38.730579394,2026-10-20 17:16:09.343228084,Document Pending,
L202621,P161513,S0086567,CIF761513,FAM,Family Upgraders,housing,CR-A-ratecut,display,DCO2026,2026-11-08 18:25:00,BR-031,Hat Yai,,False,False,5,,,Not Qualified,not_qualified
L202622,P114541,S0086596,,SAE,Smart Asset Entrepreneurs,housing,CR-E-refi-save,display,,2026-09-05 08:15:00,BR-052,Chiang Mai,2026-09-05 10:43:23.314237406,True,False,3,2026-09-07 02:48:31.732729901,,Contacted,
L202623,P176553,S0086611,,OPT,The Optimizer,refinance,CR-D-bizasset,facebook,DCO2026,2026-09-17 07:31:00,BR-031,Hat Yai,2026-09-17 11:00:07.460372997,True,True,4,,,Duplicate Lead,duplicate_lead
L202624,,S0086633,CIF765314,FHB,First-Home Urban Starters,housing,CR-H-refi-fast,display,DCO2026,2026-09-19 12:09:00,BR-044,Khon Kaen,2026-09-19 16:37:50.852372343,True,False,2,2026-09-20 06:24:38.814294024,2026-09-22 20:51:45.904475246,Document Pending,
L202625,P148429,S0086707,,FAM,Family Upgraders,housing,CR-E-refi-save,facebook,DCO2026,2026-09-04 13:45:00,BR-014,Ratchadaphisek,2026-09-04 16:54:10.076470156,True,False,3,2026-09-06 13:21:07.947267742,2026-09-08 07:00:23.059259049,Document Pending,
L202626,P147341,S0086708,,FHB,First-Home Urban Starters,housing,CR-D-bizasset,facebook,DCO2026,2026-10-07 10:20:00,BR-044,Khon Kaen,2026-10-07 10:36:54.061241008,True,False,2,2026-10-07 19:00:22.672900430,2026-10-09 18:01:31.340955544,Document Pending,
L202627,P175016,S0086756,,OPT,The Optimizer,refinance,CR-F-payless,google,DCO2026,2026-10-01 19:56:00,BR-044,Khon Kaen,2026-10-01 22:09:58.995807783,True,False,2,2026-10-02 08:38:34.107483891,2026-10-05 19:40:31.280087691,Document Pending,
L202628,,S0086764,CIF751973,FHB,First-Home Urban Starters,housing,CR-G-firsthome,facebook,DCO2026,2026-09-09 07:55:00,BR-031,Hat Yai,2026-09-09 09:13:11.448614642,False,False,5,,,Not Qualified,not_qualified
L202629,P156992,S0086786,,SAE,Smart Asset Entrepreneurs,housing,CR-E-refi-save,display,DCO2026,2026-11-07 10:55:00,BR-014,Ratchadaphisek,,True,False,2,2026-11-09 05:58:11.450105406,,Contacted,
L202630,,S0086803,CIF761649,FHB,First-Home Urban Starters,housing,CR-C-familyhome,display,DCO2026,2026-09-30 19:07:00,BR-061,Rangsit,2026-09-30 19:52:49.387743352,False,False,3,,,Not Qualified,not_qualified
L202631,P125848,S0086814,,OPT,The Optimizer,refinance,CR-C-familyhome,display,DCO2026,2026-10-03 13:20:00,BR-014,Ratchadaphisek,2026-10-03 17:12:45.645092025,True,False,2,2026-10-07 20:27:53.917792100,,Contacted,
L202632,P180870,S0086861,,FAM,Family Upgraders,housing,CR-E-refi-save,line,DCO2026,2026-11-06 19:27:00,BR-022,Bang Khae,2026-11-07 00:52:30.070587572,True,False,1,2026-11-09 09:34:39.992788372,,Document Pending,
L202633,P156048,S0086866,,OPT,The Optimizer,refinance,CR-G-firsthome,facebook,DCO2026,2026-09-21 20:00:00,BR-061,Rangsit,2026-09-21 22:17:14.518786196,True,False,1,2026-09-22 19:38:38.551357154,2026-09-27 11:45:08.973676584,Document Pending,
L202634,P127453,S0086894,CIF727453,SAE,Smart Asset Entrepreneurs,housing,CR-H-refi-fast,google,DCO2026,2026-10-08 11:21:00,BR-022,Bang Khae,2026-10-08 13:55:32.626368645,True,False,1,2026-10-08 23:09:43.222901392,,Contacted,
L202635,P168436,S0086904,,FHB,First-Home Urban Starters,housing,CR-D-bizasset,facebook,DCO2026,2026-11-08 18:12:00,BR-031,Hat Yai,,True,False,2,,,Cannot Contact,cannot_contact
L202636,P164017,S0086957,,FHB,First-Home Urban Starters,housing,CR-C-familyhome,facebook,DCO2026,2026-10-31 08:37:00,BR-022,Bang Khae,2026-10-31 10:40:20.586644074,True,False,3,2026-11-01 11:51:50.839696082,,Contacted,
L202637,P162396,S0086992,CIF762396,MRL,The Monthly Relief,refinance,CR-F-payless,facebook,DCO2026,2026-10-21 07:17:00,BR-044,Khon Kaen,2026-10-21 09:49:26.290836416,True,False,1,2026-10-23 01:02:11.735584200,,Contacted,
L202638,P109616,S0086997,CIF709616,SAE,Smart Asset Entrepreneurs,housing,CR-F-payless,line,DCO2026,2026-09-08 15:12:00,BR-031,Hat Yai,2026-09-08 15:33:28.859564430,False,False,1,,,Not Qualified,not_qualified
L202639,P171065,S0087008,,OPT,The Optimizer,refinance,CR-A-ratecut,google,DCO2026,2026-10-06 07:46:00,BR-061,Rangsit,2026-10-06 10:02:25.232410156,True,False,1,2026-10-06 20:53:11.218240405,,Contacted,
L202640,P163562,S0087042,,FAM,Family Upgraders,housing,CR-G-firsthome,google,DCO2026,2026-09-08 09:20:00,BR-022,Bang Khae,2026-09-08 09:39:28.257479630,True,False,3,2026-09-09 08:49:05.410578613,2026-09-16 14:03:15.565125010,Document Pending,
L202641,P112080,S0087100,,FHB,First-Home Urban Starters,housing,CR-C-familyhome,facebook,DCO2026,2026-10-25 12:01:00,BR-031,Hat Yai,2026-10-25 17:01:02.903316087,False,False,2,,,Not Qualified,not_qualified
L202642,P119426,S0087115,,SAE,Smart Asset Entrepreneurs,housing,CR-E-refi-save,facebook,DCO2026,2026-10-16 08:01:00,BR-014,Ratchadaphisek,2026-10-16 09:08:42.220653805,False,False,5,,,Not Qualified,not_qualified
L202643,P173369,S0087172,,FHB,First-Home Urban Starters,housing,CR-A-ratecut,facebook,DCO2026,2026-10-14 20:39:00,BR-052,Chiang Mai,2026-10-14 21:37:08.733800136,False,False,2,,,Not Qualified,not_qualified
L202644,P115384,S0087300,,FHB,First-Home Urban Starters,housing,CR-B-calculator,facebook,,2026-10-04 12:50:00,BR-052,Chiang Mai,2026-10-04 13:11:47.356414041,True,False,3,2026-10-04 20:54:15.730703122,2026-10-07 18:40:39.527561677,Document Pending,
L202645,,S0087332,,FHB,First-Home Urban Starters,housing,CR-H-refi-fast,facebook,DCO2026,2026-11-08 08:29:00,BR-031,Hat Yai,,True,False,3,,,Cannot Contact,cannot_contact
L202646,P126891,S0087355,CIF726891,FHB,First-Home Urban Starters,housing,CR-D-bizasset,facebook,DCO2026,2026-10-16 22:26:00,BR-031,Hat Yai,2026-10-16 22:49:14.435189664,False,True,3,,,Duplicate Lead,duplicate_lead
L202647,P155672,S0087423,,OPT,The Optimizer,refinance,CR-B-calculator,facebook,DCO2026,2026-10-30 10:45:00,BR-052,Chiang Mai,,False,False,5,,,Not Qualified,not_qualified
L202648,P179679,S0087450,,FHB,First-Home Urban Starters,housing,CR-G-firsthome,line,DCO2026,2026-09-14 19:05:00,BR-022,Bang Khae,2026-09-14 19:20:10.880676871,True,True,5,,,Duplicate Lead,duplicate_lead
L202649,P139472,S0087482,,FHB,First-Home Urban Starters,housing,CR-A-ratecut,google,DCO2026,2026-09-12 11:30:00,BR-014,Ratchadaphisek,2026-09-12 12:41:33.052018527,True,False,1,2026-09-13 20:59:50.661272389,,Contacted,
L202650,P161682,S0087486,,OPT,The Optimizer,refinance,CR-A-ratecut,google,DCO2026,2026-09-08 11:13:00,BR-052,Chiang Mai,2026-09-08 14:01:22.077440517,True,False,1,2026-09-09 09:11:37.780893958,,Contacted,
L202651,P175205,S0087593,CIF775205,FHB,First-Home Urban Starters,housing,CR-E-refi-save,display,,2026-09-13 19:34:00,BR-022,Bang Khae,2026-09-14 00:33:16.228860586,True,False,3,2026-09-15 17:44:58.928143281,,Contacted,
L202652,P115615,S0087681,,FHB,First-Home Urban Starters,housing,CR-F-payless,facebook,DCO2026,2026-10-19 20:23:00,BR-031,Hat Yai,2026-10-19 21:18:00.456769538,False,False,2,,,Not Qualified,not_qualified
L202653,P172666,S0087750,,FHB,First-Home Urban Starters,housing,CR-D-bizasset,google,DCO2026,2026-10-10 09:48:00,BR-061,Rangsit,,False,True,1,,,Duplicate Lead,duplicate_lead
L202654,P182020,S0087767,CIF782020,FAM,Family Upgraders,housing,CR-H-refi-fast,google,DCO2026,2026-09-22 22:07:00,BR-061,Rangsit,2026-09-22 22:51:38.705477470,True,False,3,2026-09-23 12:42:57.985260565,,Contacted,
L202655,P172247,S0087777,,OPT,The Optimizer,refinance,CR-C-familyhome,google,DCO2026,2026-10-24 09:38:00,BR-061,Rangsit,2026-10-24 12:25:38.450677776,False,False,1,,,Not Qualified,not_qualified
L202656,P154840,S0087835,CIF754840,FAM,Family Upgraders,housing,CR-D-bizasset,google,DCO2026,2026-10-10 07:28:00,BR-014,Ratchadaphisek,2026-10-10 08:57:02.831152045,True,False,5,,,Cannot Contact,cannot_contact
L202657,P110917,S0087841,,FHB,First-Home Urban Starters,housing,CR-D-bizasset,display,DCO2026,2026-10-04 13:42:00,BR-022,Bang Khae,2026-10-04 13:55:21.570079551,True,False,2,2026-10-06 15:39:12.116949991,2026-10-18 02:18:17.441317497,Document Pending,
L202658,,S0087859,CIF707553,OPT,The Optimizer,refinance,CR-A-ratecut,display,DCO2026,2026-10-31 21:36:00,BR-031,Hat Yai,2026-10-31 22:36:47.824441088,True,True,5,,,Duplicate Lead,duplicate_lead
L202659,P101532,S0087946,CIF701532,MRL,The Monthly Relief,refinance,CR-C-familyhome,google,DCO2026,2026-10-27 14:59:00,BR-061,Rangsit,2026-10-27 17:04:37.622101315,False,False,2,,,Not Qualified,not_qualified
L202660,P118287,S0087989,CIF718287,OPT,The Optimizer,refinance,CR-C-familyhome,google,DCO2026,2026-10-17 08:23:00,BR-052,Chiang Mai,2026-10-17 10:29:45.276314860,False,False,4,,,Not Qualified,not_qualified
L202661,P107176,S0088005,,OPT,The Optimizer,refinance,CR-D-bizasset,google,DCO2026,2026-09-10 20:10:00,BR-052,Chiang Mai,2026-09-10 21:05:06.498568304,True,False,2,2026-09-12 01:31:36.820893592,,Contacted,
L202662,,S0088008,,OPT,The Optimizer,refinance,CR-C-familyhome,facebook,DCO2026,2026-09-02 19:23:00,BR-014,Ratchadaphisek,2026-09-02 23:58:39.165705556,True,False,1,2026-09-03 13:58:19.846136925,,Contacted,
L202663,P121992,S0088034,CIF721992,FHB,First-Home Urban Starters,housing,CR-B-calculator,facebook,DCO2026,2026-10-27 12:00:00,BR-031,Hat Yai,2026-10-27 16:38:41.140175524,False,False,5,,,Not Qualified,not_qualified
L202664,P180011,S0088069,,FHB,First-Home Urban Starters,housing,CR-H-refi-fast,facebook,DCO2026,2026-11-07 21:31:00,BR-044,Khon Kaen,,False,False,2,,,Not Qualified,not_qualified
L202665,,S0088072,,OPT,The Optimizer,refinance,CR-D-bizasset,facebook,,2026-09-15 18:53:00,BR-031,Hat Yai,2026-09-15 20:27:06.240212086,True,False,3,2026-09-16 08:01:00.766963410,2026-09-23 09:36:12.168309658,Document Pending,
L202666,P177601,S0088106,CIF777601,FAM,Family Upgraders,housing,CR-D-bizasset,facebook,DCO2026,2026-10-23 13:41:00,BR-052,Chiang Mai,2026-10-23 17:53:01.434862825,False,False,1,,,Not Qualified,not_qualified
L202667,P103131,S0088224,,FHB,First-Home Urban Starters,housing,CR-G-firsthome,google,DCO2026,2026-11-03 18:00:00,BR-061,Rangsit,2026-11-03 20:33:06.872820922,True,False,3,2026-11-04 02:33:25.865028046,,Contacted,
L202668,P161942,S0088294,,OPT,The Optimizer,refinance,CR-B-calculator,google,DCO2026,2026-09-01 18:00:00,BR-014,Ratchadaphisek,2026-09-01 20:06:12.892015069,False,False,1,,,Not Qualified,not_qualified
L202669,P166024,S0088336,,MRL,The Monthly Relief,refinance,CR-G-firsthome,display,DCO2026,2026-10-08 21:27:00,BR-061,Rangsit,2026-10-09 00:06:24.057218638,False,False,5,,,Not Qualified,not_qualified
L202670,P104662,S0088341,,MRL,The Monthly Relief,refinance,CR-H-refi-fast,display,DCO2026,2026-10-06 11:36:00,BR-061,Rangsit,2026-10-06 11:57:47.291537174,False,False,5,,,Not Qualified,not_qualified
L202671,P148324,S0088374,,FAM,Family Upgraders,housing,CR-A-ratecut,google,DCO2026,2026-10-08 08:08:00,BR-052,Chiang Mai,2026-10-08 11:27:50.921901714,True,False,4,,,Cannot Contact,cannot_contact
L202672,,S0088398,,OPT,The Optimizer,refinance,CR-A-ratecut,display,DCO2026,2026-10-09 08:52:00,BR-052,Chiang Mai,2026-10-09 11:12:18.000650644,False,False,5,,,Not Qualified,not_qualified
L202673,P161205,S0088401,,OPT,The Optimizer,refinance,CR-C-familyhome,line,DCO2026,2026-09-28 19:19:00,BR-022,Bang Khae,2026-09-28 19:56:09.925846543,True,False,2,2026-09-30 16:35:04.986348535,,Contacted,
L202674,P122644,S0088409,,OPT,The Optimizer,refinance,CR-H-refi-fast,facebook,DCO2026,2026-09-03 09:38:00,BR-022,Bang Khae,2026-09-03 10:47:35.757812408,False,False,4,,,Not Qualified,not_qualified
L202675,P118477,S0088445,,OPT,The Optimizer,refinance,CR-E-refi-save,google,DCO2026,2026-10-05 07:30:00,BR-052,Chiang Mai,2026-10-05 11:39:48.413226376,True,False,1,2026-10-07 00:19:15.455733960,2026-10-08 00:39:46.000145786,Document Pending,
L202676,,S0088457,,OPT,The Optimizer,refinance,CR-F-payless,google,DCO2026,2026-10-15 11:22:00,BR-044,Khon Kaen,2026-10-15 14:26:09.539199354,False,False,1,,,Not Qualified,not_qualified
L202677,P141652,S0088487,,FHB,First-Home Urban Starters,housing,CR-G-firsthome,facebook,DCO2026,2026-09-18 22:20:00,BR-022,Bang Khae,2026-09-19 00:05:54.253623211,False,False,5,,,Not Qualified,not_qualified
L202678,P149887,S0088500,,OPT,The Optimizer,refinance,CR-A-ratecut,facebook,DCO2026,2026-10-03 11:48:00,BR-061,Rangsit,2026-10-03 13:35:27.365880537,True,False,3,2026-10-03 17:16:00.309487814,2026-10-14 16:51:42.030974034,Document Pending,
L202679,P170126,S0088523,,OPT,The Optimizer,refinance,CR-D-bizasset,facebook,DCO2026,2026-10-25 17:27:00,BR-031,Hat Yai,2026-10-25 18:17:34.973586031,True,False,3,2026-10-26 16:29:23.682667426,,Contacted,
L202680,P112354,S0088527,CIF712354,FHB,First-Home Urban Starters,housing,CR-G-firsthome,facebook,DCO2026,2026-10-09 19:54:00,BR-044,Khon Kaen,2026-10-09 20:39:43.744373373,False,False,3,,,Not Qualified,not_qualified
L202681,P105594,S0088530,,OPT,The Optimizer,refinance,CR-F-payless,facebook,DCO2026,2026-09-26 13:08:00,BR-022,Bang Khae,2026-09-26 15:25:07.021194496,True,False,3,2026-09-27 22:09:05.142027820,,Contacted,
L202682,P172351,S0088565,CIF772351,MRL,The Monthly Relief,refinance,CR-F-payless,line,,2026-10-20 09:06:00,BR-052,Chiang Mai,2026-10-20 11:24:44.665071861,False,False,1,,,Not Qualified,not_qualified
L202683,P156148,S0088607,,FAM,Family Upgraders,housing,CR-D-bizasset,facebook,DCO2026,2026-09-14 07:27:00,BR-014,Ratchadaphisek,2026-09-14 08:48:21.297469068,True,True,2,,,Duplicate Lead,duplicate_lead
L202684,P170954,S0088609,,FHB,First-Home Urban Starters,housing,CR-E-refi-save,display,DCO2026,2026-09-13 09:34:00,BR-052,Chiang Mai,2026-09-13 10:27:10.924787036,False,False,3,,,Not Qualified,not_qualified
L202685,P140421,S0088618,,FAM,Family Upgraders,housing,CR-H-refi-fast,facebook,DCO2026,2026-10-15 08:11:00,BR-052,Chiang Mai,2026-10-15 10:36:44.645744456,True,False,2,2026-10-16 04:13:20.042817655,,Contacted,
L202686,P132715,S0088630,,SAE,Smart Asset Entrepreneurs,housing,CR-A-ratecut,facebook,DCO2026,2026-10-15 08:37:00,BR-014,Ratchadaphisek,2026-10-15 15:59:55.870161031,False,False,3,,,Not Qualified,not_qualified
L202687,P108134,S0088653,CIF708134,FHB,First-Home Urban Starters,housing,CR-E-refi-save,facebook,DCO2026,2026-10-10 14:52:00,BR-052,Chiang Mai,2026-10-10 18:56:38.311568994,True,False,2,2026-10-11 02:38:40.043170617,2026-10-14 23:56:59.919083115,Document Pending,
L202688,,S0088754,,FHB,First-Home Urban Starters,housing,CR-H-refi-fast,display,,2026-10-24 08:06:00,BR-061,Rangsit,2026-10-24 09:33:40.110004166,True,False,1,2026-10-24 13:40:54.758012397,,Contacted,
L202689,P156779,S0088760,,MRL,The Monthly Relief,refinance,CR-F-payless,display,DCO2026,2026-09-18 20:37:00,BR-031,Hat Yai,2026-09-18 21:52:24.730198077,False,False,5,,,Not Qualified,not_qualified
L202690,P177477,S0088781,CIF777477,FAM,Family Upgraders,housing,CR-B-calculator,google,DCO2026,2026-10-25 12:25:00,BR-022,Bang Khae,2026-10-25 12:46:47.406046305,True,False,3,2026-10-26 07:49:13.007234782,2026-10-28 19:52:43.635659580,Document Pending,
L202691,P142290,S0088782,CIF742290,FHB,First-Home Urban Starters,housing,CR-F-payless,google,DCO2026,2026-10-14 15:39:00,BR-044,Khon Kaen,2026-10-14 18:28:24.183175850,False,False,3,,,Not Qualified,not_qualified
L202692,P134684,S0088809,,SAE,Smart Asset Entrepreneurs,housing,CR-A-ratecut,facebook,DCO2026,2026-10-08 21:56:00,BR-052,Chiang Mai,2026-10-09 01:57:47.866404892,False,False,1,,,Not Qualified,not_qualified
L202693,P131781,S0088811,,FHB,First-Home Urban Starters,housing,CR-F-payless,google,DCO2026,2026-10-15 22:21:00,BR-061,Rangsit,2026-10-15 23:58:56.395500254,False,False,3,,,Not Qualified,not_qualified
L202694,,S0088825,CIF738315,MRL,The Monthly Relief,refinance,CR-F-payless,facebook,DCO2026,2026-09-14 16:22:00,BR-022,Bang Khae,2026-09-14 17:06:30.907672710,True,False,3,2026-09-14 23:43:19.996060028,,Contacted,
L202695,P125720,S0088832,,MRL,The Monthly Relief,refinance,CR-A-ratecut,google,DCO2026,2026-09-23 17:44:00,BR-044,Khon Kaen,2026-09-23 18:20:45.149904820,True,False,3,2026-09-24 08:29:08.542579539,,Contacted,
L202696,P114368,S0088833,CIF714368,OPT,The Optimizer,refinance,CR-A-ratecut,google,DCO2026,2026-09-12 07:32:00,BR-061,Rangsit,2026-09-12 08:32:58.729940614,False,False,4,,,Not Qualified,not_qualified
L202697,P176576,S0088840,CIF776576,MRL,The Monthly Relief,refinance,CR-H-refi-fast,display,DCO2026,2026-10-23 15:52:00,BR-031,Hat Yai,2026-10-23 18:41:30.215423222,True,False,4,,,Cannot Contact,cannot_contact
L202698,P143429,S0088866,,SAE,Smart Asset Entrepreneurs,housing,CR-E-refi-save,facebook,DCO2026,2026-09-09 12:12:00,BR-031,Hat Yai,2026-09-09 13:26:35.825395794,True,False,3,2026-09-12 12:45:43.437301066,,Contacted,
L202699,P124398,S0088867,CIF724398,FHB,First-Home Urban Starters,housing,CR-D-bizasset,facebook,DCO2026,2026-09-21 20:33:00,BR-052,Chiang Mai,2026-09-21 21:00:33.691828557,True,False,2,2026-09-24 18:46:32.277957945,,Contacted,
L202700,,S0088909,,FAM,Family Upgraders,housing,CR-E-refi-save,line,,2026-09-21 14:17:00,BR-022,Bang Khae,2026-09-21 15:28:59.107249021,True,False,2,2026-09-22 18:30:16.814566300,,Contacted,
L202701,P132011,S0088945,,MRL,The Monthly Relief,refinance,CR-B-calculator,facebook,DCO2026,2026-10-22 18:18:00,BR-031,Hat Yai,2026-10-22 20:20:43.921855525,False,False,3,,,Not Qualified,not_qualified
L202702,P168325,S0089000,,FHB,First-Home Urban Starters,housing,CR-H-refi-fast,google,DCO2026,2026-09-04 10:08:00,BR-061,Rangsit,2026-09-04 14:40:19.999868085,True,False,3,2026-09-05 20:28:01.392876643,2026-09-08 16:42:17.476237462,Document Pending,
L202703,P177231,S0089002,,MRL,The Monthly Relief,refinance,CR-E-refi-save,google,DCO2026,2026-09-03 22:20:00,BR-014,Ratchadaphisek,2026-09-03 23:43:46.904947904,True,False,3,,,Cannot Contact,cannot_contact
L202704,P173669,S0089028,,FHB,First-Home Urban Starters,housing,CR-C-familyhome,facebook,DCO2026,2026-10-17 22:26:00,BR-044,Khon Kaen,2026-10-18 01:56:49.022251657,False,False,4,,,Not Qualified,not_qualified
L202705,P157688,S0089078,,OPT,The Optimizer,refinance,CR-G-firsthome,facebook,DCO2026,2026-10-02 18:05:00,BR-061,Rangsit,2026-10-02 19:45:26.023547107,True,False,2,2026-10-03 17:19:11.270660517,,Contacted,
L202706,P174852,S0089131,,FHB,First-Home Urban Starters,housing,CR-D-bizasset,facebook,DCO2026,2026-09-18 15:14:00,BR-044,Khon Kaen,2026-09-18 17:02:49.794647259,True,False,3,2026-09-19 14:38:42.899795168,,Contacted,
L202707,P178556,S0089184,,FHB,First-Home Urban Starters,housing,CR-F-payless,google,DCO2026,2026-09-18 20:07:00,BR-014,Ratchadaphisek,2026-09-18 22:10:16.145090035,True,False,3,2026-09-19 18:17:41.994283404,,Contacted,
L202708,P117362,S0089213,CIF717362,FAM,Family Upgraders,housing,CR-D-bizasset,facebook,DCO2026,2026-11-04 09:25:00,BR-052,Chiang Mai,2026-11-04 10:26:12.548078997,True,False,1,2026-11-04 22:24:40.217916339,,Document Pending,
L202709,P122642,S0089233,CIF722642,FHB,First-Home Urban Starters,housing,CR-H-refi-fast,google,DCO2026,2026-10-11 21:44:00,BR-031,Hat Yai,2026-10-11 23:12:00.469954833,False,False,4,,,Not Qualified,not_qualified
L202710,P113947,S0089251,,FAM,Family Upgraders,housing,CR-D-bizasset,google,DCO2026,2026-09-20 17:40:00,BR-031,Hat Yai,2026-09-20 17:45:07.684587182,True,False,5,,,Cannot Contact,cannot_contact
L202711,P122992,S0089253,,FHB,First-Home Urban Starters,housing,CR-D-bizasset,display,DCO2026,2026-10-29 18:53:00,BR-022,Bang Khae,2026-10-29 21:19:33.711565401,False,False,1,,,Not Qualified,not_qualified
L202712,,S0089260,,OPT,The Optimizer,refinance,CR-D-bizasset,facebook,DCO2026,2026-11-07 21:28:00,BR-061,Rangsit,,True,False,1,2026-11-08 13:14:11.793160264,2026-11-09 12:26:57.024255410,Document Pending,
L202713,P139985,S0089311,CIF739985,FHB,First-Home Urban Starters,housing,CR-A-ratecut,google,DCO2026,2026-11-05 16:25:00,BR-052,Chiang Mai,2026-11-05 16:45:01.213424379,False,False,5,,,Not Qualified,not_qualified
L202714,P177361,S0089416,CIF777361,FHB,First-Home Urban Starters,housing,CR-F-payless,display,DCO2026,2026-09-25 21:18:00,BR-061,Rangsit,2026-09-25 22:37:58.240350422,True,False,3,2026-09-26 06:10:18.853357504,,Contacted,
L202715,P162046,S0089419,CIF762046,FHB,First-Home Urban Starters,housing,CR-E-refi-save,facebook,DCO2026,2026-09-09 19:37:00,BR-022,Bang Khae,2026-09-09 21:49:41.297119300,True,False,1,2026-09-10 06:59:48.309701937,,Contacted,
L202716,P108826,S0089479,,FHB,First-Home Urban Starters,housing,CR-E-refi-save,facebook,DCO2026,2026-10-16 10:50:00,BR-031,Hat Yai,2026-10-16 18:11:41.835333466,True,False,5,,,Cannot Contact,cannot_contact
L202717,P147995,S0089528,,FHB,First-Home Urban Starters,housing,CR-A-ratecut,facebook,DCO2026,2026-10-18 21:53:00,BR-022,Bang Khae,2026-10-18 21:55:18.477387254,False,False,3,,,Not Qualified,not_qualified
L202718,P109668,S0089592,,FAM,Family Upgraders,housing,CR-H-refi-fast,google,,2026-10-09 16:45:00,BR-014,Ratchadaphisek,2026-10-09 17:25:00.388779420,True,False,1,2026-10-10 10:26:30.795928566,2026-10-12 04:45:10.959899792,Document Pending,
L202719,P109149,S0089595,CIF709149,FAM,Family Upgraders,housing,CR-A-ratecut,google,DCO2026,2026-09-24 11:07:00,BR-014,Ratchadaphisek,2026-09-24 12:25:15.375134487,True,False,1,2026-09-25 01:02:27.569667914,,Contacted,
L202720,P170850,S0089622,CIF770850,OPT,The Optimizer,refinance,CR-B-calculator,line,DCO2026,2026-10-10 14:35:00,BR-052,Chiang Mai,2026-10-10 20:06:29.944157433,True,False,1,2026-10-12 08:11:05.554047765,2026-10-14 02:54:34.620846733,Document Pending,
L202721,P126280,S0089627,,FAM,Family Upgraders,housing,CR-F-payless,facebook,DCO2026,2026-10-04 07:53:00,BR-022,Bang Khae,2026-10-04 14:06:28.698395617,True,False,3,2026-10-07 04:44:34.859960272,2026-10-18 13:19:40.834001389,Document Pending,
L202722,P154966,S0089710,CIF754966,SAE,Smart Asset Entrepreneurs,housing,CR-H-refi-fast,facebook,DCO2026,2026-10-06 07:49:00,BR-014,Ratchadaphisek,2026-10-06 10:51:39.965615800,True,False,3,2026-10-07 20:45:54.350964819,2026-10-12 18:19:02.170699758,Document Pending,
L202723,P139760,S0089764,CIF739760,FHB,First-Home Urban Starters,housing,CR-B-calculator,google,DCO2026,2026-11-03 18:35:00,BR-014,Ratchadaphisek,2026-11-03 20:29:04.560992294,True,False,5,,,Cannot Contact,cannot_contact
L202724,P152900,S0089777,,FHB,First-Home Urban Starters,housing,CR-E-refi-save,facebook,DCO2026,2026-10-11 08:47:00,BR-044,Khon Kaen,2026-10-11 09:33:07.561312028,True,False,4,,,Cannot Contact,cannot_contact
L202725,P167306,S0089831,,FHB,First-Home Urban Starters,housing,CR-H-refi-fast,facebook,DCO2026,2026-11-04 07:38:00,BR-044,Khon Kaen,2026-11-04 09:46:41.944231017,True,False,2,2026-11-06 17:31:08.833557606,,Contacted,
L202726,P170740,S0089843,,FHB,First-Home Urban Starters,housing,CR-F-payless,facebook,DCO2026,2026-10-23 19:47:00,BR-052,Chiang Mai,2026-10-23 21:44:11.854215363,False,False,4,,,Not Qualified,not_qualified
L202727,P130541,S0089854,CIF730541,OPT,The Optimizer,refinance,CR-D-bizasset,google,DCO2026,2026-09-03 11:10:00,BR-031,Hat Yai,2026-09-03 12:14:27.556086946,True,False,2,2026-09-03 15:35:01.267986212,2026-09-08 01:26:57.578881209,Document Pending,
L202728,P128533,S0089880,,OPT,The Optimizer,refinance,CR-H-refi-fast,display,DCO2026,2026-10-12 19:50:00,BR-061,Rangsit,2026-10-13 01:05:03.427233742,False,False,2,,,Not Qualified,not_qualified
L202729,P148074,S0089918,,FHB,First-Home Urban Starters,housing,CR-E-refi-save,google,DCO2026,2026-09-11 12:03:00,BR-061,Rangsit,2026-09-11 12:57:58.156350836,True,True,3,,,Duplicate Lead,duplicate_lead
L202730,P165864,S0090061,CIF765864,SAE,Smart Asset Entrepreneurs,housing,CR-F-payless,google,DCO2026,2026-09-08 19:48:00,BR-061,Rangsit,2026-09-08 20:55:04.101223875,False,False,3,,,Not Qualified,not_qualified
L202731,P113660,S0090124,,FAM,Family Upgraders,housing,CR-D-bizasset,google,DCO2026,2026-11-01 19:13:00,BR-044,Khon Kaen,2026-11-01 22:48:27.896412163,True,False,3,,,Cannot Contact,cannot_contact
L202732,P159507,S0090158,,FHB,First-Home Urban Starters,housing,CR-C-familyhome,facebook,DCO2026,2026-10-30 18:59:00,BR-031,Hat Yai,2026-10-30 22:00:04.904255553,True,False,2,2026-11-03 00:41:27.872167928,2026-11-08 08:04:23.937543560,Document Pending,
L202733,P101684,S0090162,,FHB,First-Home Urban Starters,housing,CR-B-calculator,line,DCO2026,2026-10-31 16:53:00,BR-031,Hat Yai,2026-10-31 18:08:01.507146890,False,False,5,,,Not Qualified,not_qualified
L202734,P162264,S0090165,,OPT,The Optimizer,refinance,CR-E-refi-save,facebook,DCO2026,2026-10-29 14:27:00,BR-014,Ratchadaphisek,2026-10-29 19:15:43.706554704,True,False,3,2026-10-30 08:55:55.991428168,2026-11-04 07:49:46.941446841,Document Pending,
L202735,P166330,S0090169,CIF766330,OPT,The Optimizer,refinance,CR-C-familyhome,facebook,DCO2026,2026-10-26 11:37:00,BR-022,Bang Khae,2026-10-26 13:30:49.722644518,True,False,2,,,Cannot Contact,cannot_contact
L202736,P105391,S0090222,,OPT,The Optimizer,refinance,CR-D-bizasset,facebook,DCO2026,2026-11-01 22:29:00,BR-044,Khon Kaen,,True,False,3,2026-11-02 17:18:34.548487093,,Contacted,
L202737,,S0090234,,OPT,The Optimizer,refinance,CR-C-familyhome,display,DCO2026,2026-10-03 07:18:00,BR-061,Rangsit,2026-10-03 08:50:17.302559240,True,False,5,,,Cannot Contact,cannot_contact
L202738,P139871,S0090245,,FAM,Family Upgraders,housing,CR-H-refi-fast,facebook,DCO2026,2026-10-17 14:47:00,BR-052,Chiang Mai,2026-10-17 18:41:16.033341243,True,False,2,2026-10-18 03:39:42.369850527,2026-10-25 15:26:22.145103586,Document Pending,
L202739,,S0090297,,FHB,First-Home Urban Starters,housing,CR-C-familyhome,google,DCO2026,2026-09-20 17:30:00,BR-031,Hat Yai,2026-09-20 20:02:50.482077010,True,False,3,2026-09-21 01:44:45.855541852,2026-09-30 22:57:38.133436017,Document Pending,
L202740,P102335,S0090343,,FAM,Family Upgraders,housing,CR-A-ratecut,google,DCO2026,2026-09-24 09:19:00,BR-031,Hat Yai,2026-09-24 16:48:02.849879846,True,False,3,2026-09-24 21:12:26.390462618,2026-09-28 14:52:25.222746726,Document Pending,
L202741,P139028,S0090360,,OPT,The Optimizer,refinance,CR-D-bizasset,google,DCO2026,2026-09-19 18:44:00,BR-061,Rangsit,2026-09-19 20:57:35.087170548,False,False,4,,,Not Qualified,not_qualified
L202742,,S0090361,CIF711679,FHB,First-Home Urban Starters,housing,CR-A-ratecut,facebook,DCO2026,2026-10-18 11:05:00,BR-014,Ratchadaphisek,2026-10-18 15:40:04.900888939,False,False,3,,,Not Qualified,not_qualified
L202743,P181855,S0090388,,FAM,Family Upgraders,housing,CR-D-bizasset,facebook,DCO2026,2026-11-09 11:24:00,BR-022,Bang Khae,,False,False,2,,,Not Qualified,not_qualified
L202744,P140991,S0090389,,FAM,Family Upgraders,housing,CR-E-refi-save,display,DCO2026,2026-09-05 16:59:00,BR-052,Chiang Mai,2026-09-05 17:23:47.812509900,False,False,5,,,Not Qualified,not_qualified
L202745,P125247,S0090440,CIF725247,FAM,Family Upgraders,housing,CR-G-firsthome,facebook,DCO2026,2026-09-11 11:16:00,BR-044,Khon Kaen,2026-09-11 12:05:23.731815036,False,False,4,,,Not Qualified,not_qualified
L202746,P138185,S0090454,CIF738185,OPT,The Optimizer,refinance,CR-E-refi-save,facebook,DCO2026,2026-09-29 21:11:00,BR-061,Rangsit,2026-09-30 02:52:11.668310012,False,False,4,,,Not Qualified,not_qualified
L202747,P128247,S0090493,,OPT,The Optimizer,refinance,CR-B-calculator,line,DCO2026,2026-09-10 07:09:00,BR-022,Bang Khae,2026-09-10 07:13:25.267782363,False,True,1,,,Duplicate Lead,duplicate_lead
L202748,P172549,S0090494,,MRL,The Monthly Relief,refinance,CR-C-familyhome,google,DCO2026,2026-09-19 09:42:00,BR-061,Rangsit,2026-09-19 12:57:41.147364837,False,False,2,,,Not Qualified,not_qualified
L202749,P160840,S0090504,,FHB,First-Home Urban Starters,housing,CR-D-bizasset,facebook,DCO2026,2026-09-22 07:03:00,BR-052,Chiang Mai,2026-09-22 08:32:21.843828715,True,False,3,2026-09-23 13:00:29.547581421,2026-10-04 19:47:40.091381534,Document Pending,
L202750,P151926,S0090513,,FHB,First-Home Urban Starters,housing,CR-H-refi-fast,google,DCO2026,2026-09-02 08:30:00,BR-031,Hat Yai,2026-09-02 12:40:46.729464927,True,False,3,2026-09-05 12:50:24.707689029,2026-09-13 07:47:48.026241920,Document Pending,
L202751,P176099,S0090531,,MRL,The Monthly Relief,refinance,CR-H-refi-fast,line,DCO2026,2026-09-06 22:33:00,BR-061,Rangsit,2026-09-07 03:26:52.459912777,False,False,1,,,Not Qualified,not_qualified
L202752,P108818,S0090542,CIF708818,SAE,Smart Asset Entrepreneurs,housing,CR-E-refi-save,google,DCO2026,2026-10-21 15:32:00,BR-022,Bang Khae,2026-10-21 15:54:21.829420045,False,False,4,,,Not Qualified,not_qualified
L202753,P141715,S0090543,,OPT,The Optimizer,refinance,CR-G-firsthome,facebook,DCO2026,2026-10-09 14:38:00,BR-061,Rangsit,2026-10-09 19:57:14.463730707,False,True,5,,,Duplicate Lead,duplicate_lead
L202754,P111828,S0090557,CIF711828,OPT,The Optimizer,refinance,CR-H-refi-fast,google,DCO2026,2026-10-01 08:57:00,BR-014,Ratchadaphisek,2026-10-01 09:11:19.800693312,True,False,4,,,Cannot Contact,cannot_contact
L202755,P158604,S0090558,,SAE,Smart Asset Entrepreneurs,housing,CR-G-firsthome,facebook,DCO2026,2026-09-11 09:07:00,BR-031,Hat Yai,2026-09-11 09:53:50.681761888,False,False,3,,,Not Qualified,not_qualified
L202756,P102459,S0090605,,OPT,The Optimizer,refinance,CR-H-refi-fast,google,DCO2026,2026-10-09 08:09:00,BR-044,Khon Kaen,2026-10-09 08:28:27.460426832,True,False,3,2026-10-09 20:56:47.531079787,2026-10-20 06:44:26.598312510,Document Pending,
L202757,P122150,S0090622,,MRL,The Monthly Relief,refinance,CR-A-ratecut,google,DCO2026,2026-10-15 19:52:00,BR-014,Ratchadaphisek,2026-10-15 21:09:01.234291668,False,False,2,,,Not Qualified,not_qualified
L202758,P111474,S0090631,CIF711474,OPT,The Optimizer,refinance,CR-H-refi-fast,google,DCO2026,2026-10-25 10:51:00,BR-061,Rangsit,2026-10-25 11:10:23.183383454,True,True,2,,,Duplicate Lead,duplicate_lead
L202759,P163610,S0090635,CIF763610,FHB,First-Home Urban Starters,housing,CR-A-ratecut,google,DCO2026,2026-11-09 11:49:00,BR-022,Bang Khae,,True,False,1,,,Document Pending,
L202760,P151530,S0090640,CIF751530,OPT,The Optimizer,refinance,CR-C-familyhome,facebook,DCO2026,2026-09-05 07:30:00,BR-044,Khon Kaen,2026-09-05 07:36:06.435306964,True,False,2,2026-09-06 10:29:43.596156897,,Contacted,
L202761,P147330,S0090683,,MRL,The Monthly Relief,refinance,CR-A-ratecut,display,DCO2026,2026-09-16 09:41:00,BR-061,Rangsit,2026-09-16 10:50:12.988819054,True,False,1,2026-09-16 19:15:18.165117406,2026-09-23 03:20:12.653060486,Document Pending,
L202762,P121438,S0090701,CIF721438,OPT,The Optimizer,refinance,CR-B-calculator,facebook,DCO2026,2026-10-24 11:46:00,BR-031,Hat Yai,2026-10-24 11:56:34.101632982,False,False,5,,,Not Qualified,not_qualified
L202763,P151681,S0090702,CIF751681,MRL,The Monthly Relief,refinance,CR-G-firsthome,google,DCO2026,2026-09-22 20:30:00,BR-052,Chiang Mai,2026-09-22 21:57:26.005061077,False,False,1,,,Not Qualified,not_qualified
L202764,P119890,S0090749,,FHB,First-Home Urban Starters,housing,CR-G-firsthome,google,DCO2026,2026-10-02 08:04:00,BR-031,Hat Yai,2026-10-02 08:35:08.958597783,False,False,5,,,Not Qualified,not_qualified
L202765,P121806,S0090765,CIF721806,SAE,Smart Asset Entrepreneurs,housing,CR-C-familyhome,google,DCO2026,2026-09-11 11:32:00,BR-052,Chiang Mai,2026-09-11 13:01:48.994522083,False,False,4,,,Not Qualified,not_qualified
L202766,P105037,S0090767,CIF705037,OPT,The Optimizer,refinance,CR-G-firsthome,facebook,DCO2026,2026-09-10 13:49:00,BR-061,Rangsit,2026-09-10 15:17:01.742200388,True,False,5,,,Cannot Contact,cannot_contact
L202767,P146693,S0090790,CIF746693,FAM,Family Upgraders,housing,CR-D-bizasset,display,DCO2026,2026-10-29 18:17:00,BR-022,Bang Khae,2026-10-29 22:52:31.594614424,True,False,3,2026-10-31 20:50:59.090740855,2026-11-02 05:56:22.431696328,Document Pending,
L202768,P100470,S0090842,CIF700470,FAM,Family Upgraders,housing,CR-C-familyhome,facebook,DCO2026,2026-09-17 13:33:00,BR-044,Khon Kaen,2026-09-17 14:44:32.375466909,True,False,2,2026-09-18 21:29:46.305787570,,Contacted,
L202769,P164393,S0090851,,MRL,The Monthly Relief,refinance,CR-D-bizasset,facebook,DCO2026,2026-09-23 09:07:00,BR-044,Khon Kaen,2026-09-23 10:37:09.259166469,False,False,4,,,Not Qualified,not_qualified
L202770,P159295,S0090885,,FAM,Family Upgraders,housing,CR-D-bizasset,google,DCO2026,2026-10-09 16:21:00,BR-031,Hat Yai,2026-10-09 18:31:32.099292681,True,False,2,2026-10-10 21:01:52.828020091,2026-10-21 03:29:56.817147843,Document Pending,
L202771,P167274,S0090926,,FAM,Family Upgraders,housing,CR-F-payless,facebook,DCO2026,2026-09-28 12:23:00,BR-031,Hat Yai,2026-09-28 12:58:10.978574722,False,False,1,,,Not Qualified,not_qualified
L202772,P147658,S0091069,,FAM,Family Upgraders,housing,CR-C-familyhome,google,DCO2026,2026-10-19 10:34:00,BR-061,Rangsit,2026-10-19 13:53:43.892951113,False,False,5,,,Not Qualified,not_qualified
L202773,P177069,S0091071,,OPT,The Optimizer,refinance,CR-A-ratecut,facebook,DCO2026,2026-10-31 19:26:00,BR-022,Bang Khae,2026-10-31 22:41:22.175720701,True,False,1,2026-11-02 03:11:03.714647886,,Contacted,
L202774,P171545,S0091074,CIF771545,OPT,The Optimizer,refinance,CR-E-refi-save,google,DCO2026,2026-10-08 12:06:00,BR-044,Khon Kaen,2026-10-08 14:27:41.266128178,False,False,1,,,Not Qualified,not_qualified
L202775,P172196,S0091086,,FAM,Family Upgraders,housing,CR-A-ratecut,google,DCO2026,2026-10-01 13:14:00,BR-061,Rangsit,2026-10-01 18:00:25.886743478,True,False,2,,,Cannot Contact,cannot_contact
L202776,P151463,S0091088,,OPT,The Optimizer,refinance,CR-H-refi-fast,facebook,DCO2026,2026-09-18 20:06:00,BR-061,Rangsit,2026-09-18 21:15:20.998200308,True,False,2,,,Cannot Contact,cannot_contact
L202777,P168938,S0091126,,OPT,The Optimizer,refinance,CR-A-ratecut,facebook,DCO2026,2026-10-23 19:26:00,BR-061,Rangsit,2026-10-23 21:15:43.084675639,True,False,2,2026-10-24 17:31:05.958548606,,Contacted,
L202778,P129469,S0091144,,FHB,First-Home Urban Starters,housing,CR-A-ratecut,google,DCO2026,2026-10-23 19:01:00,BR-022,Bang Khae,2026-10-23 19:19:05.824973278,True,False,1,2026-10-24 21:58:55.508806551,,Contacted,
L202779,P124272,S0091170,,FHB,First-Home Urban Starters,housing,CR-B-calculator,display,DCO2026,2026-09-28 22:16:00,BR-022,Bang Khae,2026-09-28 22:55:33.713867962,False,False,4,,,Not Qualified,not_qualified
L202780,,S0091229,CIF705551,FHB,First-Home Urban Starters,housing,CR-A-ratecut,facebook,DCO2026,2026-10-10 18:13:00,BR-061,Rangsit,2026-10-10 19:21:02.419490554,True,False,1,2026-10-12 03:32:48.057044880,2026-10-13 06:20:56.137418072,Document Pending,
L202781,,S0091250,CIF725942,FAM,Family Upgraders,housing,CR-F-payless,facebook,DCO2026,2026-10-29 16:55:00,BR-044,Khon Kaen,2026-10-29 17:42:14.796621751,True,False,3,,,Cannot Contact,cannot_contact
L202782,P116958,S0091255,,OPT,The Optimizer,refinance,CR-B-calculator,google,DCO2026,2026-09-17 17:51:00,BR-022,Bang Khae,2026-09-17 18:19:11.596878069,True,False,2,2026-09-18 12:27:28.674691257,2026-09-20 03:01:03.300593358,Document Pending,
L202783,P101570,S0091291,,OPT,The Optimizer,refinance,CR-C-familyhome,facebook,,2026-11-07 08:30:00,BR-061,Rangsit,,True,False,3,,,Cannot Contact,cannot_contact
L202784,P119621,S0091294,CIF719621,FHB,First-Home Urban Starters,housing,CR-G-firsthome,facebook,DCO2026,2026-11-06 14:54:00,BR-044,Khon Kaen,2026-11-06 15:55:09.919289683,True,False,3,2026-11-07 20:19:43.503123950,,Document Pending,
L202785,P134694,S0091312,,FHB,First-Home Urban Starters,housing,CR-C-familyhome,google,DCO2026,2026-11-08 16:54:00,BR-022,Bang Khae,,False,False,5,,,Not Qualified,not_qualified
L202786,,S0091343,CIF778213,FHB,First-Home Urban Starters,housing,CR-B-calculator,facebook,DCO2026,2026-11-03 14:07:00,BR-022,Bang Khae,2026-11-03 16:19:15.763695109,True,False,1,2026-11-04 23:50:33.708960523,,Contacted,
L202787,P131298,S0091442,CIF731298,FAM,Family Upgraders,housing,CR-D-bizasset,display,DCO2026,2026-11-06 20:29:00,BR-061,Rangsit,2026-11-06 22:13:08.712062653,True,False,1,2026-11-08 06:41:45.400928446,,Document Pending,
L202788,P181437,S0091460,,FHB,First-Home Urban Starters,housing,CR-H-refi-fast,line,DCO2026,2026-09-03 15:54:00,BR-031,Hat Yai,2026-09-03 16:25:46.388592019,True,False,2,2026-09-04 21:07:01.256141604,,Contacted,
L202789,P172560,S0091470,,FAM,Family Upgraders,housing,CR-F-payless,google,DCO2026,2026-11-04 09:33:00,BR-031,Hat Yai,2026-11-04 12:01:02.033652277,True,False,3,2026-11-06 03:29:31.690240778,,Contacted,
L202790,P123457,S0091522,,FHB,First-Home Urban Starters,housing,CR-D-bizasset,display,DCO2026,2026-11-09 14:41:00,BR-031,Hat Yai,,True,False,2,,,Cannot Contact,cannot_contact
L202791,P127251,S0091581,,OPT,The Optimizer,refinance,CR-A-ratecut,display,,2026-10-10 10:30:00,BR-052,Chiang Mai,2026-10-10 15:02:58.902146451,True,False,1,2026-10-13 12:22:12.699653656,,Contacted,
L202792,P128230,S0091588,,SAE,Smart Asset Entrepreneurs,housing,CR-E-refi-save,facebook,DCO2026,2026-10-04 21:07:00,BR-031,Hat Yai,2026-10-05 00:25:45.549587876,False,False,5,,,Not Qualified,not_qualified
L202793,P102226,S0091642,,OPT,The Optimizer,refinance,CR-A-ratecut,facebook,DCO2026,2026-09-07 17:42:00,BR-022,Bang Khae,2026-09-07 20:36:14.736084195,True,False,2,,,Cannot Contact,cannot_contact
L202794,P149271,S0091658,,OPT,The Optimizer,refinance,CR-A-ratecut,google,DCO2026,2026-09-24 22:08:00,BR-061,Rangsit,2026-09-24 22:35:01.953272822,True,False,3,2026-09-25 10:30:20.069391468,2026-10-02 11:23:41.717094541,Document Pending,
L202795,P126677,S0091660,,FHB,First-Home Urban Starters,housing,CR-B-calculator,facebook,DCO2026,2026-09-09 16:45:00,BR-044,Khon Kaen,2026-09-09 19:39:28.086534871,False,False,1,,,Not Qualified,not_qualified
L202796,P124464,S0091680,,OPT,The Optimizer,refinance,CR-G-firsthome,facebook,DCO2026,2026-09-11 09:10:00,BR-022,Bang Khae,2026-09-11 09:45:55.749595527,True,False,3,2026-09-14 03:14:13.964440123,2026-09-20 03:54:27.795164827,Document Pending,
L202797,P153138,S0091744,,FAM,Family Upgraders,housing,CR-E-refi-save,line,,2026-11-04 11:38:00,BR-014,Ratchadaphisek,2026-11-04 13:54:38.316263696,True,False,1,2026-11-05 08:34:10.072791373,,Contacted,
L202798,P127824,S0091751,,FHB,First-Home Urban Starters,housing,CR-A-ratecut,display,DCO2026,2026-10-16 20:00:00,BR-014,Ratchadaphisek,2026-10-17 00:35:56.664081805,False,False,1,,,Not Qualified,not_qualified
L202799,P162351,S0091760,,FHB,First-Home Urban Starters,housing,CR-G-firsthome,google,DCO2026,2026-11-06 18:43:00,BR-052,Chiang Mai,2026-11-06 20:23:27.137140132,True,True,4,,,Duplicate Lead,duplicate_lead
L202800,P171411,S0091770,CIF771411,FHB,First-Home Urban Starters,housing,CR-A-ratecut,google,DCO2026,2026-09-24 10:49:00,BR-022,Bang Khae,2026-09-24 13:59:58.074769999,True,False,3,2026-09-24 18:19:15.194122729,2026-10-09 01:35:16.795265278,Document Pending,
L202801,P152095,S0091781,,FAM,Family Upgraders,housing,CR-E-refi-save,google,DCO2026,2026-11-09 13:10:00,BR-022,Bang Khae,,False,False,2,,,Not Qualified,not_qualified
L202802,,S0091790,,FHB,First-Home Urban Starters,housing,CR-H-refi-fast,facebook,DCO2026,2026-11-03 07:31:00,BR-052,Chiang Mai,2026-11-03 07:55:52.441284650,True,False,1,2026-11-06 18:33:37.630111398,,Contacted,
L202803,P124827,S0091841,CIF724827,FHB,First-Home Urban Starters,housing,CR-F-payless,facebook,DCO2026,2026-10-22 22:47:00,BR-044,Khon Kaen,2026-10-23 01:22:31.298201073,False,False,5,,,Not Qualified,not_qualified
L202804,P150597,S0091854,,MRL,The Monthly Relief,refinance,CR-C-familyhome,facebook,DCO2026,2026-10-27 12:44:00,BR-031,Hat Yai,2026-10-27 16:08:11.161962766,False,False,3,,,Not Qualified,not_qualified
L202805,P103929,S0091857,,FHB,First-Home Urban Starters,housing,CR-H-refi-fast,facebook,DCO2026,2026-09-27 11:22:00,BR-061,Rangsit,2026-09-27 13:13:29.336412985,True,False,3,2026-09-29 01:20:28.419046291,2026-10-05 01:21:37.389002571,Document Pending,
L202806,,S0091887,,FHB,First-Home Urban Starters,housing,CR-C-familyhome,google,DCO2026,2026-09-25 21:14:00,BR-052,Chiang Mai,2026-09-25 22:42:05.902619314,False,False,3,,,Not Qualified,not_qualified
L202807,P153404,S0091889,,FAM,Family Upgraders,housing,CR-F-payless,facebook,DCO2026,2026-10-18 08:27:00,BR-022,Bang Khae,2026-10-18 13:04:55.864261650,True,False,1,2026-10-20 09:57:24.862259048,,Contacted,
L202808,P104130,S0091915,,FHB,First-Home Urban Starters,housing,CR-B-calculator,display,DCO2026,2026-10-21 14:27:00,BR-014,Ratchadaphisek,2026-10-21 14:32:08.984379876,True,False,2,2026-10-22 02:01:30.811175929,2026-10-27 06:17:13.125244675,Document Pending,
L202809,P170572,S0091922,,FHB,First-Home Urban Starters,housing,CR-B-calculator,line,DCO2026,2026-10-04 21:33:00,BR-014,Ratchadaphisek,2026-10-04 22:05:50.070099048,True,False,1,2026-10-05 09:52:53.106270265,,Contacted,
L202810,P123150,S0091947,CIF723150,FHB,First-Home Urban Starters,housing,CR-D-bizasset,display,DCO2026,2026-10-06 21:20:00,BR-031,Hat Yai,2026-10-06 23:35:14.531959839,False,False,2,,,Not Qualified,not_qualified
L202811,P106884,S0091988,CIF706884,FHB,First-Home Urban Starters,housing,CR-A-ratecut,line,DCO2026,2026-10-02 16:03:00,BR-022,Bang Khae,2026-10-02 17:13:04.354994989,False,False,1,,,Not Qualified,not_qualified
L202812,,S0091999,CIF709416,FHB,First-Home Urban Starters,housing,CR-H-refi-fast,display,DCO2026,2026-09-06 22:22:00,BR-031,Hat Yai,2026-09-07 01:23:09.145316622,True,False,3,2026-09-09 01:56:37.037193013,2026-09-13 23:47:55.974570304,Document Pending,
L202813,P146764,S0092002,,OPT,The Optimizer,refinance,CR-E-refi-save,line,DCO2026,2026-11-08 13:07:00,BR-014,Ratchadaphisek,,False,False,4,,,Not Qualified,not_qualified
L202814,P156735,S0092023,,FHB,First-Home Urban Starters,housing,CR-B-calculator,google,DCO2026,2026-10-25 19:09:00,BR-022,Bang Khae,2026-10-25 19:26:16.609520612,True,False,1,2026-10-27 00:19:27.606456984,,Contacted,
L202815,P140400,S0092032,CIF740400,FAM,Family Upgraders,housing,CR-G-firsthome,google,DCO2026,2026-09-13 08:47:00,BR-031,Hat Yai,2026-09-13 09:28:46.135964493,True,False,2,,,Cannot Contact,cannot_contact
L202816,P179638,S0092096,,FHB,First-Home Urban Starters,housing,CR-D-bizasset,google,DCO2026,2026-10-28 22:05:00,BR-061,Rangsit,2026-10-28 23:11:53.796508617,True,False,3,2026-10-29 19:09:24.210784549,,Contacted,
L202817,P103353,S0092158,,OPT,The Optimizer,refinance,CR-D-bizasset,facebook,DCO2026,2026-09-01 07:13:00,BR-044,Khon Kaen,2026-09-01 11:13:51.836142794,False,False,2,,,Not Qualified,not_qualified
L202818,P105861,S0092184,,MRL,The Monthly Relief,refinance,CR-H-refi-fast,facebook,DCO2026,2026-10-20 17:58:00,BR-031,Hat Yai,2026-10-20 19:31:16.799345064,True,False,1,,,Cannot Contact,cannot_contact
L202819,P146919,S0092190,CIF746919,FHB,First-Home Urban Starters,housing,CR-B-calculator,google,,2026-09-23 17:45:00,BR-052,Chiang Mai,2026-09-23 19:38:40.889088744,False,False,1,,,Not Qualified,not_qualified
L202820,P170229,S0092209,,MRL,The Monthly Relief,refinance,CR-F-payless,facebook,DCO2026,2026-10-09 18:13:00,BR-022,Bang Khae,2026-10-09 20:42:51.870614766,True,False,2,2026-10-10 18:33:04.435275667,2026-10-15 16:43:44.192179360,Document Pending,
L202821,P180830,S0092224,,OPT,The Optimizer,refinance,CR-C-familyhome,google,DCO2026,2026-09-17 13:48:00,BR-044,Khon Kaen,2026-09-17 16:47:06.541834156,False,False,2,,,Not Qualified,not_qualified
L202822,P174998,S0092227,,OPT,The Optimizer,refinance,CR-E-refi-save,facebook,DCO2026,2026-09-30 15:12:00,BR-014,Ratchadaphisek,2026-09-30 16:42:34.155670139,False,False,5,,,Not Qualified,not_qualified
L202823,P179843,S0092377,CIF779843,MRL,The Monthly Relief,refinance,CR-D-bizasset,display,DCO2026,2026-09-17 22:56:00,BR-014,Ratchadaphisek,2026-09-17 23:12:33.297867782,True,False,3,2026-09-18 23:58:47.037932584,,Contacted,
L202824,P161817,S0092400,,MRL,The Monthly Relief,refinance,CR-D-bizasset,google,DCO2026,2026-10-26 13:03:00,BR-052,Chiang Mai,2026-10-26 22:25:20.454036402,False,False,5,,,Not Qualified,not_qualified
L202825,P135482,S0092431,,OPT,The Optimizer,refinance,CR-F-payless,facebook,DCO2026,2026-09-30 14:24:00,BR-061,Rangsit,2026-09-30 17:17:48.296884743,True,False,3,2026-10-01 06:36:00.060422770,2026-10-08 20:01:50.162775736,Document Pending,
L202826,P111099,S0092478,CIF711099,MRL,The Monthly Relief,refinance,CR-E-refi-save,google,DCO2026,2026-09-05 17:01:00,BR-061,Rangsit,2026-09-06 00:14:15.894681398,True,False,3,2026-09-06 13:57:42.128687079,,Contacted,
L202827,P150528,S0092538,CIF750528,FHB,First-Home Urban Starters,housing,CR-A-ratecut,display,DCO2026,2026-10-15 20:35:00,BR-044,Khon Kaen,2026-10-15 21:11:50.140159304,True,False,3,2026-10-16 10:24:35.994871934,,Contacted,
L202828,P164450,S0092557,,OPT,The Optimizer,refinance,CR-E-refi-save,facebook,DCO2026,2026-09-17 11:19:00,BR-061,Rangsit,2026-09-17 12:58:11.564456547,False,False,2,,,Not Qualified,not_qualified
L202829,P163983,S0092579,CIF763983,FAM,Family Upgraders,housing,CR-E-refi-save,facebook,DCO2026,2026-09-03 20:19:00,BR-052,Chiang Mai,2026-09-03 21:18:10.685186865,True,False,2,2026-09-04 03:55:48.181109126,2026-09-08 12:01:28.793829427,Document Pending,
L202830,P109471,S0092582,,FHB,First-Home Urban Starters,housing,CR-E-refi-save,facebook,DCO2026,2026-09-03 08:11:00,BR-014,Ratchadaphisek,2026-09-03 12:59:27.301062232,True,False,2,2026-09-04 14:49:05.418351034,2026-09-08 01:57:30.832714804,Document Pending,
L202831,,S0092675,,FAM,Family Upgraders,housing,CR-F-payless,facebook,DCO2026,2026-11-09 11:35:00,BR-031,Hat Yai,,False,False,5,,,Not Qualified,not_qualified
L202832,P111519,S0092713,,OPT,The Optimizer,refinance,CR-C-familyhome,facebook,DCO2026,2026-09-14 17:43:00,BR-052,Chiang Mai,2026-09-14 19:39:44.013468458,True,False,1,2026-09-15 16:31:14.160212859,,Contacted,
L202833,P113292,S0092727,,OPT,The Optimizer,refinance,CR-A-ratecut,facebook,DCO2026,2026-10-10 11:24:00,BR-031,Hat Yai,2026-10-10 12:36:11.650224927,True,False,2,2026-10-10 23:55:20.557833146,,Contacted,
L202834,P155314,S0092770,,FHB,First-Home Urban Starters,housing,CR-G-firsthome,google,DCO2026,2026-10-08 08:19:00,BR-052,Chiang Mai,2026-10-08 10:52:46.797036004,False,False,4,,,Not Qualified,not_qualified
L202835,P115769,S0092781,,OPT,The Optimizer,refinance,CR-H-refi-fast,facebook,DCO2026,2026-10-15 10:49:00,BR-031,Hat Yai,2026-10-15 13:42:31.523802741,True,False,1,2026-10-16 13:33:46.933425682,,Contacted,
L202836,P157998,S0092870,CIF757998,FHB,First-Home Urban Starters,housing,CR-E-refi-save,google,DCO2026,2026-11-05 10:33:00,BR-044,Khon Kaen,2026-11-05 11:41:38.580572454,False,False,1,,,Not Qualified,not_qualified
L202837,P117920,S0092899,,OPT,The Optimizer,refinance,CR-E-refi-save,line,DCO2026,2026-11-03 13:12:00,BR-022,Bang Khae,2026-11-03 14:50:16.576527465,True,False,1,,,Cannot Contact,cannot_contact
L202838,P177771,S0092920,,FHB,First-Home Urban Starters,housing,CR-C-familyhome,facebook,DCO2026,2026-10-03 20:12:00,BR-061,Rangsit,2026-10-03 22:11:55.763847675,True,False,1,2026-10-04 19:37:08.503346676,2026-10-20 22:00:37.243049688,Document Pending,
L202839,P133611,S0092926,CIF733611,OPT,The Optimizer,refinance,CR-E-refi-save,google,DCO2026,2026-11-09 19:35:00,BR-044,Khon Kaen,,False,False,4,,,Not Qualified,not_qualified
L202840,P157057,S0092930,,MRL,The Monthly Relief,refinance,CR-B-calculator,google,DCO2026,2026-10-11 16:37:00,BR-052,Chiang Mai,2026-10-11 16:48:43.889200382,False,False,3,,,Not Qualified,not_qualified
L202841,P158284,S0092931,,FHB,First-Home Urban Starters,housing,CR-B-calculator,facebook,DCO2026,2026-10-02 22:05:00,BR-044,Khon Kaen,2026-10-03 02:26:32.345183937,True,False,2,,,Cannot Contact,cannot_contact
L202842,P110581,S0092934,CIF710581,FHB,First-Home Urban Starters,housing,CR-C-familyhome,display,DCO2026,2026-09-14 10:23:00,BR-022,Bang Khae,2026-09-14 13:30:00.147415357,True,False,1,2026-09-15 17:48:12.495665240,,Contacted,
L202843,P110836,S0092982,,OPT,The Optimizer,refinance,CR-H-refi-fast,facebook,DCO2026,2026-09-25 15:36:00,BR-031,Hat Yai,2026-09-25 20:01:04.068597831,True,False,2,2026-09-28 01:52:21.132425859,2026-10-01 05:01:58.557598453,Document Pending,
L202844,P121371,S0092987,,OPT,The Optimizer,refinance,CR-F-payless,facebook,DCO2026,2026-09-22 10:41:00,BR-044,Khon Kaen,2026-09-22 13:37:53.548499806,True,False,3,,,Cannot Contact,cannot_contact
L202845,P128763,S0093049,,OPT,The Optimizer,refinance,CR-D-bizasset,facebook,DCO2026,2026-10-18 07:53:00,BR-014,Ratchadaphisek,2026-10-18 08:41:23.276673241,True,False,3,,,Cannot Contact,cannot_contact
L202846,P113417,S0093068,,SAE,Smart Asset Entrepreneurs,housing,CR-F-payless,facebook,DCO2026,2026-10-09 21:39:00,BR-022,Bang Khae,2026-10-09 22:24:47.419287217,True,False,1,,,Cannot Contact,cannot_contact
L202847,P130581,S0093119,CIF730581,FHB,First-Home Urban Starters,housing,CR-D-bizasset,google,DCO2026,2026-09-01 10:53:00,BR-061,Rangsit,2026-09-01 12:41:17.725786963,True,False,2,2026-09-03 00:57:13.866160533,,Contacted,
L202848,P113901,S0093138,CIF713901,OPT,The Optimizer,refinance,CR-A-ratecut,facebook,DCO2026,2026-09-18 07:50:00,BR-014,Ratchadaphisek,2026-09-18 08:29:47.821239313,False,False,3,,,Not Qualified,not_qualified
L202849,P131873,S0093143,,SAE,Smart Asset Entrepreneurs,housing,CR-C-familyhome,line,DCO2026,2026-10-24 21:19:00,BR-061,Rangsit,2026-10-24 22:19:39.050492101,False,False,2,,,Not Qualified,not_qualified
L202850,P112441,S0093173,,FHB,First-Home Urban Starters,housing,CR-G-firsthome,google,DCO2026,2026-10-28 18:34:00,BR-044,Khon Kaen,2026-10-28 20:39:18.975324267,True,False,4,,,Cannot Contact,cannot_contact
L202851,P145639,S0093183,,MRL,The Monthly Relief,refinance,CR-E-refi-save,facebook,DCO2026,2026-10-04 20:30:00,BR-044,Khon Kaen,2026-10-04 22:44:51.527504590,False,False,1,,,Not Qualified,not_qualified
L202852,P167656,S0093222,,FHB,First-Home Urban Starters,housing,CR-B-calculator,line,DCO2026,2026-09-15 13:07:00,BR-061,Rangsit,2026-09-15 14:16:05.239332381,False,False,5,,,Not Qualified,not_qualified
L202853,P149050,S0093264,,OPT,The Optimizer,refinance,CR-F-payless,line,DCO2026,2026-10-08 12:23:00,BR-044,Khon Kaen,2026-10-08 14:06:09.744009956,True,False,3,2026-10-08 22:24:23.020075786,,Contacted,
L202854,P153025,S0093268,CIF753025,FAM,Family Upgraders,housing,CR-F-payless,facebook,DCO2026,2026-10-24 13:55:00,BR-031,Hat Yai,2026-10-24 15:43:53.559061052,True,False,2,2026-10-24 19:23:49.507575171,,Contacted,
L202855,P174224,S0093306,,MRL,The Monthly Relief,refinance,CR-B-calculator,display,DCO2026,2026-09-02 17:17:00,BR-052,Chiang Mai,2026-09-02 18:48:18.041899162,True,False,1,2026-09-03 23:54:50.045770084,,Contacted,
L202856,P107877,S0093311,CIF707877,FAM,Family Upgraders,housing,CR-C-familyhome,display,DCO2026,2026-10-20 11:26:00,BR-061,Rangsit,2026-10-20 11:28:42.764094160,False,False,2,,,Not Qualified,not_qualified
L202857,,S0093351,CIF733685,FHB,First-Home Urban Starters,housing,CR-C-familyhome,line,DCO2026,2026-09-12 21:21:00,BR-061,Rangsit,2026-09-13 00:05:25.586699827,False,False,2,,,Not Qualified,not_qualified
L202858,P101295,S0093490,,OPT,The Optimizer,refinance,CR-B-calculator,line,DCO2026,2026-09-15 10:07:00,BR-014,Ratchadaphisek,2026-09-15 16:32:00.110000370,False,False,5,,,Not Qualified,not_qualified
L202859,P110576,S0093499,CIF710576,FAM,Family Upgraders,housing,CR-D-bizasset,facebook,DCO2026,2026-10-11 20:35:00,BR-022,Bang Khae,2026-10-11 20:48:05.454423742,True,False,3,2026-10-12 02:13:53.347751188,2026-10-13 18:47:08.088719022,Document Pending,
L202860,P165659,S0093519,,FHB,First-Home Urban Starters,housing,CR-H-refi-fast,facebook,DCO2026,2026-10-04 15:44:00,BR-022,Bang Khae,2026-10-04 20:56:39.049419222,True,False,5,,,Cannot Contact,cannot_contact
L202861,,S0093526,,SAE,Smart Asset Entrepreneurs,housing,CR-E-refi-save,facebook,DCO2026,2026-09-06 21:14:00,BR-014,Ratchadaphisek,2026-09-07 02:28:32.995286080,False,False,2,,,Not Qualified,not_qualified
L202862,P106748,S0093669,CIF706748,MRL,The Monthly Relief,refinance,CR-E-refi-save,google,DCO2026,2026-10-11 15:40:00,BR-052,Chiang Mai,2026-10-11 16:06:39.369463551,False,False,5,,,Not Qualified,not_qualified
L202863,P113815,S0093671,,FHB,First-Home Urban Starters,housing,CR-B-calculator,facebook,DCO2026,2026-10-24 16:14:00,BR-052,Chiang Mai,2026-10-24 16:43:44.730759246,True,False,3,2026-10-25 11:47:54.297402872,2026-11-01 11:00:38.012034363,Document Pending,
L202864,P173883,S0093711,CIF773883,FHB,First-Home Urban Starters,housing,CR-G-firsthome,facebook,DCO2026,2026-11-04 07:09:00,BR-044,Khon Kaen,2026-11-04 13:13:17.112559630,False,False,4,,,Not Qualified,not_qualified
L202865,P153944,S0093720,CIF753944,SAE,Smart Asset Entrepreneurs,housing,CR-H-refi-fast,display,DCO2026,2026-10-04 08:09:00,BR-052,Chiang Mai,2026-10-04 08:32:40.236189946,True,False,2,2026-10-06 05:39:32.137872408,,Contacted,
L202866,P150915,S0093841,,MRL,The Monthly Relief,refinance,CR-H-refi-fast,line,DCO2026,2026-09-24 10:26:00,BR-014,Ratchadaphisek,2026-09-24 15:08:54.709880634,False,False,2,,,Not Qualified,not_qualified
L202867,P103077,S0093842,,MRL,The Monthly Relief,refinance,CR-F-payless,facebook,DCO2026,2026-09-20 07:03:00,BR-031,Hat Yai,,False,False,5,,,Not Qualified,not_qualified
L202868,P146606,S0093941,CIF746606,FAM,Family Upgraders,housing,CR-E-refi-save,facebook,DCO2026,2026-09-22 16:57:00,BR-044,Khon Kaen,2026-09-22 18:54:06.516724892,True,False,2,2026-09-24 04:43:36.980879710,2026-09-25 14:40:11.985774315,Document Pending,
L202869,P135135,S0093948,CIF735135,FHB,First-Home Urban Starters,housing,CR-G-firsthome,facebook,DCO2026,2026-09-18 17:53:00,BR-044,Khon Kaen,,False,False,3,,,Not Qualified,not_qualified
L202870,P176239,S0094029,CIF776239,FHB,First-Home Urban Starters,housing,CR-E-refi-save,facebook,DCO2026,2026-09-04 15:42:00,BR-052,Chiang Mai,2026-09-04 16:54:25.314713380,True,False,3,2026-09-04 20:38:16.053919252,,Contacted,
L202871,P147380,S0094053,,FAM,Family Upgraders,housing,CR-B-calculator,display,DCO2026,2026-11-09 17:22:00,BR-022,Bang Khae,,True,False,1,,,Document Pending,
L202872,,S0094068,,OPT,The Optimizer,refinance,CR-G-firsthome,facebook,DCO2026,2026-10-25 13:05:00,BR-014,Ratchadaphisek,2026-10-25 18:45:15.409598091,True,False,3,2026-10-26 09:38:23.937026983,,Contacted,
L202873,P164271,S0094173,,OPT,The Optimizer,refinance,CR-D-bizasset,google,DCO2026,2026-09-30 15:32:00,BR-022,Bang Khae,2026-09-30 15:43:52.083552274,True,False,2,2026-10-01 16:47:15.330991795,2026-10-05 02:11:15.144423350,Document Pending,
L202874,P148864,S0094187,,MRL,The Monthly Relief,refinance,CR-D-bizasset,facebook,DCO2026,2026-09-06 16:13:00,BR-022,Bang Khae,2026-09-06 16:56:50.074351014,True,False,3,2026-09-07 23:37:05.672139699,,Contacted,
L202875,P178388,S0094268,,OPT,The Optimizer,refinance,CR-B-calculator,facebook,DCO2026,2026-10-25 12:38:00,BR-061,Rangsit,2026-10-25 13:21:53.961867444,False,False,2,,,Not Qualified,not_qualified
L202876,P156250,S0094326,CIF756250,FAM,Family Upgraders,housing,CR-D-bizasset,facebook,DCO2026,2026-10-22 12:12:00,BR-031,Hat Yai,2026-10-22 15:16:13.847923005,True,False,2,2026-10-23 13:07:24.328387848,2026-10-27 02:58:55.429384180,Document Pending,
L202877,P102154,S0094341,,FHB,First-Home Urban Starters,housing,CR-B-calculator,line,DCO2026,2026-10-12 13:31:00,BR-044,Khon Kaen,2026-10-12 14:11:06.584475856,True,False,1,2026-10-13 17:15:26.461822498,,Contacted,
L202878,P135741,S0094352,,OPT,The Optimizer,refinance,CR-H-refi-fast,google,DCO2026,2026-09-01 17:48:00,BR-052,Chiang Mai,2026-09-01 17:53:06.136359846,True,False,1,2026-09-02 04:16:49.355936299,,Contacted,
L202879,P119762,S0094367,,SAE,Smart Asset Entrepreneurs,housing,CR-F-payless,facebook,DCO2026,2026-11-04 10:55:00,BR-022,Bang Khae,2026-11-04 11:29:07.286035349,False,False,3,,,Not Qualified,not_qualified
L202880,P116753,S0094422,,FHB,First-Home Urban Starters,housing,CR-E-refi-save,line,DCO2026,2026-09-09 17:31:00,BR-022,Bang Khae,2026-09-09 19:54:46.737173140,False,False,5,,,Not Qualified,not_qualified
L202881,P109268,S0094435,,OPT,The Optimizer,refinance,CR-A-ratecut,facebook,,2026-09-25 09:16:00,BR-061,Rangsit,2026-09-25 10:01:43.328116998,True,False,2,2026-09-29 01:28:17.445136032,,Contacted,
L202882,P180086,S0094436,,FHB,First-Home Urban Starters,housing,CR-H-refi-fast,line,DCO2026,2026-09-08 22:56:00,BR-022,Bang Khae,2026-09-09 04:52:52.736471062,False,False,2,,,Not Qualified,not_qualified
L202883,,S0094470,,FHB,First-Home Urban Starters,housing,CR-D-bizasset,google,DCO2026,2026-09-17 09:09:00,BR-052,Chiang Mai,2026-09-17 11:57:52.332502208,True,False,3,2026-09-17 22:30:49.352293044,2026-09-21 03:36:48.998278263,Document Pending,
L202884,P131506,S0094486,,FHB,First-Home Urban Starters,housing,CR-A-ratecut,display,DCO2026,2026-10-05 14:31:00,BR-031,Hat Yai,2026-10-05 15:05:03.034238412,True,False,2,2026-10-05 22:28:03.860205264,,Contacted,
L202885,P143111,S0094550,,FHB,First-Home Urban Starters,housing,CR-H-refi-fast,google,,2026-11-05 17:38:00,BR-044,Khon Kaen,2026-11-05 19:41:55.069074244,False,False,2,,,Not Qualified,not_qualified
L202886,P106652,S0094583,,FHB,First-Home Urban Starters,housing,CR-H-refi-fast,facebook,DCO2026,2026-09-16 07:08:00,BR-061,Rangsit,,True,False,2,2026-09-17 12:57:17.684902581,2026-09-21 18:44:54.785745392,Document Pending,
L202887,P176316,S0094714,,OPT,The Optimizer,refinance,CR-D-bizasset,facebook,DCO2026,2026-09-21 21:20:00,BR-044,Khon Kaen,2026-09-22 01:00:28.958443075,False,False,2,,,Not Qualified,not_qualified
L202888,P136793,S0094749,,MRL,The Monthly Relief,refinance,CR-E-refi-save,facebook,DCO2026,2026-09-16 20:00:00,BR-061,Rangsit,2026-09-17 02:04:07.550202021,False,False,3,,,Not Qualified,not_qualified
L202889,P167972,S0094757,CIF767972,FHB,First-Home Urban Starters,housing,CR-D-bizasset,google,DCO2026,2026-10-26 08:33:00,BR-031,Hat Yai,2026-10-26 11:30:07.984406761,True,False,3,,,Cannot Contact,cannot_contact
L202890,P153917,S0094816,,SAE,Smart Asset Entrepreneurs,housing,CR-E-refi-save,facebook,DCO2026,2026-10-14 15:21:00,BR-014,Ratchadaphisek,2026-10-14 15:51:15.722507880,False,False,2,,,Not Qualified,not_qualified
L202891,P155911,S0094863,,OPT,The Optimizer,refinance,CR-D-bizasset,facebook,DCO2026,2026-09-28 11:31:00,BR-061,Rangsit,2026-09-28 13:42:59.054831617,True,False,2,2026-09-29 09:53:34.671388044,2026-10-11 04:24:03.439647888,Document Pending,
L202892,P137843,S0094900,,MRL,The Monthly Relief,refinance,CR-E-refi-save,google,DCO2026,2026-09-12 12:03:00,BR-044,Khon Kaen,2026-09-12 16:08:53.065975315,True,False,1,2026-09-15 09:05:41.157773113,2026-09-16 18:18:59.533636690,Document Pending,
L202893,P121022,S0094920,,FHB,First-Home Urban Starters,housing,CR-F-payless,display,,2026-09-16 09:57:00,BR-014,Ratchadaphisek,2026-09-16 11:16:41.809568113,False,True,5,,,Duplicate Lead,duplicate_lead
L202894,P159399,S0094968,,MRL,The Monthly Relief,refinance,CR-H-refi-fast,facebook,DCO2026,2026-11-01 22:49:00,BR-052,Chiang Mai,2026-11-01 23:13:26.794849266,False,False,3,,,Not Qualified,not_qualified
L202895,P132020,S0095016,,FHB,First-Home Urban Starters,housing,CR-C-familyhome,line,,2026-09-13 14:36:00,BR-031,Hat Yai,2026-09-13 16:20:04.943588830,True,False,3,2026-09-14 07:11:16.278689252,2026-09-18 14:29:25.618440073,Document Pending,
L202896,P179797,S0095050,,FHB,First-Home Urban Starters,housing,CR-C-familyhome,google,DCO2026,2026-09-15 13:23:00,BR-022,Bang Khae,2026-09-15 15:04:40.907321401,True,False,1,2026-09-16 10:10:27.305038374,,Contacted,
L202897,,S0095053,,OPT,The Optimizer,refinance,CR-B-calculator,google,DCO2026,2026-09-02 10:53:00,BR-022,Bang Khae,2026-09-02 13:28:40.327291582,True,False,2,2026-09-04 09:20:42.816226147,,Contacted,
L202898,P150835,S0095056,,FHB,First-Home Urban Starters,housing,CR-D-bizasset,google,DCO2026,2026-10-19 14:06:00,BR-014,Ratchadaphisek,2026-10-19 14:37:56.973518677,True,False,1,2026-10-21 09:36:22.082264600,,Contacted,
L202899,,S0095099,,OPT,The Optimizer,refinance,CR-H-refi-fast,facebook,DCO2026,2026-10-27 07:35:00,BR-031,Hat Yai,2026-10-27 08:35:02.792276769,True,False,3,2026-10-29 14:34:39.308405488,2026-11-07 23:40:11.088848173,Document Pending,
L202900,P168289,S0095100,,FHB,First-Home Urban Starters,housing,CR-E-refi-save,google,DCO2026,2026-09-21 08:42:00,BR-052,Chiang Mai,2026-09-21 11:25:09.248634843,False,False,3,,,Not Qualified,not_qualified
L202901,P116518,S0095108,CIF716518,SAE,Smart Asset Entrepreneurs,housing,CR-G-firsthome,facebook,DCO2026,2026-09-25 08:00:00,BR-052,Chiang Mai,2026-09-25 09:06:14.660878611,False,False,1,,,Not Qualified,not_qualified
L202902,P141970,S0095135,,OPT,The Optimizer,refinance,CR-F-payless,facebook,DCO2026,2026-09-03 16:02:00,BR-044,Khon Kaen,2026-09-04 00:04:06.896498902,True,False,4,,,Cannot Contact,cannot_contact
L202903,P175083,S0095149,,OPT,The Optimizer,refinance,CR-A-ratecut,display,DCO2026,2026-11-06 08:29:00,BR-044,Khon Kaen,2026-11-06 10:41:14.646508167,True,False,3,2026-11-07 09:07:02.219307579,,Contacted,
L202904,P169465,S0095197,,OPT,The Optimizer,refinance,CR-G-firsthome,facebook,DCO2026,2026-09-27 12:54:00,BR-052,Chiang Mai,2026-09-27 15:15:22.347620542,False,False,5,,,Not Qualified,not_qualified
L202905,,S0095261,,FHB,First-Home Urban Starters,housing,CR-C-familyhome,facebook,DCO2026,2026-11-09 18:35:00,BR-052,Chiang Mai,,True,False,1,,,Contacted,
L202906,P120606,S0095266,,FAM,Family Upgraders,housing,CR-D-bizasset,google,DCO2026,2026-10-11 13:19:00,BR-031,Hat Yai,2026-10-11 14:55:06.061045460,True,False,1,,,Cannot Contact,cannot_contact
L202907,,S0095269,,OPT,The Optimizer,refinance,CR-H-refi-fast,facebook,DCO2026,2026-11-07 07:17:00,BR-044,Khon Kaen,,False,False,5,,,Not Qualified,not_qualified
L202908,P100006,S0095327,,FHB,First-Home Urban Starters,housing,CR-H-refi-fast,google,DCO2026,2026-10-04 19:06:00,BR-061,Rangsit,2026-10-04 22:06:42.805183374,False,False,3,,,Not Qualified,not_qualified
L202909,P120471,S0095356,,OPT,The Optimizer,refinance,CR-A-ratecut,facebook,,2026-09-29 07:55:00,BR-022,Bang Khae,2026-09-29 08:11:00.788701191,True,False,3,2026-09-30 07:36:51.785076973,,Contacted,
L202910,P179903,S0095387,,FAM,Family Upgraders,housing,CR-C-familyhome,facebook,DCO2026,2026-10-11 15:53:00,BR-014,Ratchadaphisek,,True,False,4,,,Cannot Contact,cannot_contact
L202911,P111865,S0095441,,OPT,The Optimizer,refinance,CR-F-payless,facebook,DCO2026,2026-09-11 07:38:00,BR-022,Bang Khae,2026-09-11 08:43:05.790613534,False,False,2,,,Not Qualified,not_qualified
L202912,P120662,S0095460,,FHB,First-Home Urban Starters,housing,CR-G-firsthome,facebook,DCO2026,2026-10-20 22:12:00,BR-022,Bang Khae,2026-10-21 00:05:59.460153972,False,False,1,,,Not Qualified,not_qualified
L202913,P101342,S0095569,CIF701342,FAM,Family Upgraders,housing,CR-G-firsthome,google,DCO2026,2026-09-13 08:48:00,BR-061,Rangsit,2026-09-13 09:17:03.159108106,True,False,2,,,Cannot Contact,cannot_contact
L202914,P137168,S0095628,CIF737168,FHB,First-Home Urban Starters,housing,CR-D-bizasset,line,DCO2026,2026-10-02 17:03:00,BR-061,Rangsit,2026-10-02 17:56:17.131282836,True,False,4,,,Cannot Contact,cannot_contact
L202915,,S0095650,CIF780295,FHB,First-Home Urban Starters,housing,CR-G-firsthome,google,DCO2026,2026-09-13 22:50:00,BR-014,Ratchadaphisek,2026-09-14 00:07:16.406545063,True,False,4,,,Cannot Contact,cannot_contact
L202916,P131703,S0095654,,MRL,The Monthly Relief,refinance,CR-E-refi-save,facebook,DCO2026,2026-09-20 18:09:00,BR-014,Ratchadaphisek,2026-09-20 19:09:52.465019810,False,False,2,,,Not Qualified,not_qualified
L202917,P126101,S0095684,CIF726101,MRL,The Monthly Relief,refinance,CR-B-calculator,google,DCO2026,2026-10-10 14:35:00,BR-052,Chiang Mai,2026-10-10 15:39:46.404453986,True,False,1,,,Cannot Contact,cannot_contact
L202918,,S0095757,,FAM,Family Upgraders,housing,CR-G-firsthome,facebook,DCO2026,2026-09-22 20:31:00,BR-061,Rangsit,2026-09-22 20:44:17.988854674,True,False,2,2026-09-25 04:06:47.049999277,,Contacted,
L202919,P123541,S0095758,CIF723541,FHB,First-Home Urban Starters,housing,CR-D-bizasset,google,DCO2026,2026-09-22 10:50:00,BR-061,Rangsit,2026-09-22 13:00:54.609499088,False,False,5,,,Not Qualified,not_qualified
L202920,P141447,S0095761,,OPT,The Optimizer,refinance,CR-G-firsthome,facebook,DCO2026,2026-09-29 18:53:00,BR-031,Hat Yai,2026-09-29 19:57:40.999284746,True,True,1,,,Duplicate Lead,duplicate_lead
L202921,P154786,S0095767,CIF754786,FAM,Family Upgraders,housing,CR-D-bizasset,google,DCO2026,2026-09-02 11:20:00,BR-052,Chiang Mai,2026-09-02 13:35:48.933614113,True,True,5,,,Duplicate Lead,duplicate_lead
L202922,P103251,S0095825,,MRL,The Monthly Relief,refinance,CR-D-bizasset,line,DCO2026,2026-09-03 22:01:00,BR-022,Bang Khae,2026-09-03 22:38:16.363966836,False,True,4,,,Duplicate Lead,duplicate_lead
L202923,P138953,S0095843,,OPT,The Optimizer,refinance,CR-E-refi-save,display,DCO2026,2026-10-19 11:12:00,BR-052,Chiang Mai,2026-10-19 13:17:23.541919371,True,False,3,,,Cannot Contact,cannot_contact
L202924,P167201,S0095861,,FHB,First-Home Urban Starters,housing,CR-A-ratecut,google,DCO2026,2026-10-02 14:57:00,BR-022,Bang Khae,2026-10-02 16:06:15.669496065,True,False,3,2026-10-04 09:40:42.735400032,2026-10-07 17:04:14.667783207,Document Pending,
L202925,,S0095878,CIF709214,SAE,Smart Asset Entrepreneurs,housing,CR-E-refi-save,facebook,DCO2026,2026-11-05 13:24:00,BR-022,Bang Khae,2026-11-05 13:53:05.667972212,True,True,5,,,Duplicate Lead,duplicate_lead
L202926,P158066,S0095880,,FHB,First-Home Urban Starters,housing,CR-G-firsthome,google,DCO2026,2026-09-30 22:37:00,BR-052,Chiang Mai,2026-09-30 23:29:00.591846546,True,False,3,2026-10-01 13:04:33.619086194,,Contacted,
L202927,P104426,S0095943,CIF704426,OPT,The Optimizer,refinance,CR-G-firsthome,google,DCO2026,2026-10-14 09:09:00,BR-022,Bang Khae,2026-10-14 09:53:05.125531117,True,False,5,,,Cannot Contact,cannot_contact
L202928,P145234,S0095949,,MRL,The Monthly Relief,refinance,CR-E-refi-save,facebook,DCO2026,2026-10-13 13:13:00,BR-044,Khon Kaen,2026-10-13 13:36:32.469604720,False,False,2,,,Not Qualified,not_qualified
L202929,P139992,S0095969,CIF739992,OPT,The Optimizer,refinance,CR-C-familyhome,facebook,DCO2026,2026-09-30 14:05:00,BR-022,Bang Khae,2026-09-30 18:18:55.308654861,False,False,3,,,Not Qualified,not_qualified
L202930,P106027,S0096033,,FAM,Family Upgraders,housing,CR-B-calculator,facebook,DCO2026,2026-10-14 09:27:00,BR-022,Bang Khae,2026-10-14 11:02:47.167300597,True,False,3,2026-10-15 03:39:37.453801615,2026-10-19 00:57:49.576575610,Document Pending,
L202931,P163989,S0096103,,FAM,Family Upgraders,housing,CR-F-payless,line,DCO2026,2026-09-25 08:48:00,BR-031,Hat Yai,2026-09-25 09:22:36.226304572,True,False,3,2026-09-25 23:55:18.604392222,,Contacted,
L202932,P147649,S0096140,CIF747649,SAE,Smart Asset Entrepreneurs,housing,CR-F-payless,facebook,DCO2026,2026-09-17 08:23:00,BR-061,Rangsit,,False,False,4,,,Not Qualified,not_qualified
L202933,,S0096142,,FHB,First-Home Urban Starters,housing,CR-G-firsthome,facebook,DCO2026,2026-09-21 10:42:00,BR-061,Rangsit,2026-09-21 11:07:59.561328554,False,False,4,,,Not Qualified,not_qualified
L202934,P172035,S0096180,,MRL,The Monthly Relief,refinance,CR-B-calculator,facebook,DCO2026,2026-09-09 22:14:00,BR-031,Hat Yai,2026-09-10 00:04:05.909563395,True,False,2,2026-09-10 18:21:55.358460652,2026-09-14 17:43:59.552159499,Document Pending,
L202935,,S0096228,,FHB,First-Home Urban Starters,housing,CR-F-payless,display,DCO2026,2026-09-18 16:26:00,BR-044,Khon Kaen,2026-09-18 17:34:32.146658041,True,False,1,2026-09-21 17:53:52.530875564,2026-10-02 07:00:37.290623354,Document Pending,
L202936,P103592,S0096230,,OPT,The Optimizer,refinance,CR-H-refi-fast,google,DCO2026,2026-10-03 09:17:00,BR-014,Ratchadaphisek,2026-10-03 09:23:18.454510911,True,False,2,2026-10-05 21:13:26.370907454,,Contacted,
L202937,P130131,S0096363,,SAE,Smart Asset Entrepreneurs,housing,CR-C-familyhome,facebook,DCO2026,2026-09-09 16:17:00,BR-052,Chiang Mai,2026-09-09 17:27:17.582329030,False,False,1,,,Not Qualified,not_qualified
L202938,P161922,S0096444,,OPT,The Optimizer,refinance,CR-H-refi-fast,facebook,DCO2026,2026-11-08 08:09:00,BR-022,Bang Khae,,False,False,2,,,Not Qualified,not_qualified
L202939,P150492,S0096463,,FAM,Family Upgraders,housing,CR-C-familyhome,facebook,DCO2026,2026-11-04 15:52:00,BR-014,Ratchadaphisek,2026-11-04 18:10:30.181275925,True,False,2,,,Cannot Contact,cannot_contact
L202940,,S0096506,,OPT,The Optimizer,refinance,CR-E-refi-save,google,DCO2026,2026-09-11 14:44:00,BR-044,Khon Kaen,2026-09-11 15:26:53.688219588,False,False,4,,,Not Qualified,not_qualified
L202941,P131323,S0096578,,OPT,The Optimizer,refinance,CR-E-refi-save,facebook,DCO2026,2026-09-27 08:35:00,BR-044,Khon Kaen,2026-09-27 12:58:29.993515368,True,False,1,2026-09-29 01:40:21.666875298,,Contacted,
L202942,P176154,S0096659,,MRL,The Monthly Relief,refinance,CR-F-payless,display,DCO2026,2026-09-07 07:39:00,BR-014,Ratchadaphisek,2026-09-07 12:06:05.008291801,True,False,3,2026-09-09 16:16:03.961039407,,Contacted,
