target_lead_id,age_band,income_band,occupation,region,product,campaign_id,imported_at,imported_by,source_file
TL000000,41 - 50,"05. 30,001-40,000",ผู้ประกอบธุรกิจ / เจ้าของกิจการ,ธนาคารออมสินภาค 10,สินเชื่อเคหะ,DCO2026,2026-08-28 09:00:00,marketing.gsb,GSB_final_lead_list_2026-08-28.xlsx
TL000001,51 - 60,"05. 30,001-40,000",พนักงานและลูกจ้างในหน่วยงานรัฐวิสาหกิจ,ธนาคารออมสินภาค 10,สินเชื่อเคหะ,DCO2026,2026-08-28 09:00:00,marketing.gsb,GSB_final_lead_list_2026-08-28.xlsx
TL000002,20 - 30,"01. 0-5,000",พนักงานและลูกจ้างในบริษัท,ธนาคารออมสินภาค 12,สินเชื่อเคหะ,DCO2026,2026-08-28 09:00:00,marketing.gsb,GSB_final_lead_list_2026-08-28.xlsx
TL000003,41 - 50,"01. 0-5,000",พนักงานและลูกจ้างในบริษัท,ธนาคารออมสินภาค 13,สินเชื่อเคหะ,DCO2026,2026-08-28 09:00:00,marketing.gsb,GSB_final_lead_list_2026-08-28.xlsx
TL000004,41 - 50,"05. 30,001-40,000",ข้าราชการและลูกจ้างในหน่วยงานของรัฐ,ธนาคารออมสินภาค 11,สินเชื่อเคหะ,DCO2026,2026-08-28 09:00:00,marketing.gsb,GSB_final_lead_list_2026-08-28.xlsx
TL000005,41 - 50,"04. 20,001-30,000",ผู้ประกอบธุรกิจ / เจ้าของกิจการ,ธนาคารออมสินภาค 13,สินเชื่อเคหะ,DCO2026,2026-08-28 09:00:00,marketing.gsb,GSB_final_lead_list_2026-08-28.xlsx
TL000006,31 - 40,"05. 30,001-40,000",ผู้ประกอบธุรกิจ / เจ้าของกิจการ,ธนาคารออมสินภาค 11,สินเชื่อเคหะ,DCO2026,2026-08-28 09:00:00,marketing.gsb,GSB_final_lead_list_2026-08-28.xlsx
TL000007,41 - 50,"06. 40,001-50,000",พนักงานและลูกจ้างในหน่วยงานรัฐวิสาหกิจ,ธนาคารออมสินภาค 11,สินเชื่อเคหะ,DCO2026,2026-08-28 09:00:00,marketing.gsb,GSB_final_lead_list_2026-08-28.xlsx
TL000008,31 - 40,"05. 30,001-40,000",พนักงานและลูกจ้างในหน่วยงานรัฐวิสาหกิจ,ธนาคารออมสินภาค 10,สินเชื่อเคหะ,DCO2026,2026-08-28 09:00:00,marketing.gsb,GSB_final_lead_list_2026-08-28.xlsx
TL000009,31 - 40,"05. 30,001-40,000",ผู้รับจ้างทั่วไป / ผู้ใช้แรงงาน,ธนาคารออมสินภาค 10,สินเชื่อเคหะ,DCO2026,2026-08-28 09:00:00,marketing.gsb,GSB_final_lead_list_2026-08-28.xlsx
TL000010,20 - 30,"02. 5,001-10,000",ประกอบอาชีพอิสระ,ธนาคารออมสินภาค 13,สินเชื่อเคหะ,DCO2026,2026-08-28 09:00:00,marketing.gsb,GSB_final_lead_list_2026-08-28.xlsx
TL000011,31 - 40,"05. 30,001-40,000",พนักงานและลูกจ้างในหน่วยงานรัฐวิสาหกิจ,ธนาคารออมสินภาค 12,สินเชื่อเคหะ,DCO2026,2026-08-28 09:00:00,marketing.gsb,GSB_final_lead_list_2026-08-28.xlsx
TL000012,31 - 40,"02. 5,001-10,000",ผู้ประกอบธุรกิจ / เจ้าของกิจการ,ธนาคารออมสินภาค 10,สินเชื่อเคหะ,DCO2026,2026-08-28 09:00:00,marketing.gsb,GSB_final_lead_list_2026-08-28.xlsx
TL000013,31 - 40,"05. 30,001-40,000",พนักงานและลูกจ้างในหน่วยงานรัฐวิสาหกิจ,ธนาคารออมสินภาค 13,สินเชื่อเคหะ,DCO2026,2026-08-28 09:00:00,marketing.gsb,GSB_final_lead_list_2026-08-28.xlsx
TL000014,31 - 40,"05. 30,001-40,000",ผู้ประกอบธุรกิจ / เจ้าของกิจการ,ธนาคารออมสินภาค 12,สินเชื่อเคหะ,DCO2026,2026-08-28 09:00:00,marketing.gsb,GSB_final_lead_list_2026-08-28.xlsx
TL000015,20 - 30,"02. 5,001-10,000",ประกอบวิชาชีพเฉพาะ,ธนาคารออมสินภาค 10,สินเชื่อเคหะ,DCO2026,2026-08-28 09:00:00,marketing.gsb,GSB_final_lead_list_2026-08-28.xlsx
TL000016,31 - 40,"05. 30,001-40,000",พนักงานและลูกจ้างในหน่วยงานรัฐวิสาหกิจ,ธนาคารออมสินภาค 10,สินเชื่อเคหะ,DCO2026,2026-08-28 09:00:00,marketing.gsb,GSB_final_lead_list_2026-08-28.xlsx
TL000017,31 - 40,"04. 20,001-30,000",พนักงานและลูกจ้างในหน่วยงานรัฐวิสาหกิจ,ธนาคารออมสินภาค 11,สินเชื่อเคหะ,DCO2026,2026-08-28 09:00:00,marketing.gsb,GSB_final_lead_list_2026-08-28.xlsx
TL000018,31 - 40,"02. 5,001-10,000",ประกอบวิชาชีพเฉพาะ,ธนาคารออมสินภาค 13,สินเชื่อเคหะ,DCO2026,2026-08-28 09:00:00,marketing.gsb,GSB_final_lead_list_2026-08-28.xlsx
TL000019,31 - 40,"04. 20,001-30,000",ผู้รับจ้างทั่วไป / ผู้ใช้แรงงาน,ธนาคารออมสินภาค 13,สินเชื่อเคหะ,DCO2026,2026-08-28 09:00:00,marketing.gsb,GSB_final_lead_list_2026-08-28.xlsx
TL000020,41 - 50,"04. 20,001-30,000",ข้าราชการและลูกจ้างในหน่วยงานของรัฐ,ธนาคารออมสินภาค 11,สินเชื่อเคหะ,DCO2026,2026-08-28 09:00:00,marketing.gsb,GSB_final_lead_list_2026-08-28.xlsx
TL000021,65 Up,"06. 40,001-50,000",ผู้ประกอบธุรกิจ / เจ้าของกิจการ,ธนาคารออมสินภาค 12,สินเชื่อเคหะ,DCO2026,2026-08-28 09:00:00,marketing.gsb,GSB_final_lead_list_2026-08-28.xlsx
TL000022,31 - 40,"05. 30,001-40,000",ผู้รับจ้างทั่วไป / ผู้ใช้แรงงาน,ธนาคารออมสินภาค 11,สินเชื่อเคหะ,DCO2026,2026-08-28 09:00:00,marketing.gsb,GSB_final_lead_list_2026-08-28.xlsx
TL000023,61 - 65,"04. 20,001-30,000",ประกอบวิชาชีพเฉพาะ,ธนาคารออมสินภาค 12,สินเชื่อเคหะ,DCO2026,2026-08-28 09:00:00,marketing.gsb,GSB_final_lead_list_2026-08-28.xlsx
TL000024,61 - 65,"06. 40,001-50,000",ประกอบอาชีพอิสระ,ธนาคารออมสินภาค 10,สินเชื่อเคหะ,DCO2026,2026-08-28 09:00:00,marketing.gsb,GSB_final_lead_list_2026-08-28.xlsx
TL000025,Under 20,"05. 30,001-40,000",ผู้ประกอบธุรกิจ / เจ้าของกิจการ,ธนาคารออมสินภาค 1,สินเชื่อเคหะ,DCO2026,2026-08-28 09:00:00,marketing.gsb,GSB_final_lead_list_2026-08-28.xlsx
TL000026,51 - 60,"05. 30,001-40,000",พนักงานและลูกจ้างในหน่วยงานรัฐวิสาหกิจ,ธนาคารออมสินภาค 11,สินเชื่อเคหะ,DCO2026,2026-08-28 09:00:00,marketing.gsb,GSB_final_lead_list_2026-08-28.xlsx
TL000027,31 - 40,"04. 20,001-30,000",ประกอบอาชีพอิสระ,ธนาคารออมสินภาค 1,สินเชื่อเคหะ,DCO2026,2026-08-28 09:00:00,marketing.gsb,GSB_final_lead_list_2026-08-28.xlsx
TL000028,31 - 40,"04. 20,001-30,000",ผู้รับจ้างทั่วไป / ผู้ใช้แรงงาน,ธนาคารออมสินภาค 1,สินเชื่อเคหะ,DCO2026,2026-08-28 09:00:00,marketing.gsb,GSB_final_lead_list_2026-08-28.xlsx
TL000029,20 - 30,"02. 5,001-10,000",พนักงานและลูกจ้างในบริษัท,ธนาคารออมสินภาค 12,สินเชื่อเคหะ,DCO2026,2026-08-28 09:00:00,marketing.gsb,GSB_final_lead_list_2026-08-28.xlsx
TL000030,61 - 65,"03. 10,001-20,000",ประกอบวิชาชีพเฉพาะ,ธนาคารออมสินภาค 10,สินเชื่อเคหะ,DCO2026,2026-08-28 09:00:00,marketing.gsb,GSB_final_lead_list_2026-08-28.xlsx
TL000031,31 - 40,"05. 30,001-40,000",ข้าราชการและลูกจ้างในหน่วยงานของรัฐ,ธนาคารออมสินภาค 11,สินเชื่อเคหะ,DCO2026,2026-08-28 09:00:00,marketing.gsb,GSB_final_lead_list_2026-08-28.xlsx
TL000032,51 - 60,"06. 40,001-50,000",ข้าราชการและลูกจ้างในหน่วยงานของรัฐ,ธนาคารออมสินภาค 13,สินเชื่อเคหะ,DCO2026,2026-08-28 09:00:00,marketing.gsb,GSB_final_lead_list_2026-08-28.xlsx
TL000033,20 - 30,"05. 30,001-40,000",ผู้ประกอบธุรกิจ / เจ้าของกิจการ,ธนาคารออมสินภาค 1,สินเชื่อเคหะ,DCO2026,2026-08-28 09:00:00,marketing.gsb,GSB_final_lead_list_2026-08-28.xlsx
TL000034,31 - 40,"03. 10,001-20,000",ประกอบอาชีพอิสระ,ธนาคารออมสินภาค 11,สินเชื่อเคหะ,DCO2026,2026-08-28 09:00:00,marketing.gsb,GSB_final_lead_list_2026-08-28.xlsx
TL000035,31 - 40,"06. 40,001-50,000",ประกอบอาชีพอิสระ,ธนาคารออมสินภาค 13,สินเชื่อเคหะ,DCO2026,2026-08-28 09:00:00,marketing.gsb,GSB_final_lead_list_2026-08-28.xlsx
TL000036,51 - 60,"02. 5,001-10,000",ข้าราชการและลูกจ้างในหน่วยงานของรัฐ,ธนาคารออมสินภาค 11,สินเชื่อเคหะ,DCO2026,2026-08-28 09:00:00,marketing.gsb,GSB_final_lead_list_2026-08-28.xlsx
TL000037,41 - 50,"02. 5,001-10,000",พนักงานและลูกจ้างในบริษัท,ธนาคารออมสินภาค 11,สินเชื่อเคหะ,DCO2026,2026-08-28 09:00:00,marketing.gsb,GSB_final_lead_list_2026-08-28.xlsx
TL000038,41 - 50,"03. 10,001-20,000",ผู้รับจ้างทั่วไป / ผู้ใช้แรงงาน,ธนาคารออมสินภาค 12,สินเชื่อเคหะ,DCO2026,2026-08-28 09:00:00,marketing.gsb,GSB_final_lead_list_2026-08-28.xlsx
TL000039,20 - 30,"05. 30,001-40,000",ผู้ประกอบธุรกิจ / เจ้าของกิจการ,ธนาคารออมสินภาค 11,สินเชื่อเคหะ,DCO2026,2026-08-28 09:00:00,marketing.gsb,GSB_final_lead_list_2026-08-28.xlsx
TL000040,31 - 40,"04. 20,001-30,000",ผู้รับจ้างทั่วไป / ผู้ใช้แรงงาน,ธนาคารออมสินภาค 13,สินเชื่อเคหะ,DCO2026,2026-08-28 09:00:00,marketing.gsb,GSB_final_lead_list_2026-08-28.xlsx
TL000041,31 - 40,"01. 0-5,000",ผู้รับจ้างทั่วไป / ผู้ใช้แรงงาน,ธนาคารออมสินภาค 10,สินเชื่อเคหะ,DCO2026,2026-08-28 09:00:00,marketing.gsb,GSB_final_lead_list_2026-08-28.xlsx
TL000042,41 - 50,"05. 30,001-40,000",ผู้ประกอบธุรกิจ / เจ้าของกิจการ,ธนาคารออมสินภาค 13,สินเชื่อเคหะ,DCO2026,2026-08-28 09:00:00,marketing.gsb,GSB_final_lead_list_2026-08-28.xlsx
TL000043,41 - 50,"02. 5,001-10,000",ข้าราชการและลูกจ้างในหน่วยงานของรัฐ,ธนาคารออมสินภาค 1,สินเชื่อเคหะ,DCO2026,2026-08-28 09:00:00,marketing.gsb,GSB_final_lead_list_2026-08-28.xlsx
TL000044,31 - 40,"06. 40,001-50,000",ข้าราชการและลูกจ้างในหน่วยงานของรัฐ,ธนาคารออมสินภาค 12,สินเชื่อเคหะ,DCO2026,2026-08-28 09:00:00,marketing.gsb,GSB_final_lead_list_2026-08-28.xlsx
TL000045,31 - 40,"02. 5,001-10,000",ประกอบวิชาชีพเฉพาะ,ธนาคารออมสินภาค 11,สินเชื่อเคหะ,DCO2026,2026-08-28 09:00:00,marketing.gsb,GSB_final_lead_list_2026-08-28.xlsx
TL000046,Under 20,"05. 30,001-40,000",พนักงานและลูกจ้างในหน่วยงานรัฐวิสาหกิจ,ธนาคารออมสินภาค 1,สินเชื่อเคหะ,DCO2026,2026-08-28 09:00:00,marketing.gsb,GSB_final_lead_list_2026-08-28.xlsx
TL000047,51 - 60,"02. 5,001-10,000",ผู้รับจ้างทั่วไป / ผู้ใช้แรงงาน,ธนาคารออมสินภาค 1,สินเชื่อเคหะ,DCO2026,2026-08-28 09:00:00,marketing.gsb,GSB_final_lead_list_2026-08-28.xlsx
TL000048,61 - 65,"06. 40,001-50,000",ผู้ประกอบธุรกิจ / เจ้าของกิจการ,ธนาคารออมสินภาค 10,สินเชื่อเคหะ,DCO2026,2026-08-28 09:00:00,marketing.gsb,GSB_final_lead_list_2026-08-28.xlsx
TL000049,41 - 50,"06. 40,001-50,000",ผู้ประกอบธุรกิจ / เจ้าของกิจการ,ธนาคารออมสินภาค 12,สินเชื่อเคหะ,DCO2026,2026-08-28 09:00:00,marketing.gsb,GSB_final_lead_list_2026-08-28.xlsx
TL000050,31 - 40,"04. 20,001-30,000",ผู้รับจ้างทั่วไป / ผู้ใช้แรงงาน,ธนาคารออมสินภาค 11,สินเชื่อเคหะ,DCO2026,2026-08-28 09:00:00,marketing.gsb,GSB_final_lead_list_2026-08-28.xlsx
TL000051,31 - 40,"06. 40,001-50,000",ผู้ประกอบธุรกิจ / เจ้าของกิจการ,ธนาคารออมสินภาค 10,สินเชื่อเคหะ,DCO2026,2026-08-28 09:00:00,marketing.gsb,GSB_final_lead_list_2026-08-28.xlsx
TL000052,51 - 60,"01. 0-5,000",ประกอบวิชาชีพเฉพาะ,ธนาคารออมสินภาค 10,สินเชื่อเคหะ,DCO2026,2026-08-28 09:00:00,marketing.gsb,GSB_final_lead_list_2026-08-28.xlsx
TL000053,31 - 40,"04. 20,001-30,000",ข้าราชการและลูกจ้างในหน่วยงานของรัฐ,ธนาคารออมสินภาค 13,สินเชื่อเคหะ,DCO2026,2026-08-28 09:00:00,marketing.gsb,GSB_final_lead_list_2026-08-28.xlsx
TL000054,31 - 40,"02. 5,001-10,000",ผู้รับจ้างทั่วไป / ผู้ใช้แรงงาน,ธนาคารออมสินภาค 12,สินเชื่อเคหะ,DCO2026,2026-08-28 09:00:00,marketing.gsb,GSB_final_lead_list_2026-08-28.xlsx
TL000055,20 - 30,"07. >50,000",ประกอบวิชาชีพเฉพาะ,ธนาคารออมสินภาค 13,สินเชื่อเคหะ,DCO2026,2026-08-28 09:00:00,marketing.gsb,GSB_final_lead_list_2026-08-28.xlsx
TL000056,20 - 30,"05. 30,001-40,000",ประกอบวิชาชีพเฉพาะ,ธนาคารออมสินภาค 1,สินเชื่อเคหะ,DCO2026,2026-08-28 09:00:00,marketing.gsb,GSB_final_lead_list_2026-08-28.xlsx
TL000057,Under 20,"04. 20,001-30,000",ผู้ประกอบธุรกิจ / เจ้าของกิจการ,ธนาคารออมสินภาค 13,สินเชื่อเคหะ,DCO2026,2026-08-28 09:00:00,marketing.gsb,GSB_final_lead_list_2026-08-28.xlsx
TL000058,31 - 40,"04. 20,001-30,000",ประกอบวิชาชีพเฉพาะ,ธนาคารออมสินภาค 11,สินเชื่อเคหะ,DCO2026,2026-08-28 09:00:00,marketing.gsb,GSB_final_lead_list_2026-08-28.xlsx
TL000059,41 - 50,"04. 20,001-30,000",ผู้รับจ้างทั่วไป / ผู้ใช้แรงงาน,ธนาคารออมสินภาค 11,สินเชื่อเคหะ,DCO2026,2026-08-28 09:00:00,marketing.gsb,GSB_final_lead_list_2026-08-28.xlsx
TL000060,41 - 50,"06. 40,001-50,000",ประกอบวิชาชีพเฉพาะ,ธนาคารออมสินภาค 10,สินเชื่อเคหะ,DCO2026,2026-08-28 09:00:00,marketing.gsb,GSB_final_lead_list_2026-08-28.xlsx
TL000061,41 - 50,"01. 0-5,000",ข้าราชการและลูกจ้างในหน่วยงานของรัฐ,ธนาคารออมสินภาค 11,สินเชื่อเคหะ,DCO2026,2026-08-28 09:00:00,marketing.gsb,GSB_final_lead_list_2026-08-28.xlsx
TL000062,20 - 30,"05. 30,001-40,000",ผู้ประกอบธุรกิจ / เจ้าของกิจการ,ธนาคารออมสินภาค 1,สินเชื่อเคหะ,DCO2026,2026-08-28 09:00:00,marketing.gsb,GSB_final_lead_list_2026-08-28.xlsx
TL000063,31 - 40,"06. 40,001-50,000",ข้าราชการและลูกจ้างในหน่วยงานของรัฐ,ธนาคารออมสินภาค 1,สินเชื่อเคหะ,DCO2026,2026-08-28 09:00:00,marketing.gsb,GSB_final_lead_list_2026-08-28.xlsx
TL000064,31 - 40,"02. 5,001-10,000",ข้าราชการและลูกจ้างในหน่วยงานของรัฐ,ธนาคารออมสินภาค 11,สินเชื่อเคหะ,DCO2026,2026-08-28 09:00:00,marketing.gsb,GSB_final_lead_list_2026-08-28.xlsx
TL000065,20 - 30,"02. 5,001-10,000",ข้าราชการและลูกจ้างในหน่วยงานของรัฐ,ธนาคารออมสินภาค 13,สินเชื่อเคหะ,DCO2026,2026-08-28 09:00:00,marketing.gsb,GSB_final_lead_list_2026-08-28.xlsx
TL000066,41 - 50,"06. 40,001-50,000",พนักงานและลูกจ้างในหน่วยงานรัฐวิสาหกิจ,ธนาคารออมสินภาค 10,สินเชื่อเคหะ,DCO2026,2026-08-28 09:00:00,marketing.gsb,GSB_final_lead_list_2026-08-28.xlsx
TL000067,31 - 40,"07. >50,000",ประกอบอาชีพอิสระ,ธนาคารออมสินภาค 12,สินเชื่อเคหะ,DCO2026,2026-08-28 09:00:00,marketing.gsb,GSB_final_lead_list_2026-08-28.xlsx
TL000068,31 - 40,"06. 40,001-50,000",ผู้ประกอบธุรกิจ / เจ้าของกิจการ,ธนาคารออมสินภาค 10,สินเชื่อเคหะ,DCO2026,2026-08-28 09:00:00,marketing.gsb,GSB_final_lead_list_2026-08-28.xlsx
TL000069,20 - 30,"05. 30,001-40,000",พนักงานและลูกจ้างในบริษัท,ธนาคารออมสินภาค 10,สินเชื่อเคหะ,DCO2026,2026-08-28 09:00:00,marketing.gsb,GSB_final_lead_list_2026-08-28.xlsx
TL000070,41 - 50,"06. 40,001-50,000",ผู้ประกอบธุรกิจ / เจ้าของกิจการ,ธนาคารออมสินภาค 1,สินเชื่อเคหะ,DCO2026,2026-08-28 09:00:00,marketing.gsb,GSB_final_lead_list_2026-08-28.xlsx
TL000071,31 - 40,"06. 40,001-50,000",ข้าราชการและลูกจ้างในหน่วยงานของรัฐ,ธนาคารออมสินภาค 11,สินเชื่อเคหะ,DCO2026,2026-08-28 09:00:00,marketing.gsb,GSB_final_lead_list_2026-08-28.xlsx
TL000072,51 - 60,"03. 10,001-20,000",ประกอบอาชีพอิสระ,ธนาคารออมสินภาค 10,สินเชื่อเคหะ,DCO2026,2026-08-28 09:00:00,marketing.gsb,GSB_final_lead_list_2026-08-28.xlsx
TL000073,20 - 30,"02. 5,001-10,000",ผู้ประกอบธุรกิจ / เจ้าของกิจการ,ธนาคารออมสินภาค 1,สินเชื่อเคหะ,DCO2026,2026-08-28 09:00:00,marketing.gsb,GSB_final_lead_list_2026-08-28.xlsx
TL000074,31 - 40,"04. 20,001-30,000",ประกอบอาชีพอิสระ,ธนาคารออมสินภาค 13,สินเชื่อเคหะ,DCO2026,2026-08-28 09:00:00,marketing.gsb,GSB_final_lead_list_2026-08-28.xlsx
TL000075,51 - 60,"07. >50,000",พนักงานและลูกจ้างในบริษัท,ธนาคารออมสินภาค 13,สินเชื่อเคหะ,DCO2026,2026-08-28 09:00:00,marketing.gsb,GSB_final_lead_list_2026-08-28.xlsx
TL000076,20 - 30,"05. 30,001-40,000",พนักงานและลูกจ้างในบริษัท,ธนาคารออมสินภาค 11,สินเชื่อเคหะ,DCO2026,2026-08-28 09:00:00,marketing.gsb,GSB_final_lead_list_2026-08-28.xlsx
TL000077,20 - 30,"03. 10,001-20,000",ผู้รับจ้างทั่วไป / ผู้ใช้แรงงาน,ธนาคารออมสินภาค 1,สินเชื่อเคหะ,DCO2026,2026-08-28 09:00:00,marketing.gsb,GSB_final_lead_list_2026-08-28.xlsx
TL000078,20 - 30,"06. 40,001-50,000",ผู้รับจ้างทั่วไป / ผู้ใช้แรงงาน,ธนาคารออมสินภาค 13,สินเชื่อเคหะ,DCO2026,2026-08-28 09:00:00,marketing.gsb,GSB_final_lead_list_2026-08-28.xlsx
TL000079,20 - 30,"06. 40,001-50,000",ผู้รับจ้างทั่วไป / ผู้ใช้แรงงาน,ธนาคารออมสินภาค 12,สินเชื่อเคหะ,DCO2026,2026-08-28 09:00:00,marketing.gsb,GSB_final_lead_list_2026-08-28.xlsx
TL000080,31 - 40,"04. 20,001-30,000",ประกอบอาชีพอิสระ,ธนาคารออมสินภาค 1,สินเชื่อเคหะ,DCO2026,2026-08-28 09:00:00,marketing.gsb,GSB_final_lead_list_2026-08-28.xlsx
TL000081,31 - 40,"06. 40,001-50,000",ผู้ประกอบธุรกิจ / เจ้าของกิจการ,ธนาคารออมสินภาค 13,สินเชื่อเคหะ,DCO2026,2026-08-28 09:00:00,marketing.gsb,GSB_final_lead_list_2026-08-28.xlsx
TL000082,31 - 40,"06. 40,001-50,000",ผู้ประกอบธุรกิจ / เจ้าของกิจการ,ธนาคารออมสินภาค 10,สินเชื่อเคหะ,DCO2026,2026-08-28 09:00:00,marketing.gsb,GSB_final_lead_list_2026-08-28.xlsx
TL000083,20 - 30,"06. 40,001-50,000",ข้าราชการและลูกจ้างในหน่วยงานของรัฐ,ธนาคารออมสินภาค 10,สินเชื่อเคหะ,DCO2026,2026-08-28 09:00:00,marketing.gsb,GSB_final_lead_list_2026-08-28.xlsx
TL000084,20 - 30,"06. 40,001-50,000",พนักงานและลูกจ้างในบริษัท,ธนาคารออมสินภาค 12,สินเชื่อเคหะ,DCO2026,2026-08-28 09:00:00,marketing.gsb,GSB_final_lead_list_2026-08-28.xlsx
TL000085,20 - 30,"01. 0-5,000",ผู้ประกอบธุรกิจ / เจ้าของกิจการ,ธนาคารออมสินภาค 1,สินเชื่อเคหะ,DCO2026,2026-08-28 09:00:00,marketing.gsb,GSB_final_lead_list_2026-08-28.xlsx
TL000086,31 - 40,"05. 30,001-40,000",พนักงานและลูกจ้างในหน่วยงานรัฐวิสาหกิจ,ธนาคารออมสินภาค 10,สินเชื่อเคหะ,DCO2026,2026-08-28 09:00:00,marketing.gsb,GSB_final_lead_list_2026-08-28.xlsx
TL000087,41 - 50,"06. 40,001-50,000",ข้าราชการและลูกจ้างในหน่วยงานของรัฐ,ธนาคารออมสินภาค 13,สินเชื่อเคหะ,DCO2026,2026-08-28 09:00:00,marketing.gsb,GSB_final_lead_list_2026-08-28.xlsx
TL000088,20 - 30,"06. 40,001-50,000",ประกอบอาชีพอิสระ,ธนาคารออมสินภาค 13,สินเชื่อเคหะ,DCO2026,2026-08-28 09:00:00,marketing.gsb,GSB_final_lead_list_2026-08-28.xlsx
TL000089,Under 20,"07. >50,000",ประกอบอาชีพอิสระ,ธนาคารออมสินภาค 12,สินเชื่อเคหะ,DCO2026,2026-08-28 09:00:00,marketing.gsb,GSB_final_lead_list_2026-08-28.xlsx
TL000090,51 - 60,"05. 30,001-40,000",ผู้รับจ้างทั่วไป / ผู้ใช้แรงงาน,ธนาคารออมสินภาค 1,สินเชื่อเคหะ,DCO2026,2026-08-28 09:00:00,marketing.gsb,GSB_final_lead_list_2026-08-28.xlsx
TL000091,20 - 30,"05. 30,001-40,000",ผู้ประกอบธุรกิจ / เจ้าของกิจการ,ธนาคารออมสินภาค 12,สินเชื่อเคหะ,DCO2026,2026-08-28 09:00:00,marketing.gsb,GSB_final_lead_list_2026-08-28.xlsx
TL000092,41 - 50,"04. 20,001-30,000",พนักงานและลูกจ้างในหน่วยงานรัฐวิสาหกิจ,ธนาคารออมสินภาค 12,สินเชื่อเคหะ,DCO2026,2026-08-28 09:00:00,marketing.gsb,GSB_final_lead_list_2026-08-28.xlsx
TL000093,31 - 40,"05. 30,001-40,000",พนักงานและลูกจ้างในหน่วยงานรัฐวิสาหกิจ,ธนาคารออมสินภาค 1,สินเชื่อเคหะ,DCO2026,2026-08-28 09:00:00,marketing.gsb,GSB_final_lead_list_2026-08-28.xlsx
TL000094,31 - 40,"01. 0-5,000",ข้าราชการและลูกจ้างในหน่วยงานของรัฐ,ธนาคารออมสินภาค 12,สินเชื่อเคหะ,DCO2026,2026-08-28 09:00:00,marketing.gsb,GSB_final_lead_list_2026-08-28.xlsx
TL000095,31 - 40,"01. 0-5,000",พนักงานและลูกจ้างในบริษัท,ธนาคารออมสินภาค 13,สินเชื่อเคหะ,DCO2026,2026-08-28 09:00:00,marketing.gsb,GSB_final_lead_list_2026-08-28.xlsx
TL000096,20 - 30,"06. 40,001-50,000",พนักงานและลูกจ้างในบริษัท,ธนาคารออมสินภาค 12,สินเชื่อเคหะ,DCO2026,2026-08-28 09:00:00,marketing.gsb,GSB_final_lead_list_2026-08-28.xlsx
TL000097,61 - 65,"04. 20,001-30,000",ข้าราชการและลูกจ้างในหน่วยงานของรัฐ,ธนาคารออมสินภาค 10,สินเชื่อเคหะ,DCO2026,2026-08-28 09:00:00,marketing.gsb,GSB_final_lead_list_2026-08-28.xlsx
TL000098,31 - 40,"05. 30,001-40,000",ประกอบอาชีพอิสระ,ธนาคารออมสินภาค 13,สินเชื่อเคหะ,DCO2026,2026-08-28 09:00:00,marketing.gsb,GSB_final_lead_list_2026-08-28.xlsx
TL000099,31 - 40,"05. 30,001-40,000",พนักงานและลูกจ้างในบริษัท,ธนาคารออมสินภาค 1,สินเชื่อเคหะ,DCO2026,2026-08-28 09:00:00,marketing.gsb,GSB_final_lead_list_2026-08-28.xlsx
TL000100,Under 20,"04. 20,001-30,000",ผู้ประกอบธุรกิจ / เจ้าของกิจการ,ธนาคารออมสินภาค 11,สินเชื่อเคหะ,DCO2026,2026-08-28 09:00:00,marketing.gsb,GSB_final_lead_list_2026-08-28.xlsx
TL000101,51 - 60,"04. 20,001-30,000",ข้าราชการและลูกจ้างในหน่วยงานของรัฐ,ธนาคารออมสินภาค 10,สินเชื่อเคหะ,DCO2026,2026-08-28 09:00:00,marketing.gsb,GSB_final_lead_list_2026-08-28.xlsx
TL000102,41 - 50,"06. 40,001-50,000",พนักงานและลูกจ้างในหน่วยงานรัฐวิสาหกิจ,ธนาคารออมสินภาค 1,สินเชื่อเคหะ,DCO2026,2026-08-28 09:00:00,marketing.gsb,GSB_final_lead_list_2026-08-28.xlsx
TL000103,Under 20,"02. 5,001-10,000",พนักงานและลูกจ้างในหน่วยงานรัฐวิสาหกิจ,ธนาคารออมสินภาค 13,สินเชื่อเคหะ,DCO2026,2026-08-28 09:00:00,marketing.gsb,GSB_final_lead_list_2026-08-28.xlsx
TL000104,41 - 50,"03. 10,001-20,000",ผู้รับจ้างทั่วไป / ผู้ใช้แรงงาน,ธนาคารออมสินภาค 10,สินเชื่อเคหะ,DCO2026,2026-08-28 09:00:00,marketing.gsb,GSB_final_lead_list_2026-08-28.xlsx
TL000105,41 - 50,"06. 40,001-50,000",พนักงานและลูกจ้างในหน่วยงานรัฐวิสาหกิจ,ธนาคารออมสินภาค 10,สินเชื่อเคหะ,DCO2026,2026-08-28 09:00:00,marketing.gsb,GSB_final_lead_list_2026-08-28.xlsx
TL000106,31 - 40,"01. 0-5,000",ผู้ประกอบธุรกิจ / เจ้าของกิจการ,ธนาคารออมสินภาค 13,สินเชื่อเคหะ,DCO2026,2026-08-28 09:00:00,marketing.gsb,GSB_final_lead_list_2026-08-28.xlsx
TL000107,31 - 40,"01. 0-5,000",พนักงานและลูกจ้างในหน่วยงานรัฐวิสาหกิจ,ธนาคารออมสินภาค 12,สินเชื่อเคหะ,DCO2026,2026-08-28 09:00:00,marketing.gsb,GSB_final_lead_list_2026-08-28.xlsx
TL000108,31 - 40,"02. 5,001-10,000",ผู้รับจ้างทั่วไป / ผู้ใช้แรงงาน,ธนาคารออมสินภาค 12,สินเชื่อเคหะ,DCO2026,2026-08-28 09:00:00,marketing.gsb,GSB_final_lead_list_2026-08-28.xlsx
TL000109,41 - 50,"01. 0-5,000",ประกอบอาชีพอิสระ,ธนาคารออมสินภาค 13,สินเชื่อเคหะ,DCO2026,2026-08-28 09:00:00,marketing.gsb,GSB_final_lead_list_2026-08-28.xlsx
TL000110,41 - 50,"06. 40,001-50,000",พนักงานและลูกจ้างในบริษัท,ธนาคารออมสินภาค 10,สินเชื่อเคหะ,DCO2026,2026-08-28 09:00:00,marketing.gsb,GSB_final_lead_list_2026-08-28.xlsx
TL000111,Under 20,"06. 40,001-50,000",ผู้รับจ้างทั่วไป / ผู้ใช้แรงงาน,ธนาคารออมสินภาค 1,สินเชื่อเคหะ,DCO2026,2026-08-28 09:00:00,marketing.gsb,GSB_final_lead_list_2026-08-28.xlsx
TL000112,41 - 50,"05. 30,001-40,000",พนักงานและลูกจ้างในหน่วยงานรัฐวิสาหกิจ,ธนาคารออมสินภาค 10,สินเชื่อเคหะ,DCO2026,2026-08-28 09:00:00,marketing.gsb,GSB_final_lead_list_2026-08-28.xlsx
TL000113,41 - 50,"04. 20,001-30,000",ผู้รับจ้างทั่วไป / ผู้ใช้แรงงาน,ธนาคารออมสินภาค 1,สินเชื่อเคหะ,DCO2026,2026-08-28 09:00:00,marketing.gsb,GSB_final_lead_list_2026-08-28.xlsx
TL000114,41 - 50,"05. 30,001-40,000",ผู้รับจ้างทั่วไป / ผู้ใช้แรงงาน,ธนาคารออมสินภาค 13,สินเชื่อเคหะ,DCO2026,2026-08-28 09:00:00,marketing.gsb,GSB_final_lead_list_2026-08-28.xlsx
TL000115,31 - 40,"06. 40,001-50,000",ประกอบวิชาชีพเฉพาะ,ธนาคารออมสินภาค 13,สินเชื่อเคหะ,DCO2026,2026-08-28 09:00:00,marketing.gsb,GSB_final_lead_list_2026-08-28.xlsx
TL000116,31 - 40,"02. 5,001-10,000",ประกอบวิชาชีพเฉพาะ,ธนาคารออมสินภาค 10,สินเชื่อเคหะ,DCO2026,2026-08-28 09:00:00,marketing.gsb,GSB_final_lead_list_2026-08-28.xlsx
TL000117,20 - 30,"02. 5,001-10,000",ผู้ประกอบธุรกิจ / เจ้าของกิจการ,ธนาคารออมสินภาค 13,สินเชื่อเคหะ,DCO2026,2026-08-28 09:00:00,marketing.gsb,GSB_final_lead_list_2026-08-28.xlsx
TL000118,41 - 50,"04. 20,001-30,000",ประกอบวิชาชีพเฉพาะ,ธนาคารออมสินภาค 10,สินเชื่อเคหะ,DCO2026,2026-08-28 09:00:00,marketing.gsb,GSB_final_lead_list_2026-08-28.xlsx
TL000119,31 - 40,"05. 30,001-40,000",ผู้รับจ้างทั่วไป / ผู้ใช้แรงงาน,ธนาคารออมสินภาค 11,สินเชื่อเคหะ,DCO2026,2026-08-28 09:00:00,marketing.gsb,GSB_final_lead_list_2026-08-28.xlsx
TL000120,31 - 40,"04. 20,001-30,000",ประกอบวิชาชีพเฉพาะ,ธนาคารออมสินภาค 12,สินเชื่อเคหะ,DCO2026,2026-08-28 09:00:00,marketing.gsb,GSB_final_lead_list_2026-08-28.xlsx
TL000121,41 - 50,"06. 40,001-50,000",พนักงานและลูกจ้างในบริษัท,ธนาคารออมสินภาค 10,สินเชื่อเคหะ,DCO2026,2026-08-28 09:00:00,marketing.gsb,GSB_final_lead_list_2026-08-28.xlsx
TL000122,41 - 50,"05. 30,001-40,000",ข้าราชการและลูกจ้างในหน่วยงานของรัฐ,ธนาคารออมสินภาค 13,สินเชื่อเคหะ,DCO2026,2026-08-28 09:00:00,marketing.gsb,GSB_final_lead_list_2026-08-28.xlsx
TL000123,31 - 40,"06. 40,001-50,000",ข้าราชการและลูกจ้างในหน่วยงานของรัฐ,ธนาคารออมสินภาค 13,สินเชื่อเคหะ,DCO2026,2026-08-28 09:00:00,marketing.gsb,GSB_final_lead_list_2026-08-28.xlsx
TL000124,41 - 50,"04. 20,001-30,000",ผู้รับจ้างทั่วไป / ผู้ใช้แรงงาน,ธนาคารออมสินภาค 12,สินเชื่อเคหะ,DCO2026,2026-08-28 09:00:00,marketing.gsb,GSB_final_lead_list_2026-08-28.xlsx
TL000125,51 - 60,"06. 40,001-50,000",พนักงานและลูกจ้างในบริษัท,ธนาคารออมสินภาค 12,สินเชื่อเคหะ,DCO2026,2026-08-28 09:00:00,marketing.gsb,GSB_final_lead_list_2026-08-28.xlsx
TL000126,31 - 40,"02. 5,001-10,000",ผู้ประกอบธุรกิจ / เจ้าของกิจการ,ธนาคารออมสินภาค 13,สินเชื่อเคหะ,DCO2026,2026-08-28 09:00:00,marketing.gsb,GSB_final_lead_list_2026-08-28.xlsx
TL000127,20 - 30,"01. 0-5,000",ประกอบอาชีพอิสระ,ธนาคารออมสินภาค 12,สินเชื่อเคหะ,DCO2026,2026-08-28 09:00:00,marketing.gsb,GSB_final_lead_list_2026-08-28.xlsx
TL000128,31 - 40,"05. 30,001-40,000",ผู้ประกอบธุรกิจ / เจ้าของกิจการ,ธนาคารออมสินภาค 11,สินเชื่อเคหะ,DCO2026,2026-08-28 09:00:00,marketing.gsb,GSB_final_lead_list_2026-08-28.xlsx
TL000129,31 - 40,"01. 0-5,000",ผู้ประกอบธุรกิจ / เจ้าของกิจการ,ธนาคารออมสินภาค 1,สินเชื่อเคหะ,DCO2026,2026-08-28 09:00:00,marketing.gsb,GSB_final_lead_list_2026-08-28.xlsx
TL000130,41 - 50,"02. 5,001-10,000",พนักงานและลูกจ้างในหน่วยงานรัฐวิสาหกิจ,ธนาคารออมสินภาค 12,สินเชื่อเคหะ,DCO2026,2026-08-28 09:00:00,marketing.gsb,GSB_final_lead_list_2026-08-28.xlsx
TL000131,31 - 40,"06. 40,001-50,000",ผู้รับจ้างทั่วไป / ผู้ใช้แรงงาน,ธนาคารออมสินภาค 1,สินเชื่อเคหะ,DCO2026,2026-08-28 09:00:00,marketing.gsb,GSB_final_lead_list_2026-08-28.xlsx
TL000132,20 - 30,"05. 30,001-40,000",ข้าราชการและลูกจ้างในหน่วยงานของรัฐ,ธนาคารออมสินภาค 13,สินเชื่อเคหะ,DCO2026,2026-08-28 09:00:00,marketing.gsb,GSB_final_lead_list_2026-08-28.xlsx
TL000133,20 - 30,"01. 0-5,000",ผู้ประกอบธุรกิจ / เจ้าของกิจการ,ธนาคารออมสินภาค 12,สินเชื่อเคหะ,DCO2026,2026-08-28 09:00:00,marketing.gsb,GSB_final_lead_list_2026-08-28.xlsx
TL000134,20 - 30,"03. 10,001-20,000",ผู้รับจ้างทั่วไป / ผู้ใช้แรงงาน,ธนาคารออมสินภาค 10,สินเชื่อเคหะ,DCO2026,2026-08-28 09:00:00,marketing.gsb,GSB_final_lead_list_2026-08-28.xlsx
TL000135,31 - 40,"02. 5,001-10,000",ประกอบอาชีพอิสระ,ธนาคารออมสินภาค 11,สินเชื่อเคหะ,DCO2026,2026-08-28 09:00:00,marketing.gsb,GSB_final_lead_list_2026-08-28.xlsx
TL000136,41 - 50,"01. 0-5,000",ผู้ประกอบธุรกิจ / เจ้าของกิจการ,ธนาคารออมสินภาค 12,สินเชื่อเคหะ,DCO2026,2026-08-28 09:00:00,marketing.gsb,GSB_final_lead_list_2026-08-28.xlsx
TL000137,31 - 40,"06. 40,001-50,000",ข้าราชการและลูกจ้างในหน่วยงานของรัฐ,ธนาคารออมสินภาค 10,สินเชื่อเคหะ,DCO2026,2026-08-28 09:00:00,marketing.gsb,GSB_final_lead_list_2026-08-28.xlsx
TL000138,31 - 40,"05. 30,001-40,000",ประกอบอาชีพอิสระ,ธนาคารออมสินภาค 10,สินเชื่อเคหะ,DCO2026,2026-08-28 09:00:00,marketing.gsb,GSB_final_lead_list_2026-08-28.xlsx
TL000139,41 - 50,"05. 30,001-40,000",ผู้ประกอบธุรกิจ / เจ้าของกิจการ,ธนาคารออมสินภาค 11,สินเชื่อเคหะ,DCO2026,2026-08-28 09:00:00,marketing.gsb,GSB_final_lead_list_2026-08-28.xlsx
TL000140,41 - 50,"05. 30,001-40,000",ข้าราชการและลูกจ้างในหน่วยงานของรัฐ,ธนาคารออมสินภาค 11,สินเชื่อเคหะ,DCO2026,2026-08-28 09:00:00,marketing.gsb,GSB_final_lead_list_2026-08-28.xlsx
TL000141,31 - 40,"01. 0-5,000",ผู้ประกอบธุรกิจ / เจ้าของกิจการ,ธนาคารออมสินภาค 13,สินเชื่อเคหะ,DCO2026,2026-08-28 09:00:00,marketing.gsb,GSB_final_lead_list_2026-08-28.xlsx
TL000142,51 - 60,"04. 20,001-30,000",ข้าราชการและลูกจ้างในหน่วยงานของรัฐ,ธนาคารออมสินภาค 10,สินเชื่อเคหะ,DCO2026,2026-08-28 09:00:00,marketing.gsb,GSB_final_lead_list_2026-08-28.xlsx
TL000143,31 - 40,"03. 10,001-20,000",ผู้ประกอบธุรกิจ / เจ้าของกิจการ,ธนาคารออมสินภาค 11,สินเชื่อเคหะ,DCO2026,2026-08-28 09:00:00,marketing.gsb,GSB_final_lead_list_2026-08-28.xlsx
TL000144,31 - 40,"06. 40,001-50,000",ประกอบอาชีพอิสระ,ธนาคารออมสินภาค 10,สินเชื่อเคหะ,DCO2026,2026-08-28 09:00:00,marketing.gsb,GSB_final_lead_list_2026-08-28.xlsx
TL000145,31 - 40,"06. 40,001-50,000",ประกอบอาชีพอิสระ,ธนาคารออมสินภาค 1,สินเชื่อเคหะ,DCO2026,2026-08-28 09:00:00,marketing.gsb,GSB_final_lead_list_2026-08-28.xlsx
TL000146,20 - 30,"06. 40,001-50,000",ผู้ประกอบธุรกิจ / เจ้าของกิจการ,ธนาคารออมสินภาค 1,สินเชื่อเคหะ,DCO2026,2026-08-28 09:00:00,marketing.gsb,GSB_final_lead_list_2026-08-28.xlsx
TL000147,31 - 40,"06. 40,001-50,000",ผู้รับจ้างทั่วไป / ผู้ใช้แรงงาน,ธนาคารออมสินภาค 13,สินเชื่อเคหะ,DCO2026,2026-08-28 09:00:00,marketing.gsb,GSB_final_lead_list_2026-08-28.xlsx
TL000148,20 - 30,"06. 40,001-50,000",พนักงานและลูกจ้างในบริษัท,ธนาคารออมสินภาค 13,สินเชื่อเคหะ,DCO2026,2026-08-28 09:00:00,marketing.gsb,GSB_final_lead_list_2026-08-28.xlsx
TL000149,20 - 30,"02. 5,001-10,000",ข้าราชการและลูกจ้างในหน่วยงานของรัฐ,ธนาคารออมสินภาค 1,สินเชื่อเคหะ,DCO2026,2026-08-28 09:00:00,marketing.gsb,GSB_final_lead_list_2026-08-28.xlsx
TL000150,Under 20,"06. 40,001-50,000",พนักงานและลูกจ้างในบริษัท,ธนาคารออมสินภาค 12,สินเชื่อเคหะ,DCO2026,2026-08-28 09:00:00,marketing.gsb,GSB_final_lead_list_2026-08-28.xlsx
TL000151,20 - 30,"02. 5,001-10,000",ผู้รับจ้างทั่วไป / ผู้ใช้แรงงาน,ธนาคารออมสินภาค 12,สินเชื่อเคหะ,DCO2026,2026-08-28 09:00:00,marketing.gsb,GSB_final_lead_list_2026-08-28.xlsx
TL000152,61 - 65,"04. 20,001-30,000",พนักงานและลูกจ้างในบริษัท,ธนาคารออมสินภาค 13,สินเชื่อเคหะ,DCO2026,2026-08-28 09:00:00,marketing.gsb,GSB_final_lead_list_2026-08-28.xlsx
TL000153,20 - 30,"04. 20,001-30,000",ข้าราชการและลูกจ้างในหน่วยงานของรัฐ,ธนาคารออมสินภาค 1,สินเชื่อเคหะ,DCO2026,2026-08-28 09:00:00,marketing.gsb,GSB_final_lead_list_2026-08-28.xlsx
TL000154,31 - 40,"02. 5,001-10,000",ประกอบวิชาชีพเฉพาะ,ธนาคารออมสินภาค 1,สินเชื่อเคหะ,DCO2026,2026-08-28 09:00:00,marketing.gsb,GSB_final_lead_list_2026-08-28.xlsx
TL000155,31 - 40,"05. 30,001-40,000",ผู้รับจ้างทั่วไป / ผู้ใช้แรงงาน,ธนาคารออมสินภาค 10,สินเชื่อเคหะ,DCO2026,2026-08-28 09:00:00,marketing.gsb,GSB_final_lead_list_2026-08-28.xlsx
TL000156,31 - 40,"01. 0-5,000",ประกอบวิชาชีพเฉพาะ,ธนาคารออมสินภาค 1,สินเชื่อเคหะ,DCO2026,2026-08-28 09:00:00,marketing.gsb,GSB_final_lead_list_2026-08-28.xlsx
TL000157,41 - 50,"05. 30,001-40,000",พนักงานและลูกจ้างในหน่วยงานรัฐวิสาหกิจ,ธนาคารออมสินภาค 12,สินเชื่อเคหะ,DCO2026,2026-08-28 09:00:00,marketing.gsb,GSB_final_lead_list_2026-08-28.xlsx
TL000158,31 - 40,"05. 30,001-40,000",ผู้รับจ้างทั่วไป / ผู้ใช้แรงงาน,ธนาคารออมสินภาค 11,สินเชื่อเคหะ,DCO2026,2026-08-28 09:00:00,marketing.gsb,GSB_final_lead_list_2026-08-28.xlsx
TL000159,31 - 40,"05. 30,001-40,000",ข้าราชการและลูกจ้างในหน่วยงานของรัฐ,ธนาคารออมสินภาค 12,สินเชื่อเคหะ,DCO2026,2026-08-28 09:00:00,marketing.gsb,GSB_final_lead_list_2026-08-28.xlsx
TL000160,41 - 50,"05. 30,001-40,000",ประกอบอาชีพอิสระ,ธนาคารออมสินภาค 1,สินเชื่อเคหะ,DCO2026,2026-08-28 09:00:00,marketing.gsb,GSB_final_lead_list_2026-08-28.xlsx
TL000161,61 - 65,"05. 30,001-40,000",ข้าราชการและลูกจ้างในหน่วยงานของรัฐ,ธนาคารออมสินภาค 1,สินเชื่อเคหะ,DCO2026,2026-08-28 09:00:00,marketing.gsb,GSB_final_lead_list_2026-08-28.xlsx
TL000162,31 - 40,"02. 5,001-10,000",ประกอบอาชีพอิสระ,ธนาคารออมสินภาค 13,สินเชื่อเคหะ,DCO2026,2026-08-28 09:00:00,marketing.gsb,GSB_final_lead_list_2026-08-28.xlsx
TL000163,31 - 40,"04. 20,001-30,000",พนักงานและลูกจ้างในบริษัท,ธนาคารออมสินภาค 1,สินเชื่อเคหะ,DCO2026,2026-08-28 09:00:00,marketing.gsb,GSB_final_lead_list_2026-08-28.xlsx
TL000164,31 - 40,"05. 30,001-40,000",ผู้ประกอบธุรกิจ / เจ้าของกิจการ,ธนาคารออมสินภาค 12,สินเชื่อเคหะ,DCO2026,2026-08-28 09:00:00,marketing.gsb,GSB_final_lead_list_2026-08-28.xlsx
TL000165,20 - 30,"04. 20,001-30,000",ข้าราชการและลูกจ้างในหน่วยงานของรัฐ,ธนาคารออมสินภาค 12,สินเชื่อเคหะ,DCO2026,2026-08-28 09:00:00,marketing.gsb,GSB_final_lead_list_2026-08-28.xlsx
TL000166,20 - 30,"06. 40,001-50,000",ผู้รับจ้างทั่วไป / ผู้ใช้แรงงาน,ธนาคารออมสินภาค 11,สินเชื่อเคหะ,DCO2026,2026-08-28 09:00:00,marketing.gsb,GSB_final_lead_list_2026-08-28.xlsx
TL000167,41 - 50,"04. 20,001-30,000",ผู้ประกอบธุรกิจ / เจ้าของกิจการ,ธนาคารออมสินภาค 11,สินเชื่อเคหะ,DCO2026,2026-08-28 09:00:00,marketing.gsb,GSB_final_lead_list_2026-08-28.xlsx
TL000168,51 - 60,"03. 10,001-20,000",ข้าราชการและลูกจ้างในหน่วยงานของรัฐ,ธนาคารออมสินภาค 12,สินเชื่อเคหะ,DCO2026,2026-08-28 09:00:00,marketing.gsb,GSB_final_lead_list_2026-08-28.xlsx
TL000169,51 - 60,"05. 30,001-40,000",ประกอบวิชาชีพเฉพาะ,ธนาคารออมสินภาค 13,สินเชื่อเคหะ,DCO2026,2026-08-28 09:00:00,marketing.gsb,GSB_final_lead_list_2026-08-28.xlsx
TL000170,51 - 60,"05. 30,001-40,000",ประกอบอาชีพอิสระ,ธนาคารออมสินภาค 1,สินเชื่อเคหะ,DCO2026,2026-08-28 09:00:00,marketing.gsb,GSB_final_lead_list_2026-08-28.xlsx
TL000171,31 - 40,"05. 30,001-40,000",พนักงานและลูกจ้างในหน่วยงานรัฐวิสาหกิจ,ธนาคารออมสินภาค 13,สินเชื่อเคหะ,DCO2026,2026-08-28 09:00:00,marketing.gsb,GSB_final_lead_list_2026-08-28.xlsx
TL000172,51 - 60,"05. 30,001-40,000",พนักงานและลูกจ้างในหน่วยงานรัฐวิสาหกิจ,ธนาคารออมสินภาค 10,สินเชื่อเคหะ,DCO2026,2026-08-28 09:00:00,marketing.gsb,GSB_final_lead_list_2026-08-28.xlsx
TL000173,31 - 40,"04. 20,001-30,000",ข้าราชการและลูกจ้างในหน่วยงานของรัฐ,ธนาคารออมสินภาค 11,สินเชื่อเคหะ,DCO2026,2026-08-28 09:00:00,marketing.gsb,GSB_final_lead_list_2026-08-28.xlsx
TL000174,41 - 50,"03. 10,001-20,000",พนักงานและลูกจ้างในบริษัท,ธนาคารออมสินภาค 13,สินเชื่อเคหะ,DCO2026,2026-08-28 09:00:00,marketing.gsb,GSB_final_lead_list_2026-08-28.xlsx
TL000175,41 - 50,"06. 40,001-50,000",พนักงานและลูกจ้างในหน่วยงานรัฐวิสาหกิจ,ธนาคารออมสินภาค 1,สินเชื่อเคหะ,DCO2026,2026-08-28 09:00:00,marketing.gsb,GSB_final_lead_list_2026-08-28.xlsx
TL000176,Under 20,"02. 5,001-10,000",ผู้รับจ้างทั่วไป / ผู้ใช้แรงงาน,ธนาคารออมสินภาค 1,สินเชื่อเคหะ,DCO2026,2026-08-28 09:00:00,marketing.gsb,GSB_final_lead_list_2026-08-28.xlsx
TL000177,20 - 30,"04. 20,001-30,000",พนักงานและลูกจ้างในหน่วยงานรัฐวิสาหกิจ,ธนาคารออมสินภาค 11,สินเชื่อเคหะ,DCO2026,2026-08-28 09:00:00,marketing.gsb,GSB_final_lead_list_2026-08-28.xlsx
TL000178,20 - 30,"04. 20,001-30,000",พนักงานและลูกจ้างในบริษัท,ธนาคารออมสินภาค 12,สินเชื่อเคหะ,DCO2026,2026-08-28 09:00:00,marketing.gsb,GSB_final_lead_list_2026-08-28.xlsx
TL000179,41 - 50,"06. 40,001-50,000",ผู้ประกอบธุรกิจ / เจ้าของกิจการ,ธนาคารออมสินภาค 12,สินเชื่อเคหะ,DCO2026,2026-08-28 09:00:00,marketing.gsb,GSB_final_lead_list_2026-08-28.xlsx
TL000180,31 - 40,"05. 30,001-40,000",ผู้ประกอบธุรกิจ / เจ้าของกิจการ,ธนาคารออมสินภาค 12,สินเชื่อเคหะ,DCO2026,2026-08-28 09:00:00,marketing.gsb,GSB_final_lead_list_2026-08-28.xlsx
TL000181,41 - 50,"05. 30,001-40,000",ผู้ประกอบธุรกิจ / เจ้าของกิจการ,ธนาคารออมสินภาค 10,สินเชื่อเคหะ,DCO2026,2026-08-28 09:00:00,marketing.gsb,GSB_final_lead_list_2026-08-28.xlsx
TL000182,41 - 50,"04. 20,001-30,000",พนักงานและลูกจ้างในบริษัท,ธนาคารออมสินภาค 10,สินเชื่อเคหะ,DCO2026,2026-08-28 09:00:00,marketing.gsb,GSB_final_lead_list_2026-08-28.xlsx
TL000183,41 - 50,"06. 40,001-50,000",ผู้รับจ้างทั่วไป / ผู้ใช้แรงงาน,ธนาคารออมสินภาค 1,สินเชื่อเคหะ,DCO2026,2026-08-28 09:00:00,marketing.gsb,GSB_final_lead_list_2026-08-28.xlsx
TL000184,Under 20,"01. 0-5,000",ประกอบวิชาชีพเฉพาะ,ธนาคารออมสินภาค 10,สินเชื่อเคหะ,DCO2026,2026-08-28 09:00:00,marketing.gsb,GSB_final_lead_list_2026-08-28.xlsx
TL000185,31 - 40,"03. 10,001-20,000",ประกอบอาชีพอิสระ,ธนาคารออมสินภาค 13,สินเชื่อเคหะ,DCO2026,2026-08-28 09:00:00,marketing.gsb,GSB_final_lead_list_2026-08-28.xlsx
TL000186,20 - 30,"06. 40,001-50,000",ข้าราชการและลูกจ้างในหน่วยงานของรัฐ,ธนาคารออมสินภาค 13,สินเชื่อเคหะ,DCO2026,2026-08-28 09:00:00,marketing.gsb,GSB_final_lead_list_2026-08-28.xlsx
TL000187,61 - 65,"07. >50,000",ผู้รับจ้างทั่วไป / ผู้ใช้แรงงาน,ธนาคารออมสินภาค 10,สินเชื่อเคหะ,DCO2026,2026-08-28 09:00:00,marketing.gsb,GSB_final_lead_list_2026-08-28.xlsx
TL000188,20 - 30,"05. 30,001-40,000",พนักงานและลูกจ้างในบริษัท,ธนาคารออมสินภาค 13,สินเชื่อเคหะ,DCO2026,2026-08-28 09:00:00,marketing.gsb,GSB_final_lead_list_2026-08-28.xlsx
TL000189,20 - 30,"04. 20,001-30,000",ประกอบอาชีพอิสระ,ธนาคารออมสินภาค 11,สินเชื่อเคหะ,DCO2026,2026-08-28 09:00:00,marketing.gsb,GSB_final_lead_list_2026-08-28.xlsx
TL000190,51 - 60,"06. 40,001-50,000",ประกอบอาชีพอิสระ,ธนาคารออมสินภาค 13,สินเชื่อเคหะ,DCO2026,2026-08-28 09:00:00,marketing.gsb,GSB_final_lead_list_2026-08-28.xlsx
TL000191,20 - 30,"01. 0-5,000",พนักงานและลูกจ้างในหน่วยงานรัฐวิสาหกิจ,ธนาคารออมสินภาค 1,สินเชื่อเคหะ,DCO2026,2026-08-28 09:00:00,marketing.gsb,GSB_final_lead_list_2026-08-28.xlsx
TL000192,51 - 60,"06. 40,001-50,000",พนักงานและลูกจ้างในบริษัท,ธนาคารออมสินภาค 11,สินเชื่อเคหะ,DCO2026,2026-08-28 09:00:00,marketing.gsb,GSB_final_lead_list_2026-08-28.xlsx
TL000193,51 - 60,"02. 5,001-10,000",พนักงานและลูกจ้างในหน่วยงานรัฐวิสาหกิจ,ธนาคารออมสินภาค 13,สินเชื่อเคหะ,DCO2026,2026-08-28 09:00:00,marketing.gsb,GSB_final_lead_list_2026-08-28.xlsx
TL000194,20 - 30,"06. 40,001-50,000",ข้าราชการและลูกจ้างในหน่วยงานของรัฐ,ธนาคารออมสินภาค 11,สินเชื่อเคหะ,DCO2026,2026-08-28 09:00:00,marketing.gsb,GSB_final_lead_list_2026-08-28.xlsx
TL000195,31 - 40,"04. 20,001-30,000",ประกอบอาชีพอิสระ,ธนาคารออมสินภาค 11,สินเชื่อเคหะ,DCO2026,2026-08-28 09:00:00,marketing.gsb,GSB_final_lead_list_2026-08-28.xlsx
TL000196,31 - 40,"02. 5,001-10,000",ผู้ประกอบธุรกิจ / เจ้าของกิจการ,ธนาคารออมสินภาค 12,สินเชื่อเคหะ,DCO2026,2026-08-28 09:00:00,marketing.gsb,GSB_final_lead_list_2026-08-28.xlsx
TL000197,20 - 30,"05. 30,001-40,000",ข้าราชการและลูกจ้างในหน่วยงานของรัฐ,ธนาคารออมสินภาค 1,สินเชื่อเคหะ,DCO2026,2026-08-28 09:00:00,marketing.gsb,GSB_final_lead_list_2026-08-28.xlsx
TL000198,20 - 30,"04. 20,001-30,000",พนักงานและลูกจ้างในหน่วยงานรัฐวิสาหกิจ,ธนาคารออมสินภาค 11,สินเชื่อเคหะ,DCO2026,2026-08-28 09:00:00,marketing.gsb,GSB_final_lead_list_2026-08-28.xlsx
TL000199,41 - 50,"05. 30,001-40,000",ประกอบวิชาชีพเฉพาะ,ธนาคารออมสินภาค 10,สินเชื่อเคหะ,DCO2026,2026-08-28 09:00:00,marketing.gsb,GSB_final_lead_list_2026-08-28.xlsx
TL000200,41 - 50,"02. 5,001-10,000",ประกอบวิชาชีพเฉพาะ,ธนาคารออมสินภาค 1,สินเชื่อเคหะ,DCO2026,2026-08-28 09:00:00,marketing.gsb,GSB_final_lead_list_2026-08-28.xlsx
TL000201,31 - 40,"01. 0-5,000",ผู้ประกอบธุรกิจ / เจ้าของกิจการ,ธนาคารออมสินภาค 11,สินเชื่อเคหะ,DCO2026,2026-08-28 09:00:00,marketing.gsb,GSB_final_lead_list_2026-08-28.xlsx
TL000202,31 - 40,"04. 20,001-30,000",ประกอบอาชีพอิสระ,ธนาคารออมสินภาค 10,สินเชื่อเคหะ,DCO2026,2026-08-28 09:00:00,marketing.gsb,GSB_final_lead_list_2026-08-28.xlsx
TL000203,31 - 40,"05. 30,001-40,000",พนักงานและลูกจ้างในหน่วยงานรัฐวิสาหกิจ,ธนาคารออมสินภาค 13,สินเชื่อเคหะ,DCO2026,2026-08-28 09:00:00,marketing.gsb,GSB_final_lead_list_2026-08-28.xlsx
TL000204,20 - 30,"01. 0-5,000",ข้าราชการและลูกจ้างในหน่วยงานของรัฐ,ธนาคารออมสินภาค 1,สินเชื่อเคหะ,DCO2026,2026-08-28 09:00:00,marketing.gsb,GSB_final_lead_list_2026-08-28.xlsx
TL000205,41 - 50,"05. 30,001-40,000",ประกอบวิชาชีพเฉพาะ,ธนาคารออมสินภาค 13,สินเชื่อเคหะ,DCO2026,2026-08-28 09:00:00,marketing.gsb,GSB_final_lead_list_2026-08-28.xlsx
TL000206,20 - 30,"07. >50,000",ข้าราชการและลูกจ้างในหน่วยงานของรัฐ,ธนาคารออมสินภาค 1,สินเชื่อเคหะ,DCO2026,2026-08-28 09:00:00,marketing.gsb,GSB_final_lead_list_2026-08-28.xlsx
TL000207,20 - 30,"06. 40,001-50,000",ข้าราชการและลูกจ้างในหน่วยงานของรัฐ,ธนาคารออมสินภาค 11,สินเชื่อเคหะ,DCO2026,2026-08-28 09:00:00,marketing.gsb,GSB_final_lead_list_2026-08-28.xlsx
TL000208,31 - 40,"06. 40,001-50,000",ข้าราชการและลูกจ้างในหน่วยงานของรัฐ,ธนาคารออมสินภาค 13,สินเชื่อเคหะ,DCO2026,2026-08-28 09:00:00,marketing.gsb,GSB_final_lead_list_2026-08-28.xlsx
TL000209,31 - 40,"02. 5,001-10,000",พนักงานและลูกจ้างในหน่วยงานรัฐวิสาหกิจ,ธนาคารออมสินภาค 11,สินเชื่อเคหะ,DCO2026,2026-08-28 09:00:00,marketing.gsb,GSB_final_lead_list_2026-08-28.xlsx
TL000210,41 - 50,"02. 5,001-10,000",ข้าราชการและลูกจ้างในหน่วยงานของรัฐ,ธนาคารออมสินภาค 10,สินเชื่อเคหะ,DCO2026,2026-08-28 09:00:00,marketing.gsb,GSB_final_lead_list_2026-08-28.xlsx
TL000211,20 - 30,"05. 30,001-40,000",ผู้รับจ้างทั่วไป / ผู้ใช้แรงงาน,ธนาคารออมสินภาค 10,สินเชื่อเคหะ,DCO2026,2026-08-28 09:00:00,marketing.gsb,GSB_final_lead_list_2026-08-28.xlsx
TL000212,41 - 50,"06. 40,001-50,000",พนักงานและลูกจ้างในบริษัท,ธนาคารออมสินภาค 11,สินเชื่อเคหะ,DCO2026,2026-08-28 09:00:00,marketing.gsb,GSB_final_lead_list_2026-08-28.xlsx
TL000213,41 - 50,"04. 20,001-30,000",ผู้รับจ้างทั่วไป / ผู้ใช้แรงงาน,ธนาคารออมสินภาค 12,สินเชื่อเคหะ,DCO2026,2026-08-28 09:00:00,marketing.gsb,GSB_final_lead_list_2026-08-28.xlsx
TL000214,61 - 65,"07. >50,000",ข้าราชการและลูกจ้างในหน่วยงานของรัฐ,ธนาคารออมสินภาค 13,สินเชื่อเคหะ,DCO2026,2026-08-28 09:00:00,marketing.gsb,GSB_final_lead_list_2026-08-28.xlsx
TL000215,51 - 60,"04. 20,001-30,000",ประกอบวิชาชีพเฉพาะ,ธนาคารออมสินภาค 13,สินเชื่อเคหะ,DCO2026,2026-08-28 09:00:00,marketing.gsb,GSB_final_lead_list_2026-08-28.xlsx
TL000216,Under 20,"01. 0-5,000",ประกอบวิชาชีพเฉพาะ,ธนาคารออมสินภาค 12,สินเชื่อเคหะ,DCO2026,2026-08-28 09:00:00,marketing.gsb,GSB_final_lead_list_2026-08-28.xlsx
TL000217,Under 20,"02. 5,001-10,000",ผู้รับจ้างทั่วไป / ผู้ใช้แรงงาน,ธนาคารออมสินภาค 1,สินเชื่อเคหะ,DCO2026,2026-08-28 09:00:00,marketing.gsb,GSB_final_lead_list_2026-08-28.xlsx
TL000218,20 - 30,"03. 10,001-20,000",ประกอบอาชีพอิสระ,ธนาคารออมสินภาค 1,สินเชื่อเคหะ,DCO2026,2026-08-28 09:00:00,marketing.gsb,GSB_final_lead_list_2026-08-28.xlsx
TL000219,20 - 30,"05. 30,001-40,000",พนักงานและลูกจ้างในหน่วยงานรัฐวิสาหกิจ,ธนาคารออมสินภาค 12,สินเชื่อเคหะ,DCO2026,2026-08-28 09:00:00,marketing.gsb,GSB_final_lead_list_2026-08-28.xlsx
TL000220,31 - 40,"02. 5,001-10,000",ข้าราชการและลูกจ้างในหน่วยงานของรัฐ,ธนาคารออมสินภาค 13,สินเชื่อเคหะ,DCO2026,2026-08-28 09:00:00,marketing.gsb,GSB_final_lead_list_2026-08-28.xlsx
TL000221,20 - 30,"03. 10,001-20,000",ผู้ประกอบธุรกิจ / เจ้าของกิจการ,ธนาคารออมสินภาค 10,สินเชื่อเคหะ,DCO2026,2026-08-28 09:00:00,marketing.gsb,GSB_final_lead_list_2026-08-28.xlsx
TL000222,41 - 50,"02. 5,001-10,000",ประกอบวิชาชีพเฉพาะ,ธนาคารออมสินภาค 1,สินเชื่อเคหะ,DCO2026,2026-08-28 09:00:00,marketing.gsb,GSB_final_lead_list_2026-08-28.xlsx
TL000223,51 - 60,"06. 40,001-50,000",ผู้ประกอบธุรกิจ / เจ้าของกิจการ,ธนาคารออมสินภาค 10,สินเชื่อเคหะ,DCO2026,2026-08-28 09:00:00,marketing.gsb,GSB_final_lead_list_2026-08-28.xlsx
TL000224,31 - 40,"05. 30,001-40,000",พนักงานและลูกจ้างในหน่วยงานรัฐวิสาหกิจ,ธนาคารออมสินภาค 13,สินเชื่อเคหะ,DCO2026,2026-08-28 09:00:00,marketing.gsb,GSB_final_lead_list_2026-08-28.xlsx
TL000225,20 - 30,"06. 40,001-50,000",พนักงานและลูกจ้างในหน่วยงานรัฐวิสาหกิจ,ธนาคารออมสินภาค 1,สินเชื่อเคหะ,DCO2026,2026-08-28 09:00:00,marketing.gsb,GSB_final_lead_list_2026-08-28.xlsx
TL000226,20 - 30,"06. 40,001-50,000",พนักงานและลูกจ้างในหน่วยงานรัฐวิสาหกิจ,ธนาคารออมสินภาค 12,สินเชื่อเคหะ,DCO2026,2026-08-28 09:00:00,marketing.gsb,GSB_final_lead_list_2026-08-28.xlsx
TL000227,51 - 60,"06. 40,001-50,000",ผู้รับจ้างทั่วไป / ผู้ใช้แรงงาน,ธนาคารออมสินภาค 13,สินเชื่อเคหะ,DCO2026,2026-08-28 09:00:00,marketing.gsb,GSB_final_lead_list_2026-08-28.xlsx
TL000228,41 - 50,"04. 20,001-30,000",ผู้รับจ้างทั่วไป / ผู้ใช้แรงงาน,ธนาคารออมสินภาค 10,สินเชื่อเคหะ,DCO2026,2026-08-28 09:00:00,marketing.gsb,GSB_final_lead_list_2026-08-28.xlsx
TL000229,31 - 40,"05. 30,001-40,000",ผู้ประกอบธุรกิจ / เจ้าของกิจการ,ธนาคารออมสินภาค 13,สินเชื่อเคหะ,DCO2026,2026-08-28 09:00:00,marketing.gsb,GSB_final_lead_list_2026-08-28.xlsx
TL000230,41 - 50,"03. 10,001-20,000",พนักงานและลูกจ้างในบริษัท,ธนาคารออมสินภาค 11,สินเชื่อเคหะ,DCO2026,2026-08-28 09:00:00,marketing.gsb,GSB_final_lead_list_2026-08-28.xlsx
TL000231,41 - 50,"06. 40,001-50,000",ประกอบอาชีพอิสระ,ธนาคารออมสินภาค 12,สินเชื่อเคหะ,DCO2026,2026-08-28 09:00:00,marketing.gsb,GSB_final_lead_list_2026-08-28.xlsx
TL000232,31 - 40,"06. 40,001-50,000",ประกอบวิชาชีพเฉพาะ,ธนาคารออมสินภาค 13,สินเชื่อเคหะ,DCO2026,2026-08-28 09:00:00,marketing.gsb,GSB_final_lead_list_2026-08-28.xlsx
TL000233,20 - 30,"05. 30,001-40,000",ผู้ประกอบธุรกิจ / เจ้าของกิจการ,ธนาคารออมสินภาค 13,สินเชื่อเคหะ,DCO2026,2026-08-28 09:00:00,marketing.gsb,GSB_final_lead_list_2026-08-28.xlsx
TL000234,20 - 30,"04. 20,001-30,000",พนักงานและลูกจ้างในบริษัท,ธนาคารออมสินภาค 1,สินเชื่อเคหะ,DCO2026,2026-08-28 09:00:00,marketing.gsb,GSB_final_lead_list_2026-08-28.xlsx
TL000235,41 - 50,"06. 40,001-50,000",พนักงานและลูกจ้างในหน่วยงานรัฐวิสาหกิจ,ธนาคารออมสินภาค 11,สินเชื่อเคหะ,DCO2026,2026-08-28 09:00:00,marketing.gsb,GSB_final_lead_list_2026-08-28.xlsx
TL000236,31 - 40,"02. 5,001-10,000",พนักงานและลูกจ้างในหน่วยงานรัฐวิสาหกิจ,ธนาคารออมสินภาค 1,สินเชื่อเคหะ,DCO2026,2026-08-28 09:00:00,marketing.gsb,GSB_final_lead_list_2026-08-28.xlsx
TL000237,31 - 40,"06. 40,001-50,000",ประกอบอาชีพอิสระ,ธนาคารออมสินภาค 10,สินเชื่อเคหะ,DCO2026,2026-08-28 09:00:00,marketing.gsb,GSB_final_lead_list_2026-08-28.xlsx
TL000238,20 - 30,"04. 20,001-30,000",ข้าราชการและลูกจ้างในหน่วยงานของรัฐ,ธนาคารออมสินภาค 13,สินเชื่อเคหะ,DCO2026,2026-08-28 09:00:00,marketing.gsb,GSB_final_lead_list_2026-08-28.xlsx
TL000239,20 - 30,"05. 30,001-40,000",พนักงานและลูกจ้างในหน่วยงานรัฐวิสาหกิจ,ธนาคารออมสินภาค 10,สินเชื่อเคหะ,DCO2026,2026-08-28 09:00:00,marketing.gsb,GSB_final_lead_list_2026-08-28.xlsx
TL000240,31 - 40,"04. 20,001-30,000",ผู้ประกอบธุรกิจ / เจ้าของกิจการ,ธนาคารออมสินภาค 1,สินเชื่อเคหะ,DCO2026,2026-08-28 09:00:00,marketing.gsb,GSB_final_lead_list_2026-08-28.xlsx
TL000241,20 - 30,"03. 10,001-20,000",พนักงานและลูกจ้างในหน่วยงานรัฐวิสาหกิจ,ธนาคารออมสินภาค 1,สินเชื่อเคหะ,DCO2026,2026-08-28 09:00:00,marketing.gsb,GSB_final_lead_list_2026-08-28.xlsx
TL000242,61 - 65,"04. 20,001-30,000",ผู้รับจ้างทั่วไป / ผู้ใช้แรงงาน,ธนาคารออมสินภาค 13,สินเชื่อเคหะ,DCO2026,2026-08-28 09:00:00,marketing.gsb,GSB_final_lead_list_2026-08-28.xlsx
TL000243,20 - 30,"02. 5,001-10,000",พนักงานและลูกจ้างในบริษัท,ธนาคารออมสินภาค 11,สินเชื่อเคหะ,DCO2026,2026-08-28 09:00:00,marketing.gsb,GSB_final_lead_list_2026-08-28.xlsx
TL000244,20 - 30,"05. 30,001-40,000",ประกอบอาชีพอิสระ,ธนาคารออมสินภาค 11,สินเชื่อเคหะ,DCO2026,2026-08-28 09:00:00,marketing.gsb,GSB_final_lead_list_2026-08-28.xlsx
TL000245,41 - 50,"04. 20,001-30,000",ผู้ประกอบธุรกิจ / เจ้าของกิจการ,ธนาคารออมสินภาค 10,สินเชื่อเคหะ,DCO2026,2026-08-28 09:00:00,marketing.gsb,GSB_final_lead_list_2026-08-28.xlsx
TL000246,31 - 40,"05. 30,001-40,000",ประกอบวิชาชีพเฉพาะ,ธนาคารออมสินภาค 12,สินเชื่อเคหะ,DCO2026,2026-08-28 09:00:00,marketing.gsb,GSB_final_lead_list_2026-08-28.xlsx
TL000247,31 - 40,"03. 10,001-20,000",ประกอบวิชาชีพเฉพาะ,ธนาคารออมสินภาค 13,สินเชื่อเคหะ,DCO2026,2026-08-28 09:00:00,marketing.gsb,GSB_final_lead_list_2026-08-28.xlsx
TL000248,31 - 40,"05. 30,001-40,000",พนักงานและลูกจ้างในหน่วยงานรัฐวิสาหกิจ,ธนาคารออมสินภาค 11,สินเชื่อเคหะ,DCO2026,2026-08-28 09:00:00,marketing.gsb,GSB_final_lead_list_2026-08-28.xlsx
TL000249,51 - 60,"01. 0-5,000",ผู้รับจ้างทั่วไป / ผู้ใช้แรงงาน,ธนาคารออมสินภาค 1,สินเชื่อเคหะ,DCO2026,2026-08-28 09:00:00,marketing.gsb,GSB_final_lead_list_2026-08-28.xlsx
TL000250,Under 20,"05. 30,001-40,000",ประกอบวิชาชีพเฉพาะ,ธนาคารออมสินภาค 10,สินเชื่อเคหะ,DCO2026,2026-08-28 09:00:00,marketing.gsb,GSB_final_lead_list_2026-08-28.xlsx
TL000251,41 - 50,"05. 30,001-40,000",ประกอบวิชาชีพเฉพาะ,ธนาคารออมสินภาค 10,สินเชื่อเคหะ,DCO2026,2026-08-28 09:00:00,marketing.gsb,GSB_final_lead_list_2026-08-28.xlsx
TL000252,41 - 50,"07. >50,000",พนักงานและลูกจ้างในหน่วยงานรัฐวิสาหกิจ,ธนาคารออมสินภาค 1,สินเชื่อเคหะ,DCO2026,2026-08-28 09:00:00,marketing.gsb,GSB_final_lead_list_2026-08-28.xlsx
TL000253,31 - 40,"03. 10,001-20,000",ประกอบอาชีพอิสระ,ธนาคารออมสินภาค 12,สินเชื่อเคหะ,DCO2026,2026-08-28 09:00:00,marketing.gsb,GSB_final_lead_list_2026-08-28.xlsx
TL000254,20 - 30,"03. 10,001-20,000",พนักงานและลูกจ้างในบริษัท,ธนาคารออมสินภาค 13,สินเชื่อเคหะ,DCO2026,2026-08-28 09:00:00,marketing.gsb,GSB_final_lead_list_2026-08-28.xlsx
TL000255,20 - 30,"05. 30,001-40,000",ผู้ประกอบธุรกิจ / เจ้าของกิจการ,ธนาคารออมสินภาค 1,สินเชื่อเคหะ,DCO2026,2026-08-28 09:00:00,marketing.gsb,GSB_final_lead_list_2026-08-28.xlsx
TL000256,31 - 40,"05. 30,001-40,000",ประกอบอาชีพอิสระ,ธนาคารออมสินภาค 1,สินเชื่อเคหะ,DCO2026,2026-08-28 09:00:00,marketing.gsb,GSB_final_lead_list_2026-08-28.xlsx
TL000257,41 - 50,"07. >50,000",ผู้ประกอบธุรกิจ / เจ้าของกิจการ,ธนาคารออมสินภาค 12,สินเชื่อเคหะ,DCO2026,2026-08-28 09:00:00,marketing.gsb,GSB_final_lead_list_2026-08-28.xlsx
TL000258,41 - 50,"02. 5,001-10,000",ข้าราชการและลูกจ้างในหน่วยงานของรัฐ,ธนาคารออมสินภาค 13,สินเชื่อเคหะ,DCO2026,2026-08-28 09:00:00,marketing.gsb,GSB_final_lead_list_2026-08-28.xlsx
TL000259,31 - 40,"06. 40,001-50,000",ข้าราชการและลูกจ้างในหน่วยงานของรัฐ,ธนาคารออมสินภาค 1,สินเชื่อเคหะ,DCO2026,2026-08-28 09:00:00,marketing.gsb,GSB_final_lead_list_2026-08-28.xlsx
TL000260,51 - 60,"05. 30,001-40,000",ประกอบวิชาชีพเฉพาะ,ธนาคารออมสินภาค 1,สินเชื่อเคหะ,DCO2026,2026-08-28 09:00:00,marketing.gsb,GSB_final_lead_list_2026-08-28.xlsx
TL000261,31 - 40,"05. 30,001-40,000",ผู้รับจ้างทั่วไป / ผู้ใช้แรงงาน,ธนาคารออมสินภาค 10,สินเชื่อเคหะ,DCO2026,2026-08-28 09:00:00,marketing.gsb,GSB_final_lead_list_2026-08-28.xlsx
TL000262,41 - 50,"01. 0-5,000",ประกอบอาชีพอิสระ,ธนาคารออมสินภาค 13,สินเชื่อเคหะ,DCO2026,2026-08-28 09:00:00,marketing.gsb,GSB_final_lead_list_2026-08-28.xlsx
TL000263,51 - 60,"05. 30,001-40,000",ผู้ประกอบธุรกิจ / เจ้าของกิจการ,ธนาคารออมสินภาค 10,สินเชื่อเคหะ,DCO2026,2026-08-28 09:00:00,marketing.gsb,GSB_final_lead_list_2026-08-28.xlsx
TL000264,31 - 40,"02. 5,001-10,000",พนักงานและลูกจ้างในบริษัท,ธนาคารออมสินภาค 10,สินเชื่อเคหะ,DCO2026,2026-08-28 09:00:00,marketing.gsb,GSB_final_lead_list_2026-08-28.xlsx
TL000265,51 - 60,"05. 30,001-40,000",ประกอบอาชีพอิสระ,ธนาคารออมสินภาค 12,สินเชื่อเคหะ,DCO2026,2026-08-28 09:00:00,marketing.gsb,GSB_final_lead_list_2026-08-28.xlsx
TL000266,20 - 30,"05. 30,001-40,000",ผู้รับจ้างทั่วไป / ผู้ใช้แรงงาน,ธนาคารออมสินภาค 1,สินเชื่อเคหะ,DCO2026,2026-08-28 09:00:00,marketing.gsb,GSB_final_lead_list_2026-08-28.xlsx
TL000267,41 - 50,"06. 40,001-50,000",ข้าราชการและลูกจ้างในหน่วยงานของรัฐ,ธนาคารออมสินภาค 10,สินเชื่อเคหะ,DCO2026,2026-08-28 09:00:00,marketing.gsb,GSB_final_lead_list_2026-08-28.xlsx
TL000268,65 Up,"04. 20,001-30,000",ข้าราชการและลูกจ้างในหน่วยงานของรัฐ,ธนาคารออมสินภาค 10,สินเชื่อเคหะ,DCO2026,2026-08-28 09:00:00,marketing.gsb,GSB_final_lead_list_2026-08-28.xlsx
TL000269,20 - 30,"02. 5,001-10,000",ผู้ประกอบธุรกิจ / เจ้าของกิจการ,ธนาคารออมสินภาค 11,สินเชื่อเคหะ,DCO2026,2026-08-28 09:00:00,marketing.gsb,GSB_final_lead_list_2026-08-28.xlsx
TL000270,20 - 30,"04. 20,001-30,000",ประกอบวิชาชีพเฉพาะ,ธนาคารออมสินภาค 13,สินเชื่อเคหะ,DCO2026,2026-08-28 09:00:00,marketing.gsb,GSB_final_lead_list_2026-08-28.xlsx
TL000271,31 - 40,"06. 40,001-50,000",ผู้รับจ้างทั่วไป / ผู้ใช้แรงงาน,ธนาคารออมสินภาค 10,สินเชื่อเคหะ,DCO2026,2026-08-28 09:00:00,marketing.gsb,GSB_final_lead_list_2026-08-28.xlsx
TL000272,20 - 30,"06. 40,001-50,000",ประกอบวิชาชีพเฉพาะ,ธนาคารออมสินภาค 11,สินเชื่อเคหะ,DCO2026,2026-08-28 09:00:00,marketing.gsb,GSB_final_lead_list_2026-08-28.xlsx
TL000273,20 - 30,"03. 10,001-20,000",ผู้รับจ้างทั่วไป / ผู้ใช้แรงงาน,ธนาคารออมสินภาค 13,สินเชื่อเคหะ,DCO2026,2026-08-28 09:00:00,marketing.gsb,GSB_final_lead_list_2026-08-28.xlsx
TL000274,31 - 40,"05. 30,001-40,000",ผู้รับจ้างทั่วไป / ผู้ใช้แรงงาน,ธนาคารออมสินภาค 13,สินเชื่อเคหะ,DCO2026,2026-08-28 09:00:00,marketing.gsb,GSB_final_lead_list_2026-08-28.xlsx
TL000275,31 - 40,"02. 5,001-10,000",พนักงานและลูกจ้างในหน่วยงานรัฐวิสาหกิจ,ธนาคารออมสินภาค 1,สินเชื่อเคหะ,DCO2026,2026-08-28 09:00:00,marketing.gsb,GSB_final_lead_list_2026-08-28.xlsx
TL000276,31 - 40,"02. 5,001-10,000",ผู้ประกอบธุรกิจ / เจ้าของกิจการ,ธนาคารออมสินภาค 13,สินเชื่อเคหะ,DCO2026,2026-08-28 09:00:00,marketing.gsb,GSB_final_lead_list_2026-08-28.xlsx
TL000277,41 - 50,"04. 20,001-30,000",ผู้ประกอบธุรกิจ / เจ้าของกิจการ,ธนาคารออมสินภาค 10,สินเชื่อเคหะ,DCO2026,2026-08-28 09:00:00,marketing.gsb,GSB_final_lead_list_2026-08-28.xlsx
TL000278,41 - 50,"06. 40,001-50,000",พนักงานและลูกจ้างในหน่วยงานรัฐวิสาหกิจ,ธนาคารออมสินภาค 13,สินเชื่อเคหะ,DCO2026,2026-08-28 09:00:00,marketing.gsb,GSB_final_lead_list_2026-08-28.xlsx
TL000279,20 - 30,"04. 20,001-30,000",พนักงานและลูกจ้างในบริษัท,ธนาคารออมสินภาค 10,สินเชื่อเคหะ,DCO2026,2026-08-28 09:00:00,marketing.gsb,GSB_final_lead_list_2026-08-28.xlsx
TL000280,20 - 30,"02. 5,001-10,000",ข้าราชการและลูกจ้างในหน่วยงานของรัฐ,ธนาคารออมสินภาค 10,สินเชื่อเคหะ,DCO2026,2026-08-28 09:00:00,marketing.gsb,GSB_final_lead_list_2026-08-28.xlsx
TL000281,31 - 40,"03. 10,001-20,000",ข้าราชการและลูกจ้างในหน่วยงานของรัฐ,ธนาคารออมสินภาค 10,สินเชื่อเคหะ,DCO2026,2026-08-28 09:00:00,marketing.gsb,GSB_final_lead_list_2026-08-28.xlsx
TL000282,41 - 50,"02. 5,001-10,000",ผู้รับจ้างทั่วไป / ผู้ใช้แรงงาน,ธนาคารออมสินภาค 13,สินเชื่อเคหะ,DCO2026,2026-08-28 09:00:00,marketing.gsb,GSB_final_lead_list_2026-08-28.xlsx
TL000283,41 - 50,"06. 40,001-50,000",พนักงานและลูกจ้างในหน่วยงานรัฐวิสาหกิจ,ธนาคารออมสินภาค 1,สินเชื่อเคหะ,DCO2026,2026-08-28 09:00:00,marketing.gsb,GSB_final_lead_list_2026-08-28.xlsx
TL000284,31 - 40,"05. 30,001-40,000",ประกอบอาชีพอิสระ,ธนาคารออมสินภาค 11,สินเชื่อเคหะ,DCO2026,2026-08-28 09:00:00,marketing.gsb,GSB_final_lead_list_2026-08-28.xlsx
TL000285,31 - 40,"05. 30,001-40,000",ข้าราชการและลูกจ้างในหน่วยงานของรัฐ,ธนาคารออมสินภาค 12,สินเชื่อเคหะ,DCO2026,2026-08-28 09:00:00,marketing.gsb,GSB_final_lead_list_2026-08-28.xlsx
TL000286,31 - 40,"05. 30,001-40,000",พนักงานและลูกจ้างในบริษัท,ธนาคารออมสินภาค 13,สินเชื่อเคหะ,DCO2026,2026-08-28 09:00:00,marketing.gsb,GSB_final_lead_list_2026-08-28.xlsx
TL000287,41 - 50,"04. 20,001-30,000",ประกอบวิชาชีพเฉพาะ,ธนาคารออมสินภาค 13,สินเชื่อเคหะ,DCO2026,2026-08-28 09:00:00,marketing.gsb,GSB_final_lead_list_2026-08-28.xlsx
TL000288,51 - 60,"05. 30,001-40,000",พนักงานและลูกจ้างในหน่วยงานรัฐวิสาหกิจ,ธนาคารออมสินภาค 1,สินเชื่อเคหะ,DCO2026,2026-08-28 09:00:00,marketing.gsb,GSB_final_lead_list_2026-08-28.xlsx
TL000289,51 - 60,"05. 30,001-40,000",พนักงานและลูกจ้างในบริษัท,ธนาคารออมสินภาค 11,สินเชื่อเคหะ,DCO2026,2026-08-28 09:00:00,marketing.gsb,GSB_final_lead_list_2026-08-28.xlsx
TL000290,41 - 50,"03. 10,001-20,000",ผู้ประกอบธุรกิจ / เจ้าของกิจการ,ธนาคารออมสินภาค 12,สินเชื่อเคหะ,DCO2026,2026-08-28 09:00:00,marketing.gsb,GSB_final_lead_list_2026-08-28.xlsx
TL000291,31 - 40,"03. 10,001-20,000",พนักงานและลูกจ้างในบริษัท,ธนาคารออมสินภาค 1,สินเชื่อเคหะ,DCO2026,2026-08-28 09:00:00,marketing.gsb,GSB_final_lead_list_2026-08-28.xlsx
TL000292,31 - 40,"04. 20,001-30,000",ประกอบอาชีพอิสระ,ธนาคารออมสินภาค 13,สินเชื่อเคหะ,DCO2026,2026-08-28 09:00:00,marketing.gsb,GSB_final_lead_list_2026-08-28.xlsx
TL000293,41 - 50,"02. 5,001-10,000",ประกอบวิชาชีพเฉพาะ,ธนาคารออมสินภาค 13,สินเชื่อเคหะ,DCO2026,2026-08-28 09:00:00,marketing.gsb,GSB_final_lead_list_2026-08-28.xlsx
TL000294,20 - 30,"04. 20,001-30,000",ผู้รับจ้างทั่วไป / ผู้ใช้แรงงาน,ธนาคารออมสินภาค 13,สินเชื่อเคหะ,DCO2026,2026-08-28 09:00:00,marketing.gsb,GSB_final_lead_list_2026-08-28.xlsx
TL000295,20 - 30,"06. 40,001-50,000",ผู้ประกอบธุรกิจ / เจ้าของกิจการ,ธนาคารออมสินภาค 11,สินเชื่อเคหะ,DCO2026,2026-08-28 09:00:00,marketing.gsb,GSB_final_lead_list_2026-08-28.xlsx
TL000296,51 - 60,"02. 5,001-10,000",ประกอบวิชาชีพเฉพาะ,ธนาคารออมสินภาค 11,สินเชื่อเคหะ,DCO2026,2026-08-28 09:00:00,marketing.gsb,GSB_final_lead_list_2026-08-28.xlsx
TL000297,51 - 60,"04. 20,001-30,000",ข้าราชการและลูกจ้างในหน่วยงานของรัฐ,ธนาคารออมสินภาค 11,สินเชื่อเคหะ,DCO2026,2026-08-28 09:00:00,marketing.gsb,GSB_final_lead_list_2026-08-28.xlsx
TL000298,41 - 50,"06. 40,001-50,000",ประกอบวิชาชีพเฉพาะ,ธนาคารออมสินภาค 10,สินเชื่อเคหะ,DCO2026,2026-08-28 09:00:00,marketing.gsb,GSB_final_lead_list_2026-08-28.xlsx
TL000299,51 - 60,"06. 40,001-50,000",ผู้ประกอบธุรกิจ / เจ้าของกิจการ,ธนาคารออมสินภาค 13,สินเชื่อเคหะ,DCO2026,2026-08-28 09:00:00,marketing.gsb,GSB_final_lead_list_2026-08-28.xlsx
TL000300,31 - 40,"02. 5,001-10,000",ข้าราชการและลูกจ้างในหน่วยงานของรัฐ,ธนาคารออมสินภาค 1,สินเชื่อเคหะ,DCO2026,2026-08-28 09:00:00,marketing.gsb,GSB_final_lead_list_2026-08-28.xlsx
TL000301,31 - 40,"05. 30,001-40,000",ประกอบอาชีพอิสระ,ธนาคารออมสินภาค 11,สินเชื่อเคหะ,DCO2026,2026-08-28 09:00:00,marketing.gsb,GSB_final_lead_list_2026-08-28.xlsx
TL000302,31 - 40,"03. 10,001-20,000",ประกอบวิชาชีพเฉพาะ,ธนาคารออมสินภาค 12,สินเชื่อเคหะ,DCO2026,2026-08-28 09:00:00,marketing.gsb,GSB_final_lead_list_2026-08-28.xlsx
TL000303,20 - 30,"02. 5,001-10,000",ผู้รับจ้างทั่วไป / ผู้ใช้แรงงาน,ธนาคารออมสินภาค 11,สินเชื่อเคหะ,DCO2026,2026-08-28 09:00:00,marketing.gsb,GSB_final_lead_list_2026-08-28.xlsx
TL000304,31 - 40,"01. 0-5,000",พนักงานและลูกจ้างในหน่วยงานรัฐวิสาหกิจ,ธนาคารออมสินภาค 1,สินเชื่อเคหะ,DCO2026,2026-08-28 09:00:00,marketing.gsb,GSB_final_lead_list_2026-08-28.xlsx
TL000305,51 - 60,"04. 20,001-30,000",ประกอบวิชาชีพเฉพาะ,ธนาคารออมสินภาค 10,สินเชื่อเคหะ,DCO2026,2026-08-28 09:00:00,marketing.gsb,GSB_final_lead_list_2026-08-28.xlsx
TL000306,31 - 40,"05. 30,001-40,000",พนักงานและลูกจ้างในหน่วยงานรัฐวิสาหกิจ,ธนาคารออมสินภาค 10,สินเชื่อเคหะ,DCO2026,2026-08-28 09:00:00,marketing.gsb,GSB_final_lead_list_2026-08-28.xlsx
TL000307,Under 20,"05. 30,001-40,000",ประกอบวิชาชีพเฉพาะ,ธนาคารออมสินภาค 1,สินเชื่อเคหะ,DCO2026,2026-08-28 09:00:00,marketing.gsb,GSB_final_lead_list_2026-08-28.xlsx
TL000308,41 - 50,"03. 10,001-20,000",ประกอบวิชาชีพเฉพาะ,ธนาคารออมสินภาค 10,สินเชื่อเคหะ,DCO2026,2026-08-28 09:00:00,marketing.gsb,GSB_final_lead_list_2026-08-28.xlsx
TL000309,41 - 50,"05. 30,001-40,000",ประกอบวิชาชีพเฉพาะ,ธนาคารออมสินภาค 10,สินเชื่อเคหะ,DCO2026,2026-08-28 09:00:00,marketing.gsb,GSB_final_lead_list_2026-08-28.xlsx
TL000310,41 - 50,"04. 20,001-30,000",ประกอบอาชีพอิสระ,ธนาคารออมสินภาค 13,สินเชื่อเคหะ,DCO2026,2026-08-28 09:00:00,marketing.gsb,GSB_final_lead_list_2026-08-28.xlsx
TL000311,20 - 30,"05. 30,001-40,000",ผู้ประกอบธุรกิจ / เจ้าของกิจการ,ธนาคารออมสินภาค 12,สินเชื่อเคหะ,DCO2026,2026-08-28 09:00:00,marketing.gsb,GSB_final_lead_list_2026-08-28.xlsx
TL000312,31 - 40,"05. 30,001-40,000",ประกอบวิชาชีพเฉพาะ,ธนาคารออมสินภาค 13,สินเชื่อเคหะ,DCO2026,2026-08-28 09:00:00,marketing.gsb,GSB_final_lead_list_2026-08-28.xlsx
TL000313,31 - 40,"05. 30,001-40,000",ประกอบวิชาชีพเฉพาะ,ธนาคารออมสินภาค 13,สินเชื่อเคหะ,DCO2026,2026-08-28 09:00:00,marketing.gsb,GSB_final_lead_list_2026-08-28.xlsx
TL000314,65 Up,"06. 40,001-50,000",พนักงานและลูกจ้างในบริษัท,ธนาคารออมสินภาค 13,สินเชื่อเคหะ,DCO2026,2026-08-28 09:00:00,marketing.gsb,GSB_final_lead_list_2026-08-28.xlsx
TL000315,41 - 50,"06. 40,001-50,000",ผู้ประกอบธุรกิจ / เจ้าของกิจการ,ธนาคารออมสินภาค 11,สินเชื่อเคหะ,DCO2026,2026-08-28 09:00:00,marketing.gsb,GSB_final_lead_list_2026-08-28.xlsx
TL000316,41 - 50,"05. 30,001-40,000",ข้าราชการและลูกจ้างในหน่วยงานของรัฐ,ธนาคารออมสินภาค 10,สินเชื่อเคหะ,DCO2026,2026-08-28 09:00:00,marketing.gsb,GSB_final_lead_list_2026-08-28.xlsx
TL000317,65 Up,"06. 40,001-50,000",ผู้รับจ้างทั่วไป / ผู้ใช้แรงงาน,ธนาคารออมสินภาค 12,สินเชื่อเคหะ,DCO2026,2026-08-28 09:00:00,marketing.gsb,GSB_final_lead_list_2026-08-28.xlsx
TL000318,31 - 40,"02. 5,001-10,000",ข้าราชการและลูกจ้างในหน่วยงานของรัฐ,ธนาคารออมสินภาค 10,สินเชื่อเคหะ,DCO2026,2026-08-28 09:00:00,marketing.gsb,GSB_final_lead_list_2026-08-28.xlsx
TL000319,Under 20,"05. 30,001-40,000",ข้าราชการและลูกจ้างในหน่วยงานของรัฐ,ธนาคารออมสินภาค 10,สินเชื่อเคหะ,DCO2026,2026-08-28 09:00:00,marketing.gsb,GSB_final_lead_list_2026-08-28.xlsx
TL000320,31 - 40,"04. 20,001-30,000",ผู้ประกอบธุรกิจ / เจ้าของกิจการ,ธนาคารออมสินภาค 12,สินเชื่อเคหะ,DCO2026,2026-08-28 09:00:00,marketing.gsb,GSB_final_lead_list_2026-08-28.xlsx
TL000321,41 - 50,"05. 30,001-40,000",ผู้รับจ้างทั่วไป / ผู้ใช้แรงงาน,ธนาคารออมสินภาค 12,สินเชื่อเคหะ,DCO2026,2026-08-28 09:00:00,marketing.gsb,GSB_final_lead_list_2026-08-28.xlsx
TL000322,51 - 60,"05. 30,001-40,000",พนักงานและลูกจ้างในหน่วยงานรัฐวิสาหกิจ,ธนาคารออมสินภาค 12,สินเชื่อเคหะ,DCO2026,2026-08-28 09:00:00,marketing.gsb,GSB_final_lead_list_2026-08-28.xlsx
TL000323,20 - 30,"04. 20,001-30,000",ข้าราชการและลูกจ้างในหน่วยงานของรัฐ,ธนาคารออมสินภาค 10,สินเชื่อเคหะ,DCO2026,2026-08-28 09:00:00,marketing.gsb,GSB_final_lead_list_2026-08-28.xlsx
TL000324,20 - 30,"02. 5,001-10,000",ผู้รับจ้างทั่วไป / ผู้ใช้แรงงาน,ธนาคารออมสินภาค 10,สินเชื่อเคหะ,DCO2026,2026-08-28 09:00:00,marketing.gsb,GSB_final_lead_list_2026-08-28.xlsx
TL000325,51 - 60,"01. 0-5,000",ข้าราชการและลูกจ้างในหน่วยงานของรัฐ,ธนาคารออมสินภาค 11,สินเชื่อเคหะ,DCO2026,2026-08-28 09:00:00,marketing.gsb,GSB_final_lead_list_2026-08-28.xlsx
TL000326,31 - 40,"05. 30,001-40,000",พนักงานและลูกจ้างในหน่วยงานรัฐวิสาหกิจ,ธนาคารออมสินภาค 13,สินเชื่อเคหะ,DCO2026,2026-08-28 09:00:00,marketing.gsb,GSB_final_lead_list_2026-08-28.xlsx
TL000327,20 - 30,"03. 10,001-20,000",ข้าราชการและลูกจ้างในหน่วยงานของรัฐ,ธนาคารออมสินภาค 12,สินเชื่อเคหะ,DCO2026,2026-08-28 09:00:00,marketing.gsb,GSB_final_lead_list_2026-08-28.xlsx
TL000328,20 - 30,"05. 30,001-40,000",ผู้รับจ้างทั่วไป / ผู้ใช้แรงงาน,ธนาคารออมสินภาค 12,สินเชื่อเคหะ,DCO2026,2026-08-28 09:00:00,marketing.gsb,GSB_final_lead_list_2026-08-28.xlsx
TL000329,20 - 30,"05. 30,001-40,000",พนักงานและลูกจ้างในหน่วยงานรัฐวิสาหกิจ,ธนาคารออมสินภาค 13,สินเชื่อเคหะ,DCO2026,2026-08-28 09:00:00,marketing.gsb,GSB_final_lead_list_2026-08-28.xlsx
TL000330,31 - 40,"06. 40,001-50,000",ผู้ประกอบธุรกิจ / เจ้าของกิจการ,ธนาคารออมสินภาค 13,สินเชื่อเคหะ,DCO2026,2026-08-28 09:00:00,marketing.gsb,GSB_final_lead_list_2026-08-28.xlsx
TL000331,31 - 40,"04. 20,001-30,000",พนักงานและลูกจ้างในหน่วยงานรัฐวิสาหกิจ,ธนาคารออมสินภาค 10,สินเชื่อเคหะ,DCO2026,2026-08-28 09:00:00,marketing.gsb,GSB_final_lead_list_2026-08-28.xlsx
TL000332,61 - 65,"06. 40,001-50,000",ประกอบวิชาชีพเฉพาะ,ธนาคารออมสินภาค 1,สินเชื่อเคหะ,DCO2026,2026-08-28 09:00:00,marketing.gsb,GSB_final_lead_list_2026-08-28.xlsx
TL000333,61 - 65,"01. 0-5,000",ข้าราชการและลูกจ้างในหน่วยงานของรัฐ,ธนาคารออมสินภาค 12,สินเชื่อเคหะ,DCO2026,2026-08-28 09:00:00,marketing.gsb,GSB_final_lead_list_2026-08-28.xlsx
TL000334,31 - 40,"04. 20,001-30,000",ผู้รับจ้างทั่วไป / ผู้ใช้แรงงาน,ธนาคารออมสินภาค 12,สินเชื่อเคหะ,DCO2026,2026-08-28 09:00:00,marketing.gsb,GSB_final_lead_list_2026-08-28.xlsx
TL000335,51 - 60,"05. 30,001-40,000",ประกอบอาชีพอิสระ,ธนาคารออมสินภาค 1,สินเชื่อเคหะ,DCO2026,2026-08-28 09:00:00,marketing.gsb,GSB_final_lead_list_2026-08-28.xlsx
TL000336,20 - 30,"06. 40,001-50,000",ผู้รับจ้างทั่วไป / ผู้ใช้แรงงาน,ธนาคารออมสินภาค 12,สินเชื่อเคหะ,DCO2026,2026-08-28 09:00:00,marketing.gsb,GSB_final_lead_list_2026-08-28.xlsx
TL000337,41 - 50,"04. 20,001-30,000",ผู้ประกอบธุรกิจ / เจ้าของกิจการ,ธนาคารออมสินภาค 10,สินเชื่อเคหะ,DCO2026,2026-08-28 09:00:00,marketing.gsb,GSB_final_lead_list_2026-08-28.xlsx
TL000338,20 - 30,"06. 40,001-50,000",ข้าราชการและลูกจ้างในหน่วยงานของรัฐ,ธนาคารออมสินภาค 12,สินเชื่อเคหะ,DCO2026,2026-08-28 09:00:00,marketing.gsb,GSB_final_lead_list_2026-08-28.xlsx
TL000339,41 - 50,"05. 30,001-40,000",ผู้ประกอบธุรกิจ / เจ้าของกิจการ,ธนาคารออมสินภาค 1,สินเชื่อเคหะ,DCO2026,2026-08-28 09:00:00,marketing.gsb,GSB_final_lead_list_2026-08-28.xlsx
TL000340,31 - 40,"06. 40,001-50,000",ประกอบอาชีพอิสระ,ธนาคารออมสินภาค 1,สินเชื่อเคหะ,DCO2026,2026-08-28 09:00:00,marketing.gsb,GSB_final_lead_list_2026-08-28.xlsx
TL000341,41 - 50,"05. 30,001-40,000",ผู้รับจ้างทั่วไป / ผู้ใช้แรงงาน,ธนาคารออมสินภาค 12,สินเชื่อเคหะ,DCO2026,2026-08-28 09:00:00,marketing.gsb,GSB_final_lead_list_2026-08-28.xlsx
TL000342,65 Up,"04. 20,001-30,000",ประกอบอาชีพอิสระ,ธนาคารออมสินภาค 1,สินเชื่อเคหะ,DCO2026,2026-08-28 09:00:00,marketing.gsb,GSB_final_lead_list_2026-08-28.xlsx
TL000343,31 - 40,"06. 40,001-50,000",ผู้ประกอบธุรกิจ / เจ้าของกิจการ,ธนาคารออมสินภาค 13,สินเชื่อเคหะ,DCO2026,2026-08-28 09:00:00,marketing.gsb,GSB_final_lead_list_2026-08-28.xlsx
TL000344,51 - 60,"05. 30,001-40,000",ประกอบอาชีพอิสระ,ธนาคารออมสินภาค 1,สินเชื่อเคหะ,DCO2026,2026-08-28 09:00:00,marketing.gsb,GSB_final_lead_list_2026-08-28.xlsx
TL000345,20 - 30,"05. 30,001-40,000",พนักงานและลูกจ้างในบริษัท,ธนาคารออมสินภาค 12,สินเชื่อเคหะ,DCO2026,2026-08-28 09:00:00,marketing.gsb,GSB_final_lead_list_2026-08-28.xlsx
TL000346,31 - 40,"02. 5,001-10,000",ข้าราชการและลูกจ้างในหน่วยงานของรัฐ,ธนาคารออมสินภาค 11,สินเชื่อเคหะ,DCO2026,2026-08-28 09:00:00,marketing.gsb,GSB_final_lead_list_2026-08-28.xlsx
TL000347,61 - 65,"02. 5,001-10,000",ประกอบอาชีพอิสระ,ธนาคารออมสินภาค 13,สินเชื่อเคหะ,DCO2026,2026-08-28 09:00:00,marketing.gsb,GSB_final_lead_list_2026-08-28.xlsx
TL000348,Under 20,"03. 10,001-20,000",ข้าราชการและลูกจ้างในหน่วยงานของรัฐ,ธนาคารออมสินภาค 13,สินเชื่อเคหะ,DCO2026,2026-08-28 09:00:00,marketing.gsb,GSB_final_lead_list_2026-08-28.xlsx
TL000349,31 - 40,"06. 40,001-50,000",พนักงานและลูกจ้างในบริษัท,ธนาคารออมสินภาค 10,สินเชื่อเคหะ,DCO2026,2026-08-28 09:00:00,marketing.gsb,GSB_final_lead_list_2026-08-28.xlsx
TL000350,20 - 30,"06. 40,001-50,000",ผู้รับจ้างทั่วไป / ผู้ใช้แรงงาน,ธนาคารออมสินภาค 13,สินเชื่อเคหะ,DCO2026,2026-08-28 09:00:00,marketing.gsb,GSB_final_lead_list_2026-08-28.xlsx
TL000351,51 - 60,"06. 40,001-50,000",ข้าราชการและลูกจ้างในหน่วยงานของรัฐ,ธนาคารออมสินภาค 12,สินเชื่อเคหะ,DCO2026,2026-08-28 09:00:00,marketing.gsb,GSB_final_lead_list_2026-08-28.xlsx
TL000352,20 - 30,"02. 5,001-10,000",พนักงานและลูกจ้างในหน่วยงานรัฐวิสาหกิจ,ธนาคารออมสินภาค 11,สินเชื่อเคหะ,DCO2026,2026-08-28 09:00:00,marketing.gsb,GSB_final_lead_list_2026-08-28.xlsx
TL000353,41 - 50,"03. 10,001-20,000",ประกอบวิชาชีพเฉพาะ,ธนาคารออมสินภาค 12,สินเชื่อเคหะ,DCO2026,2026-08-28 09:00:00,marketing.gsb,GSB_final_lead_list_2026-08-28.xlsx
TL000354,31 - 40,"01. 0-5,000",ผู้ประกอบธุรกิจ / เจ้าของกิจการ,ธนาคารออมสินภาค 10,สินเชื่อเคหะ,DCO2026,2026-08-28 09:00:00,marketing.gsb,GSB_final_lead_list_2026-08-28.xlsx
TL000355,41 - 50,"02. 5,001-10,000",ประกอบวิชาชีพเฉพาะ,ธนาคารออมสินภาค 1,สินเชื่อเคหะ,DCO2026,2026-08-28 09:00:00,marketing.gsb,GSB_final_lead_list_2026-08-28.xlsx
TL000356,20 - 30,"04. 20,001-30,000",พนักงานและลูกจ้างในบริษัท,ธนาคารออมสินภาค 11,สินเชื่อเคหะ,DCO2026,2026-08-28 09:00:00,marketing.gsb,GSB_final_lead_list_2026-08-28.xlsx
TL000357,31 - 40,"04. 20,001-30,000",ข้าราชการและลูกจ้างในหน่วยงานของรัฐ,ธนาคารออมสินภาค 1,สินเชื่อเคหะ,DCO2026,2026-08-28 09:00:00,marketing.gsb,GSB_final_lead_list_2026-08-28.xlsx
TL000358,41 - 50,"05. 30,001-40,000",พนักงานและลูกจ้างในบริษัท,ธนาคารออมสินภาค 11,สินเชื่อเคหะ,DCO2026,2026-08-28 09:00:00,marketing.gsb,GSB_final_lead_list_2026-08-28.xlsx
TL000359,20 - 30,"06. 40,001-50,000",ประกอบวิชาชีพเฉพาะ,ธนาคารออมสินภาค 10,สินเชื่อเคหะ,DCO2026,2026-08-28 09:00:00,marketing.gsb,GSB_final_lead_list_2026-08-28.xlsx
TL000360,51 - 60,"06. 40,001-50,000",ประกอบอาชีพอิสระ,ธนาคารออมสินภาค 12,สินเชื่อเคหะ,DCO2026,2026-08-28 09:00:00,marketing.gsb,GSB_final_lead_list_2026-08-28.xlsx
TL000361,20 - 30,"03. 10,001-20,000",ประกอบวิชาชีพเฉพาะ,ธนาคารออมสินภาค 1,สินเชื่อเคหะ,DCO2026,2026-08-28 09:00:00,marketing.gsb,GSB_final_lead_list_2026-08-28.xlsx
TL000362,31 - 40,"04. 20,001-30,000",ผู้ประกอบธุรกิจ / เจ้าของกิจการ,ธนาคารออมสินภาค 1,สินเชื่อเคหะ,DCO2026,2026-08-28 09:00:00,marketing.gsb,GSB_final_lead_list_2026-08-28.xlsx
TL000363,41 - 50,"06. 40,001-50,000",ผู้รับจ้างทั่วไป / ผู้ใช้แรงงาน,ธนาคารออมสินภาค 10,สินเชื่อเคหะ,DCO2026,2026-08-28 09:00:00,marketing.gsb,GSB_final_lead_list_2026-08-28.xlsx
TL000364,20 - 30,"05. 30,001-40,000",ประกอบอาชีพอิสระ,ธนาคารออมสินภาค 13,สินเชื่อเคหะ,DCO2026,2026-08-28 09:00:00,marketing.gsb,GSB_final_lead_list_2026-08-28.xlsx
TL000365,Under 20,"05. 30,001-40,000",ประกอบอาชีพอิสระ,ธนาคารออมสินภาค 10,สินเชื่อเคหะ,DCO2026,2026-08-28 09:00:00,marketing.gsb,GSB_final_lead_list_2026-08-28.xlsx
TL000366,31 - 40,"05. 30,001-40,000",พนักงานและลูกจ้างในหน่วยงานรัฐวิสาหกิจ,ธนาคารออมสินภาค 1,สินเชื่อเคหะ,DCO2026,2026-08-28 09:00:00,marketing.gsb,GSB_final_lead_list_2026-08-28.xlsx
TL000367,51 - 60,"07. >50,000",ประกอบวิชาชีพเฉพาะ,ธนาคารออมสินภาค 11,สินเชื่อเคหะ,DCO2026,2026-08-28 09:00:00,marketing.gsb,GSB_final_lead_list_2026-08-28.xlsx
TL000368,31 - 40,"05. 30,001-40,000",ผู้รับจ้างทั่วไป / ผู้ใช้แรงงาน,ธนาคารออมสินภาค 11,สินเชื่อเคหะ,DCO2026,2026-08-28 09:00:00,marketing.gsb,GSB_final_lead_list_2026-08-28.xlsx
TL000369,41 - 50,"02. 5,001-10,000",พนักงานและลูกจ้างในหน่วยงานรัฐวิสาหกิจ,ธนาคารออมสินภาค 13,สินเชื่อเคหะ,DCO2026,2026-08-28 09:00:00,marketing.gsb,GSB_final_lead_list_2026-08-28.xlsx
TL000370,41 - 50,"06. 40,001-50,000",พนักงานและลูกจ้างในบริษัท,ธนาคารออมสินภาค 10,สินเชื่อเคหะ,DCO2026,2026-08-28 09:00:00,marketing.gsb,GSB_final_lead_list_2026-08-28.xlsx
TL000371,51 - 60,"05. 30,001-40,000",ผู้ประกอบธุรกิจ / เจ้าของกิจการ,ธนาคารออมสินภาค 10,สินเชื่อเคหะ,DCO2026,2026-08-28 09:00:00,marketing.gsb,GSB_final_lead_list_2026-08-28.xlsx
TL000372,51 - 60,"04. 20,001-30,000",ประกอบอาชีพอิสระ,ธนาคารออมสินภาค 10,สินเชื่อเคหะ,DCO2026,2026-08-28 09:00:00,marketing.gsb,GSB_final_lead_list_2026-08-28.xlsx
TL000373,31 - 40,"02. 5,001-10,000",พนักงานและลูกจ้างในบริษัท,ธนาคารออมสินภาค 11,สินเชื่อเคหะ,DCO2026,2026-08-28 09:00:00,marketing.gsb,GSB_final_lead_list_2026-08-28.xlsx
TL000374,31 - 40,"04. 20,001-30,000",พนักงานและลูกจ้างในบริษัท,ธนาคารออมสินภาค 13,สินเชื่อเคหะ,DCO2026,2026-08-28 09:00:00,marketing.gsb,GSB_final_lead_list_2026-08-28.xlsx
TL000375,41 - 50,"02. 5,001-10,000",ผู้รับจ้างทั่วไป / ผู้ใช้แรงงาน,ธนาคารออมสินภาค 12,สินเชื่อเคหะ,DCO2026,2026-08-28 09:00:00,marketing.gsb,GSB_final_lead_list_2026-08-28.xlsx
TL000376,20 - 30,"07. >50,000",ผู้รับจ้างทั่วไป / ผู้ใช้แรงงาน,ธนาคารออมสินภาค 10,สินเชื่อเคหะ,DCO2026,2026-08-28 09:00:00,marketing.gsb,GSB_final_lead_list_2026-08-28.xlsx
TL000377,41 - 50,"05. 30,001-40,000",พนักงานและลูกจ้างในบริษัท,ธนาคารออมสินภาค 10,สินเชื่อเคหะ,DCO2026,2026-08-28 09:00:00,marketing.gsb,GSB_final_lead_list_2026-08-28.xlsx
TL000378,20 - 30,"04. 20,001-30,000",ผู้ประกอบธุรกิจ / เจ้าของกิจการ,ธนาคารออมสินภาค 11,สินเชื่อเคหะ,DCO2026,2026-08-28 09:00:00,marketing.gsb,GSB_final_lead_list_2026-08-28.xlsx
TL000379,20 - 30,"05. 30,001-40,000",ข้าราชการและลูกจ้างในหน่วยงานของรัฐ,ธนาคารออมสินภาค 10,สินเชื่อเคหะ,DCO2026,2026-08-28 09:00:00,marketing.gsb,GSB_final_lead_list_2026-08-28.xlsx
TL000380,31 - 40,"04. 20,001-30,000",พนักงานและลูกจ้างในหน่วยงานรัฐวิสาหกิจ,ธนาคารออมสินภาค 13,สินเชื่อเคหะ,DCO2026,2026-08-28 09:00:00,marketing.gsb,GSB_final_lead_list_2026-08-28.xlsx
TL000381,51 - 60,"03. 10,001-20,000",ผู้รับจ้างทั่วไป / ผู้ใช้แรงงาน,ธนาคารออมสินภาค 1,สินเชื่อเคหะ,DCO2026,2026-08-28 09:00:00,marketing.gsb,GSB_final_lead_list_2026-08-28.xlsx
TL000382,Under 20,"05. 30,001-40,000",พนักงานและลูกจ้างในหน่วยงานรัฐวิสาหกิจ,ธนาคารออมสินภาค 11,สินเชื่อเคหะ,DCO2026,2026-08-28 09:00:00,marketing.gsb,GSB_final_lead_list_2026-08-28.xlsx
TL000383,31 - 40,"02. 5,001-10,000",พนักงานและลูกจ้างในบริษัท,ธนาคารออมสินภาค 12,สินเชื่อเคหะ,DCO2026,2026-08-28 09:00:00,marketing.gsb,GSB_final_lead_list_2026-08-28.xlsx
TL000384,31 - 40,"01. 0-5,000",ผู้รับจ้างทั่วไป / ผู้ใช้แรงงาน,ธนาคารออมสินภาค 13,สินเชื่อเคหะ,DCO2026,2026-08-28 09:00:00,marketing.gsb,GSB_final_lead_list_2026-08-28.xlsx
TL000385,61 - 65,"05. 30,001-40,000",พนักงานและลูกจ้างในหน่วยงานรัฐวิสาหกิจ,ธนาคารออมสินภาค 12,สินเชื่อเคหะ,DCO2026,2026-08-28 09:00:00,marketing.gsb,GSB_final_lead_list_2026-08-28.xlsx
TL000386,31 - 40,"06. 40,001-50,000",ผู้รับจ้างทั่วไป / ผู้ใช้แรงงาน,ธนาคารออมสินภาค 11,สินเชื่อเคหะ,DCO2026,2026-08-28 09:00:00,marketing.gsb,GSB_final_lead_list_2026-08-28.xlsx
TL000387,31 - 40,"05. 30,001-40,000",ประกอบอาชีพอิสระ,ธนาคารออมสินภาค 12,สินเชื่อเคหะ,DCO2026,2026-08-28 09:00:00,marketing.gsb,GSB_final_lead_list_2026-08-28.xlsx
TL000388,20 - 30,"04. 20,001-30,000",ผู้ประกอบธุรกิจ / เจ้าของกิจการ,ธนาคารออมสินภาค 10,สินเชื่อเคหะ,DCO2026,2026-08-28 09:00:00,marketing.gsb,GSB_final_lead_list_2026-08-28.xlsx
TL000389,31 - 40,"04. 20,001-30,000",ประกอบวิชาชีพเฉพาะ,ธนาคารออมสินภาค 13,สินเชื่อเคหะ,DCO2026,2026-08-28 09:00:00,marketing.gsb,GSB_final_lead_list_2026-08-28.xlsx
TL000390,31 - 40,"02. 5,001-10,000",พนักงานและลูกจ้างในหน่วยงานรัฐวิสาหกิจ,ธนาคารออมสินภาค 12,สินเชื่อเคหะ,DCO2026,2026-08-28 09:00:00,marketing.gsb,GSB_final_lead_list_2026-08-28.xlsx
TL000391,61 - 65,"04. 20,001-30,000",พนักงานและลูกจ้างในบริษัท,ธนาคารออมสินภาค 10,สินเชื่อเคหะ,DCO2026,2026-08-28 09:00:00,marketing.gsb,GSB_final_lead_list_2026-08-28.xlsx
TL000392,20 - 30,"06. 40,001-50,000",พนักงานและลูกจ้างในหน่วยงานรัฐวิสาหกิจ,ธนาคารออมสินภาค 10,สินเชื่อเคหะ,DCO2026,2026-08-28 09:00:00,marketing.gsb,GSB_final_lead_list_2026-08-28.xlsx
TL000393,41 - 50,"04. 20,001-30,000",พนักงานและลูกจ้างในบริษัท,ธนาคารออมสินภาค 13,สินเชื่อเคหะ,DCO2026,2026-08-28 09:00:00,marketing.gsb,GSB_final_lead_list_2026-08-28.xlsx
TL000394,20 - 30,"01. 0-5,000",พนักงานและลูกจ้างในบริษัท,ธนาคารออมสินภาค 13,สินเชื่อเคหะ,DCO2026,2026-08-28 09:00:00,marketing.gsb,GSB_final_lead_list_2026-08-28.xlsx
TL000395,20 - 30,"02. 5,001-10,000",ประกอบวิชาชีพเฉพาะ,ธนาคารออมสินภาค 10,สินเชื่อเคหะ,DCO2026,2026-08-28 09:00:00,marketing.gsb,GSB_final_lead_list_2026-08-28.xlsx
TL000396,65 Up,"02. 5,001-10,000",ประกอบอาชีพอิสระ,ธนาคารออมสินภาค 10,สินเชื่อเคหะ,DCO2026,2026-08-28 09:00:00,marketing.gsb,GSB_final_lead_list_2026-08-28.xlsx
TL000397,31 - 40,"06. 40,001-50,000",พนักงานและลูกจ้างในบริษัท,ธนาคารออมสินภาค 12,สินเชื่อเคหะ,DCO2026,2026-08-28 09:00:00,marketing.gsb,GSB_final_lead_list_2026-08-28.xlsx
TL000398,31 - 40,"06. 40,001-50,000",พนักงานและลูกจ้างในหน่วยงานรัฐวิสาหกิจ,ธนาคารออมสินภาค 10,สินเชื่อเคหะ,DCO2026,2026-08-28 09:00:00,marketing.gsb,GSB_final_lead_list_2026-08-28.xlsx
TL000399,31 - 40,"04. 20,001-30,000",ประกอบวิชาชีพเฉพาะ,ธนาคารออมสินภาค 10,สินเชื่อเคหะ,DCO2026,2026-08-28 09:00:00,marketing.gsb,GSB_final_lead_list_2026-08-28.xlsx
TL000400,20 - 30,"04. 20,001-30,000",พนักงานและลูกจ้างในหน่วยงานรัฐวิสาหกิจ,ธนาคารออมสินภาค 13,สินเชื่อเคหะ,DCO2026,2026-08-28 09:00:00,marketing.gsb,GSB_final_lead_list_2026-08-28.xlsx
TL000401,41 - 50,"03. 10,001-20,000",พนักงานและลูกจ้างในบริษัท,ธนาคารออมสินภาค 13,สินเชื่อเคหะ,DCO2026,2026-08-28 09:00:00,marketing.gsb,GSB_final_lead_list_2026-08-28.xlsx
TL000402,41 - 50,"01. 0-5,000",พนักงานและลูกจ้างในบริษัท,ธนาคารออมสินภาค 13,สินเชื่อเคหะ,DCO2026,2026-08-28 09:00:00,marketing.gsb,GSB_final_lead_list_2026-08-28.xlsx
TL000403,41 - 50,"05. 30,001-40,000",ผู้ประกอบธุรกิจ / เจ้าของกิจการ,ธนาคารออมสินภาค 10,สินเชื่อเคหะ,DCO2026,2026-08-28 09:00:00,marketing.gsb,GSB_final_lead_list_2026-08-28.xlsx
TL000404,41 - 50,"02. 5,001-10,000",ข้าราชการและลูกจ้างในหน่วยงานของรัฐ,ธนาคารออมสินภาค 13,สินเชื่อเคหะ,DCO2026,2026-08-28 09:00:00,marketing.gsb,GSB_final_lead_list_2026-08-28.xlsx
TL000405,31 - 40,"01. 0-5,000",พนักงานและลูกจ้างในหน่วยงานรัฐวิสาหกิจ,ธนาคารออมสินภาค 1,สินเชื่อเคหะ,DCO2026,2026-08-28 09:00:00,marketing.gsb,GSB_final_lead_list_2026-08-28.xlsx
TL000406,20 - 30,"04. 20,001-30,000",ผู้ประกอบธุรกิจ / เจ้าของกิจการ,ธนาคารออมสินภาค 13,สินเชื่อเคหะ,DCO2026,2026-08-28 09:00:00,marketing.gsb,GSB_final_lead_list_2026-08-28.xlsx
TL000407,41 - 50,"05. 30,001-40,000",ผู้ประกอบธุรกิจ / เจ้าของกิจการ,ธนาคารออมสินภาค 1,สินเชื่อเคหะ,DCO2026,2026-08-28 09:00:00,marketing.gsb,GSB_final_lead_list_2026-08-28.xlsx
TL000408,31 - 40,"03. 10,001-20,000",ข้าราชการและลูกจ้างในหน่วยงานของรัฐ,ธนาคารออมสินภาค 10,สินเชื่อเคหะ,DCO2026,2026-08-28 09:00:00,marketing.gsb,GSB_final_lead_list_2026-08-28.xlsx
TL000409,20 - 30,"04. 20,001-30,000",พนักงานและลูกจ้างในบริษัท,ธนาคารออมสินภาค 13,สินเชื่อเคหะ,DCO2026,2026-08-28 09:00:00,marketing.gsb,GSB_final_lead_list_2026-08-28.xlsx
TL000410,51 - 60,"05. 30,001-40,000",ข้าราชการและลูกจ้างในหน่วยงานของรัฐ,ธนาคารออมสินภาค 13,สินเชื่อเคหะ,DCO2026,2026-08-28 09:00:00,marketing.gsb,GSB_final_lead_list_2026-08-28.xlsx
TL000411,31 - 40,"05. 30,001-40,000",ประกอบอาชีพอิสระ,ธนาคารออมสินภาค 10,สินเชื่อเคหะ,DCO2026,2026-08-28 09:00:00,marketing.gsb,GSB_final_lead_list_2026-08-28.xlsx
TL000412,31 - 40,"04. 20,001-30,000",ผู้รับจ้างทั่วไป / ผู้ใช้แรงงาน,ธนาคารออมสินภาค 13,สินเชื่อเคหะ,DCO2026,2026-08-28 09:00:00,marketing.gsb,GSB_final_lead_list_2026-08-28.xlsx
TL000413,51 - 60,"05. 30,001-40,000",ผู้ประกอบธุรกิจ / เจ้าของกิจการ,ธนาคารออมสินภาค 12,สินเชื่อเคหะ,DCO2026,2026-08-28 09:00:00,marketing.gsb,GSB_final_lead_list_2026-08-28.xlsx
TL000414,31 - 40,"04. 20,001-30,000",ประกอบวิชาชีพเฉพาะ,ธนาคารออมสินภาค 10,สินเชื่อเคหะ,DCO2026,2026-08-28 09:00:00,marketing.gsb,GSB_final_lead_list_2026-08-28.xlsx
TL000415,Under 20,"06. 40,001-50,000",ประกอบอาชีพอิสระ,ธนาคารออมสินภาค 13,สินเชื่อเคหะ,DCO2026,2026-08-28 09:00:00,marketing.gsb,GSB_final_lead_list_2026-08-28.xlsx
TL000416,31 - 40,"01. 0-5,000",พนักงานและลูกจ้างในบริษัท,ธนาคารออมสินภาค 1,สินเชื่อเคหะ,DCO2026,2026-08-28 09:00:00,marketing.gsb,GSB_final_lead_list_2026-08-28.xlsx
TL000417,31 - 40,"05. 30,001-40,000",ประกอบอาชีพอิสระ,ธนาคารออมสินภาค 1,สินเชื่อเคหะ,DCO2026,2026-08-28 09:00:00,marketing.gsb,GSB_final_lead_list_2026-08-28.xlsx
TL000418,41 - 50,"05. 30,001-40,000",พนักงานและลูกจ้างในหน่วยงานรัฐวิสาหกิจ,ธนาคารออมสินภาค 1,สินเชื่อเคหะ,DCO2026,2026-08-28 09:00:00,marketing.gsb,GSB_final_lead_list_2026-08-28.xlsx
TL000419,61 - 65,"05. 30,001-40,000",ประกอบวิชาชีพเฉพาะ,ธนาคารออมสินภาค 12,สินเชื่อเคหะ,DCO2026,2026-08-28 09:00:00,marketing.gsb,GSB_final_lead_list_2026-08-28.xlsx
TL000420,20 - 30,"04. 20,001-30,000",พนักงานและลูกจ้างในหน่วยงานรัฐวิสาหกิจ,ธนาคารออมสินภาค 11,สินเชื่อเคหะ,DCO2026,2026-08-28 09:00:00,marketing.gsb,GSB_final_lead_list_2026-08-28.xlsx
TL000421,61 - 65,"06. 40,001-50,000",ผู้รับจ้างทั่วไป / ผู้ใช้แรงงาน,ธนาคารออมสินภาค 11,สินเชื่อเคหะ,DCO2026,2026-08-28 09:00:00,marketing.gsb,GSB_final_lead_list_2026-08-28.xlsx
TL000422,31 - 40,"04. 20,001-30,000",ประกอบวิชาชีพเฉพาะ,ธนาคารออมสินภาค 13,สินเชื่อเคหะ,DCO2026,2026-08-28 09:00:00,marketing.gsb,GSB_final_lead_list_2026-08-28.xlsx
TL000423,31 - 40,"06. 40,001-50,000",ผู้ประกอบธุรกิจ / เจ้าของกิจการ,ธนาคารออมสินภาค 12,สินเชื่อเคหะ,DCO2026,2026-08-28 09:00:00,marketing.gsb,GSB_final_lead_list_2026-08-28.xlsx
TL000424,20 - 30,"01. 0-5,000",ผู้ประกอบธุรกิจ / เจ้าของกิจการ,ธนาคารออมสินภาค 13,สินเชื่อเคหะ,DCO2026,2026-08-28 09:00:00,marketing.gsb,GSB_final_lead_list_2026-08-28.xlsx
TL000425,51 - 60,"04. 20,001-30,000",พนักงานและลูกจ้างในหน่วยงานรัฐวิสาหกิจ,ธนาคารออมสินภาค 13,สินเชื่อเคหะ,DCO2026,2026-08-28 09:00:00,marketing.gsb,GSB_final_lead_list_2026-08-28.xlsx
TL000426,31 - 40,"04. 20,001-30,000",ผู้รับจ้างทั่วไป / ผู้ใช้แรงงาน,ธนาคารออมสินภาค 13,สินเชื่อเคหะ,DCO2026,2026-08-28 09:00:00,marketing.gsb,GSB_final_lead_list_2026-08-28.xlsx
TL000427,20 - 30,"02. 5,001-10,000",พนักงานและลูกจ้างในบริษัท,ธนาคารออมสินภาค 10,สินเชื่อเคหะ,DCO2026,2026-08-28 09:00:00,marketing.gsb,GSB_final_lead_list_2026-08-28.xlsx
TL000428,51 - 60,"07. >50,000",พนักงานและลูกจ้างในบริษัท,ธนาคารออมสินภาค 11,สินเชื่อเคหะ,DCO2026,2026-08-28 09:00:00,marketing.gsb,GSB_final_lead_list_2026-08-28.xlsx
TL000429,31 - 40,"05. 30,001-40,000",พนักงานและลูกจ้างในบริษัท,ธนาคารออมสินภาค 13,สินเชื่อเคหะ,DCO2026,2026-08-28 09:00:00,marketing.gsb,GSB_final_lead_list_2026-08-28.xlsx
TL000430,41 - 50,"04. 20,001-30,000",ผู้รับจ้างทั่วไป / ผู้ใช้แรงงาน,ธนาคารออมสินภาค 10,สินเชื่อเคหะ,DCO2026,2026-08-28 09:00:00,marketing.gsb,GSB_final_lead_list_2026-08-28.xlsx
TL000431,65 Up,"01. 0-5,000",ผู้รับจ้างทั่วไป / ผู้ใช้แรงงาน,ธนาคารออมสินภาค 13,สินเชื่อเคหะ,DCO2026,2026-08-28 09:00:00,marketing.gsb,GSB_final_lead_list_2026-08-28.xlsx
TL000432,Under 20,"06. 40,001-50,000",ประกอบวิชาชีพเฉพาะ,ธนาคารออมสินภาค 11,สินเชื่อเคหะ,DCO2026,2026-08-28 09:00:00,marketing.gsb,GSB_final_lead_list_2026-08-28.xlsx
TL000433,20 - 30,"01. 0-5,000",ประกอบอาชีพอิสระ,ธนาคารออมสินภาค 11,สินเชื่อเคหะ,DCO2026,2026-08-28 09:00:00,marketing.gsb,GSB_final_lead_list_2026-08-28.xlsx
TL000434,41 - 50,"04. 20,001-30,000",ข้าราชการและลูกจ้างในหน่วยงานของรัฐ,ธนาคารออมสินภาค 10,สินเชื่อเคหะ,DCO2026,2026-08-28 09:00:00,marketing.gsb,GSB_final_lead_list_2026-08-28.xlsx
TL000435,61 - 65,"02. 5,001-10,000",ประกอบวิชาชีพเฉพาะ,ธนาคารออมสินภาค 11,สินเชื่อเคหะ,DCO2026,2026-08-28 09:00:00,marketing.gsb,GSB_final_lead_list_2026-08-28.xlsx
TL000436,51 - 60,"05. 30,001-40,000",พนักงานและลูกจ้างในหน่วยงานรัฐวิสาหกิจ,ธนาคารออมสินภาค 1,สินเชื่อเคหะ,DCO2026,2026-08-28 09:00:00,marketing.gsb,GSB_final_lead_list_2026-08-28.xlsx
TL000437,20 - 30,"04. 20,001-30,000",ข้าราชการและลูกจ้างในหน่วยงานของรัฐ,ธนาคารออมสินภาค 11,สินเชื่อเคหะ,DCO2026,2026-08-28 09:00:00,marketing.gsb,GSB_final_lead_list_2026-08-28.xlsx
TL000438,20 - 30,"05. 30,001-40,000",ประกอบอาชีพอิสระ,ธนาคารออมสินภาค 12,สินเชื่อเคหะ,DCO2026,2026-08-28 09:00:00,marketing.gsb,GSB_final_lead_list_2026-08-28.xlsx
TL000439,20 - 30,"05. 30,001-40,000",ข้าราชการและลูกจ้างในหน่วยงานของรัฐ,ธนาคารออมสินภาค 13,สินเชื่อเคหะ,DCO2026,2026-08-28 09:00:00,marketing.gsb,GSB_final_lead_list_2026-08-28.xlsx
TL000440,61 - 65,"05. 30,001-40,000",ประกอบอาชีพอิสระ,ธนาคารออมสินภาค 1,สินเชื่อเคหะ,DCO2026,2026-08-28 09:00:00,marketing.gsb,GSB_final_lead_list_2026-08-28.xlsx
TL000441,61 - 65,"05. 30,001-40,000",ผู้รับจ้างทั่วไป / ผู้ใช้แรงงาน,ธนาคารออมสินภาค 12,สินเชื่อเคหะ,DCO2026,2026-08-28 09:00:00,marketing.gsb,GSB_final_lead_list_2026-08-28.xlsx
TL000442,61 - 65,"04. 20,001-30,000",ผู้รับจ้างทั่วไป / ผู้ใช้แรงงาน,ธนาคารออมสินภาค 11,สินเชื่อเคหะ,DCO2026,2026-08-28 09:00:00,marketing.gsb,GSB_final_lead_list_2026-08-28.xlsx
TL000443,31 - 40,"04. 20,001-30,000",ผู้ประกอบธุรกิจ / เจ้าของกิจการ,ธนาคารออมสินภาค 12,สินเชื่อเคหะ,DCO2026,2026-08-28 09:00:00,marketing.gsb,GSB_final_lead_list_2026-08-28.xlsx
TL000444,31 - 40,"04. 20,001-30,000",พนักงานและลูกจ้างในบริษัท,ธนาคารออมสินภาค 1,สินเชื่อเคหะ,DCO2026,2026-08-28 09:00:00,marketing.gsb,GSB_final_lead_list_2026-08-28.xlsx
TL000445,20 - 30,"06. 40,001-50,000",ผู้ประกอบธุรกิจ / เจ้าของกิจการ,ธนาคารออมสินภาค 11,สินเชื่อเคหะ,DCO2026,2026-08-28 09:00:00,marketing.gsb,GSB_final_lead_list_2026-08-28.xlsx
TL000446,31 - 40,"05. 30,001-40,000",ผู้ประกอบธุรกิจ / เจ้าของกิจการ,ธนาคารออมสินภาค 13,สินเชื่อเคหะ,DCO2026,2026-08-28 09:00:00,marketing.gsb,GSB_final_lead_list_2026-08-28.xlsx
TL000447,31 - 40,"05. 30,001-40,000",พนักงานและลูกจ้างในบริษัท,ธนาคารออมสินภาค 1,สินเชื่อเคหะ,DCO2026,2026-08-28 09:00:00,marketing.gsb,GSB_final_lead_list_2026-08-28.xlsx
TL000448,20 - 30,"05. 30,001-40,000",ข้าราชการและลูกจ้างในหน่วยงานของรัฐ,ธนาคารออมสินภาค 12,สินเชื่อเคหะ,DCO2026,2026-08-28 09:00:00,marketing.gsb,GSB_final_lead_list_2026-08-28.xlsx
TL000449,41 - 50,"03. 10,001-20,000",พนักงานและลูกจ้างในบริษัท,ธนาคารออมสินภาค 12,สินเชื่อเคหะ,DCO2026,2026-08-28 09:00:00,marketing.gsb,GSB_final_lead_list_2026-08-28.xlsx
TL000450,31 - 40,"01. 0-5,000",ผู้ประกอบธุรกิจ / เจ้าของกิจการ,ธนาคารออมสินภาค 1,สินเชื่อเคหะ,DCO2026,2026-08-28 09:00:00,marketing.gsb,GSB_final_lead_list_2026-08-28.xlsx
TL000451,31 - 40,"05. 30,001-40,000",ประกอบอาชีพอิสระ,ธนาคารออมสินภาค 13,สินเชื่อเคหะ,DCO2026,2026-08-28 09:00:00,marketing.gsb,GSB_final_lead_list_2026-08-28.xlsx
TL000452,41 - 50,"06. 40,001-50,000",พนักงานและลูกจ้างในหน่วยงานรัฐวิสาหกิจ,ธนาคารออมสินภาค 11,สินเชื่อเคหะ,DCO2026,2026-08-28 09:00:00,marketing.gsb,GSB_final_lead_list_2026-08-28.xlsx
TL000453,41 - 50,"05. 30,001-40,000",ประกอบอาชีพอิสระ,ธนาคารออมสินภาค 11,สินเชื่อเคหะ,DCO2026,2026-08-28 09:00:00,marketing.gsb,GSB_final_lead_list_2026-08-28.xlsx
TL000454,65 Up,"02. 5,001-10,000",ผู้ประกอบธุรกิจ / เจ้าของกิจการ,ธนาคารออมสินภาค 11,สินเชื่อเคหะ,DCO2026,2026-08-28 09:00:00,marketing.gsb,GSB_final_lead_list_2026-08-28.xlsx
TL000455,61 - 65,"05. 30,001-40,000",พนักงานและลูกจ้างในบริษัท,ธนาคารออมสินภาค 12,สินเชื่อเคหะ,DCO2026,2026-08-28 09:00:00,marketing.gsb,GSB_final_lead_list_2026-08-28.xlsx
TL000456,41 - 50,"02. 5,001-10,000",ผู้ประกอบธุรกิจ / เจ้าของกิจการ,ธนาคารออมสินภาค 12,สินเชื่อเคหะ,DCO2026,2026-08-28 09:00:00,marketing.gsb,GSB_final_lead_list_2026-08-28.xlsx
TL000457,41 - 50,"05. 30,001-40,000",ข้าราชการและลูกจ้างในหน่วยงานของรัฐ,ธนาคารออมสินภาค 1,สินเชื่อเคหะ,DCO2026,2026-08-28 09:00:00,marketing.gsb,GSB_final_lead_list_2026-08-28.xlsx
TL000458,31 - 40,"04. 20,001-30,000",ผู้ประกอบธุรกิจ / เจ้าของกิจการ,ธนาคารออมสินภาค 12,สินเชื่อเคหะ,DCO2026,2026-08-28 09:00:00,marketing.gsb,GSB_final_lead_list_2026-08-28.xlsx
TL000459,31 - 40,"04. 20,001-30,000",ผู้ประกอบธุรกิจ / เจ้าของกิจการ,ธนาคารออมสินภาค 11,สินเชื่อเคหะ,DCO2026,2026-08-28 09:00:00,marketing.gsb,GSB_final_lead_list_2026-08-28.xlsx
TL000460,41 - 50,"05. 30,001-40,000",ผู้ประกอบธุรกิจ / เจ้าของกิจการ,ธนาคารออมสินภาค 11,สินเชื่อเคหะ,DCO2026,2026-08-28 09:00:00,marketing.gsb,GSB_final_lead_list_2026-08-28.xlsx
TL000461,31 - 40,"05. 30,001-40,000",ผู้ประกอบธุรกิจ / เจ้าของกิจการ,ธนาคารออมสินภาค 10,สินเชื่อเคหะ,DCO2026,2026-08-28 09:00:00,marketing.gsb,GSB_final_lead_list_2026-08-28.xlsx
TL000462,61 - 65,"02. 5,001-10,000",ข้าราชการและลูกจ้างในหน่วยงานของรัฐ,ธนาคารออมสินภาค 1,สินเชื่อเคหะ,DCO2026,2026-08-28 09:00:00,marketing.gsb,GSB_final_lead_list_2026-08-28.xlsx
TL000463,65 Up,"06. 40,001-50,000",พนักงานและลูกจ้างในบริษัท,ธนาคารออมสินภาค 12,สินเชื่อเคหะ,DCO2026,2026-08-28 09:00:00,marketing.gsb,GSB_final_lead_list_2026-08-28.xlsx
TL000464,31 - 40,"05. 30,001-40,000",ข้าราชการและลูกจ้างในหน่วยงานของรัฐ,ธนาคารออมสินภาค 1,สินเชื่อเคหะ,DCO2026,2026-08-28 09:00:00,marketing.gsb,GSB_final_lead_list_2026-08-28.xlsx
TL000465,20 - 30,"01. 0-5,000",ผู้รับจ้างทั่วไป / ผู้ใช้แรงงาน,ธนาคารออมสินภาค 11,สินเชื่อเคหะ,DCO2026,2026-08-28 09:00:00,marketing.gsb,GSB_final_lead_list_2026-08-28.xlsx
TL000466,41 - 50,"02. 5,001-10,000",ผู้ประกอบธุรกิจ / เจ้าของกิจการ,ธนาคารออมสินภาค 10,สินเชื่อเคหะ,DCO2026,2026-08-28 09:00:00,marketing.gsb,GSB_final_lead_list_2026-08-28.xlsx
TL000467,31 - 40,"02. 5,001-10,000",พนักงานและลูกจ้างในบริษัท,ธนาคารออมสินภาค 1,สินเชื่อเคหะ,DCO2026,2026-08-28 09:00:00,marketing.gsb,GSB_final_lead_list_2026-08-28.xlsx
TL000468,20 - 30,"07. >50,000",ประกอบวิชาชีพเฉพาะ,ธนาคารออมสินภาค 1,สินเชื่อเคหะ,DCO2026,2026-08-28 09:00:00,marketing.gsb,GSB_final_lead_list_2026-08-28.xlsx
TL000469,41 - 50,"04. 20,001-30,000",ข้าราชการและลูกจ้างในหน่วยงานของรัฐ,ธนาคารออมสินภาค 12,สินเชื่อเคหะ,DCO2026,2026-08-28 09:00:00,marketing.gsb,GSB_final_lead_list_2026-08-28.xlsx
TL000470,20 - 30,"05. 30,001-40,000",ข้าราชการและลูกจ้างในหน่วยงานของรัฐ,ธนาคารออมสินภาค 11,สินเชื่อเคหะ,DCO2026,2026-08-28 09:00:00,marketing.gsb,GSB_final_lead_list_2026-08-28.xlsx
TL000471,20 - 30,"02. 5,001-10,000",ผู้ประกอบธุรกิจ / เจ้าของกิจการ,ธนาคารออมสินภาค 13,สินเชื่อเคหะ,DCO2026,2026-08-28 09:00:00,marketing.gsb,GSB_final_lead_list_2026-08-28.xlsx
TL000472,41 - 50,"01. 0-5,000",ข้าราชการและลูกจ้างในหน่วยงานของรัฐ,ธนาคารออมสินภาค 12,สินเชื่อเคหะ,DCO2026,2026-08-28 09:00:00,marketing.gsb,GSB_final_lead_list_2026-08-28.xlsx
TL000473,41 - 50,"01. 0-5,000",ข้าราชการและลูกจ้างในหน่วยงานของรัฐ,ธนาคารออมสินภาค 11,สินเชื่อเคหะ,DCO2026,2026-08-28 09:00:00,marketing.gsb,GSB_final_lead_list_2026-08-28.xlsx
TL000474,31 - 40,"05. 30,001-40,000",ผู้รับจ้างทั่วไป / ผู้ใช้แรงงาน,ธนาคารออมสินภาค 11,สินเชื่อเคหะ,DCO2026,2026-08-28 09:00:00,marketing.gsb,GSB_final_lead_list_2026-08-28.xlsx
TL000475,31 - 40,"03. 10,001-20,000",ประกอบวิชาชีพเฉพาะ,ธนาคารออมสินภาค 11,สินเชื่อเคหะ,DCO2026,2026-08-28 09:00:00,marketing.gsb,GSB_final_lead_list_2026-08-28.xlsx
TL000476,41 - 50,"06. 40,001-50,000",ประกอบอาชีพอิสระ,ธนาคารออมสินภาค 13,สินเชื่อเคหะ,DCO2026,2026-08-28 09:00:00,marketing.gsb,GSB_final_lead_list_2026-08-28.xlsx
TL000477,41 - 50,"02. 5,001-10,000",ข้าราชการและลูกจ้างในหน่วยงานของรัฐ,ธนาคารออมสินภาค 10,สินเชื่อเคหะ,DCO2026,2026-08-28 09:00:00,marketing.gsb,GSB_final_lead_list_2026-08-28.xlsx
TL000478,51 - 60,"04. 20,001-30,000",ประกอบวิชาชีพเฉพาะ,ธนาคารออมสินภาค 1,สินเชื่อเคหะ,DCO2026,2026-08-28 09:00:00,marketing.gsb,GSB_final_lead_list_2026-08-28.xlsx
TL000479,31 - 40,"04. 20,001-30,000",ประกอบอาชีพอิสระ,ธนาคารออมสินภาค 13,สินเชื่อเคหะ,DCO2026,2026-08-28 09:00:00,marketing.gsb,GSB_final_lead_list_2026-08-28.xlsx
TL000480,20 - 30,"01. 0-5,000",พนักงานและลูกจ้างในหน่วยงานรัฐวิสาหกิจ,ธนาคารออมสินภาค 13,สินเชื่อเคหะ,DCO2026,2026-08-28 09:00:00,marketing.gsb,GSB_final_lead_list_2026-08-28.xlsx
TL000481,51 - 60,"02. 5,001-10,000",ประกอบวิชาชีพเฉพาะ,ธนาคารออมสินภาค 12,สินเชื่อเคหะ,DCO2026,2026-08-28 09:00:00,marketing.gsb,GSB_final_lead_list_2026-08-28.xlsx
TL000482,20 - 30,"06. 40,001-50,000",พนักงานและลูกจ้างในหน่วยงานรัฐวิสาหกิจ,ธนาคารออมสินภาค 12,สินเชื่อเคหะ,DCO2026,2026-08-28 09:00:00,marketing.gsb,GSB_final_lead_list_2026-08-28.xlsx
TL000483,31 - 40,"06. 40,001-50,000",ประกอบวิชาชีพเฉพาะ,ธนาคารออมสินภาค 10,สินเชื่อเคหะ,DCO2026,2026-08-28 09:00:00,marketing.gsb,GSB_final_lead_list_2026-08-28.xlsx
TL000484,20 - 30,"01. 0-5,000",พนักงานและลูกจ้างในหน่วยงานรัฐวิสาหกิจ,ธนาคารออมสินภาค 10,สินเชื่อเคหะ,DCO2026,2026-08-28 09:00:00,marketing.gsb,GSB_final_lead_list_2026-08-28.xlsx
TL000485,20 - 30,"06. 40,001-50,000",ประกอบอาชีพอิสระ,ธนาคารออมสินภาค 1,สินเชื่อเคหะ,DCO2026,2026-08-28 09:00:00,marketing.gsb,GSB_final_lead_list_2026-08-28.xlsx
TL000486,41 - 50,"04. 20,001-30,000",พนักงานและลูกจ้างในหน่วยงานรัฐวิสาหกิจ,ธนาคารออมสินภาค 11,สินเชื่อเคหะ,DCO2026,2026-08-28 09:00:00,marketing.gsb,GSB_final_lead_list_2026-08-28.xlsx
TL000487,20 - 30,"06. 40,001-50,000",ข้าราชการและลูกจ้างในหน่วยงานของรัฐ,ธนาคารออมสินภาค 12,สินเชื่อเคหะ,DCO2026,2026-08-28 09:00:00,marketing.gsb,GSB_final_lead_list_2026-08-28.xlsx
TL000488,20 - 30,"02. 5,001-10,000",ผู้รับจ้างทั่วไป / ผู้ใช้แรงงาน,ธนาคารออมสินภาค 1,สินเชื่อเคหะ,DCO2026,2026-08-28 09:00:00,marketing.gsb,GSB_final_lead_list_2026-08-28.xlsx
TL000489,31 - 40,"01. 0-5,000",พนักงานและลูกจ้างในบริษัท,ธนาคารออมสินภาค 1,สินเชื่อเคหะ,DCO2026,2026-08-28 09:00:00,marketing.gsb,GSB_final_lead_list_2026-08-28.xlsx
TL000490,31 - 40,"02. 5,001-10,000",ผู้ประกอบธุรกิจ / เจ้าของกิจการ,ธนาคารออมสินภาค 11,สินเชื่อเคหะ,DCO2026,2026-08-28 09:00:00,marketing.gsb,GSB_final_lead_list_2026-08-28.xlsx
TL000491,41 - 50,"02. 5,001-10,000",พนักงานและลูกจ้างในหน่วยงานรัฐวิสาหกิจ,ธนาคารออมสินภาค 12,สินเชื่อเคหะ,DCO2026,2026-08-28 09:00:00,marketing.gsb,GSB_final_lead_list_2026-08-28.xlsx
TL000492,61 - 65,"06. 40,001-50,000",ประกอบวิชาชีพเฉพาะ,ธนาคารออมสินภาค 1,สินเชื่อเคหะ,DCO2026,2026-08-28 09:00:00,marketing.gsb,GSB_final_lead_list_2026-08-28.xlsx
TL000493,20 - 30,"04. 20,001-30,000",พนักงานและลูกจ้างในบริษัท,ธนาคารออมสินภาค 12,สินเชื่อเคหะ,DCO2026,2026-08-28 09:00:00,marketing.gsb,GSB_final_lead_list_2026-08-28.xlsx
TL000494,20 - 30,"05. 30,001-40,000",ผู้รับจ้างทั่วไป / ผู้ใช้แรงงาน,ธนาคารออมสินภาค 13,สินเชื่อเคหะ,DCO2026,2026-08-28 09:00:00,marketing.gsb,GSB_final_lead_list_2026-08-28.xlsx
TL000495,31 - 40,"02. 5,001-10,000",ผู้ประกอบธุรกิจ / เจ้าของกิจการ,ธนาคารออมสินภาค 11,สินเชื่อเคหะ,DCO2026,2026-08-28 09:00:00,marketing.gsb,GSB_final_lead_list_2026-08-28.xlsx
TL000496,31 - 40,"01. 0-5,000",ผู้ประกอบธุรกิจ / เจ้าของกิจการ,ธนาคารออมสินภาค 12,สินเชื่อเคหะ,DCO2026,2026-08-28 09:00:00,marketing.gsb,GSB_final_lead_list_2026-08-28.xlsx
TL000497,41 - 50,"01. 0-5,000",ข้าราชการและลูกจ้างในหน่วยงานของรัฐ,ธนาคารออมสินภาค 12,สินเชื่อเคหะ,DCO2026,2026-08-28 09:00:00,marketing.gsb,GSB_final_lead_list_2026-08-28.xlsx
TL000498,Under 20,"04. 20,001-30,000",พนักงานและลูกจ้างในบริษัท,ธนาคารออมสินภาค 11,สินเชื่อเคหะ,DCO2026,2026-08-28 09:00:00,marketing.gsb,GSB_final_lead_list_2026-08-28.xlsx
TL000499,20 - 30,"02. 5,001-10,000",ประกอบวิชาชีพเฉพาะ,ธนาคารออมสินภาค 11,สินเชื่อเคหะ,DCO2026,2026-08-28 09:00:00,marketing.gsb,GSB_final_lead_list_2026-08-28.xlsx
TL000500,41 - 50,"03. 10,001-20,000",พนักงานและลูกจ้างในบริษัท,ธนาคารออมสินภาค 1,สินเชื่อเคหะ,DCO2026,2026-08-28 09:00:00,marketing.gsb,GSB_final_lead_list_2026-08-28.xlsx
TL000501,31 - 40,"06. 40,001-50,000",ผู้ประกอบธุรกิจ / เจ้าของกิจการ,ธนาคารออมสินภาค 13,สินเชื่อเคหะ,DCO2026,2026-08-28 09:00:00,marketing.gsb,GSB_final_lead_list_2026-08-28.xlsx
TL000502,41 - 50,"05. 30,001-40,000",ข้าราชการและลูกจ้างในหน่วยงานของรัฐ,ธนาคารออมสินภาค 11,สินเชื่อเคหะ,DCO2026,2026-08-28 09:00:00,marketing.gsb,GSB_final_lead_list_2026-08-28.xlsx
TL000503,41 - 50,"01. 0-5,000",พนักงานและลูกจ้างในบริษัท,ธนาคารออมสินภาค 13,สินเชื่อเคหะ,DCO2026,2026-08-28 09:00:00,marketing.gsb,GSB_final_lead_list_2026-08-28.xlsx
TL000504,20 - 30,"04. 20,001-30,000",ผู้รับจ้างทั่วไป / ผู้ใช้แรงงาน,ธนาคารออมสินภาค 10,สินเชื่อเคหะ,DCO2026,2026-08-28 09:00:00,marketing.gsb,GSB_final_lead_list_2026-08-28.xlsx
TL000505,20 - 30,"05. 30,001-40,000",พนักงานและลูกจ้างในหน่วยงานรัฐวิสาหกิจ,ธนาคารออมสินภาค 11,สินเชื่อเคหะ,DCO2026,2026-08-28 09:00:00,marketing.gsb,GSB_final_lead_list_2026-08-28.xlsx
TL000506,31 - 40,"03. 10,001-20,000",ผู้ประกอบธุรกิจ / เจ้าของกิจการ,ธนาคารออมสินภาค 10,สินเชื่อเคหะ,DCO2026,2026-08-28 09:00:00,marketing.gsb,GSB_final_lead_list_2026-08-28.xlsx
TL000507,61 - 65,"03. 10,001-20,000",ผู้รับจ้างทั่วไป / ผู้ใช้แรงงาน,ธนาคารออมสินภาค 1,สินเชื่อเคหะ,DCO2026,2026-08-28 09:00:00,marketing.gsb,GSB_final_lead_list_2026-08-28.xlsx
TL000508,31 - 40,"04. 20,001-30,000",ประกอบวิชาชีพเฉพาะ,ธนาคารออมสินภาค 1,สินเชื่อเคหะ,DCO2026,2026-08-28 09:00:00,marketing.gsb,GSB_final_lead_list_2026-08-28.xlsx
TL000509,20 - 30,"06. 40,001-50,000",ประกอบวิชาชีพเฉพาะ,ธนาคารออมสินภาค 11,สินเชื่อเคหะ,DCO2026,2026-08-28 09:00:00,marketing.gsb,GSB_final_lead_list_2026-08-28.xlsx
TL000510,20 - 30,"04. 20,001-30,000",ผู้ประกอบธุรกิจ / เจ้าของกิจการ,ธนาคารออมสินภาค 10,สินเชื่อเคหะ,DCO2026,2026-08-28 09:00:00,marketing.gsb,GSB_final_lead_list_2026-08-28.xlsx
TL000511,65 Up,"05. 30,001-40,000",พนักงานและลูกจ้างในบริษัท,ธนาคารออมสินภาค 11,สินเชื่อเคหะ,DCO2026,2026-08-28 09:00:00,marketing.gsb,GSB_final_lead_list_2026-08-28.xlsx
TL000512,61 - 65,"06. 40,001-50,000",ผู้รับจ้างทั่วไป / ผู้ใช้แรงงาน,ธนาคารออมสินภาค 12,สินเชื่อเคหะ,DCO2026,2026-08-28 09:00:00,marketing.gsb,GSB_final_lead_list_2026-08-28.xlsx
TL000513,51 - 60,"04. 20,001-30,000",พนักงานและลูกจ้างในหน่วยงานรัฐวิสาหกิจ,ธนาคารออมสินภาค 10,สินเชื่อเคหะ,DCO2026,2026-08-28 09:00:00,marketing.gsb,GSB_final_lead_list_2026-08-28.xlsx
TL000514,61 - 65,"06. 40,001-50,000",พนักงานและลูกจ้างในบริษัท,ธนาคารออมสินภาค 12,สินเชื่อเคหะ,DCO2026,2026-08-28 09:00:00,marketing.gsb,GSB_final_lead_list_2026-08-28.xlsx
TL000515,51 - 60,"05. 30,001-40,000",พนักงานและลูกจ้างในบริษัท,ธนาคารออมสินภาค 13,สินเชื่อเคหะ,DCO2026,2026-08-28 09:00:00,marketing.gsb,GSB_final_lead_list_2026-08-28.xlsx
TL000516,20 - 30,"02. 5,001-10,000",ข้าราชการและลูกจ้างในหน่วยงานของรัฐ,ธนาคารออมสินภาค 10,สินเชื่อเคหะ,DCO2026,2026-08-28 09:00:00,marketing.gsb,GSB_final_lead_list_2026-08-28.xlsx
TL000517,31 - 40,"04. 20,001-30,000",พนักงานและลูกจ้างในบริษัท,ธนาคารออมสินภาค 13,สินเชื่อเคหะ,DCO2026,2026-08-28 09:00:00,marketing.gsb,GSB_final_lead_list_2026-08-28.xlsx
TL000518,20 - 30,"03. 10,001-20,000",ผู้รับจ้างทั่วไป / ผู้ใช้แรงงาน,ธนาคารออมสินภาค 1,สินเชื่อเคหะ,DCO2026,2026-08-28 09:00:00,marketing.gsb,GSB_final_lead_list_2026-08-28.xlsx
TL000519,20 - 30,"02. 5,001-10,000",ข้าราชการและลูกจ้างในหน่วยงานของรัฐ,ธนาคารออมสินภาค 13,สินเชื่อเคหะ,DCO2026,2026-08-28 09:00:00,marketing.gsb,GSB_final_lead_list_2026-08-28.xlsx
TL000520,31 - 40,"02. 5,001-10,000",พนักงานและลูกจ้างในหน่วยงานรัฐวิสาหกิจ,ธนาคารออมสินภาค 11,สินเชื่อเคหะ,DCO2026,2026-08-28 09:00:00,marketing.gsb,GSB_final_lead_list_2026-08-28.xlsx
TL000521,41 - 50,"04. 20,001-30,000",ประกอบวิชาชีพเฉพาะ,ธนาคารออมสินภาค 10,สินเชื่อเคหะ,DCO2026,2026-08-28 09:00:00,marketing.gsb,GSB_final_lead_list_2026-08-28.xlsx
TL000522,41 - 50,"04. 20,001-30,000",พนักงานและลูกจ้างในบริษัท,ธนาคารออมสินภาค 1,สินเชื่อเคหะ,DCO2026,2026-08-28 09:00:00,marketing.gsb,GSB_final_lead_list_2026-08-28.xlsx
TL000523,41 - 50,"05. 30,001-40,000",ผู้รับจ้างทั่วไป / ผู้ใช้แรงงาน,ธนาคารออมสินภาค 11,สินเชื่อเคหะ,DCO2026,2026-08-28 09:00:00,marketing.gsb,GSB_final_lead_list_2026-08-28.xlsx
TL000524,41 - 50,"06. 40,001-50,000",ประกอบวิชาชีพเฉพาะ,ธนาคารออมสินภาค 13,สินเชื่อเคหะ,DCO2026,2026-08-28 09:00:00,marketing.gsb,GSB_final_lead_list_2026-08-28.xlsx
TL000525,31 - 40,"06. 40,001-50,000",ผู้รับจ้างทั่วไป / ผู้ใช้แรงงาน,ธนาคารออมสินภาค 13,สินเชื่อเคหะ,DCO2026,2026-08-28 09:00:00,marketing.gsb,GSB_final_lead_list_2026-08-28.xlsx
TL000526,31 - 40,"02. 5,001-10,000",ผู้ประกอบธุรกิจ / เจ้าของกิจการ,ธนาคารออมสินภาค 10,สินเชื่อเคหะ,DCO2026,2026-08-28 09:00:00,marketing.gsb,GSB_final_lead_list_2026-08-28.xlsx
TL000527,31 - 40,"07. >50,000",พนักงานและลูกจ้างในหน่วยงานรัฐวิสาหกิจ,ธนาคารออมสินภาค 13,สินเชื่อเคหะ,DCO2026,2026-08-28 09:00:00,marketing.gsb,GSB_final_lead_list_2026-08-28.xlsx
TL000528,61 - 65,"03. 10,001-20,000",ผู้ประกอบธุรกิจ / เจ้าของกิจการ,ธนาคารออมสินภาค 10,สินเชื่อเคหะ,DCO2026,2026-08-28 09:00:00,marketing.gsb,GSB_final_lead_list_2026-08-28.xlsx
TL000529,51 - 60,"05. 30,001-40,000",ประกอบอาชีพอิสระ,ธนาคารออมสินภาค 12,สินเชื่อเคหะ,DCO2026,2026-08-28 09:00:00,marketing.gsb,GSB_final_lead_list_2026-08-28.xlsx
TL000530,61 - 65,"06. 40,001-50,000",ผู้ประกอบธุรกิจ / เจ้าของกิจการ,ธนาคารออมสินภาค 12,สินเชื่อเคหะ,DCO2026,2026-08-28 09:00:00,marketing.gsb,GSB_final_lead_list_2026-08-28.xlsx
TL000531,31 - 40,"06. 40,001-50,000",ข้าราชการและลูกจ้างในหน่วยงานของรัฐ,ธนาคารออมสินภาค 12,สินเชื่อเคหะ,DCO2026,2026-08-28 09:00:00,marketing.gsb,GSB_final_lead_list_2026-08-28.xlsx
TL000532,20 - 30,"02. 5,001-10,000",ประกอบอาชีพอิสระ,ธนาคารออมสินภาค 10,สินเชื่อเคหะ,DCO2026,2026-08-28 09:00:00,marketing.gsb,GSB_final_lead_list_2026-08-28.xlsx
TL000533,20 - 30,"06. 40,001-50,000",พนักงานและลูกจ้างในหน่วยงานรัฐวิสาหกิจ,ธนาคารออมสินภาค 11,สินเชื่อเคหะ,DCO2026,2026-08-28 09:00:00,marketing.gsb,GSB_final_lead_list_2026-08-28.xlsx
TL000534,31 - 40,"04. 20,001-30,000",ผู้ประกอบธุรกิจ / เจ้าของกิจการ,ธนาคารออมสินภาค 13,สินเชื่อเคหะ,DCO2026,2026-08-28 09:00:00,marketing.gsb,GSB_final_lead_list_2026-08-28.xlsx
TL000535,31 - 40,"05. 30,001-40,000",ผู้รับจ้างทั่วไป / ผู้ใช้แรงงาน,ธนาคารออมสินภาค 13,สินเชื่อเคหะ,DCO2026,2026-08-28 09:00:00,marketing.gsb,GSB_final_lead_list_2026-08-28.xlsx
TL000536,31 - 40,"01. 0-5,000",พนักงานและลูกจ้างในบริษัท,ธนาคารออมสินภาค 1,สินเชื่อเคหะ,DCO2026,2026-08-28 09:00:00,marketing.gsb,GSB_final_lead_list_2026-08-28.xlsx
TL000537,Under 20,"02. 5,001-10,000",ประกอบวิชาชีพเฉพาะ,ธนาคารออมสินภาค 12,สินเชื่อเคหะ,DCO2026,2026-08-28 09:00:00,marketing.gsb,GSB_final_lead_list_2026-08-28.xlsx
TL000538,65 Up,"01. 0-5,000",ข้าราชการและลูกจ้างในหน่วยงานของรัฐ,ธนาคารออมสินภาค 11,สินเชื่อเคหะ,DCO2026,2026-08-28 09:00:00,marketing.gsb,GSB_final_lead_list_2026-08-28.xlsx
TL000539,31 - 40,"06. 40,001-50,000",ผู้รับจ้างทั่วไป / ผู้ใช้แรงงาน,ธนาคารออมสินภาค 10,สินเชื่อเคหะ,DCO2026,2026-08-28 09:00:00,marketing.gsb,GSB_final_lead_list_2026-08-28.xlsx
TL000540,61 - 65,"04. 20,001-30,000",พนักงานและลูกจ้างในหน่วยงานรัฐวิสาหกิจ,ธนาคารออมสินภาค 11,สินเชื่อเคหะ,DCO2026,2026-08-28 09:00:00,marketing.gsb,GSB_final_lead_list_2026-08-28.xlsx
TL000541,31 - 40,"05. 30,001-40,000",พนักงานและลูกจ้างในหน่วยงานรัฐวิสาหกิจ,ธนาคารออมสินภาค 12,สินเชื่อเคหะ,DCO2026,2026-08-28 09:00:00,marketing.gsb,GSB_final_lead_list_2026-08-28.xlsx
TL000542,51 - 60,"06. 40,001-50,000",ข้าราชการและลูกจ้างในหน่วยงานของรัฐ,ธนาคารออมสินภาค 1,สินเชื่อเคหะ,DCO2026,2026-08-28 09:00:00,marketing.gsb,GSB_final_lead_list_2026-08-28.xlsx
TL000543,31 - 40,"05. 30,001-40,000",ข้าราชการและลูกจ้างในหน่วยงานของรัฐ,ธนาคารออมสินภาค 11,สินเชื่อเคหะ,DCO2026,2026-08-28 09:00:00,marketing.gsb,GSB_final_lead_list_2026-08-28.xlsx
TL000544,31 - 40,"07. >50,000",ประกอบวิชาชีพเฉพาะ,ธนาคารออมสินภาค 13,สินเชื่อเคหะ,DCO2026,2026-08-28 09:00:00,marketing.gsb,GSB_final_lead_list_2026-08-28.xlsx
TL000545,51 - 60,"04. 20,001-30,000",ผู้ประกอบธุรกิจ / เจ้าของกิจการ,ธนาคารออมสินภาค 11,สินเชื่อเคหะ,DCO2026,2026-08-28 09:00:00,marketing.gsb,GSB_final_lead_list_2026-08-28.xlsx
TL000546,20 - 30,"04. 20,001-30,000",ผู้รับจ้างทั่วไป / ผู้ใช้แรงงาน,ธนาคารออมสินภาค 11,สินเชื่อเคหะ,DCO2026,2026-08-28 09:00:00,marketing.gsb,GSB_final_lead_list_2026-08-28.xlsx
TL000547,Under 20,"02. 5,001-10,000",พนักงานและลูกจ้างในบริษัท,ธนาคารออมสินภาค 12,สินเชื่อเคหะ,DCO2026,2026-08-28 09:00:00,marketing.gsb,GSB_final_lead_list_2026-08-28.xlsx
TL000548,31 - 40,"04. 20,001-30,000",ข้าราชการและลูกจ้างในหน่วยงานของรัฐ,ธนาคารออมสินภาค 1,สินเชื่อเคหะ,DCO2026,2026-08-28 09:00:00,marketing.gsb,GSB_final_lead_list_2026-08-28.xlsx
TL000549,41 - 50,"02. 5,001-10,000",ผู้ประกอบธุรกิจ / เจ้าของกิจการ,ธนาคารออมสินภาค 10,สินเชื่อเคหะ,DCO2026,2026-08-28 09:00:00,marketing.gsb,GSB_final_lead_list_2026-08-28.xlsx
TL000550,41 - 50,"05. 30,001-40,000",ประกอบวิชาชีพเฉพาะ,ธนาคารออมสินภาค 10,สินเชื่อเคหะ,DCO2026,2026-08-28 09:00:00,marketing.gsb,GSB_final_lead_list_2026-08-28.xlsx
TL000551,41 - 50,"04. 20,001-30,000",พนักงานและลูกจ้างในบริษัท,ธนาคารออมสินภาค 10,สินเชื่อเคหะ,DCO2026,2026-08-28 09:00:00,marketing.gsb,GSB_final_lead_list_2026-08-28.xlsx
TL000552,20 - 30,"05. 30,001-40,000",ประกอบวิชาชีพเฉพาะ,ธนาคารออมสินภาค 1,สินเชื่อเคหะ,DCO2026,2026-08-28 09:00:00,marketing.gsb,GSB_final_lead_list_2026-08-28.xlsx
TL000553,51 - 60,"02. 5,001-10,000",พนักงานและลูกจ้างในบริษัท,ธนาคารออมสินภาค 11,สินเชื่อเคหะ,DCO2026,2026-08-28 09:00:00,marketing.gsb,GSB_final_lead_list_2026-08-28.xlsx
TL000554,31 - 40,"06. 40,001-50,000",ข้าราชการและลูกจ้างในหน่วยงานของรัฐ,ธนาคารออมสินภาค 12,สินเชื่อเคหะ,DCO2026,2026-08-28 09:00:00,marketing.gsb,GSB_final_lead_list_2026-08-28.xlsx
TL000555,20 - 30,"06. 40,001-50,000",ข้าราชการและลูกจ้างในหน่วยงานของรัฐ,ธนาคารออมสินภาค 12,สินเชื่อเคหะ,DCO2026,2026-08-28 09:00:00,marketing.gsb,GSB_final_lead_list_2026-08-28.xlsx
TL000556,20 - 30,"04. 20,001-30,000",ข้าราชการและลูกจ้างในหน่วยงานของรัฐ,ธนาคารออมสินภาค 11,สินเชื่อเคหะ,DCO2026,2026-08-28 09:00:00,marketing.gsb,GSB_final_lead_list_2026-08-28.xlsx
TL000557,41 - 50,"02. 5,001-10,000",ประกอบอาชีพอิสระ,ธนาคารออมสินภาค 12,สินเชื่อเคหะ,DCO2026,2026-08-28 09:00:00,marketing.gsb,GSB_final_lead_list_2026-08-28.xlsx
TL000558,20 - 30,"06. 40,001-50,000",พนักงานและลูกจ้างในหน่วยงานรัฐวิสาหกิจ,ธนาคารออมสินภาค 10,สินเชื่อเคหะ,DCO2026,2026-08-28 09:00:00,marketing.gsb,GSB_final_lead_list_2026-08-28.xlsx
TL000559,31 - 40,"05. 30,001-40,000",พนักงานและลูกจ้างในหน่วยงานรัฐวิสาหกิจ,ธนาคารออมสินภาค 12,สินเชื่อเคหะ,DCO2026,2026-08-28 09:00:00,marketing.gsb,GSB_final_lead_list_2026-08-28.xlsx
TL000560,20 - 30,"04. 20,001-30,000",ประกอบวิชาชีพเฉพาะ,ธนาคารออมสินภาค 13,สินเชื่อเคหะ,DCO2026,2026-08-28 09:00:00,marketing.gsb,GSB_final_lead_list_2026-08-28.xlsx
TL000561,41 - 50,"04. 20,001-30,000",ข้าราชการและลูกจ้างในหน่วยงานของรัฐ,ธนาคารออมสินภาค 1,สินเชื่อเคหะ,DCO2026,2026-08-28 09:00:00,marketing.gsb,GSB_final_lead_list_2026-08-28.xlsx
TL000562,20 - 30,"03. 10,001-20,000",พนักงานและลูกจ้างในหน่วยงานรัฐวิสาหกิจ,ธนาคารออมสินภาค 13,สินเชื่อเคหะ,DCO2026,2026-08-28 09:00:00,marketing.gsb,GSB_final_lead_list_2026-08-28.xlsx
TL000563,41 - 50,"05. 30,001-40,000",พนักงานและลูกจ้างในบริษัท,ธนาคารออมสินภาค 10,สินเชื่อเคหะ,DCO2026,2026-08-28 09:00:00,marketing.gsb,GSB_final_lead_list_2026-08-28.xlsx
TL000564,20 - 30,"04. 20,001-30,000",พนักงานและลูกจ้างในบริษัท,ธนาคารออมสินภาค 10,สินเชื่อเคหะ,DCO2026,2026-08-28 09:00:00,marketing.gsb,GSB_final_lead_list_2026-08-28.xlsx
TL000565,51 - 60,"06. 40,001-50,000",พนักงานและลูกจ้างในหน่วยงานรัฐวิสาหกิจ,ธนาคารออมสินภาค 1,สินเชื่อเคหะ,DCO2026,2026-08-28 09:00:00,marketing.gsb,GSB_final_lead_list_2026-08-28.xlsx
TL000566,61 - 65,"05. 30,001-40,000",ข้าราชการและลูกจ้างในหน่วยงานของรัฐ,ธนาคารออมสินภาค 11,สินเชื่อเคหะ,DCO2026,2026-08-28 09:00:00,marketing.gsb,GSB_final_lead_list_2026-08-28.xlsx
TL000567,65 Up,"05. 30,001-40,000",ประกอบวิชาชีพเฉพาะ,ธนาคารออมสินภาค 13,สินเชื่อเคหะ,DCO2026,2026-08-28 09:00:00,marketing.gsb,GSB_final_lead_list_2026-08-28.xlsx
TL000568,31 - 40,"02. 5,001-10,000",ผู้ประกอบธุรกิจ / เจ้าของกิจการ,ธนาคารออมสินภาค 10,สินเชื่อเคหะ,DCO2026,2026-08-28 09:00:00,marketing.gsb,GSB_final_lead_list_2026-08-28.xlsx
TL000569,31 - 40,"01. 0-5,000",พนักงานและลูกจ้างในบริษัท,ธนาคารออมสินภาค 1,สินเชื่อเคหะ,DCO2026,2026-08-28 09:00:00,marketing.gsb,GSB_final_lead_list_2026-08-28.xlsx
TL000570,31 - 40,"04. 20,001-30,000",ข้าราชการและลูกจ้างในหน่วยงานของรัฐ,ธนาคารออมสินภาค 10,สินเชื่อเคหะ,DCO2026,2026-08-28 09:00:00,marketing.gsb,GSB_final_lead_list_2026-08-28.xlsx
TL000571,61 - 65,"01. 0-5,000",พนักงานและลูกจ้างในหน่วยงานรัฐวิสาหกิจ,ธนาคารออมสินภาค 11,สินเชื่อเคหะ,DCO2026,2026-08-28 09:00:00,marketing.gsb,GSB_final_lead_list_2026-08-28.xlsx
TL000572,41 - 50,"07. >50,000",พนักงานและลูกจ้างในบริษัท,ธนาคารออมสินภาค 13,สินเชื่อเคหะ,DCO2026,2026-08-28 09:00:00,marketing.gsb,GSB_final_lead_list_2026-08-28.xlsx
TL000573,31 - 40,"06. 40,001-50,000",ประกอบวิชาชีพเฉพาะ,ธนาคารออมสินภาค 10,สินเชื่อเคหะ,DCO2026,2026-08-28 09:00:00,marketing.gsb,GSB_final_lead_list_2026-08-28.xlsx
TL000574,41 - 50,"02. 5,001-10,000",พนักงานและลูกจ้างในหน่วยงานรัฐวิสาหกิจ,ธนาคารออมสินภาค 12,สินเชื่อเคหะ,DCO2026,2026-08-28 09:00:00,marketing.gsb,GSB_final_lead_list_2026-08-28.xlsx
TL000575,31 - 40,"01. 0-5,000",ประกอบวิชาชีพเฉพาะ,ธนาคารออมสินภาค 10,สินเชื่อเคหะ,DCO2026,2026-08-28 09:00:00,marketing.gsb,GSB_final_lead_list_2026-08-28.xlsx
TL000576,41 - 50,"07. >50,000",ผู้รับจ้างทั่วไป / ผู้ใช้แรงงาน,ธนาคารออมสินภาค 12,สินเชื่อเคหะ,DCO2026,2026-08-28 09:00:00,marketing.gsb,GSB_final_lead_list_2026-08-28.xlsx
TL000577,20 - 30,"05. 30,001-40,000",ผู้รับจ้างทั่วไป / ผู้ใช้แรงงาน,ธนาคารออมสินภาค 13,สินเชื่อเคหะ,DCO2026,2026-08-28 09:00:00,marketing.gsb,GSB_final_lead_list_2026-08-28.xlsx
TL000578,20 - 30,"06. 40,001-50,000",ประกอบวิชาชีพเฉพาะ,ธนาคารออมสินภาค 10,สินเชื่อเคหะ,DCO2026,2026-08-28 09:00:00,marketing.gsb,GSB_final_lead_list_2026-08-28.xlsx
TL000579,41 - 50,"03. 10,001-20,000",ผู้ประกอบธุรกิจ / เจ้าของกิจการ,ธนาคารออมสินภาค 12,สินเชื่อเคหะ,DCO2026,2026-08-28 09:00:00,marketing.gsb,GSB_final_lead_list_2026-08-28.xlsx
TL000580,20 - 30,"06. 40,001-50,000",ประกอบวิชาชีพเฉพาะ,ธนาคารออมสินภาค 10,สินเชื่อเคหะ,DCO2026,2026-08-28 09:00:00,marketing.gsb,GSB_final_lead_list_2026-08-28.xlsx
TL000581,31 - 40,"05. 30,001-40,000",ข้าราชการและลูกจ้างในหน่วยงานของรัฐ,ธนาคารออมสินภาค 1,สินเชื่อเคหะ,DCO2026,2026-08-28 09:00:00,marketing.gsb,GSB_final_lead_list_2026-08-28.xlsx
TL000582,20 - 30,"04. 20,001-30,000",ข้าราชการและลูกจ้างในหน่วยงานของรัฐ,ธนาคารออมสินภาค 10,สินเชื่อเคหะ,DCO2026,2026-08-28 09:00:00,marketing.gsb,GSB_final_lead_list_2026-08-28.xlsx
TL000583,20 - 30,"05. 30,001-40,000",พนักงานและลูกจ้างในบริษัท,ธนาคารออมสินภาค 13,สินเชื่อเคหะ,DCO2026,2026-08-28 09:00:00,marketing.gsb,GSB_final_lead_list_2026-08-28.xlsx
TL000584,20 - 30,"03. 10,001-20,000",ประกอบวิชาชีพเฉพาะ,ธนาคารออมสินภาค 1,สินเชื่อเคหะ,DCO2026,2026-08-28 09:00:00,marketing.gsb,GSB_final_lead_list_2026-08-28.xlsx
TL000585,31 - 40,"04. 20,001-30,000",พนักงานและลูกจ้างในบริษัท,ธนาคารออมสินภาค 12,สินเชื่อเคหะ,DCO2026,2026-08-28 09:00:00,marketing.gsb,GSB_final_lead_list_2026-08-28.xlsx
TL000586,61 - 65,"04. 20,001-30,000",พนักงานและลูกจ้างในบริษัท,ธนาคารออมสินภาค 11,สินเชื่อเคหะ,DCO2026,2026-08-28 09:00:00,marketing.gsb,GSB_final_lead_list_2026-08-28.xlsx
TL000587,20 - 30,"06. 40,001-50,000",ข้าราชการและลูกจ้างในหน่วยงานของรัฐ,ธนาคารออมสินภาค 13,สินเชื่อเคหะ,DCO2026,2026-08-28 09:00:00,marketing.gsb,GSB_final_lead_list_2026-08-28.xlsx
TL000588,41 - 50,"01. 0-5,000",ผู้ประกอบธุรกิจ / เจ้าของกิจการ,ธนาคารออมสินภาค 12,สินเชื่อเคหะ,DCO2026,2026-08-28 09:00:00,marketing.gsb,GSB_final_lead_list_2026-08-28.xlsx
TL000589,51 - 60,"02. 5,001-10,000",ประกอบวิชาชีพเฉพาะ,ธนาคารออมสินภาค 13,สินเชื่อเคหะ,DCO2026,2026-08-28 09:00:00,marketing.gsb,GSB_final_lead_list_2026-08-28.xlsx
TL000590,41 - 50,"05. 30,001-40,000",ประกอบวิชาชีพเฉพาะ,ธนาคารออมสินภาค 11,สินเชื่อเคหะ,DCO2026,2026-08-28 09:00:00,marketing.gsb,GSB_final_lead_list_2026-08-28.xlsx
TL000591,20 - 30,"04. 20,001-30,000",ผู้ประกอบธุรกิจ / เจ้าของกิจการ,ธนาคารออมสินภาค 13,สินเชื่อเคหะ,DCO2026,2026-08-28 09:00:00,marketing.gsb,GSB_final_lead_list_2026-08-28.xlsx
TL000592,31 - 40,"04. 20,001-30,000",ผู้รับจ้างทั่วไป / ผู้ใช้แรงงาน,ธนาคารออมสินภาค 12,สินเชื่อเคหะ,DCO2026,2026-08-28 09:00:00,marketing.gsb,GSB_final_lead_list_2026-08-28.xlsx
TL000593,20 - 30,"04. 20,001-30,000",พนักงานและลูกจ้างในหน่วยงานรัฐวิสาหกิจ,ธนาคารออมสินภาค 13,สินเชื่อเคหะ,DCO2026,2026-08-28 09:00:00,marketing.gsb,GSB_final_lead_list_2026-08-28.xlsx
TL000594,41 - 50,"03. 10,001-20,000",ประกอบอาชีพอิสระ,ธนาคารออมสินภาค 13,สินเชื่อเคหะ,DCO2026,2026-08-28 09:00:00,marketing.gsb,GSB_final_lead_list_2026-08-28.xlsx
TL000595,31 - 40,"02. 5,001-10,000",ข้าราชการและลูกจ้างในหน่วยงานของรัฐ,ธนาคารออมสินภาค 10,สินเชื่อเคหะ,DCO2026,2026-08-28 09:00:00,marketing.gsb,GSB_final_lead_list_2026-08-28.xlsx
TL000596,51 - 60,"02. 5,001-10,000",ผู้ประกอบธุรกิจ / เจ้าของกิจการ,ธนาคารออมสินภาค 11,สินเชื่อเคหะ,DCO2026,2026-08-28 09:00:00,marketing.gsb,GSB_final_lead_list_2026-08-28.xlsx
TL000597,51 - 60,"01. 0-5,000",ประกอบวิชาชีพเฉพาะ,ธนาคารออมสินภาค 1,สินเชื่อเคหะ,DCO2026,2026-08-28 09:00:00,marketing.gsb,GSB_final_lead_list_2026-08-28.xlsx
TL000598,31 - 40,"02. 5,001-10,000",พนักงานและลูกจ้างในบริษัท,ธนาคารออมสินภาค 13,สินเชื่อเคหะ,DCO2026,2026-08-28 09:00:00,marketing.gsb,GSB_final_lead_list_2026-08-28.xlsx
TL000599,31 - 40,"06. 40,001-50,000",ผู้รับจ้างทั่วไป / ผู้ใช้แรงงาน,ธนาคารออมสินภาค 12,สินเชื่อเคหะ,DCO2026,2026-08-28 09:00:00,marketing.gsb,GSB_final_lead_list_2026-08-28.xlsx
TL000600,31 - 40,"07. >50,000",พนักงานและลูกจ้างในบริษัท,ธนาคารออมสินภาค 10,สินเชื่อเคหะ,DCO2026,2026-08-28 09:00:00,marketing.gsb,GSB_final_lead_list_2026-08-28.xlsx
TL000601,41 - 50,"05. 30,001-40,000",ประกอบอาชีพอิสระ,ธนาคารออมสินภาค 1,สินเชื่อเคหะ,DCO2026,2026-08-28 09:00:00,marketing.gsb,GSB_final_lead_list_2026-08-28.xlsx
TL000602,61 - 65,"06. 40,001-50,000",ประกอบวิชาชีพเฉพาะ,ธนาคารออมสินภาค 12,สินเชื่อเคหะ,DCO2026,2026-08-28 09:00:00,marketing.gsb,GSB_final_lead_list_2026-08-28.xlsx
TL000603,41 - 50,"01. 0-5,000",ผู้ประกอบธุรกิจ / เจ้าของกิจการ,ธนาคารออมสินภาค 13,สินเชื่อเคหะ,DCO2026,2026-08-28 09:00:00,marketing.gsb,GSB_final_lead_list_2026-08-28.xlsx
TL000604,41 - 50,"04. 20,001-30,000",ข้าราชการและลูกจ้างในหน่วยงานของรัฐ,ธนาคารออมสินภาค 13,สินเชื่อเคหะ,DCO2026,2026-08-28 09:00:00,marketing.gsb,GSB_final_lead_list_2026-08-28.xlsx
TL000605,20 - 30,"01. 0-5,000",พนักงานและลูกจ้างในบริษัท,ธนาคารออมสินภาค 12,สินเชื่อเคหะ,DCO2026,2026-08-28 09:00:00,marketing.gsb,GSB_final_lead_list_2026-08-28.xlsx
TL000606,51 - 60,"03. 10,001-20,000",ข้าราชการและลูกจ้างในหน่วยงานของรัฐ,ธนาคารออมสินภาค 11,สินเชื่อเคหะ,DCO2026,2026-08-28 09:00:00,marketing.gsb,GSB_final_lead_list_2026-08-28.xlsx
TL000607,41 - 50,"05. 30,001-40,000",พนักงานและลูกจ้างในบริษัท,ธนาคารออมสินภาค 13,สินเชื่อเคหะ,DCO2026,2026-08-28 09:00:00,marketing.gsb,GSB_final_lead_list_2026-08-28.xlsx
TL000608,41 - 50,"05. 30,001-40,000",ผู้รับจ้างทั่วไป / ผู้ใช้แรงงาน,ธนาคารออมสินภาค 11,สินเชื่อเคหะ,DCO2026,2026-08-28 09:00:00,marketing.gsb,GSB_final_lead_list_2026-08-28.xlsx
TL000609,20 - 30,"05. 30,001-40,000",ประกอบอาชีพอิสระ,ธนาคารออมสินภาค 1,สินเชื่อเคหะ,DCO2026,2026-08-28 09:00:00,marketing.gsb,GSB_final_lead_list_2026-08-28.xlsx
TL000610,31 - 40,"05. 30,001-40,000",พนักงานและลูกจ้างในหน่วยงานรัฐวิสาหกิจ,ธนาคารออมสินภาค 13,สินเชื่อเคหะ,DCO2026,2026-08-28 09:00:00,marketing.gsb,GSB_final_lead_list_2026-08-28.xlsx
TL000611,20 - 30,"02. 5,001-10,000",ประกอบอาชีพอิสระ,ธนาคารออมสินภาค 12,สินเชื่อเคหะ,DCO2026,2026-08-28 09:00:00,marketing.gsb,GSB_final_lead_list_2026-08-28.xlsx
TL000612,20 - 30,"03. 10,001-20,000",ประกอบวิชาชีพเฉพาะ,ธนาคารออมสินภาค 11,สินเชื่อเคหะ,DCO2026,2026-08-28 09:00:00,marketing.gsb,GSB_final_lead_list_2026-08-28.xlsx
TL000613,20 - 30,"06. 40,001-50,000",ผู้ประกอบธุรกิจ / เจ้าของกิจการ,ธนาคารออมสินภาค 11,สินเชื่อเคหะ,DCO2026,2026-08-28 09:00:00,marketing.gsb,GSB_final_lead_list_2026-08-28.xlsx
TL000614,20 - 30,"05. 30,001-40,000",ข้าราชการและลูกจ้างในหน่วยงานของรัฐ,ธนาคารออมสินภาค 10,สินเชื่อเคหะ,DCO2026,2026-08-28 09:00:00,marketing.gsb,GSB_final_lead_list_2026-08-28.xlsx
TL000615,65 Up,"06. 40,001-50,000",ประกอบวิชาชีพเฉพาะ,ธนาคารออมสินภาค 11,สินเชื่อเคหะ,DCO2026,2026-08-28 09:00:00,marketing.gsb,GSB_final_lead_list_2026-08-28.xlsx
TL000616,31 - 40,"05. 30,001-40,000",ผู้รับจ้างทั่วไป / ผู้ใช้แรงงาน,ธนาคารออมสินภาค 12,สินเชื่อเคหะ,DCO2026,2026-08-28 09:00:00,marketing.gsb,GSB_final_lead_list_2026-08-28.xlsx
TL000617,41 - 50,"02. 5,001-10,000",ผู้ประกอบธุรกิจ / เจ้าของกิจการ,ธนาคารออมสินภาค 1,สินเชื่อเคหะ,DCO2026,2026-08-28 09:00:00,marketing.gsb,GSB_final_lead_list_2026-08-28.xlsx
TL000618,41 - 50,"05. 30,001-40,000",ผู้รับจ้างทั่วไป / ผู้ใช้แรงงาน,ธนาคารออมสินภาค 11,สินเชื่อเคหะ,DCO2026,2026-08-28 09:00:00,marketing.gsb,GSB_final_lead_list_2026-08-28.xlsx
TL000619,41 - 50,"04. 20,001-30,000",ประกอบอาชีพอิสระ,ธนาคารออมสินภาค 10,สินเชื่อเคหะ,DCO2026,2026-08-28 09:00:00,marketing.gsb,GSB_final_lead_list_2026-08-28.xlsx
TL000620,41 - 50,"04. 20,001-30,000",พนักงานและลูกจ้างในบริษัท,ธนาคารออมสินภาค 1,สินเชื่อเคหะ,DCO2026,2026-08-28 09:00:00,marketing.gsb,GSB_final_lead_list_2026-08-28.xlsx
TL000621,20 - 30,"06. 40,001-50,000",พนักงานและลูกจ้างในหน่วยงานรัฐวิสาหกิจ,ธนาคารออมสินภาค 1,สินเชื่อเคหะ,DCO2026,2026-08-28 09:00:00,marketing.gsb,GSB_final_lead_list_2026-08-28.xlsx
TL000622,20 - 30,"04. 20,001-30,000",ผู้รับจ้างทั่วไป / ผู้ใช้แรงงาน,ธนาคารออมสินภาค 1,สินเชื่อเคหะ,DCO2026,2026-08-28 09:00:00,marketing.gsb,GSB_final_lead_list_2026-08-28.xlsx
TL000623,41 - 50,"06. 40,001-50,000",ประกอบอาชีพอิสระ,ธนาคารออมสินภาค 12,สินเชื่อเคหะ,DCO2026,2026-08-28 09:00:00,marketing.gsb,GSB_final_lead_list_2026-08-28.xlsx
TL000624,31 - 40,"02. 5,001-10,000",ประกอบวิชาชีพเฉพาะ,ธนาคารออมสินภาค 13,สินเชื่อเคหะ,DCO2026,2026-08-28 09:00:00,marketing.gsb,GSB_final_lead_list_2026-08-28.xlsx
TL000625,65 Up,"05. 30,001-40,000",ผู้รับจ้างทั่วไป / ผู้ใช้แรงงาน,ธนาคารออมสินภาค 13,สินเชื่อเคหะ,DCO2026,2026-08-28 09:00:00,marketing.gsb,GSB_final_lead_list_2026-08-28.xlsx
TL000626,31 - 40,"01. 0-5,000",พนักงานและลูกจ้างในหน่วยงานรัฐวิสาหกิจ,ธนาคารออมสินภาค 1,สินเชื่อเคหะ,DCO2026,2026-08-28 09:00:00,marketing.gsb,GSB_final_lead_list_2026-08-28.xlsx
TL000627,20 - 30,"06. 40,001-50,000",ข้าราชการและลูกจ้างในหน่วยงานของรัฐ,ธนาคารออมสินภาค 12,สินเชื่อเคหะ,DCO2026,2026-08-28 09:00:00,marketing.gsb,GSB_final_lead_list_2026-08-28.xlsx
TL000628,31 - 40,"02. 5,001-10,000",ประกอบวิชาชีพเฉพาะ,ธนาคารออมสินภาค 12,สินเชื่อเคหะ,DCO2026,2026-08-28 09:00:00,marketing.gsb,GSB_final_lead_list_2026-08-28.xlsx
TL000629,61 - 65,"02. 5,001-10,000",ประกอบวิชาชีพเฉพาะ,ธนาคารออมสินภาค 12,สินเชื่อเคหะ,DCO2026,2026-08-28 09:00:00,marketing.gsb,GSB_final_lead_list_2026-08-28.xlsx
TL000630,31 - 40,"02. 5,001-10,000",ผู้ประกอบธุรกิจ / เจ้าของกิจการ,ธนาคารออมสินภาค 1,สินเชื่อเคหะ,DCO2026,2026-08-28 09:00:00,marketing.gsb,GSB_final_lead_list_2026-08-28.xlsx
TL000631,31 - 40,"01. 0-5,000",ผู้รับจ้างทั่วไป / ผู้ใช้แรงงาน,ธนาคารออมสินภาค 12,สินเชื่อเคหะ,DCO2026,2026-08-28 09:00:00,marketing.gsb,GSB_final_lead_list_2026-08-28.xlsx
TL000632,Under 20,"04. 20,001-30,000",ข้าราชการและลูกจ้างในหน่วยงานของรัฐ,ธนาคารออมสินภาค 10,สินเชื่อเคหะ,DCO2026,2026-08-28 09:00:00,marketing.gsb,GSB_final_lead_list_2026-08-28.xlsx
TL000633,31 - 40,"07. >50,000",ผู้รับจ้างทั่วไป / ผู้ใช้แรงงาน,ธนาคารออมสินภาค 12,สินเชื่อเคหะ,DCO2026,2026-08-28 09:00:00,marketing.gsb,GSB_final_lead_list_2026-08-28.xlsx
TL000634,31 - 40,"03. 10,001-20,000",พนักงานและลูกจ้างในหน่วยงานรัฐวิสาหกิจ,ธนาคารออมสินภาค 13,สินเชื่อเคหะ,DCO2026,2026-08-28 09:00:00,marketing.gsb,GSB_final_lead_list_2026-08-28.xlsx
TL000635,41 - 50,"05. 30,001-40,000",ผู้รับจ้างทั่วไป / ผู้ใช้แรงงาน,ธนาคารออมสินภาค 12,สินเชื่อเคหะ,DCO2026,2026-08-28 09:00:00,marketing.gsb,GSB_final_lead_list_2026-08-28.xlsx
TL000636,61 - 65,"02. 5,001-10,000",ประกอบอาชีพอิสระ,ธนาคารออมสินภาค 12,สินเชื่อเคหะ,DCO2026,2026-08-28 09:00:00,marketing.gsb,GSB_final_lead_list_2026-08-28.xlsx
TL000637,20 - 30,"05. 30,001-40,000",พนักงานและลูกจ้างในหน่วยงานรัฐวิสาหกิจ,ธนาคารออมสินภาค 1,สินเชื่อเคหะ,DCO2026,2026-08-28 09:00:00,marketing.gsb,GSB_final_lead_list_2026-08-28.xlsx
TL000638,20 - 30,"03. 10,001-20,000",ผู้รับจ้างทั่วไป / ผู้ใช้แรงงาน,ธนาคารออมสินภาค 11,สินเชื่อเคหะ,DCO2026,2026-08-28 09:00:00,marketing.gsb,GSB_final_lead_list_2026-08-28.xlsx
TL000639,20 - 30,"03. 10,001-20,000",พนักงานและลูกจ้างในหน่วยงานรัฐวิสาหกิจ,ธนาคารออมสินภาค 11,สินเชื่อเคหะ,DCO2026,2026-08-28 09:00:00,marketing.gsb,GSB_final_lead_list_2026-08-28.xlsx
TL000640,31 - 40,"06. 40,001-50,000",ผู้ประกอบธุรกิจ / เจ้าของกิจการ,ธนาคารออมสินภาค 1,สินเชื่อเคหะ,DCO2026,2026-08-28 09:00:00,marketing.gsb,GSB_final_lead_list_2026-08-28.xlsx
TL000641,20 - 30,"05. 30,001-40,000",ข้าราชการและลูกจ้างในหน่วยงานของรัฐ,ธนาคารออมสินภาค 11,สินเชื่อเคหะ,DCO2026,2026-08-28 09:00:00,marketing.gsb,GSB_final_lead_list_2026-08-28.xlsx
TL000642,41 - 50,"04. 20,001-30,000",ประกอบอาชีพอิสระ,ธนาคารออมสินภาค 1,สินเชื่อเคหะ,DCO2026,2026-08-28 09:00:00,marketing.gsb,GSB_final_lead_list_2026-08-28.xlsx
TL000643,31 - 40,"05. 30,001-40,000",ผู้ประกอบธุรกิจ / เจ้าของกิจการ,ธนาคารออมสินภาค 1,สินเชื่อเคหะ,DCO2026,2026-08-28 09:00:00,marketing.gsb,GSB_final_lead_list_2026-08-28.xlsx
TL000644,20 - 30,"04. 20,001-30,000",ประกอบอาชีพอิสระ,ธนาคารออมสินภาค 12,สินเชื่อเคหะ,DCO2026,2026-08-28 09:00:00,marketing.gsb,GSB_final_lead_list_2026-08-28.xlsx
TL000645,41 - 50,"01. 0-5,000",ผู้ประกอบธุรกิจ / เจ้าของกิจการ,ธนาคารออมสินภาค 10,สินเชื่อเคหะ,DCO2026,2026-08-28 09:00:00,marketing.gsb,GSB_final_lead_list_2026-08-28.xlsx
TL000646,Under 20,"06. 40,001-50,000",พนักงานและลูกจ้างในบริษัท,ธนาคารออมสินภาค 11,สินเชื่อเคหะ,DCO2026,2026-08-28 09:00:00,marketing.gsb,GSB_final_lead_list_2026-08-28.xlsx
TL000647,31 - 40,"04. 20,001-30,000",ผู้รับจ้างทั่วไป / ผู้ใช้แรงงาน,ธนาคารออมสินภาค 12,สินเชื่อเคหะ,DCO2026,2026-08-28 09:00:00,marketing.gsb,GSB_final_lead_list_2026-08-28.xlsx
TL000648,31 - 40,"04. 20,001-30,000",ประกอบวิชาชีพเฉพาะ,ธนาคารออมสินภาค 1,สินเชื่อเคหะ,DCO2026,2026-08-28 09:00:00,marketing.gsb,GSB_final_lead_list_2026-08-28.xlsx
TL000649,41 - 50,"06. 40,001-50,000",ข้าราชการและลูกจ้างในหน่วยงานของรัฐ,ธนาคารออมสินภาค 11,สินเชื่อเคหะ,DCO2026,2026-08-28 09:00:00,marketing.gsb,GSB_final_lead_list_2026-08-28.xlsx
TL000650,20 - 30,"05. 30,001-40,000",ประกอบอาชีพอิสระ,ธนาคารออมสินภาค 10,สินเชื่อเคหะ,DCO2026,2026-08-28 09:00:00,marketing.gsb,GSB_final_lead_list_2026-08-28.xlsx
TL000651,61 - 65,"04. 20,001-30,000",ประกอบอาชีพอิสระ,ธนาคารออมสินภาค 11,สินเชื่อเคหะ,DCO2026,2026-08-28 09:00:00,marketing.gsb,GSB_final_lead_list_2026-08-28.xlsx
TL000652,20 - 30,"04. 20,001-30,000",ผู้รับจ้างทั่วไป / ผู้ใช้แรงงาน,ธนาคารออมสินภาค 12,สินเชื่อเคหะ,DCO2026,2026-08-28 09:00:00,marketing.gsb,GSB_final_lead_list_2026-08-28.xlsx
TL000653,61 - 65,"01. 0-5,000",ประกอบวิชาชีพเฉพาะ,ธนาคารออมสินภาค 1,สินเชื่อเคหะ,DCO2026,2026-08-28 09:00:00,marketing.gsb,GSB_final_lead_list_2026-08-28.xlsx
TL000654,31 - 40,"05. 30,001-40,000",ผู้รับจ้างทั่วไป / ผู้ใช้แรงงาน,ธนาคารออมสินภาค 1,สินเชื่อเคหะ,DCO2026,2026-08-28 09:00:00,marketing.gsb,GSB_final_lead_list_2026-08-28.xlsx
TL000655,41 - 50,"04. 20,001-30,000",พนักงานและลูกจ้างในหน่วยงานรัฐวิสาหกิจ,ธนาคารออมสินภาค 1,สินเชื่อเคหะ,DCO2026,2026-08-28 09:00:00,marketing.gsb,GSB_final_lead_list_2026-08-28.xlsx
TL000656,41 - 50,"02. 5,001-10,000",ผู้ประกอบธุรกิจ / เจ้าของกิจการ,ธนาคารออมสินภาค 11,สินเชื่อเคหะ,DCO2026,2026-08-28 09:00:00,marketing.gsb,GSB_final_lead_list_2026-08-28.xlsx
TL000657,31 - 40,"05. 30,001-40,000",ประกอบวิชาชีพเฉพาะ,ธนาคารออมสินภาค 1,สินเชื่อเคหะ,DCO2026,2026-08-28 09:00:00,marketing.gsb,GSB_final_lead_list_2026-08-28.xlsx
TL000658,41 - 50,"02. 5,001-10,000",ผู้รับจ้างทั่วไป / ผู้ใช้แรงงาน,ธนาคารออมสินภาค 1,สินเชื่อเคหะ,DCO2026,2026-08-28 09:00:00,marketing.gsb,GSB_final_lead_list_2026-08-28.xlsx
TL000659,31 - 40,"04. 20,001-30,000",ข้าราชการและลูกจ้างในหน่วยงานของรัฐ,ธนาคารออมสินภาค 1,สินเชื่อเคหะ,DCO2026,2026-08-28 09:00:00,marketing.gsb,GSB_final_lead_list_2026-08-28.xlsx
TL000660,41 - 50,"06. 40,001-50,000",พนักงานและลูกจ้างในบริษัท,ธนาคารออมสินภาค 13,สินเชื่อเคหะ,DCO2026,2026-08-28 09:00:00,marketing.gsb,GSB_final_lead_list_2026-08-28.xlsx
TL000661,51 - 60,"01. 0-5,000",พนักงานและลูกจ้างในหน่วยงานรัฐวิสาหกิจ,ธนาคารออมสินภาค 1,สินเชื่อเคหะ,DCO2026,2026-08-28 09:00:00,marketing.gsb,GSB_final_lead_list_2026-08-28.xlsx
TL000662,41 - 50,"05. 30,001-40,000",พนักงานและลูกจ้างในบริษัท,ธนาคารออมสินภาค 10,สินเชื่อเคหะ,DCO2026,2026-08-28 09:00:00,marketing.gsb,GSB_final_lead_list_2026-08-28.xlsx
TL000663,41 - 50,"05. 30,001-40,000",ประกอบอาชีพอิสระ,ธนาคารออมสินภาค 11,สินเชื่อเคหะ,DCO2026,2026-08-28 09:00:00,marketing.gsb,GSB_final_lead_list_2026-08-28.xlsx
TL000664,65 Up,"02. 5,001-10,000",ประกอบวิชาชีพเฉพาะ,ธนาคารออมสินภาค 12,สินเชื่อเคหะ,DCO2026,2026-08-28 09:00:00,marketing.gsb,GSB_final_lead_list_2026-08-28.xlsx
TL000665,31 - 40,"06. 40,001-50,000",ผู้ประกอบธุรกิจ / เจ้าของกิจการ,ธนาคารออมสินภาค 12,สินเชื่อเคหะ,DCO2026,2026-08-28 09:00:00,marketing.gsb,GSB_final_lead_list_2026-08-28.xlsx
TL000666,41 - 50,"04. 20,001-30,000",ประกอบวิชาชีพเฉพาะ,ธนาคารออมสินภาค 10,สินเชื่อเคหะ,DCO2026,2026-08-28 09:00:00,marketing.gsb,GSB_final_lead_list_2026-08-28.xlsx
TL000667,Under 20,"05. 30,001-40,000",ข้าราชการและลูกจ้างในหน่วยงานของรัฐ,ธนาคารออมสินภาค 12,สินเชื่อเคหะ,DCO2026,2026-08-28 09:00:00,marketing.gsb,GSB_final_lead_list_2026-08-28.xlsx
TL000668,41 - 50,"01. 0-5,000",พนักงานและลูกจ้างในหน่วยงานรัฐวิสาหกิจ,ธนาคารออมสินภาค 10,สินเชื่อเคหะ,DCO2026,2026-08-28 09:00:00,marketing.gsb,GSB_final_lead_list_2026-08-28.xlsx
TL000669,51 - 60,"02. 5,001-10,000",ประกอบวิชาชีพเฉพาะ,ธนาคารออมสินภาค 12,สินเชื่อเคหะ,DCO2026,2026-08-28 09:00:00,marketing.gsb,GSB_final_lead_list_2026-08-28.xlsx
TL000670,20 - 30,"06. 40,001-50,000",ประกอบวิชาชีพเฉพาะ,ธนาคารออมสินภาค 12,สินเชื่อเคหะ,DCO2026,2026-08-28 09:00:00,marketing.gsb,GSB_final_lead_list_2026-08-28.xlsx
TL000671,20 - 30,"04. 20,001-30,000",พนักงานและลูกจ้างในหน่วยงานรัฐวิสาหกิจ,ธนาคารออมสินภาค 13,สินเชื่อเคหะ,DCO2026,2026-08-28 09:00:00,marketing.gsb,GSB_final_lead_list_2026-08-28.xlsx
TL000672,20 - 30,"04. 20,001-30,000",ผู้รับจ้างทั่วไป / ผู้ใช้แรงงาน,ธนาคารออมสินภาค 1,สินเชื่อเคหะ,DCO2026,2026-08-28 09:00:00,marketing.gsb,GSB_final_lead_list_2026-08-28.xlsx
TL000673,20 - 30,"04. 20,001-30,000",ผู้รับจ้างทั่วไป / ผู้ใช้แรงงาน,ธนาคารออมสินภาค 10,สินเชื่อเคหะ,DCO2026,2026-08-28 09:00:00,marketing.gsb,GSB_final_lead_list_2026-08-28.xlsx
TL000674,41 - 50,"02. 5,001-10,000",ข้าราชการและลูกจ้างในหน่วยงานของรัฐ,ธนาคารออมสินภาค 11,สินเชื่อเคหะ,DCO2026,2026-08-28 09:00:00,marketing.gsb,GSB_final_lead_list_2026-08-28.xlsx
TL000675,31 - 40,"05. 30,001-40,000",ข้าราชการและลูกจ้างในหน่วยงานของรัฐ,ธนาคารออมสินภาค 10,สินเชื่อเคหะ,DCO2026,2026-08-28 09:00:00,marketing.gsb,GSB_final_lead_list_2026-08-28.xlsx
TL000676,20 - 30,"06. 40,001-50,000",ข้าราชการและลูกจ้างในหน่วยงานของรัฐ,ธนาคารออมสินภาค 11,สินเชื่อเคหะ,DCO2026,2026-08-28 09:00:00,marketing.gsb,GSB_final_lead_list_2026-08-28.xlsx
TL000677,20 - 30,"05. 30,001-40,000",พนักงานและลูกจ้างในบริษัท,ธนาคารออมสินภาค 12,สินเชื่อเคหะ,DCO2026,2026-08-28 09:00:00,marketing.gsb,GSB_final_lead_list_2026-08-28.xlsx
TL000678,31 - 40,"04. 20,001-30,000",ประกอบวิชาชีพเฉพาะ,ธนาคารออมสินภาค 11,สินเชื่อเคหะ,DCO2026,2026-08-28 09:00:00,marketing.gsb,GSB_final_lead_list_2026-08-28.xlsx
TL000679,31 - 40,"03. 10,001-20,000",ประกอบวิชาชีพเฉพาะ,ธนาคารออมสินภาค 12,สินเชื่อเคหะ,DCO2026,2026-08-28 09:00:00,marketing.gsb,GSB_final_lead_list_2026-08-28.xlsx
TL000680,31 - 40,"06. 40,001-50,000",พนักงานและลูกจ้างในหน่วยงานรัฐวิสาหกิจ,ธนาคารออมสินภาค 1,สินเชื่อเคหะ,DCO2026,2026-08-28 09:00:00,marketing.gsb,GSB_final_lead_list_2026-08-28.xlsx
TL000681,Under 20,"05. 30,001-40,000",ผู้รับจ้างทั่วไป / ผู้ใช้แรงงาน,ธนาคารออมสินภาค 11,สินเชื่อเคหะ,DCO2026,2026-08-28 09:00:00,marketing.gsb,GSB_final_lead_list_2026-08-28.xlsx
TL000682,31 - 40,"02. 5,001-10,000",พนักงานและลูกจ้างในบริษัท,ธนาคารออมสินภาค 12,สินเชื่อเคหะ,DCO2026,2026-08-28 09:00:00,marketing.gsb,GSB_final_lead_list_2026-08-28.xlsx
TL000683,41 - 50,"01. 0-5,000",พนักงานและลูกจ้างในหน่วยงานรัฐวิสาหกิจ,ธนาคารออมสินภาค 13,สินเชื่อเคหะ,DCO2026,2026-08-28 09:00:00,marketing.gsb,GSB_final_lead_list_2026-08-28.xlsx
TL000684,20 - 30,"04. 20,001-30,000",ผู้ประกอบธุรกิจ / เจ้าของกิจการ,ธนาคารออมสินภาค 1,สินเชื่อเคหะ,DCO2026,2026-08-28 09:00:00,marketing.gsb,GSB_final_lead_list_2026-08-28.xlsx
TL000685,31 - 40,"05. 30,001-40,000",ข้าราชการและลูกจ้างในหน่วยงานของรัฐ,ธนาคารออมสินภาค 13,สินเชื่อเคหะ,DCO2026,2026-08-28 09:00:00,marketing.gsb,GSB_final_lead_list_2026-08-28.xlsx
TL000686,41 - 50,"05. 30,001-40,000",ข้าราชการและลูกจ้างในหน่วยงานของรัฐ,ธนาคารออมสินภาค 12,สินเชื่อเคหะ,DCO2026,2026-08-28 09:00:00,marketing.gsb,GSB_final_lead_list_2026-08-28.xlsx
TL000687,41 - 50,"02. 5,001-10,000",ข้าราชการและลูกจ้างในหน่วยงานของรัฐ,ธนาคารออมสินภาค 13,สินเชื่อเคหะ,DCO2026,2026-08-28 09:00:00,marketing.gsb,GSB_final_lead_list_2026-08-28.xlsx
TL000688,41 - 50,"06. 40,001-50,000",ข้าราชการและลูกจ้างในหน่วยงานของรัฐ,ธนาคารออมสินภาค 10,สินเชื่อเคหะ,DCO2026,2026-08-28 09:00:00,marketing.gsb,GSB_final_lead_list_2026-08-28.xlsx
TL000689,51 - 60,"05. 30,001-40,000",ข้าราชการและลูกจ้างในหน่วยงานของรัฐ,ธนาคารออมสินภาค 13,สินเชื่อเคหะ,DCO2026,2026-08-28 09:00:00,marketing.gsb,GSB_final_lead_list_2026-08-28.xlsx
TL000690,31 - 40,"02. 5,001-10,000",ผู้ประกอบธุรกิจ / เจ้าของกิจการ,ธนาคารออมสินภาค 10,สินเชื่อเคหะ,DCO2026,2026-08-28 09:00:00,marketing.gsb,GSB_final_lead_list_2026-08-28.xlsx
TL000691,20 - 30,"05. 30,001-40,000",ผู้ประกอบธุรกิจ / เจ้าของกิจการ,ธนาคารออมสินภาค 13,สินเชื่อเคหะ,DCO2026,2026-08-28 09:00:00,marketing.gsb,GSB_final_lead_list_2026-08-28.xlsx
TL000692,31 - 40,"06. 40,001-50,000",พนักงานและลูกจ้างในบริษัท,ธนาคารออมสินภาค 10,สินเชื่อเคหะ,DCO2026,2026-08-28 09:00:00,marketing.gsb,GSB_final_lead_list_2026-08-28.xlsx
TL000693,31 - 40,"04. 20,001-30,000",ผู้รับจ้างทั่วไป / ผู้ใช้แรงงาน,ธนาคารออมสินภาค 13,สินเชื่อเคหะ,DCO2026,2026-08-28 09:00:00,marketing.gsb,GSB_final_lead_list_2026-08-28.xlsx
TL000694,20 - 30,"04. 20,001-30,000",ผู้รับจ้างทั่วไป / ผู้ใช้แรงงาน,ธนาคารออมสินภาค 1,สินเชื่อเคหะ,DCO2026,2026-08-28 09:00:00,marketing.gsb,GSB_final_lead_list_2026-08-28.xlsx
TL000695,31 - 40,"05. 30,001-40,000",พนักงานและลูกจ้างในหน่วยงานรัฐวิสาหกิจ,ธนาคารออมสินภาค 10,สินเชื่อเคหะ,DCO2026,2026-08-28 09:00:00,marketing.gsb,GSB_final_lead_list_2026-08-28.xlsx
TL000696,20 - 30,"06. 40,001-50,000",ผู้รับจ้างทั่วไป / ผู้ใช้แรงงาน,ธนาคารออมสินภาค 10,สินเชื่อเคหะ,DCO2026,2026-08-28 09:00:00,marketing.gsb,GSB_final_lead_list_2026-08-28.xlsx
TL000697,31 - 40,"06. 40,001-50,000",พนักงานและลูกจ้างในหน่วยงานรัฐวิสาหกิจ,ธนาคารออมสินภาค 12,สินเชื่อเคหะ,DCO2026,2026-08-28 09:00:00,marketing.gsb,GSB_final_lead_list_2026-08-28.xlsx
TL000698,20 - 30,"06. 40,001-50,000",ประกอบวิชาชีพเฉพาะ,ธนาคารออมสินภาค 11,สินเชื่อเคหะ,DCO2026,2026-08-28 09:00:00,marketing.gsb,GSB_final_lead_list_2026-08-28.xlsx
TL000699,61 - 65,"04. 20,001-30,000",ประกอบอาชีพอิสระ,ธนาคารออมสินภาค 1,สินเชื่อเคหะ,DCO2026,2026-08-28 09:00:00,marketing.gsb,GSB_final_lead_list_2026-08-28.xlsx
TL000700,41 - 50,"05. 30,001-40,000",ผู้รับจ้างทั่วไป / ผู้ใช้แรงงาน,ธนาคารออมสินภาค 11,สินเชื่อเคหะ,DCO2026,2026-08-28 09:00:00,marketing.gsb,GSB_final_lead_list_2026-08-28.xlsx
TL000701,20 - 30,"01. 0-5,000",พนักงานและลูกจ้างในหน่วยงานรัฐวิสาหกิจ,ธนาคารออมสินภาค 11,สินเชื่อเคหะ,DCO2026,2026-08-28 09:00:00,marketing.gsb,GSB_final_lead_list_2026-08-28.xlsx
TL000702,20 - 30,"04. 20,001-30,000",ผู้ประกอบธุรกิจ / เจ้าของกิจการ,ธนาคารออมสินภาค 11,สินเชื่อเคหะ,DCO2026,2026-08-28 09:00:00,marketing.gsb,GSB_final_lead_list_2026-08-28.xlsx
TL000703,41 - 50,"04. 20,001-30,000",ผู้ประกอบธุรกิจ / เจ้าของกิจการ,ธนาคารออมสินภาค 10,สินเชื่อเคหะ,DCO2026,2026-08-28 09:00:00,marketing.gsb,GSB_final_lead_list_2026-08-28.xlsx
TL000704,31 - 40,"05. 30,001-40,000",พนักงานและลูกจ้างในหน่วยงานรัฐวิสาหกิจ,ธนาคารออมสินภาค 13,สินเชื่อเคหะ,DCO2026,2026-08-28 09:00:00,marketing.gsb,GSB_final_lead_list_2026-08-28.xlsx
TL000705,31 - 40,"05. 30,001-40,000",ผู้ประกอบธุรกิจ / เจ้าของกิจการ,ธนาคารออมสินภาค 12,สินเชื่อเคหะ,DCO2026,2026-08-28 09:00:00,marketing.gsb,GSB_final_lead_list_2026-08-28.xlsx
TL000706,51 - 60,"06. 40,001-50,000",ข้าราชการและลูกจ้างในหน่วยงานของรัฐ,ธนาคารออมสินภาค 1,สินเชื่อเคหะ,DCO2026,2026-08-28 09:00:00,marketing.gsb,GSB_final_lead_list_2026-08-28.xlsx
TL000707,20 - 30,"05. 30,001-40,000",ข้าราชการและลูกจ้างในหน่วยงานของรัฐ,ธนาคารออมสินภาค 10,สินเชื่อเคหะ,DCO2026,2026-08-28 09:00:00,marketing.gsb,GSB_final_lead_list_2026-08-28.xlsx
TL000708,41 - 50,"02. 5,001-10,000",ผู้รับจ้างทั่วไป / ผู้ใช้แรงงาน,ธนาคารออมสินภาค 12,สินเชื่อเคหะ,DCO2026,2026-08-28 09:00:00,marketing.gsb,GSB_final_lead_list_2026-08-28.xlsx
TL000709,41 - 50,"02. 5,001-10,000",พนักงานและลูกจ้างในหน่วยงานรัฐวิสาหกิจ,ธนาคารออมสินภาค 13,สินเชื่อเคหะ,DCO2026,2026-08-28 09:00:00,marketing.gsb,GSB_final_lead_list_2026-08-28.xlsx
TL000710,65 Up,"06. 40,001-50,000",ประกอบอาชีพอิสระ,ธนาคารออมสินภาค 11,สินเชื่อเคหะ,DCO2026,2026-08-28 09:00:00,marketing.gsb,GSB_final_lead_list_2026-08-28.xlsx
TL000711,Under 20,"01. 0-5,000",พนักงานและลูกจ้างในหน่วยงานรัฐวิสาหกิจ,ธนาคารออมสินภาค 13,สินเชื่อเคหะ,DCO2026,2026-08-28 09:00:00,marketing.gsb,GSB_final_lead_list_2026-08-28.xlsx
TL000712,31 - 40,"04. 20,001-30,000",ประกอบอาชีพอิสระ,ธนาคารออมสินภาค 12,สินเชื่อเคหะ,DCO2026,2026-08-28 09:00:00,marketing.gsb,GSB_final_lead_list_2026-08-28.xlsx
TL000713,20 - 30,"06. 40,001-50,000",ประกอบอาชีพอิสระ,ธนาคารออมสินภาค 11,สินเชื่อเคหะ,DCO2026,2026-08-28 09:00:00,marketing.gsb,GSB_final_lead_list_2026-08-28.xlsx
TL000714,20 - 30,"06. 40,001-50,000",ประกอบวิชาชีพเฉพาะ,ธนาคารออมสินภาค 11,สินเชื่อเคหะ,DCO2026,2026-08-28 09:00:00,marketing.gsb,GSB_final_lead_list_2026-08-28.xlsx
TL000715,31 - 40,"05. 30,001-40,000",ผู้รับจ้างทั่วไป / ผู้ใช้แรงงาน,ธนาคารออมสินภาค 12,สินเชื่อเคหะ,DCO2026,2026-08-28 09:00:00,marketing.gsb,GSB_final_lead_list_2026-08-28.xlsx
TL000716,41 - 50,"05. 30,001-40,000",ประกอบอาชีพอิสระ,ธนาคารออมสินภาค 11,สินเชื่อเคหะ,DCO2026,2026-08-28 09:00:00,marketing.gsb,GSB_final_lead_list_2026-08-28.xlsx
TL000717,Under 20,"04. 20,001-30,000",ประกอบอาชีพอิสระ,ธนาคารออมสินภาค 12,สินเชื่อเคหะ,DCO2026,2026-08-28 09:00:00,marketing.gsb,GSB_final_lead_list_2026-08-28.xlsx
TL000718,31 - 40,"04. 20,001-30,000",ข้าราชการและลูกจ้างในหน่วยงานของรัฐ,ธนาคารออมสินภาค 13,สินเชื่อเคหะ,DCO2026,2026-08-28 09:00:00,marketing.gsb,GSB_final_lead_list_2026-08-28.xlsx
TL000719,41 - 50,"05. 30,001-40,000",ประกอบอาชีพอิสระ,ธนาคารออมสินภาค 1,สินเชื่อเคหะ,DCO2026,2026-08-28 09:00:00,marketing.gsb,GSB_final_lead_list_2026-08-28.xlsx
TL000720,51 - 60,"04. 20,001-30,000",ผู้ประกอบธุรกิจ / เจ้าของกิจการ,ธนาคารออมสินภาค 11,สินเชื่อเคหะ,DCO2026,2026-08-28 09:00:00,marketing.gsb,GSB_final_lead_list_2026-08-28.xlsx
TL000721,20 - 30,"05. 30,001-40,000",พนักงานและลูกจ้างในหน่วยงานรัฐวิสาหกิจ,ธนาคารออมสินภาค 12,สินเชื่อเคหะ,DCO2026,2026-08-28 09:00:00,marketing.gsb,GSB_final_lead_list_2026-08-28.xlsx
TL000722,20 - 30,"04. 20,001-30,000",พนักงานและลูกจ้างในหน่วยงานรัฐวิสาหกิจ,ธนาคารออมสินภาค 13,สินเชื่อเคหะ,DCO2026,2026-08-28 09:00:00,marketing.gsb,GSB_final_lead_list_2026-08-28.xlsx
TL000723,41 - 50,"04. 20,001-30,000",ผู้ประกอบธุรกิจ / เจ้าของกิจการ,ธนาคารออมสินภาค 10,สินเชื่อเคหะ,DCO2026,2026-08-28 09:00:00,marketing.gsb,GSB_final_lead_list_2026-08-28.xlsx
TL000724,41 - 50,"05. 30,001-40,000",ผู้รับจ้างทั่วไป / ผู้ใช้แรงงาน,ธนาคารออมสินภาค 12,สินเชื่อเคหะ,DCO2026,2026-08-28 09:00:00,marketing.gsb,GSB_final_lead_list_2026-08-28.xlsx
TL000725,31 - 40,"02. 5,001-10,000",ประกอบอาชีพอิสระ,ธนาคารออมสินภาค 12,สินเชื่อเคหะ,DCO2026,2026-08-28 09:00:00,marketing.gsb,GSB_final_lead_list_2026-08-28.xlsx
TL000726,41 - 50,"04. 20,001-30,000",พนักงานและลูกจ้างในบริษัท,ธนาคารออมสินภาค 1,สินเชื่อเคหะ,DCO2026,2026-08-28 09:00:00,marketing.gsb,GSB_final_lead_list_2026-08-28.xlsx
TL000727,51 - 60,"02. 5,001-10,000",ประกอบอาชีพอิสระ,ธนาคารออมสินภาค 10,สินเชื่อเคหะ,DCO2026,2026-08-28 09:00:00,marketing.gsb,GSB_final_lead_list_2026-08-28.xlsx
TL000728,41 - 50,"03. 10,001-20,000",พนักงานและลูกจ้างในบริษัท,ธนาคารออมสินภาค 13,สินเชื่อเคหะ,DCO2026,2026-08-28 09:00:00,marketing.gsb,GSB_final_lead_list_2026-08-28.xlsx
TL000729,20 - 30,"04. 20,001-30,000",ประกอบวิชาชีพเฉพาะ,ธนาคารออมสินภาค 10,สินเชื่อเคหะ,DCO2026,2026-08-28 09:00:00,marketing.gsb,GSB_final_lead_list_2026-08-28.xlsx
TL000730,41 - 50,"06. 40,001-50,000",ข้าราชการและลูกจ้างในหน่วยงานของรัฐ,ธนาคารออมสินภาค 13,สินเชื่อเคหะ,DCO2026,2026-08-28 09:00:00,marketing.gsb,GSB_final_lead_list_2026-08-28.xlsx
TL000731,51 - 60,"01. 0-5,000",ผู้ประกอบธุรกิจ / เจ้าของกิจการ,ธนาคารออมสินภาค 1,สินเชื่อเคหะ,DCO2026,2026-08-28 09:00:00,marketing.gsb,GSB_final_lead_list_2026-08-28.xlsx
TL000732,20 - 30,"03. 10,001-20,000",พนักงานและลูกจ้างในหน่วยงานรัฐวิสาหกิจ,ธนาคารออมสินภาค 12,สินเชื่อเคหะ,DCO2026,2026-08-28 09:00:00,marketing.gsb,GSB_final_lead_list_2026-08-28.xlsx
TL000733,31 - 40,"02. 5,001-10,000",ประกอบอาชีพอิสระ,ธนาคารออมสินภาค 13,สินเชื่อเคหะ,DCO2026,2026-08-28 09:00:00,marketing.gsb,GSB_final_lead_list_2026-08-28.xlsx
TL000734,61 - 65,"05. 30,001-40,000",ประกอบอาชีพอิสระ,ธนาคารออมสินภาค 12,สินเชื่อเคหะ,DCO2026,2026-08-28 09:00:00,marketing.gsb,GSB_final_lead_list_2026-08-28.xlsx
TL000735,65 Up,"05. 30,001-40,000",พนักงานและลูกจ้างในบริษัท,ธนาคารออมสินภาค 13,สินเชื่อเคหะ,DCO2026,2026-08-28 09:00:00,marketing.gsb,GSB_final_lead_list_2026-08-28.xlsx
TL000736,31 - 40,"04. 20,001-30,000",ประกอบวิชาชีพเฉพาะ,ธนาคารออมสินภาค 11,สินเชื่อเคหะ,DCO2026,2026-08-28 09:00:00,marketing.gsb,GSB_final_lead_list_2026-08-28.xlsx
TL000737,20 - 30,"05. 30,001-40,000",พนักงานและลูกจ้างในหน่วยงานรัฐวิสาหกิจ,ธนาคารออมสินภาค 13,สินเชื่อเคหะ,DCO2026,2026-08-28 09:00:00,marketing.gsb,GSB_final_lead_list_2026-08-28.xlsx
TL000738,31 - 40,"02. 5,001-10,000",ผู้ประกอบธุรกิจ / เจ้าของกิจการ,ธนาคารออมสินภาค 1,สินเชื่อเคหะ,DCO2026,2026-08-28 09:00:00,marketing.gsb,GSB_final_lead_list_2026-08-28.xlsx
TL000739,51 - 60,"01. 0-5,000",ผู้ประกอบธุรกิจ / เจ้าของกิจการ,ธนาคารออมสินภาค 12,สินเชื่อเคหะ,DCO2026,2026-08-28 09:00:00,marketing.gsb,GSB_final_lead_list_2026-08-28.xlsx
TL000740,31 - 40,"06. 40,001-50,000",ประกอบอาชีพอิสระ,ธนาคารออมสินภาค 1,สินเชื่อเคหะ,DCO2026,2026-08-28 09:00:00,marketing.gsb,GSB_final_lead_list_2026-08-28.xlsx
TL000741,20 - 30,"03. 10,001-20,000",ผู้ประกอบธุรกิจ / เจ้าของกิจการ,ธนาคารออมสินภาค 12,สินเชื่อเคหะ,DCO2026,2026-08-28 09:00:00,marketing.gsb,GSB_final_lead_list_2026-08-28.xlsx
TL000742,61 - 65,"06. 40,001-50,000",ผู้รับจ้างทั่วไป / ผู้ใช้แรงงาน,ธนาคารออมสินภาค 10,สินเชื่อเคหะ,DCO2026,2026-08-28 09:00:00,marketing.gsb,GSB_final_lead_list_2026-08-28.xlsx
TL000743,31 - 40,"04. 20,001-30,000",ประกอบอาชีพอิสระ,ธนาคารออมสินภาค 11,สินเชื่อเคหะ,DCO2026,2026-08-28 09:00:00,marketing.gsb,GSB_final_lead_list_2026-08-28.xlsx
TL000744,20 - 30,"01. 0-5,000",พนักงานและลูกจ้างในหน่วยงานรัฐวิสาหกิจ,ธนาคารออมสินภาค 11,สินเชื่อเคหะ,DCO2026,2026-08-28 09:00:00,marketing.gsb,GSB_final_lead_list_2026-08-28.xlsx
TL000745,20 - 30,"05. 30,001-40,000",พนักงานและลูกจ้างในบริษัท,ธนาคารออมสินภาค 1,สินเชื่อเคหะ,DCO2026,2026-08-28 09:00:00,marketing.gsb,GSB_final_lead_list_2026-08-28.xlsx
TL000746,31 - 40,"06. 40,001-50,000",ผู้ประกอบธุรกิจ / เจ้าของกิจการ,ธนาคารออมสินภาค 13,สินเชื่อเคหะ,DCO2026,2026-08-28 09:00:00,marketing.gsb,GSB_final_lead_list_2026-08-28.xlsx
TL000747,51 - 60,"05. 30,001-40,000",ประกอบอาชีพอิสระ,ธนาคารออมสินภาค 13,สินเชื่อเคหะ,DCO2026,2026-08-28 09:00:00,marketing.gsb,GSB_final_lead_list_2026-08-28.xlsx
TL000748,20 - 30,"06. 40,001-50,000",ประกอบวิชาชีพเฉพาะ,ธนาคารออมสินภาค 1,สินเชื่อเคหะ,DCO2026,2026-08-28 09:00:00,marketing.gsb,GSB_final_lead_list_2026-08-28.xlsx
TL000749,41 - 50,"05. 30,001-40,000",ข้าราชการและลูกจ้างในหน่วยงานของรัฐ,ธนาคารออมสินภาค 1,สินเชื่อเคหะ,DCO2026,2026-08-28 09:00:00,marketing.gsb,GSB_final_lead_list_2026-08-28.xlsx
TL000750,31 - 40,"04. 20,001-30,000",ผู้ประกอบธุรกิจ / เจ้าของกิจการ,ธนาคารออมสินภาค 10,สินเชื่อเคหะ,DCO2026,2026-08-28 09:00:00,marketing.gsb,GSB_final_lead_list_2026-08-28.xlsx
TL000751,31 - 40,"03. 10,001-20,000",ผู้ประกอบธุรกิจ / เจ้าของกิจการ,ธนาคารออมสินภาค 11,สินเชื่อเคหะ,DCO2026,2026-08-28 09:00:00,marketing.gsb,GSB_final_lead_list_2026-08-28.xlsx
TL000752,20 - 30,"04. 20,001-30,000",ประกอบวิชาชีพเฉพาะ,ธนาคารออมสินภาค 12,สินเชื่อเคหะ,DCO2026,2026-08-28 09:00:00,marketing.gsb,GSB_final_lead_list_2026-08-28.xlsx
TL000753,51 - 60,"05. 30,001-40,000",ข้าราชการและลูกจ้างในหน่วยงานของรัฐ,ธนาคารออมสินภาค 1,สินเชื่อเคหะ,DCO2026,2026-08-28 09:00:00,marketing.gsb,GSB_final_lead_list_2026-08-28.xlsx
TL000754,31 - 40,"06. 40,001-50,000",ข้าราชการและลูกจ้างในหน่วยงานของรัฐ,ธนาคารออมสินภาค 11,สินเชื่อเคหะ,DCO2026,2026-08-28 09:00:00,marketing.gsb,GSB_final_lead_list_2026-08-28.xlsx
TL000755,51 - 60,"05. 30,001-40,000",ข้าราชการและลูกจ้างในหน่วยงานของรัฐ,ธนาคารออมสินภาค 12,สินเชื่อเคหะ,DCO2026,2026-08-28 09:00:00,marketing.gsb,GSB_final_lead_list_2026-08-28.xlsx
TL000756,65 Up,"02. 5,001-10,000",ประกอบอาชีพอิสระ,ธนาคารออมสินภาค 1,สินเชื่อเคหะ,DCO2026,2026-08-28 09:00:00,marketing.gsb,GSB_final_lead_list_2026-08-28.xlsx
TL000757,31 - 40,"02. 5,001-10,000",พนักงานและลูกจ้างในหน่วยงานรัฐวิสาหกิจ,ธนาคารออมสินภาค 13,สินเชื่อเคหะ,DCO2026,2026-08-28 09:00:00,marketing.gsb,GSB_final_lead_list_2026-08-28.xlsx
TL000758,31 - 40,"06. 40,001-50,000",ประกอบวิชาชีพเฉพาะ,ธนาคารออมสินภาค 12,สินเชื่อเคหะ,DCO2026,2026-08-28 09:00:00,marketing.gsb,GSB_final_lead_list_2026-08-28.xlsx
TL000759,31 - 40,"05. 30,001-40,000",ผู้รับจ้างทั่วไป / ผู้ใช้แรงงาน,ธนาคารออมสินภาค 11,สินเชื่อเคหะ,DCO2026,2026-08-28 09:00:00,marketing.gsb,GSB_final_lead_list_2026-08-28.xlsx
TL000760,51 - 60,"05. 30,001-40,000",ผู้ประกอบธุรกิจ / เจ้าของกิจการ,ธนาคารออมสินภาค 10,สินเชื่อเคหะ,DCO2026,2026-08-28 09:00:00,marketing.gsb,GSB_final_lead_list_2026-08-28.xlsx
TL000761,Under 20,"03. 10,001-20,000",ผู้ประกอบธุรกิจ / เจ้าของกิจการ,ธนาคารออมสินภาค 10,สินเชื่อเคหะ,DCO2026,2026-08-28 09:00:00,marketing.gsb,GSB_final_lead_list_2026-08-28.xlsx
TL000762,51 - 60,"05. 30,001-40,000",ข้าราชการและลูกจ้างในหน่วยงานของรัฐ,ธนาคารออมสินภาค 13,สินเชื่อเคหะ,DCO2026,2026-08-28 09:00:00,marketing.gsb,GSB_final_lead_list_2026-08-28.xlsx
TL000763,51 - 60,"01. 0-5,000",พนักงานและลูกจ้างในหน่วยงานรัฐวิสาหกิจ,ธนาคารออมสินภาค 10,สินเชื่อเคหะ,DCO2026,2026-08-28 09:00:00,marketing.gsb,GSB_final_lead_list_2026-08-28.xlsx
TL000764,31 - 40,"04. 20,001-30,000",พนักงานและลูกจ้างในหน่วยงานรัฐวิสาหกิจ,ธนาคารออมสินภาค 1,สินเชื่อเคหะ,DCO2026,2026-08-28 09:00:00,marketing.gsb,GSB_final_lead_list_2026-08-28.xlsx
TL000765,41 - 50,"06. 40,001-50,000",ประกอบวิชาชีพเฉพาะ,ธนาคารออมสินภาค 11,สินเชื่อเคหะ,DCO2026,2026-08-28 09:00:00,marketing.gsb,GSB_final_lead_list_2026-08-28.xlsx
TL000766,41 - 50,"06. 40,001-50,000",พนักงานและลูกจ้างในบริษัท,ธนาคารออมสินภาค 12,สินเชื่อเคหะ,DCO2026,2026-08-28 09:00:00,marketing.gsb,GSB_final_lead_list_2026-08-28.xlsx
TL000767,Under 20,"04. 20,001-30,000",พนักงานและลูกจ้างในหน่วยงานรัฐวิสาหกิจ,ธนาคารออมสินภาค 10,สินเชื่อเคหะ,DCO2026,2026-08-28 09:00:00,marketing.gsb,GSB_final_lead_list_2026-08-28.xlsx
TL000768,31 - 40,"04. 20,001-30,000",ข้าราชการและลูกจ้างในหน่วยงานของรัฐ,ธนาคารออมสินภาค 11,สินเชื่อเคหะ,DCO2026,2026-08-28 09:00:00,marketing.gsb,GSB_final_lead_list_2026-08-28.xlsx
TL000769,51 - 60,"04. 20,001-30,000",ประกอบวิชาชีพเฉพาะ,ธนาคารออมสินภาค 11,สินเชื่อเคหะ,DCO2026,2026-08-28 09:00:00,marketing.gsb,GSB_final_lead_list_2026-08-28.xlsx
TL000770,61 - 65,"06. 40,001-50,000",พนักงานและลูกจ้างในบริษัท,ธนาคารออมสินภาค 12,สินเชื่อเคหะ,DCO2026,2026-08-28 09:00:00,marketing.gsb,GSB_final_lead_list_2026-08-28.xlsx
TL000771,20 - 30,"04. 20,001-30,000",ข้าราชการและลูกจ้างในหน่วยงานของรัฐ,ธนาคารออมสินภาค 1,สินเชื่อเคหะ,DCO2026,2026-08-28 09:00:00,marketing.gsb,GSB_final_lead_list_2026-08-28.xlsx
TL000772,31 - 40,"06. 40,001-50,000",ผู้รับจ้างทั่วไป / ผู้ใช้แรงงาน,ธนาคารออมสินภาค 11,สินเชื่อเคหะ,DCO2026,2026-08-28 09:00:00,marketing.gsb,GSB_final_lead_list_2026-08-28.xlsx
TL000773,Under 20,"04. 20,001-30,000",ผู้ประกอบธุรกิจ / เจ้าของกิจการ,ธนาคารออมสินภาค 1,สินเชื่อเคหะ,DCO2026,2026-08-28 09:00:00,marketing.gsb,GSB_final_lead_list_2026-08-28.xlsx
TL000774,31 - 40,"04. 20,001-30,000",พนักงานและลูกจ้างในบริษัท,ธนาคารออมสินภาค 1,สินเชื่อเคหะ,DCO2026,2026-08-28 09:00:00,marketing.gsb,GSB_final_lead_list_2026-08-28.xlsx
TL000775,31 - 40,"06. 40,001-50,000",ผู้รับจ้างทั่วไป / ผู้ใช้แรงงาน,ธนาคารออมสินภาค 1,สินเชื่อเคหะ,DCO2026,2026-08-28 09:00:00,marketing.gsb,GSB_final_lead_list_2026-08-28.xlsx
TL000776,41 - 50,"05. 30,001-40,000",ผู้ประกอบธุรกิจ / เจ้าของกิจการ,ธนาคารออมสินภาค 13,สินเชื่อเคหะ,DCO2026,2026-08-28 09:00:00,marketing.gsb,GSB_final_lead_list_2026-08-28.xlsx
TL000777,31 - 40,"05. 30,001-40,000",ผู้รับจ้างทั่วไป / ผู้ใช้แรงงาน,ธนาคารออมสินภาค 1,สินเชื่อเคหะ,DCO2026,2026-08-28 09:00:00,marketing.gsb,GSB_final_lead_list_2026-08-28.xlsx
TL000778,41 - 50,"06. 40,001-50,000",พนักงานและลูกจ้างในหน่วยงานรัฐวิสาหกิจ,ธนาคารออมสินภาค 13,สินเชื่อเคหะ,DCO2026,2026-08-28 09:00:00,marketing.gsb,GSB_final_lead_list_2026-08-28.xlsx
TL000779,51 - 60,"04. 20,001-30,000",ประกอบอาชีพอิสระ,ธนาคารออมสินภาค 1,สินเชื่อเคหะ,DCO2026,2026-08-28 09:00:00,marketing.gsb,GSB_final_lead_list_2026-08-28.xlsx
TL000780,20 - 30,"02. 5,001-10,000",ประกอบอาชีพอิสระ,ธนาคารออมสินภาค 12,สินเชื่อเคหะ,DCO2026,2026-08-28 09:00:00,marketing.gsb,GSB_final_lead_list_2026-08-28.xlsx
TL000781,20 - 30,"05. 30,001-40,000",ประกอบวิชาชีพเฉพาะ,ธนาคารออมสินภาค 12,สินเชื่อเคหะ,DCO2026,2026-08-28 09:00:00,marketing.gsb,GSB_final_lead_list_2026-08-28.xlsx
TL000782,31 - 40,"03. 10,001-20,000",ประกอบอาชีพอิสระ,ธนาคารออมสินภาค 11,สินเชื่อเคหะ,DCO2026,2026-08-28 09:00:00,marketing.gsb,GSB_final_lead_list_2026-08-28.xlsx
TL000783,51 - 60,"05. 30,001-40,000",ผู้ประกอบธุรกิจ / เจ้าของกิจการ,ธนาคารออมสินภาค 13,สินเชื่อเคหะ,DCO2026,2026-08-28 09:00:00,marketing.gsb,GSB_final_lead_list_2026-08-28.xlsx
TL000784,31 - 40,"04. 20,001-30,000",ประกอบวิชาชีพเฉพาะ,ธนาคารออมสินภาค 1,สินเชื่อเคหะ,DCO2026,2026-08-28 09:00:00,marketing.gsb,GSB_final_lead_list_2026-08-28.xlsx
TL000785,20 - 30,"04. 20,001-30,000",ผู้รับจ้างทั่วไป / ผู้ใช้แรงงาน,ธนาคารออมสินภาค 13,สินเชื่อเคหะ,DCO2026,2026-08-28 09:00:00,marketing.gsb,GSB_final_lead_list_2026-08-28.xlsx
TL000786,20 - 30,"01. 0-5,000",พนักงานและลูกจ้างในบริษัท,ธนาคารออมสินภาค 11,สินเชื่อเคหะ,DCO2026,2026-08-28 09:00:00,marketing.gsb,GSB_final_lead_list_2026-08-28.xlsx
TL000787,31 - 40,"05. 30,001-40,000",ผู้รับจ้างทั่วไป / ผู้ใช้แรงงาน,ธนาคารออมสินภาค 10,สินเชื่อเคหะ,DCO2026,2026-08-28 09:00:00,marketing.gsb,GSB_final_lead_list_2026-08-28.xlsx
TL000788,41 - 50,"05. 30,001-40,000",ผู้รับจ้างทั่วไป / ผู้ใช้แรงงาน,ธนาคารออมสินภาค 1,สินเชื่อเคหะ,DCO2026,2026-08-28 09:00:00,marketing.gsb,GSB_final_lead_list_2026-08-28.xlsx
TL000789,51 - 60,"05. 30,001-40,000",พนักงานและลูกจ้างในบริษัท,ธนาคารออมสินภาค 10,สินเชื่อเคหะ,DCO2026,2026-08-28 09:00:00,marketing.gsb,GSB_final_lead_list_2026-08-28.xlsx
TL000790,20 - 30,"04. 20,001-30,000",ประกอบอาชีพอิสระ,ธนาคารออมสินภาค 1,สินเชื่อเคหะ,DCO2026,2026-08-28 09:00:00,marketing.gsb,GSB_final_lead_list_2026-08-28.xlsx
TL000791,51 - 60,"02. 5,001-10,000",ประกอบอาชีพอิสระ,ธนาคารออมสินภาค 1,สินเชื่อเคหะ,DCO2026,2026-08-28 09:00:00,marketing.gsb,GSB_final_lead_list_2026-08-28.xlsx
TL000792,31 - 40,"05. 30,001-40,000",ผู้ประกอบธุรกิจ / เจ้าของกิจการ,ธนาคารออมสินภาค 1,สินเชื่อเคหะ,DCO2026,2026-08-28 09:00:00,marketing.gsb,GSB_final_lead_list_2026-08-28.xlsx
TL000793,41 - 50,"04. 20,001-30,000",ประกอบอาชีพอิสระ,ธนาคารออมสินภาค 12,สินเชื่อเคหะ,DCO2026,2026-08-28 09:00:00,marketing.gsb,GSB_final_lead_list_2026-08-28.xlsx
TL000794,51 - 60,"06. 40,001-50,000",ประกอบวิชาชีพเฉพาะ,ธนาคารออมสินภาค 10,สินเชื่อเคหะ,DCO2026,2026-08-28 09:00:00,marketing.gsb,GSB_final_lead_list_2026-08-28.xlsx
TL000795,31 - 40,"06. 40,001-50,000",ข้าราชการและลูกจ้างในหน่วยงานของรัฐ,ธนาคารออมสินภาค 11,สินเชื่อเคหะ,DCO2026,2026-08-28 09:00:00,marketing.gsb,GSB_final_lead_list_2026-08-28.xlsx
TL000796,41 - 50,"04. 20,001-30,000",พนักงานและลูกจ้างในหน่วยงานรัฐวิสาหกิจ,ธนาคารออมสินภาค 12,สินเชื่อเคหะ,DCO2026,2026-08-28 09:00:00,marketing.gsb,GSB_final_lead_list_2026-08-28.xlsx
TL000797,31 - 40,"01. 0-5,000",พนักงานและลูกจ้างในหน่วยงานรัฐวิสาหกิจ,ธนาคารออมสินภาค 11,สินเชื่อเคหะ,DCO2026,2026-08-28 09:00:00,marketing.gsb,GSB_final_lead_list_2026-08-28.xlsx
TL000798,51 - 60,"06. 40,001-50,000",ผู้ประกอบธุรกิจ / เจ้าของกิจการ,ธนาคารออมสินภาค 1,สินเชื่อเคหะ,DCO2026,2026-08-28 09:00:00,marketing.gsb,GSB_final_lead_list_2026-08-28.xlsx
TL000799,41 - 50,"05. 30,001-40,000",ข้าราชการและลูกจ้างในหน่วยงานของรัฐ,ธนาคารออมสินภาค 13,สินเชื่อเคหะ,DCO2026,2026-08-28 09:00:00,marketing.gsb,GSB_final_lead_list_2026-08-28.xlsx
TL000800,51 - 60,"05. 30,001-40,000",ผู้รับจ้างทั่วไป / ผู้ใช้แรงงาน,ธนาคารออมสินภาค 12,สินเชื่อเคหะ,DCO2026,2026-08-28 09:00:00,marketing.gsb,GSB_final_lead_list_2026-08-28.xlsx
TL000801,51 - 60,"06. 40,001-50,000",ข้าราชการและลูกจ้างในหน่วยงานของรัฐ,ธนาคารออมสินภาค 12,สินเชื่อเคหะ,DCO2026,2026-08-28 09:00:00,marketing.gsb,GSB_final_lead_list_2026-08-28.xlsx
TL000802,41 - 50,"01. 0-5,000",ประกอบวิชาชีพเฉพาะ,ธนาคารออมสินภาค 11,สินเชื่อเคหะ,DCO2026,2026-08-28 09:00:00,marketing.gsb,GSB_final_lead_list_2026-08-28.xlsx
TL000803,41 - 50,"01. 0-5,000",ประกอบวิชาชีพเฉพาะ,ธนาคารออมสินภาค 1,สินเชื่อเคหะ,DCO2026,2026-08-28 09:00:00,marketing.gsb,GSB_final_lead_list_2026-08-28.xlsx
TL000804,61 - 65,"03. 10,001-20,000",พนักงานและลูกจ้างในบริษัท,ธนาคารออมสินภาค 12,สินเชื่อเคหะ,DCO2026,2026-08-28 09:00:00,marketing.gsb,GSB_final_lead_list_2026-08-28.xlsx
TL000805,41 - 50,"01. 0-5,000",ประกอบวิชาชีพเฉพาะ,ธนาคารออมสินภาค 1,สินเชื่อเคหะ,DCO2026,2026-08-28 09:00:00,marketing.gsb,GSB_final_lead_list_2026-08-28.xlsx
TL000806,61 - 65,"04. 20,001-30,000",ประกอบวิชาชีพเฉพาะ,ธนาคารออมสินภาค 12,สินเชื่อเคหะ,DCO2026,2026-08-28 09:00:00,marketing.gsb,GSB_final_lead_list_2026-08-28.xlsx
TL000807,Under 20,"03. 10,001-20,000",ผู้ประกอบธุรกิจ / เจ้าของกิจการ,ธนาคารออมสินภาค 11,สินเชื่อเคหะ,DCO2026,2026-08-28 09:00:00,marketing.gsb,GSB_final_lead_list_2026-08-28.xlsx
TL000808,31 - 40,"07. >50,000",ข้าราชการและลูกจ้างในหน่วยงานของรัฐ,ธนาคารออมสินภาค 11,สินเชื่อเคหะ,DCO2026,2026-08-28 09:00:00,marketing.gsb,GSB_final_lead_list_2026-08-28.xlsx
TL000809,41 - 50,"01. 0-5,000",ประกอบอาชีพอิสระ,ธนาคารออมสินภาค 10,สินเชื่อเคหะ,DCO2026,2026-08-28 09:00:00,marketing.gsb,GSB_final_lead_list_2026-08-28.xlsx
TL000810,65 Up,"06. 40,001-50,000",พนักงานและลูกจ้างในหน่วยงานรัฐวิสาหกิจ,ธนาคารออมสินภาค 12,สินเชื่อเคหะ,DCO2026,2026-08-28 09:00:00,marketing.gsb,GSB_final_lead_list_2026-08-28.xlsx
TL000811,20 - 30,"04. 20,001-30,000",ผู้ประกอบธุรกิจ / เจ้าของกิจการ,ธนาคารออมสินภาค 11,สินเชื่อเคหะ,DCO2026,2026-08-28 09:00:00,marketing.gsb,GSB_final_lead_list_2026-08-28.xlsx
TL000812,20 - 30,"04. 20,001-30,000",ผู้ประกอบธุรกิจ / เจ้าของกิจการ,ธนาคารออมสินภาค 12,สินเชื่อเคหะ,DCO2026,2026-08-28 09:00:00,marketing.gsb,GSB_final_lead_list_2026-08-28.xlsx
TL000813,51 - 60,"05. 30,001-40,000",ประกอบอาชีพอิสระ,ธนาคารออมสินภาค 10,สินเชื่อเคหะ,DCO2026,2026-08-28 09:00:00,marketing.gsb,GSB_final_lead_list_2026-08-28.xlsx
TL000814,20 - 30,"05. 30,001-40,000",พนักงานและลูกจ้างในหน่วยงานรัฐวิสาหกิจ,ธนาคารออมสินภาค 1,สินเชื่อเคหะ,DCO2026,2026-08-28 09:00:00,marketing.gsb,GSB_final_lead_list_2026-08-28.xlsx
TL000815,20 - 30,"06. 40,001-50,000",ผู้ประกอบธุรกิจ / เจ้าของกิจการ,ธนาคารออมสินภาค 12,สินเชื่อเคหะ,DCO2026,2026-08-28 09:00:00,marketing.gsb,GSB_final_lead_list_2026-08-28.xlsx
TL000816,20 - 30,"04. 20,001-30,000",ประกอบวิชาชีพเฉพาะ,ธนาคารออมสินภาค 11,สินเชื่อเคหะ,DCO2026,2026-08-28 09:00:00,marketing.gsb,GSB_final_lead_list_2026-08-28.xlsx
TL000817,51 - 60,"01. 0-5,000",พนักงานและลูกจ้างในบริษัท,ธนาคารออมสินภาค 12,สินเชื่อเคหะ,DCO2026,2026-08-28 09:00:00,marketing.gsb,GSB_final_lead_list_2026-08-28.xlsx
TL000818,51 - 60,"02. 5,001-10,000",พนักงานและลูกจ้างในบริษัท,ธนาคารออมสินภาค 10,สินเชื่อเคหะ,DCO2026,2026-08-28 09:00:00,marketing.gsb,GSB_final_lead_list_2026-08-28.xlsx
TL000819,41 - 50,"06. 40,001-50,000",ประกอบวิชาชีพเฉพาะ,ธนาคารออมสินภาค 1,สินเชื่อเคหะ,DCO2026,2026-08-28 09:00:00,marketing.gsb,GSB_final_lead_list_2026-08-28.xlsx
TL000820,41 - 50,"04. 20,001-30,000",พนักงานและลูกจ้างในหน่วยงานรัฐวิสาหกิจ,ธนาคารออมสินภาค 10,สินเชื่อเคหะ,DCO2026,2026-08-28 09:00:00,marketing.gsb,GSB_final_lead_list_2026-08-28.xlsx
TL000821,41 - 50,"05. 30,001-40,000",ผู้ประกอบธุรกิจ / เจ้าของกิจการ,ธนาคารออมสินภาค 10,สินเชื่อเคหะ,DCO2026,2026-08-28 09:00:00,marketing.gsb,GSB_final_lead_list_2026-08-28.xlsx
TL000822,31 - 40,"01. 0-5,000",ประกอบวิชาชีพเฉพาะ,ธนาคารออมสินภาค 10,สินเชื่อเคหะ,DCO2026,2026-08-28 09:00:00,marketing.gsb,GSB_final_lead_list_2026-08-28.xlsx
TL000823,31 - 40,"06. 40,001-50,000",ประกอบวิชาชีพเฉพาะ,ธนาคารออมสินภาค 11,สินเชื่อเคหะ,DCO2026,2026-08-28 09:00:00,marketing.gsb,GSB_final_lead_list_2026-08-28.xlsx
TL000824,31 - 40,"05. 30,001-40,000",พนักงานและลูกจ้างในหน่วยงานรัฐวิสาหกิจ,ธนาคารออมสินภาค 12,สินเชื่อเคหะ,DCO2026,2026-08-28 09:00:00,marketing.gsb,GSB_final_lead_list_2026-08-28.xlsx
TL000825,20 - 30,"05. 30,001-40,000",พนักงานและลูกจ้างในบริษัท,ธนาคารออมสินภาค 1,สินเชื่อเคหะ,DCO2026,2026-08-28 09:00:00,marketing.gsb,GSB_final_lead_list_2026-08-28.xlsx
TL000826,20 - 30,"05. 30,001-40,000",ข้าราชการและลูกจ้างในหน่วยงานของรัฐ,ธนาคารออมสินภาค 11,สินเชื่อเคหะ,DCO2026,2026-08-28 09:00:00,marketing.gsb,GSB_final_lead_list_2026-08-28.xlsx
TL000827,51 - 60,"06. 40,001-50,000",ผู้รับจ้างทั่วไป / ผู้ใช้แรงงาน,ธนาคารออมสินภาค 12,สินเชื่อเคหะ,DCO2026,2026-08-28 09:00:00,marketing.gsb,GSB_final_lead_list_2026-08-28.xlsx
TL000828,51 - 60,"06. 40,001-50,000",ประกอบวิชาชีพเฉพาะ,ธนาคารออมสินภาค 12,สินเชื่อเคหะ,DCO2026,2026-08-28 09:00:00,marketing.gsb,GSB_final_lead_list_2026-08-28.xlsx
TL000829,20 - 30,"05. 30,001-40,000",ข้าราชการและลูกจ้างในหน่วยงานของรัฐ,ธนาคารออมสินภาค 13,สินเชื่อเคหะ,DCO2026,2026-08-28 09:00:00,marketing.gsb,GSB_final_lead_list_2026-08-28.xlsx
TL000830,31 - 40,"01. 0-5,000",ประกอบวิชาชีพเฉพาะ,ธนาคารออมสินภาค 12,สินเชื่อเคหะ,DCO2026,2026-08-28 09:00:00,marketing.gsb,GSB_final_lead_list_2026-08-28.xlsx
TL000831,41 - 50,"01. 0-5,000",ผู้ประกอบธุรกิจ / เจ้าของกิจการ,ธนาคารออมสินภาค 13,สินเชื่อเคหะ,DCO2026,2026-08-28 09:00:00,marketing.gsb,GSB_final_lead_list_2026-08-28.xlsx
TL000832,Under 20,"04. 20,001-30,000",พนักงานและลูกจ้างในบริษัท,ธนาคารออมสินภาค 12,สินเชื่อเคหะ,DCO2026,2026-08-28 09:00:00,marketing.gsb,GSB_final_lead_list_2026-08-28.xlsx
TL000833,20 - 30,"05. 30,001-40,000",พนักงานและลูกจ้างในหน่วยงานรัฐวิสาหกิจ,ธนาคารออมสินภาค 13,สินเชื่อเคหะ,DCO2026,2026-08-28 09:00:00,marketing.gsb,GSB_final_lead_list_2026-08-28.xlsx
TL000834,20 - 30,"01. 0-5,000",ผู้รับจ้างทั่วไป / ผู้ใช้แรงงาน,ธนาคารออมสินภาค 13,สินเชื่อเคหะ,DCO2026,2026-08-28 09:00:00,marketing.gsb,GSB_final_lead_list_2026-08-28.xlsx
TL000835,31 - 40,"06. 40,001-50,000",ผู้รับจ้างทั่วไป / ผู้ใช้แรงงาน,ธนาคารออมสินภาค 1,สินเชื่อเคหะ,DCO2026,2026-08-28 09:00:00,marketing.gsb,GSB_final_lead_list_2026-08-28.xlsx
TL000836,20 - 30,"06. 40,001-50,000",ประกอบวิชาชีพเฉพาะ,ธนาคารออมสินภาค 11,สินเชื่อเคหะ,DCO2026,2026-08-28 09:00:00,marketing.gsb,GSB_final_lead_list_2026-08-28.xlsx
TL000837,51 - 60,"06. 40,001-50,000",ประกอบอาชีพอิสระ,ธนาคารออมสินภาค 12,สินเชื่อเคหะ,DCO2026,2026-08-28 09:00:00,marketing.gsb,GSB_final_lead_list_2026-08-28.xlsx
TL000838,31 - 40,"02. 5,001-10,000",ประกอบวิชาชีพเฉพาะ,ธนาคารออมสินภาค 1,สินเชื่อเคหะ,DCO2026,2026-08-28 09:00:00,marketing.gsb,GSB_final_lead_list_2026-08-28.xlsx
TL000839,Under 20,"05. 30,001-40,000",ข้าราชการและลูกจ้างในหน่วยงานของรัฐ,ธนาคารออมสินภาค 12,สินเชื่อเคหะ,DCO2026,2026-08-28 09:00:00,marketing.gsb,GSB_final_lead_list_2026-08-28.xlsx
TL000840,41 - 50,"06. 40,001-50,000",ประกอบวิชาชีพเฉพาะ,ธนาคารออมสินภาค 12,สินเชื่อเคหะ,DCO2026,2026-08-28 09:00:00,marketing.gsb,GSB_final_lead_list_2026-08-28.xlsx
TL000841,31 - 40,"03. 10,001-20,000",ประกอบวิชาชีพเฉพาะ,ธนาคารออมสินภาค 1,สินเชื่อเคหะ,DCO2026,2026-08-28 09:00:00,marketing.gsb,GSB_final_lead_list_2026-08-28.xlsx
TL000842,51 - 60,"04. 20,001-30,000",พนักงานและลูกจ้างในหน่วยงานรัฐวิสาหกิจ,ธนาคารออมสินภาค 11,สินเชื่อเคหะ,DCO2026,2026-08-28 09:00:00,marketing.gsb,GSB_final_lead_list_2026-08-28.xlsx
TL000843,41 - 50,"05. 30,001-40,000",ผู้รับจ้างทั่วไป / ผู้ใช้แรงงาน,ธนาคารออมสินภาค 10,สินเชื่อเคหะ,DCO2026,2026-08-28 09:00:00,marketing.gsb,GSB_final_lead_list_2026-08-28.xlsx
TL000844,20 - 30,"03. 10,001-20,000",ประกอบอาชีพอิสระ,ธนาคารออมสินภาค 13,สินเชื่อเคหะ,DCO2026,2026-08-28 09:00:00,marketing.gsb,GSB_final_lead_list_2026-08-28.xlsx
TL000845,20 - 30,"04. 20,001-30,000",พนักงานและลูกจ้างในบริษัท,ธนาคารออมสินภาค 13,สินเชื่อเคหะ,DCO2026,2026-08-28 09:00:00,marketing.gsb,GSB_final_lead_list_2026-08-28.xlsx
TL000846,20 - 30,"04. 20,001-30,000",ประกอบวิชาชีพเฉพาะ,ธนาคารออมสินภาค 12,สินเชื่อเคหะ,DCO2026,2026-08-28 09:00:00,marketing.gsb,GSB_final_lead_list_2026-08-28.xlsx
TL000847,51 - 60,"05. 30,001-40,000",ข้าราชการและลูกจ้างในหน่วยงานของรัฐ,ธนาคารออมสินภาค 11,สินเชื่อเคหะ,DCO2026,2026-08-28 09:00:00,marketing.gsb,GSB_final_lead_list_2026-08-28.xlsx
TL000848,20 - 30,"05. 30,001-40,000",ประกอบอาชีพอิสระ,ธนาคารออมสินภาค 10,สินเชื่อเคหะ,DCO2026,2026-08-28 09:00:00,marketing.gsb,GSB_final_lead_list_2026-08-28.xlsx
TL000849,51 - 60,"06. 40,001-50,000",ข้าราชการและลูกจ้างในหน่วยงานของรัฐ,ธนาคารออมสินภาค 12,สินเชื่อเคหะ,DCO2026,2026-08-28 09:00:00,marketing.gsb,GSB_final_lead_list_2026-08-28.xlsx
TL000850,20 - 30,"06. 40,001-50,000",ผู้รับจ้างทั่วไป / ผู้ใช้แรงงาน,ธนาคารออมสินภาค 10,สินเชื่อเคหะ,DCO2026,2026-08-28 09:00:00,marketing.gsb,GSB_final_lead_list_2026-08-28.xlsx
TL000851,31 - 40,"06. 40,001-50,000",พนักงานและลูกจ้างในบริษัท,ธนาคารออมสินภาค 10,สินเชื่อเคหะ,DCO2026,2026-08-28 09:00:00,marketing.gsb,GSB_final_lead_list_2026-08-28.xlsx
TL000852,31 - 40,"04. 20,001-30,000",ประกอบวิชาชีพเฉพาะ,ธนาคารออมสินภาค 10,สินเชื่อเคหะ,DCO2026,2026-08-28 09:00:00,marketing.gsb,GSB_final_lead_list_2026-08-28.xlsx
TL000853,20 - 30,"02. 5,001-10,000",ผู้ประกอบธุรกิจ / เจ้าของกิจการ,ธนาคารออมสินภาค 12,สินเชื่อเคหะ,DCO2026,2026-08-28 09:00:00,marketing.gsb,GSB_final_lead_list_2026-08-28.xlsx
TL000854,31 - 40,"06. 40,001-50,000",พนักงานและลูกจ้างในหน่วยงานรัฐวิสาหกิจ,ธนาคารออมสินภาค 11,สินเชื่อเคหะ,DCO2026,2026-08-28 09:00:00,marketing.gsb,GSB_final_lead_list_2026-08-28.xlsx
TL000855,20 - 30,"06. 40,001-50,000",ผู้ประกอบธุรกิจ / เจ้าของกิจการ,ธนาคารออมสินภาค 13,สินเชื่อเคหะ,DCO2026,2026-08-28 09:00:00,marketing.gsb,GSB_final_lead_list_2026-08-28.xlsx
TL000856,20 - 30,"02. 5,001-10,000",พนักงานและลูกจ้างในหน่วยงานรัฐวิสาหกิจ,ธนาคารออมสินภาค 11,สินเชื่อเคหะ,DCO2026,2026-08-28 09:00:00,marketing.gsb,GSB_final_lead_list_2026-08-28.xlsx
TL000857,41 - 50,"04. 20,001-30,000",ข้าราชการและลูกจ้างในหน่วยงานของรัฐ,ธนาคารออมสินภาค 1,สินเชื่อเคหะ,DCO2026,2026-08-28 09:00:00,marketing.gsb,GSB_final_lead_list_2026-08-28.xlsx
TL000858,20 - 30,"05. 30,001-40,000",ผู้รับจ้างทั่วไป / ผู้ใช้แรงงาน,ธนาคารออมสินภาค 13,สินเชื่อเคหะ,DCO2026,2026-08-28 09:00:00,marketing.gsb,GSB_final_lead_list_2026-08-28.xlsx
TL000859,20 - 30,"04. 20,001-30,000",ประกอบวิชาชีพเฉพาะ,ธนาคารออมสินภาค 12,สินเชื่อเคหะ,DCO2026,2026-08-28 09:00:00,marketing.gsb,GSB_final_lead_list_2026-08-28.xlsx
TL000860,31 - 40,"07. >50,000",ประกอบวิชาชีพเฉพาะ,ธนาคารออมสินภาค 10,สินเชื่อเคหะ,DCO2026,2026-08-28 09:00:00,marketing.gsb,GSB_final_lead_list_2026-08-28.xlsx
TL000861,31 - 40,"04. 20,001-30,000",พนักงานและลูกจ้างในหน่วยงานรัฐวิสาหกิจ,ธนาคารออมสินภาค 11,สินเชื่อเคหะ,DCO2026,2026-08-28 09:00:00,marketing.gsb,GSB_final_lead_list_2026-08-28.xlsx
TL000862,31 - 40,"04. 20,001-30,000",ประกอบวิชาชีพเฉพาะ,ธนาคารออมสินภาค 1,สินเชื่อเคหะ,DCO2026,2026-08-28 09:00:00,marketing.gsb,GSB_final_lead_list_2026-08-28.xlsx
TL000863,31 - 40,"06. 40,001-50,000",ผู้ประกอบธุรกิจ / เจ้าของกิจการ,ธนาคารออมสินภาค 10,สินเชื่อเคหะ,DCO2026,2026-08-28 09:00:00,marketing.gsb,GSB_final_lead_list_2026-08-28.xlsx
TL000864,20 - 30,"04. 20,001-30,000",ผู้ประกอบธุรกิจ / เจ้าของกิจการ,ธนาคารออมสินภาค 10,สินเชื่อเคหะ,DCO2026,2026-08-28 09:00:00,marketing.gsb,GSB_final_lead_list_2026-08-28.xlsx
TL000865,31 - 40,"02. 5,001-10,000",ประกอบวิชาชีพเฉพาะ,ธนาคารออมสินภาค 12,สินเชื่อเคหะ,DCO2026,2026-08-28 09:00:00,marketing.gsb,GSB_final_lead_list_2026-08-28.xlsx
TL000866,31 - 40,"04. 20,001-30,000",ประกอบอาชีพอิสระ,ธนาคารออมสินภาค 10,สินเชื่อเคหะ,DCO2026,2026-08-28 09:00:00,marketing.gsb,GSB_final_lead_list_2026-08-28.xlsx
TL000867,20 - 30,"05. 30,001-40,000",พนักงานและลูกจ้างในบริษัท,ธนาคารออมสินภาค 1,สินเชื่อเคหะ,DCO2026,2026-08-28 09:00:00,marketing.gsb,GSB_final_lead_list_2026-08-28.xlsx
TL000868,41 - 50,"04. 20,001-30,000",ผู้ประกอบธุรกิจ / เจ้าของกิจการ,ธนาคารออมสินภาค 10,สินเชื่อเคหะ,DCO2026,2026-08-28 09:00:00,marketing.gsb,GSB_final_lead_list_2026-08-28.xlsx
TL000869,41 - 50,"06. 40,001-50,000",ข้าราชการและลูกจ้างในหน่วยงานของรัฐ,ธนาคารออมสินภาค 10,สินเชื่อเคหะ,DCO2026,2026-08-28 09:00:00,marketing.gsb,GSB_final_lead_list_2026-08-28.xlsx
TL000870,31 - 40,"05. 30,001-40,000",ผู้รับจ้างทั่วไป / ผู้ใช้แรงงาน,ธนาคารออมสินภาค 1,สินเชื่อเคหะ,DCO2026,2026-08-28 09:00:00,marketing.gsb,GSB_final_lead_list_2026-08-28.xlsx
TL000871,41 - 50,"04. 20,001-30,000",ประกอบอาชีพอิสระ,ธนาคารออมสินภาค 13,สินเชื่อเคหะ,DCO2026,2026-08-28 09:00:00,marketing.gsb,GSB_final_lead_list_2026-08-28.xlsx
TL000872,20 - 30,"05. 30,001-40,000",พนักงานและลูกจ้างในหน่วยงานรัฐวิสาหกิจ,ธนาคารออมสินภาค 11,สินเชื่อเคหะ,DCO2026,2026-08-28 09:00:00,marketing.gsb,GSB_final_lead_list_2026-08-28.xlsx
TL000873,31 - 40,"04. 20,001-30,000",พนักงานและลูกจ้างในหน่วยงานรัฐวิสาหกิจ,ธนาคารออมสินภาค 13,สินเชื่อเคหะ,DCO2026,2026-08-28 09:00:00,marketing.gsb,GSB_final_lead_list_2026-08-28.xlsx
TL000874,20 - 30,"06. 40,001-50,000",ประกอบวิชาชีพเฉพาะ,ธนาคารออมสินภาค 10,สินเชื่อเคหะ,DCO2026,2026-08-28 09:00:00,marketing.gsb,GSB_final_lead_list_2026-08-28.xlsx
TL000875,41 - 50,"04. 20,001-30,000",ข้าราชการและลูกจ้างในหน่วยงานของรัฐ,ธนาคารออมสินภาค 1,สินเชื่อเคหะ,DCO2026,2026-08-28 09:00:00,marketing.gsb,GSB_final_lead_list_2026-08-28.xlsx
TL000876,31 - 40,"01. 0-5,000",ประกอบวิชาชีพเฉพาะ,ธนาคารออมสินภาค 11,สินเชื่อเคหะ,DCO2026,2026-08-28 09:00:00,marketing.gsb,GSB_final_lead_list_2026-08-28.xlsx
TL000877,Under 20,"04. 20,001-30,000",ผู้รับจ้างทั่วไป / ผู้ใช้แรงงาน,ธนาคารออมสินภาค 13,สินเชื่อเคหะ,DCO2026,2026-08-28 09:00:00,marketing.gsb,GSB_final_lead_list_2026-08-28.xlsx
TL000878,31 - 40,"04. 20,001-30,000",ผู้รับจ้างทั่วไป / ผู้ใช้แรงงาน,ธนาคารออมสินภาค 11,สินเชื่อเคหะ,DCO2026,2026-08-28 09:00:00,marketing.gsb,GSB_final_lead_list_2026-08-28.xlsx
TL000879,41 - 50,"01. 0-5,000",พนักงานและลูกจ้างในหน่วยงานรัฐวิสาหกิจ,ธนาคารออมสินภาค 12,สินเชื่อเคหะ,DCO2026,2026-08-28 09:00:00,marketing.gsb,GSB_final_lead_list_2026-08-28.xlsx
TL000880,Under 20,"04. 20,001-30,000",ประกอบอาชีพอิสระ,ธนาคารออมสินภาค 11,สินเชื่อเคหะ,DCO2026,2026-08-28 09:00:00,marketing.gsb,GSB_final_lead_list_2026-08-28.xlsx
TL000881,31 - 40,"04. 20,001-30,000",ประกอบวิชาชีพเฉพาะ,ธนาคารออมสินภาค 11,สินเชื่อเคหะ,DCO2026,2026-08-28 09:00:00,marketing.gsb,GSB_final_lead_list_2026-08-28.xlsx
TL000882,Under 20,"05. 30,001-40,000",ผู้ประกอบธุรกิจ / เจ้าของกิจการ,ธนาคารออมสินภาค 12,สินเชื่อเคหะ,DCO2026,2026-08-28 09:00:00,marketing.gsb,GSB_final_lead_list_2026-08-28.xlsx
TL000883,41 - 50,"01. 0-5,000",ประกอบอาชีพอิสระ,ธนาคารออมสินภาค 1,สินเชื่อเคหะ,DCO2026,2026-08-28 09:00:00,marketing.gsb,GSB_final_lead_list_2026-08-28.xlsx
TL000884,31 - 40,"05. 30,001-40,000",พนักงานและลูกจ้างในบริษัท,ธนาคารออมสินภาค 10,สินเชื่อเคหะ,DCO2026,2026-08-28 09:00:00,marketing.gsb,GSB_final_lead_list_2026-08-28.xlsx
TL000885,20 - 30,"01. 0-5,000",ผู้ประกอบธุรกิจ / เจ้าของกิจการ,ธนาคารออมสินภาค 11,สินเชื่อเคหะ,DCO2026,2026-08-28 09:00:00,marketing.gsb,GSB_final_lead_list_2026-08-28.xlsx
TL000886,20 - 30,"03. 10,001-20,000",ผู้รับจ้างทั่วไป / ผู้ใช้แรงงาน,ธนาคารออมสินภาค 13,สินเชื่อเคหะ,DCO2026,2026-08-28 09:00:00,marketing.gsb,GSB_final_lead_list_2026-08-28.xlsx
TL000887,41 - 50,"04. 20,001-30,000",ผู้รับจ้างทั่วไป / ผู้ใช้แรงงาน,ธนาคารออมสินภาค 12,สินเชื่อเคหะ,DCO2026,2026-08-28 09:00:00,marketing.gsb,GSB_final_lead_list_2026-08-28.xlsx
TL000888,20 - 30,"06. 40,001-50,000",ผู้ประกอบธุรกิจ / เจ้าของกิจการ,ธนาคารออมสินภาค 10,สินเชื่อเคหะ,DCO2026,2026-08-28 09:00:00,marketing.gsb,GSB_final_lead_list_2026-08-28.xlsx
TL000889,31 - 40,"01. 0-5,000",พนักงานและลูกจ้างในหน่วยงานรัฐวิสาหกิจ,ธนาคารออมสินภาค 10,สินเชื่อเคหะ,DCO2026,2026-08-28 09:00:00,marketing.gsb,GSB_final_lead_list_2026-08-28.xlsx
TL000890,31 - 40,"06. 40,001-50,000",ผู้ประกอบธุรกิจ / เจ้าของกิจการ,ธนาคารออมสินภาค 13,สินเชื่อเคหะ,DCO2026,2026-08-28 09:00:00,marketing.gsb,GSB_final_lead_list_2026-08-28.xlsx
TL000891,20 - 30,"05. 30,001-40,000",พนักงานและลูกจ้างในหน่วยงานรัฐวิสาหกิจ,ธนาคารออมสินภาค 1,สินเชื่อเคหะ,DCO2026,2026-08-28 09:00:00,marketing.gsb,GSB_final_lead_list_2026-08-28.xlsx
TL000892,51 - 60,"07. >50,000",พนักงานและลูกจ้างในหน่วยงานรัฐวิสาหกิจ,ธนาคารออมสินภาค 11,สินเชื่อเคหะ,DCO2026,2026-08-28 09:00:00,marketing.gsb,GSB_final_lead_list_2026-08-28.xlsx
TL000893,31 - 40,"05. 30,001-40,000",ผู้ประกอบธุรกิจ / เจ้าของกิจการ,ธนาคารออมสินภาค 10,สินเชื่อเคหะ,DCO2026,2026-08-28 09:00:00,marketing.gsb,GSB_final_lead_list_2026-08-28.xlsx
TL000894,51 - 60,"04. 20,001-30,000",พนักงานและลูกจ้างในบริษัท,ธนาคารออมสินภาค 11,สินเชื่อเคหะ,DCO2026,2026-08-28 09:00:00,marketing.gsb,GSB_final_lead_list_2026-08-28.xlsx
TL000895,20 - 30,"04. 20,001-30,000",ผู้ประกอบธุรกิจ / เจ้าของกิจการ,ธนาคารออมสินภาค 13,สินเชื่อเคหะ,DCO2026,2026-08-28 09:00:00,marketing.gsb,GSB_final_lead_list_2026-08-28.xlsx
TL000896,Under 20,"03. 10,001-20,000",ประกอบอาชีพอิสระ,ธนาคารออมสินภาค 1,สินเชื่อเคหะ,DCO2026,2026-08-28 09:00:00,marketing.gsb,GSB_final_lead_list_2026-08-28.xlsx
TL000897,51 - 60,"07. >50,000",ประกอบวิชาชีพเฉพาะ,ธนาคารออมสินภาค 1,สินเชื่อเคหะ,DCO2026,2026-08-28 09:00:00,marketing.gsb,GSB_final_lead_list_2026-08-28.xlsx
TL000898,31 - 40,"02. 5,001-10,000",ประกอบวิชาชีพเฉพาะ,ธนาคารออมสินภาค 12,สินเชื่อเคหะ,DCO2026,2026-08-28 09:00:00,marketing.gsb,GSB_final_lead_list_2026-08-28.xlsx
TL000899,41 - 50,"02. 5,001-10,000",ผู้รับจ้างทั่วไป / ผู้ใช้แรงงาน,ธนาคารออมสินภาค 1,สินเชื่อเคหะ,DCO2026,2026-08-28 09:00:00,marketing.gsb,GSB_final_lead_list_2026-08-28.xlsx
TL000900,20 - 30,"05. 30,001-40,000",ประกอบอาชีพอิสระ,ธนาคารออมสินภาค 12,สินเชื่อเคหะ,DCO2026,2026-08-28 09:00:00,marketing.gsb,GSB_final_lead_list_2026-08-28.xlsx
TL000901,31 - 40,"05. 30,001-40,000",พนักงานและลูกจ้างในหน่วยงานรัฐวิสาหกิจ,ธนาคารออมสินภาค 1,สินเชื่อเคหะ,DCO2026,2026-08-28 09:00:00,marketing.gsb,GSB_final_lead_list_2026-08-28.xlsx
TL000902,31 - 40,"05. 30,001-40,000",ประกอบวิชาชีพเฉพาะ,ธนาคารออมสินภาค 11,สินเชื่อเคหะ,DCO2026,2026-08-28 09:00:00,marketing.gsb,GSB_final_lead_list_2026-08-28.xlsx
TL000903,51 - 60,"04. 20,001-30,000",ข้าราชการและลูกจ้างในหน่วยงานของรัฐ,ธนาคารออมสินภาค 13,สินเชื่อเคหะ,DCO2026,2026-08-28 09:00:00,marketing.gsb,GSB_final_lead_list_2026-08-28.xlsx
TL000904,41 - 50,"06. 40,001-50,000",ผู้ประกอบธุรกิจ / เจ้าของกิจการ,ธนาคารออมสินภาค 13,สินเชื่อเคหะ,DCO2026,2026-08-28 09:00:00,marketing.gsb,GSB_final_lead_list_2026-08-28.xlsx
TL000905,20 - 30,"02. 5,001-10,000",ประกอบวิชาชีพเฉพาะ,ธนาคารออมสินภาค 12,สินเชื่อเคหะ,DCO2026,2026-08-28 09:00:00,marketing.gsb,GSB_final_lead_list_2026-08-28.xlsx
TL000906,31 - 40,"02. 5,001-10,000",ผู้ประกอบธุรกิจ / เจ้าของกิจการ,ธนาคารออมสินภาค 10,สินเชื่อเคหะ,DCO2026,2026-08-28 09:00:00,marketing.gsb,GSB_final_lead_list_2026-08-28.xlsx
TL000907,41 - 50,"05. 30,001-40,000",ประกอบอาชีพอิสระ,ธนาคารออมสินภาค 13,สินเชื่อเคหะ,DCO2026,2026-08-28 09:00:00,marketing.gsb,GSB_final_lead_list_2026-08-28.xlsx
TL000908,41 - 50,"05. 30,001-40,000",ประกอบวิชาชีพเฉพาะ,ธนาคารออมสินภาค 10,สินเชื่อเคหะ,DCO2026,2026-08-28 09:00:00,marketing.gsb,GSB_final_lead_list_2026-08-28.xlsx
TL000909,41 - 50,"05. 30,001-40,000",พนักงานและลูกจ้างในหน่วยงานรัฐวิสาหกิจ,ธนาคารออมสินภาค 13,สินเชื่อเคหะ,DCO2026,2026-08-28 09:00:00,marketing.gsb,GSB_final_lead_list_2026-08-28.xlsx
TL000910,41 - 50,"05. 30,001-40,000",พนักงานและลูกจ้างในบริษัท,ธนาคารออมสินภาค 13,สินเชื่อเคหะ,DCO2026,2026-08-28 09:00:00,marketing.gsb,GSB_final_lead_list_2026-08-28.xlsx
TL000911,20 - 30,"04. 20,001-30,000",ผู้ประกอบธุรกิจ / เจ้าของกิจการ,ธนาคารออมสินภาค 13,สินเชื่อเคหะ,DCO2026,2026-08-28 09:00:00,marketing.gsb,GSB_final_lead_list_2026-08-28.xlsx
TL000912,20 - 30,"04. 20,001-30,000",ผู้รับจ้างทั่วไป / ผู้ใช้แรงงาน,ธนาคารออมสินภาค 11,สินเชื่อเคหะ,DCO2026,2026-08-28 09:00:00,marketing.gsb,GSB_final_lead_list_2026-08-28.xlsx
TL000913,51 - 60,"05. 30,001-40,000",ประกอบอาชีพอิสระ,ธนาคารออมสินภาค 11,สินเชื่อเคหะ,DCO2026,2026-08-28 09:00:00,marketing.gsb,GSB_final_lead_list_2026-08-28.xlsx
TL000914,41 - 50,"05. 30,001-40,000",ข้าราชการและลูกจ้างในหน่วยงานของรัฐ,ธนาคารออมสินภาค 10,สินเชื่อเคหะ,DCO2026,2026-08-28 09:00:00,marketing.gsb,GSB_final_lead_list_2026-08-28.xlsx
TL000915,31 - 40,"02. 5,001-10,000",ผู้รับจ้างทั่วไป / ผู้ใช้แรงงาน,ธนาคารออมสินภาค 13,สินเชื่อเคหะ,DCO2026,2026-08-28 09:00:00,marketing.gsb,GSB_final_lead_list_2026-08-28.xlsx
TL000916,31 - 40,"02. 5,001-10,000",ผู้รับจ้างทั่วไป / ผู้ใช้แรงงาน,ธนาคารออมสินภาค 12,สินเชื่อเคหะ,DCO2026,2026-08-28 09:00:00,marketing.gsb,GSB_final_lead_list_2026-08-28.xlsx
TL000917,20 - 30,"05. 30,001-40,000",พนักงานและลูกจ้างในหน่วยงานรัฐวิสาหกิจ,ธนาคารออมสินภาค 1,สินเชื่อเคหะ,DCO2026,2026-08-28 09:00:00,marketing.gsb,GSB_final_lead_list_2026-08-28.xlsx
TL000918,51 - 60,"06. 40,001-50,000",ผู้ประกอบธุรกิจ / เจ้าของกิจการ,ธนาคารออมสินภาค 11,สินเชื่อเคหะ,DCO2026,2026-08-28 09:00:00,marketing.gsb,GSB_final_lead_list_2026-08-28.xlsx
TL000919,31 - 40,"02. 5,001-10,000",ผู้ประกอบธุรกิจ / เจ้าของกิจการ,ธนาคารออมสินภาค 13,สินเชื่อเคหะ,DCO2026,2026-08-28 09:00:00,marketing.gsb,GSB_final_lead_list_2026-08-28.xlsx
TL000920,31 - 40,"03. 10,001-20,000",พนักงานและลูกจ้างในบริษัท,ธนาคารออมสินภาค 1,สินเชื่อเคหะ,DCO2026,2026-08-28 09:00:00,marketing.gsb,GSB_final_lead_list_2026-08-28.xlsx
TL000921,31 - 40,"04. 20,001-30,000",ประกอบอาชีพอิสระ,ธนาคารออมสินภาค 12,สินเชื่อเคหะ,DCO2026,2026-08-28 09:00:00,marketing.gsb,GSB_final_lead_list_2026-08-28.xlsx
TL000922,61 - 65,"04. 20,001-30,000",ผู้ประกอบธุรกิจ / เจ้าของกิจการ,ธนาคารออมสินภาค 10,สินเชื่อเคหะ,DCO2026,2026-08-28 09:00:00,marketing.gsb,GSB_final_lead_list_2026-08-28.xlsx
TL000923,41 - 50,"05. 30,001-40,000",ประกอบอาชีพอิสระ,ธนาคารออมสินภาค 1,สินเชื่อเคหะ,DCO2026,2026-08-28 09:00:00,marketing.gsb,GSB_final_lead_list_2026-08-28.xlsx
TL000924,51 - 60,"05. 30,001-40,000",ผู้ประกอบธุรกิจ / เจ้าของกิจการ,ธนาคารออมสินภาค 1,สินเชื่อเคหะ,DCO2026,2026-08-28 09:00:00,marketing.gsb,GSB_final_lead_list_2026-08-28.xlsx
TL000925,20 - 30,"05. 30,001-40,000",ผู้รับจ้างทั่วไป / ผู้ใช้แรงงาน,ธนาคารออมสินภาค 12,สินเชื่อเคหะ,DCO2026,2026-08-28 09:00:00,marketing.gsb,GSB_final_lead_list_2026-08-28.xlsx
TL000926,51 - 60,"06. 40,001-50,000",ผู้รับจ้างทั่วไป / ผู้ใช้แรงงาน,ธนาคารออมสินภาค 12,สินเชื่อเคหะ,DCO2026,2026-08-28 09:00:00,marketing.gsb,GSB_final_lead_list_2026-08-28.xlsx
TL000927,41 - 50,"04. 20,001-30,000",ข้าราชการและลูกจ้างในหน่วยงานของรัฐ,ธนาคารออมสินภาค 13,สินเชื่อเคหะ,DCO2026,2026-08-28 09:00:00,marketing.gsb,GSB_final_lead_list_2026-08-28.xlsx
TL000928,31 - 40,"02. 5,001-10,000",ผู้รับจ้างทั่วไป / ผู้ใช้แรงงาน,ธนาคารออมสินภาค 1,สินเชื่อเคหะ,DCO2026,2026-08-28 09:00:00,marketing.gsb,GSB_final_lead_list_2026-08-28.xlsx
TL000929,65 Up,"03. 10,001-20,000",ผู้รับจ้างทั่วไป / ผู้ใช้แรงงาน,ธนาคารออมสินภาค 12,สินเชื่อเคหะ,DCO2026,2026-08-28 09:00:00,marketing.gsb,GSB_final_lead_list_2026-08-28.xlsx
TL000930,41 - 50,"01. 0-5,000",ประกอบอาชีพอิสระ,ธนาคารออมสินภาค 12,สินเชื่อเคหะ,DCO2026,2026-08-28 09:00:00,marketing.gsb,GSB_final_lead_list_2026-08-28.xlsx
TL000931,31 - 40,"01. 0-5,000",ประกอบอาชีพอิสระ,ธนาคารออมสินภาค 12,สินเชื่อเคหะ,DCO2026,2026-08-28 09:00:00,marketing.gsb,GSB_final_lead_list_2026-08-28.xlsx
TL000932,31 - 40,"06. 40,001-50,000",พนักงานและลูกจ้างในหน่วยงานรัฐวิสาหกิจ,ธนาคารออมสินภาค 12,สินเชื่อเคหะ,DCO2026,2026-08-28 09:00:00,marketing.gsb,GSB_final_lead_list_2026-08-28.xlsx
TL000933,20 - 30,"04. 20,001-30,000",ประกอบอาชีพอิสระ,ธนาคารออมสินภาค 12,สินเชื่อเคหะ,DCO2026,2026-08-28 09:00:00,marketing.gsb,GSB_final_lead_list_2026-08-28.xlsx
TL000934,51 - 60,"05. 30,001-40,000",พนักงานและลูกจ้างในหน่วยงานรัฐวิสาหกิจ,ธนาคารออมสินภาค 10,สินเชื่อเคหะ,DCO2026,2026-08-28 09:00:00,marketing.gsb,GSB_final_lead_list_2026-08-28.xlsx
TL000935,20 - 30,"05. 30,001-40,000",ข้าราชการและลูกจ้างในหน่วยงานของรัฐ,ธนาคารออมสินภาค 1,สินเชื่อเคหะ,DCO2026,2026-08-28 09:00:00,marketing.gsb,GSB_final_lead_list_2026-08-28.xlsx
TL000936,51 - 60,"05. 30,001-40,000",พนักงานและลูกจ้างในหน่วยงานรัฐวิสาหกิจ,ธนาคารออมสินภาค 12,สินเชื่อเคหะ,DCO2026,2026-08-28 09:00:00,marketing.gsb,GSB_final_lead_list_2026-08-28.xlsx
TL000937,61 - 65,"02. 5,001-10,000",ผู้รับจ้างทั่วไป / ผู้ใช้แรงงาน,ธนาคารออมสินภาค 13,สินเชื่อเคหะ,DCO2026,2026-08-28 09:00:00,marketing.gsb,GSB_final_lead_list_2026-08-28.xlsx
TL000938,31 - 40,"05. 30,001-40,000",พนักงานและลูกจ้างในบริษัท,ธนาคารออมสินภาค 11,สินเชื่อเคหะ,DCO2026,2026-08-28 09:00:00,marketing.gsb,GSB_final_lead_list_2026-08-28.xlsx
TL000939,31 - 40,"03. 10,001-20,000",ประกอบวิชาชีพเฉพาะ,ธนาคารออมสินภาค 1,สินเชื่อเคหะ,DCO2026,2026-08-28 09:00:00,marketing.gsb,GSB_final_lead_list_2026-08-28.xlsx
TL000940,41 - 50,"03. 10,001-20,000",ประกอบอาชีพอิสระ,ธนาคารออมสินภาค 12,สินเชื่อเคหะ,DCO2026,2026-08-28 09:00:00,marketing.gsb,GSB_final_lead_list_2026-08-28.xlsx
TL000941,51 - 60,"05. 30,001-40,000",พนักงานและลูกจ้างในบริษัท,ธนาคารออมสินภาค 12,สินเชื่อเคหะ,DCO2026,2026-08-28 09:00:00,marketing.gsb,GSB_final_lead_list_2026-08-28.xlsx
TL000942,41 - 50,"02. 5,001-10,000",พนักงานและลูกจ้างในหน่วยงานรัฐวิสาหกิจ,ธนาคารออมสินภาค 11,สินเชื่อเคหะ,DCO2026,2026-08-28 09:00:00,marketing.gsb,GSB_final_lead_list_2026-08-28.xlsx
TL000943,41 - 50,"02. 5,001-10,000",ประกอบอาชีพอิสระ,ธนาคารออมสินภาค 13,สินเชื่อเคหะ,DCO2026,2026-08-28 09:00:00,marketing.gsb,GSB_final_lead_list_2026-08-28.xlsx
TL000944,31 - 40,"02. 5,001-10,000",ข้าราชการและลูกจ้างในหน่วยงานของรัฐ,ธนาคารออมสินภาค 1,สินเชื่อเคหะ,DCO2026,2026-08-28 09:00:00,marketing.gsb,GSB_final_lead_list_2026-08-28.xlsx
TL000945,20 - 30,"02. 5,001-10,000",พนักงานและลูกจ้างในหน่วยงานรัฐวิสาหกิจ,ธนาคารออมสินภาค 10,สินเชื่อเคหะ,DCO2026,2026-08-28 09:00:00,marketing.gsb,GSB_final_lead_list_2026-08-28.xlsx
TL000946,41 - 50,"06. 40,001-50,000",พนักงานและลูกจ้างในหน่วยงานรัฐวิสาหกิจ,ธนาคารออมสินภาค 10,สินเชื่อเคหะ,DCO2026,2026-08-28 09:00:00,marketing.gsb,GSB_final_lead_list_2026-08-28.xlsx
TL000947,41 - 50,"03. 10,001-20,000",ข้าราชการและลูกจ้างในหน่วยงานของรัฐ,ธนาคารออมสินภาค 12,สินเชื่อเคหะ,DCO2026,2026-08-28 09:00:00,marketing.gsb,GSB_final_lead_list_2026-08-28.xlsx
TL000948,61 - 65,"01. 0-5,000",พนักงานและลูกจ้างในหน่วยงานรัฐวิสาหกิจ,ธนาคารออมสินภาค 10,สินเชื่อเคหะ,DCO2026,2026-08-28 09:00:00,marketing.gsb,GSB_final_lead_list_2026-08-28.xlsx
TL000949,51 - 60,"06. 40,001-50,000",ผู้รับจ้างทั่วไป / ผู้ใช้แรงงาน,ธนาคารออมสินภาค 10,สินเชื่อเคหะ,DCO2026,2026-08-28 09:00:00,marketing.gsb,GSB_final_lead_list_2026-08-28.xlsx
TL000950,20 - 30,"05. 30,001-40,000",พนักงานและลูกจ้างในบริษัท,ธนาคารออมสินภาค 10,สินเชื่อเคหะ,DCO2026,2026-08-28 09:00:00,marketing.gsb,GSB_final_lead_list_2026-08-28.xlsx
TL000951,31 - 40,"03. 10,001-20,000",ข้าราชการและลูกจ้างในหน่วยงานของรัฐ,ธนาคารออมสินภาค 1,สินเชื่อเคหะ,DCO2026,2026-08-28 09:00:00,marketing.gsb,GSB_final_lead_list_2026-08-28.xlsx
TL000952,31 - 40,"04. 20,001-30,000",พนักงานและลูกจ้างในบริษัท,ธนาคารออมสินภาค 12,สินเชื่อเคหะ,DCO2026,2026-08-28 09:00:00,marketing.gsb,GSB_final_lead_list_2026-08-28.xlsx
TL000953,51 - 60,"02. 5,001-10,000",ผู้รับจ้างทั่วไป / ผู้ใช้แรงงาน,ธนาคารออมสินภาค 1,สินเชื่อเคหะ,DCO2026,2026-08-28 09:00:00,marketing.gsb,GSB_final_lead_list_2026-08-28.xlsx
TL000954,31 - 40,"02. 5,001-10,000",ผู้ประกอบธุรกิจ / เจ้าของกิจการ,ธนาคารออมสินภาค 11,สินเชื่อเคหะ,DCO2026,2026-08-28 09:00:00,marketing.gsb,GSB_final_lead_list_2026-08-28.xlsx
TL000955,20 - 30,"04. 20,001-30,000",ประกอบอาชีพอิสระ,ธนาคารออมสินภาค 12,สินเชื่อเคหะ,DCO2026,2026-08-28 09:00:00,marketing.gsb,GSB_final_lead_list_2026-08-28.xlsx
TL000956,61 - 65,"04. 20,001-30,000",ผู้รับจ้างทั่วไป / ผู้ใช้แรงงาน,ธนาคารออมสินภาค 11,สินเชื่อเคหะ,DCO2026,2026-08-28 09:00:00,marketing.gsb,GSB_final_lead_list_2026-08-28.xlsx
TL000957,31 - 40,"04. 20,001-30,000",ข้าราชการและลูกจ้างในหน่วยงานของรัฐ,ธนาคารออมสินภาค 1,สินเชื่อเคหะ,DCO2026,2026-08-28 09:00:00,marketing.gsb,GSB_final_lead_list_2026-08-28.xlsx
TL000958,20 - 30,"02. 5,001-10,000",ประกอบอาชีพอิสระ,ธนาคารออมสินภาค 12,สินเชื่อเคหะ,DCO2026,2026-08-28 09:00:00,marketing.gsb,GSB_final_lead_list_2026-08-28.xlsx
TL000959,61 - 65,"04. 20,001-30,000",ผู้รับจ้างทั่วไป / ผู้ใช้แรงงาน,ธนาคารออมสินภาค 1,สินเชื่อเคหะ,DCO2026,2026-08-28 09:00:00,marketing.gsb,GSB_final_lead_list_2026-08-28.xlsx
TL000960,20 - 30,"04. 20,001-30,000",พนักงานและลูกจ้างในหน่วยงานรัฐวิสาหกิจ,ธนาคารออมสินภาค 11,สินเชื่อเคหะ,DCO2026,2026-08-28 09:00:00,marketing.gsb,GSB_final_lead_list_2026-08-28.xlsx
TL000961,31 - 40,"05. 30,001-40,000",ผู้ประกอบธุรกิจ / เจ้าของกิจการ,ธนาคารออมสินภาค 12,สินเชื่อเคหะ,DCO2026,2026-08-28 09:00:00,marketing.gsb,GSB_final_lead_list_2026-08-28.xlsx
TL000962,20 - 30,"02. 5,001-10,000",ผู้รับจ้างทั่วไป / ผู้ใช้แรงงาน,ธนาคารออมสินภาค 10,สินเชื่อเคหะ,DCO2026,2026-08-28 09:00:00,marketing.gsb,GSB_final_lead_list_2026-08-28.xlsx
TL000963,41 - 50,"05. 30,001-40,000",ประกอบอาชีพอิสระ,ธนาคารออมสินภาค 10,สินเชื่อเคหะ,DCO2026,2026-08-28 09:00:00,marketing.gsb,GSB_final_lead_list_2026-08-28.xlsx
TL000964,31 - 40,"04. 20,001-30,000",ผู้ประกอบธุรกิจ / เจ้าของกิจการ,ธนาคารออมสินภาค 11,สินเชื่อเคหะ,DCO2026,2026-08-28 09:00:00,marketing.gsb,GSB_final_lead_list_2026-08-28.xlsx
TL000965,20 - 30,"06. 40,001-50,000",ประกอบวิชาชีพเฉพาะ,ธนาคารออมสินภาค 11,สินเชื่อเคหะ,DCO2026,2026-08-28 09:00:00,marketing.gsb,GSB_final_lead_list_2026-08-28.xlsx
TL000966,20 - 30,"04. 20,001-30,000",ข้าราชการและลูกจ้างในหน่วยงานของรัฐ,ธนาคารออมสินภาค 10,สินเชื่อเคหะ,DCO2026,2026-08-28 09:00:00,marketing.gsb,GSB_final_lead_list_2026-08-28.xlsx
TL000967,51 - 60,"02. 5,001-10,000",ข้าราชการและลูกจ้างในหน่วยงานของรัฐ,ธนาคารออมสินภาค 10,สินเชื่อเคหะ,DCO2026,2026-08-28 09:00:00,marketing.gsb,GSB_final_lead_list_2026-08-28.xlsx
TL000968,41 - 50,"06. 40,001-50,000",ประกอบวิชาชีพเฉพาะ,ธนาคารออมสินภาค 12,สินเชื่อเคหะ,DCO2026,2026-08-28 09:00:00,marketing.gsb,GSB_final_lead_list_2026-08-28.xlsx
TL000969,41 - 50,"06. 40,001-50,000",ผู้รับจ้างทั่วไป / ผู้ใช้แรงงาน,ธนาคารออมสินภาค 1,สินเชื่อเคหะ,DCO2026,2026-08-28 09:00:00,marketing.gsb,GSB_final_lead_list_2026-08-28.xlsx
TL000970,31 - 40,"05. 30,001-40,000",ผู้รับจ้างทั่วไป / ผู้ใช้แรงงาน,ธนาคารออมสินภาค 13,สินเชื่อเคหะ,DCO2026,2026-08-28 09:00:00,marketing.gsb,GSB_final_lead_list_2026-08-28.xlsx
TL000971,20 - 30,"02. 5,001-10,000",ข้าราชการและลูกจ้างในหน่วยงานของรัฐ,ธนาคารออมสินภาค 10,สินเชื่อเคหะ,DCO2026,2026-08-28 09:00:00,marketing.gsb,GSB_final_lead_list_2026-08-28.xlsx
TL000972,31 - 40,"04. 20,001-30,000",พนักงานและลูกจ้างในบริษัท,ธนาคารออมสินภาค 11,สินเชื่อเคหะ,DCO2026,2026-08-28 09:00:00,marketing.gsb,GSB_final_lead_list_2026-08-28.xlsx
TL000973,51 - 60,"05. 30,001-40,000",พนักงานและลูกจ้างในบริษัท,ธนาคารออมสินภาค 11,สินเชื่อเคหะ,DCO2026,2026-08-28 09:00:00,marketing.gsb,GSB_final_lead_list_2026-08-28.xlsx
TL000974,31 - 40,"01. 0-5,000",ผู้ประกอบธุรกิจ / เจ้าของกิจการ,ธนาคารออมสินภาค 11,สินเชื่อเคหะ,DCO2026,2026-08-28 09:00:00,marketing.gsb,GSB_final_lead_list_2026-08-28.xlsx
TL000975,31 - 40,"05. 30,001-40,000",พนักงานและลูกจ้างในบริษัท,ธนาคารออมสินภาค 12,สินเชื่อเคหะ,DCO2026,2026-08-28 09:00:00,marketing.gsb,GSB_final_lead_list_2026-08-28.xlsx
TL000976,31 - 40,"04. 20,001-30,000",ประกอบวิชาชีพเฉพาะ,ธนาคารออมสินภาค 12,สินเชื่อเคหะ,DCO2026,2026-08-28 09:00:00,marketing.gsb,GSB_final_lead_list_2026-08-28.xlsx
TL000977,31 - 40,"05. 30,001-40,000",พนักงานและลูกจ้างในบริษัท,ธนาคารออมสินภาค 10,สินเชื่อเคหะ,DCO2026,2026-08-28 09:00:00,marketing.gsb,GSB_final_lead_list_2026-08-28.xlsx
TL000978,61 - 65,"02. 5,001-10,000",พนักงานและลูกจ้างในหน่วยงานรัฐวิสาหกิจ,ธนาคารออมสินภาค 10,สินเชื่อเคหะ,DCO2026,2026-08-28 09:00:00,marketing.gsb,GSB_final_lead_list_2026-08-28.xlsx
TL000979,61 - 65,"04. 20,001-30,000",ประกอบวิชาชีพเฉพาะ,ธนาคารออมสินภาค 13,สินเชื่อเคหะ,DCO2026,2026-08-28 09:00:00,marketing.gsb,GSB_final_lead_list_2026-08-28.xlsx
TL000980,31 - 40,"06. 40,001-50,000",พนักงานและลูกจ้างในบริษัท,ธนาคารออมสินภาค 1,สินเชื่อเคหะ,DCO2026,2026-08-28 09:00:00,marketing.gsb,GSB_final_lead_list_2026-08-28.xlsx
TL000981,41 - 50,"06. 40,001-50,000",ผู้ประกอบธุรกิจ / เจ้าของกิจการ,ธนาคารออมสินภาค 11,สินเชื่อเคหะ,DCO2026,2026-08-28 09:00:00,marketing.gsb,GSB_final_lead_list_2026-08-28.xlsx
TL000982,20 - 30,"03. 10,001-20,000",ผู้ประกอบธุรกิจ / เจ้าของกิจการ,ธนาคารออมสินภาค 10,สินเชื่อเคหะ,DCO2026,2026-08-28 09:00:00,marketing.gsb,GSB_final_lead_list_2026-08-28.xlsx
TL000983,41 - 50,"06. 40,001-50,000",ประกอบอาชีพอิสระ,ธนาคารออมสินภาค 10,สินเชื่อเคหะ,DCO2026,2026-08-28 09:00:00,marketing.gsb,GSB_final_lead_list_2026-08-28.xlsx
TL000984,Under 20,"05. 30,001-40,000",ประกอบอาชีพอิสระ,ธนาคารออมสินภาค 13,สินเชื่อเคหะ,DCO2026,2026-08-28 09:00:00,marketing.gsb,GSB_final_lead_list_2026-08-28.xlsx
TL000985,20 - 30,"03. 10,001-20,000",พนักงานและลูกจ้างในบริษัท,ธนาคารออมสินภาค 11,สินเชื่อเคหะ,DCO2026,2026-08-28 09:00:00,marketing.gsb,GSB_final_lead_list_2026-08-28.xlsx
TL000986,41 - 50,"04. 20,001-30,000",ข้าราชการและลูกจ้างในหน่วยงานของรัฐ,ธนาคารออมสินภาค 12,สินเชื่อเคหะ,DCO2026,2026-08-28 09:00:00,marketing.gsb,GSB_final_lead_list_2026-08-28.xlsx
TL000987,31 - 40,"05. 30,001-40,000",พนักงานและลูกจ้างในหน่วยงานรัฐวิสาหกิจ,ธนาคารออมสินภาค 1,สินเชื่อเคหะ,DCO2026,2026-08-28 09:00:00,marketing.gsb,GSB_final_lead_list_2026-08-28.xlsx
TL000988,20 - 30,"05. 30,001-40,000",พนักงานและลูกจ้างในบริษัท,ธนาคารออมสินภาค 10,สินเชื่อเคหะ,DCO2026,2026-08-28 09:00:00,marketing.gsb,GSB_final_lead_list_2026-08-28.xlsx
TL000989,20 - 30,"04. 20,001-30,000",พนักงานและลูกจ้างในบริษัท,ธนาคารออมสินภาค 13,สินเชื่อเคหะ,DCO2026,2026-08-28 09:00:00,marketing.gsb,GSB_final_lead_list_2026-08-28.xlsx
TL000990,41 - 50,"01. 0-5,000",พนักงานและลูกจ้างในหน่วยงานรัฐวิสาหกิจ,ธนาคารออมสินภาค 11,สินเชื่อเคหะ,DCO2026,2026-08-28 09:00:00,marketing.gsb,GSB_final_lead_list_2026-08-28.xlsx
TL000991,61 - 65,"03. 10,001-20,000",พนักงานและลูกจ้างในหน่วยงานรัฐวิสาหกิจ,ธนาคารออมสินภาค 12,สินเชื่อเคหะ,DCO2026,2026-08-28 09:00:00,marketing.gsb,GSB_final_lead_list_2026-08-28.xlsx
TL000992,41 - 50,"07. >50,000",พนักงานและลูกจ้างในบริษัท,ธนาคารออมสินภาค 13,สินเชื่อเคหะ,DCO2026,2026-08-28 09:00:00,marketing.gsb,GSB_final_lead_list_2026-08-28.xlsx
TL000993,20 - 30,"02. 5,001-10,000",ประกอบอาชีพอิสระ,ธนาคารออมสินภาค 10,สินเชื่อเคหะ,DCO2026,2026-08-28 09:00:00,marketing.gsb,GSB_final_lead_list_2026-08-28.xlsx
TL000994,20 - 30,"01. 0-5,000",พนักงานและลูกจ้างในบริษัท,ธนาคารออมสินภาค 11,สินเชื่อเคหะ,DCO2026,2026-08-28 09:00:00,marketing.gsb,GSB_final_lead_list_2026-08-28.xlsx
TL000995,31 - 40,"05. 30,001-40,000",พนักงานและลูกจ้างในบริษัท,ธนาคารออมสินภาค 10,สินเชื่อเคหะ,DCO2026,2026-08-28 09:00:00,marketing.gsb,GSB_final_lead_list_2026-08-28.xlsx
TL000996,31 - 40,"04. 20,001-30,000",ประกอบอาชีพอิสระ,ธนาคารออมสินภาค 12,สินเชื่อเคหะ,DCO2026,2026-08-28 09:00:00,marketing.gsb,GSB_final_lead_list_2026-08-28.xlsx
TL000997,31 - 40,"01. 0-5,000",ผู้รับจ้างทั่วไป / ผู้ใช้แรงงาน,ธนาคารออมสินภาค 13,สินเชื่อเคหะ,DCO2026,2026-08-28 09:00:00,marketing.gsb,GSB_final_lead_list_2026-08-28.xlsx
TL000998,31 - 40,"05. 30,001-40,000",ผู้รับจ้างทั่วไป / ผู้ใช้แรงงาน,ธนาคารออมสินภาค 13,สินเชื่อเคหะ,DCO2026,2026-08-28 09:00:00,marketing.gsb,GSB_final_lead_list_2026-08-28.xlsx
TL000999,31 - 40,"05. 30,001-40,000",พนักงานและลูกจ้างในหน่วยงานรัฐวิสาหกิจ,ธนาคารออมสินภาค 13,สินเชื่อเคหะ,DCO2026,2026-08-28 09:00:00,marketing.gsb,GSB_final_lead_list_2026-08-28.xlsx
TL001000,20 - 30,"05. 30,001-40,000",พนักงานและลูกจ้างในหน่วยงานรัฐวิสาหกิจ,ธนาคารออมสินภาค 10,สินเชื่อเคหะ,DCO2026,2026-08-28 09:00:00,marketing.gsb,GSB_final_lead_list_2026-08-28.xlsx
TL001001,31 - 40,"02. 5,001-10,000",ผู้รับจ้างทั่วไป / ผู้ใช้แรงงาน,ธนาคารออมสินภาค 1,สินเชื่อเคหะ,DCO2026,2026-08-28 09:00:00,marketing.gsb,GSB_final_lead_list_2026-08-28.xlsx
TL001002,51 - 60,"04. 20,001-30,000",ประกอบวิชาชีพเฉพาะ,ธนาคารออมสินภาค 11,สินเชื่อเคหะ,DCO2026,2026-08-28 09:00:00,marketing.gsb,GSB_final_lead_list_2026-08-28.xlsx
TL001003,41 - 50,"06. 40,001-50,000",ประกอบอาชีพอิสระ,ธนาคารออมสินภาค 1,สินเชื่อเคหะ,DCO2026,2026-08-28 09:00:00,marketing.gsb,GSB_final_lead_list_2026-08-28.xlsx
TL001004,41 - 50,"06. 40,001-50,000",ข้าราชการและลูกจ้างในหน่วยงานของรัฐ,ธนาคารออมสินภาค 12,สินเชื่อเคหะ,DCO2026,2026-08-28 09:00:00,marketing.gsb,GSB_final_lead_list_2026-08-28.xlsx
TL001005,51 - 60,"06. 40,001-50,000",พนักงานและลูกจ้างในหน่วยงานรัฐวิสาหกิจ,ธนาคารออมสินภาค 12,สินเชื่อเคหะ,DCO2026,2026-08-28 09:00:00,marketing.gsb,GSB_final_lead_list_2026-08-28.xlsx
TL001006,51 - 60,"06. 40,001-50,000",พนักงานและลูกจ้างในบริษัท,ธนาคารออมสินภาค 11,สินเชื่อเคหะ,DCO2026,2026-08-28 09:00:00,marketing.gsb,GSB_final_lead_list_2026-08-28.xlsx
TL001007,31 - 40,"03. 10,001-20,000",ผู้ประกอบธุรกิจ / เจ้าของกิจการ,ธนาคารออมสินภาค 12,สินเชื่อเคหะ,DCO2026,2026-08-28 09:00:00,marketing.gsb,GSB_final_lead_list_2026-08-28.xlsx
TL001008,41 - 50,"04. 20,001-30,000",ข้าราชการและลูกจ้างในหน่วยงานของรัฐ,ธนาคารออมสินภาค 10,สินเชื่อเคหะ,DCO2026,2026-08-28 09:00:00,marketing.gsb,GSB_final_lead_list_2026-08-28.xlsx
TL001009,51 - 60,"05. 30,001-40,000",ข้าราชการและลูกจ้างในหน่วยงานของรัฐ,ธนาคารออมสินภาค 11,สินเชื่อเคหะ,DCO2026,2026-08-28 09:00:00,marketing.gsb,GSB_final_lead_list_2026-08-28.xlsx
TL001010,31 - 40,"01. 0-5,000",ข้าราชการและลูกจ้างในหน่วยงานของรัฐ,ธนาคารออมสินภาค 13,สินเชื่อเคหะ,DCO2026,2026-08-28 09:00:00,marketing.gsb,GSB_final_lead_list_2026-08-28.xlsx
TL001011,31 - 40,"06. 40,001-50,000",พนักงานและลูกจ้างในบริษัท,ธนาคารออมสินภาค 1,สินเชื่อเคหะ,DCO2026,2026-08-28 09:00:00,marketing.gsb,GSB_final_lead_list_2026-08-28.xlsx
TL001012,41 - 50,"06. 40,001-50,000",ประกอบอาชีพอิสระ,ธนาคารออมสินภาค 12,สินเชื่อเคหะ,DCO2026,2026-08-28 09:00:00,marketing.gsb,GSB_final_lead_list_2026-08-28.xlsx
TL001013,41 - 50,"03. 10,001-20,000",ผู้รับจ้างทั่วไป / ผู้ใช้แรงงาน,ธนาคารออมสินภาค 1,สินเชื่อเคหะ,DCO2026,2026-08-28 09:00:00,marketing.gsb,GSB_final_lead_list_2026-08-28.xlsx
TL001014,20 - 30,"05. 30,001-40,000",ข้าราชการและลูกจ้างในหน่วยงานของรัฐ,ธนาคารออมสินภาค 10,สินเชื่อเคหะ,DCO2026,2026-08-28 09:00:00,marketing.gsb,GSB_final_lead_list_2026-08-28.xlsx
TL001015,41 - 50,"04. 20,001-30,000",พนักงานและลูกจ้างในบริษัท,ธนาคารออมสินภาค 13,สินเชื่อเคหะ,DCO2026,2026-08-28 09:00:00,marketing.gsb,GSB_final_lead_list_2026-08-28.xlsx
TL001016,20 - 30,"05. 30,001-40,000",ผู้ประกอบธุรกิจ / เจ้าของกิจการ,ธนาคารออมสินภาค 13,สินเชื่อเคหะ,DCO2026,2026-08-28 09:00:00,marketing.gsb,GSB_final_lead_list_2026-08-28.xlsx
TL001017,41 - 50,"05. 30,001-40,000",ประกอบวิชาชีพเฉพาะ,ธนาคารออมสินภาค 11,สินเชื่อเคหะ,DCO2026,2026-08-28 09:00:00,marketing.gsb,GSB_final_lead_list_2026-08-28.xlsx
TL001018,20 - 30,"04. 20,001-30,000",พนักงานและลูกจ้างในบริษัท,ธนาคารออมสินภาค 10,สินเชื่อเคหะ,DCO2026,2026-08-28 09:00:00,marketing.gsb,GSB_final_lead_list_2026-08-28.xlsx
TL001019,31 - 40,"03. 10,001-20,000",พนักงานและลูกจ้างในหน่วยงานรัฐวิสาหกิจ,ธนาคารออมสินภาค 12,สินเชื่อเคหะ,DCO2026,2026-08-28 09:00:00,marketing.gsb,GSB_final_lead_list_2026-08-28.xlsx
TL001020,41 - 50,"06. 40,001-50,000",พนักงานและลูกจ้างในหน่วยงานรัฐวิสาหกิจ,ธนาคารออมสินภาค 11,สินเชื่อเคหะ,DCO2026,2026-08-28 09:00:00,marketing.gsb,GSB_final_lead_list_2026-08-28.xlsx
TL001021,31 - 40,"05. 30,001-40,000",พนักงานและลูกจ้างในบริษัท,ธนาคารออมสินภาค 12,สินเชื่อเคหะ,DCO2026,2026-08-28 09:00:00,marketing.gsb,GSB_final_lead_list_2026-08-28.xlsx
TL001022,20 - 30,"06. 40,001-50,000",ผู้ประกอบธุรกิจ / เจ้าของกิจการ,ธนาคารออมสินภาค 12,สินเชื่อเคหะ,DCO2026,2026-08-28 09:00:00,marketing.gsb,GSB_final_lead_list_2026-08-28.xlsx
TL001023,20 - 30,"04. 20,001-30,000",พนักงานและลูกจ้างในบริษัท,ธนาคารออมสินภาค 13,สินเชื่อเคหะ,DCO2026,2026-08-28 09:00:00,marketing.gsb,GSB_final_lead_list_2026-08-28.xlsx
TL001024,31 - 40,"06. 40,001-50,000",พนักงานและลูกจ้างในบริษัท,ธนาคารออมสินภาค 13,สินเชื่อเคหะ,DCO2026,2026-08-28 09:00:00,marketing.gsb,GSB_final_lead_list_2026-08-28.xlsx
TL001025,41 - 50,"01. 0-5,000",ผู้รับจ้างทั่วไป / ผู้ใช้แรงงาน,ธนาคารออมสินภาค 12,สินเชื่อเคหะ,DCO2026,2026-08-28 09:00:00,marketing.gsb,GSB_final_lead_list_2026-08-28.xlsx
TL001026,31 - 40,"04. 20,001-30,000",ผู้ประกอบธุรกิจ / เจ้าของกิจการ,ธนาคารออมสินภาค 11,สินเชื่อเคหะ,DCO2026,2026-08-28 09:00:00,marketing.gsb,GSB_final_lead_list_2026-08-28.xlsx
TL001027,51 - 60,"04. 20,001-30,000",พนักงานและลูกจ้างในบริษัท,ธนาคารออมสินภาค 1,สินเชื่อเคหะ,DCO2026,2026-08-28 09:00:00,marketing.gsb,GSB_final_lead_list_2026-08-28.xlsx
TL001028,41 - 50,"04. 20,001-30,000",ข้าราชการและลูกจ้างในหน่วยงานของรัฐ,ธนาคารออมสินภาค 10,สินเชื่อเคหะ,DCO2026,2026-08-28 09:00:00,marketing.gsb,GSB_final_lead_list_2026-08-28.xlsx
TL001029,31 - 40,"06. 40,001-50,000",ข้าราชการและลูกจ้างในหน่วยงานของรัฐ,ธนาคารออมสินภาค 11,สินเชื่อเคหะ,DCO2026,2026-08-28 09:00:00,marketing.gsb,GSB_final_lead_list_2026-08-28.xlsx
TL001030,41 - 50,"05. 30,001-40,000",ผู้ประกอบธุรกิจ / เจ้าของกิจการ,ธนาคารออมสินภาค 1,สินเชื่อเคหะ,DCO2026,2026-08-28 09:00:00,marketing.gsb,GSB_final_lead_list_2026-08-28.xlsx
TL001031,41 - 50,"01. 0-5,000",ข้าราชการและลูกจ้างในหน่วยงานของรัฐ,ธนาคารออมสินภาค 10,สินเชื่อเคหะ,DCO2026,2026-08-28 09:00:00,marketing.gsb,GSB_final_lead_list_2026-08-28.xlsx
TL001032,31 - 40,"07. >50,000",ผู้รับจ้างทั่วไป / ผู้ใช้แรงงาน,ธนาคารออมสินภาค 11,สินเชื่อเคหะ,DCO2026,2026-08-28 09:00:00,marketing.gsb,GSB_final_lead_list_2026-08-28.xlsx
TL001033,Under 20,"05. 30,001-40,000",ประกอบวิชาชีพเฉพาะ,ธนาคารออมสินภาค 10,สินเชื่อเคหะ,DCO2026,2026-08-28 09:00:00,marketing.gsb,GSB_final_lead_list_2026-08-28.xlsx
TL001034,41 - 50,"04. 20,001-30,000",ข้าราชการและลูกจ้างในหน่วยงานของรัฐ,ธนาคารออมสินภาค 1,สินเชื่อเคหะ,DCO2026,2026-08-28 09:00:00,marketing.gsb,GSB_final_lead_list_2026-08-28.xlsx
TL001035,41 - 50,"03. 10,001-20,000",ผู้รับจ้างทั่วไป / ผู้ใช้แรงงาน,ธนาคารออมสินภาค 11,สินเชื่อเคหะ,DCO2026,2026-08-28 09:00:00,marketing.gsb,GSB_final_lead_list_2026-08-28.xlsx
TL001036,20 - 30,"02. 5,001-10,000",ผู้รับจ้างทั่วไป / ผู้ใช้แรงงาน,ธนาคารออมสินภาค 12,สินเชื่อเคหะ,DCO2026,2026-08-28 09:00:00,marketing.gsb,GSB_final_lead_list_2026-08-28.xlsx
TL001037,31 - 40,"02. 5,001-10,000",ผู้ประกอบธุรกิจ / เจ้าของกิจการ,ธนาคารออมสินภาค 13,สินเชื่อเคหะ,DCO2026,2026-08-28 09:00:00,marketing.gsb,GSB_final_lead_list_2026-08-28.xlsx
TL001038,41 - 50,"05. 30,001-40,000",พนักงานและลูกจ้างในหน่วยงานรัฐวิสาหกิจ,ธนาคารออมสินภาค 13,สินเชื่อเคหะ,DCO2026,2026-08-28 09:00:00,marketing.gsb,GSB_final_lead_list_2026-08-28.xlsx
TL001039,51 - 60,"05. 30,001-40,000",ประกอบวิชาชีพเฉพาะ,ธนาคารออมสินภาค 13,สินเชื่อเคหะ,DCO2026,2026-08-28 09:00:00,marketing.gsb,GSB_final_lead_list_2026-08-28.xlsx
TL001040,51 - 60,"06. 40,001-50,000",พนักงานและลูกจ้างในหน่วยงานรัฐวิสาหกิจ,ธนาคารออมสินภาค 1,สินเชื่อเคหะ,DCO2026,2026-08-28 09:00:00,marketing.gsb,GSB_final_lead_list_2026-08-28.xlsx
TL001041,41 - 50,"04. 20,001-30,000",ข้าราชการและลูกจ้างในหน่วยงานของรัฐ,ธนาคารออมสินภาค 12,สินเชื่อเคหะ,DCO2026,2026-08-28 09:00:00,marketing.gsb,GSB_final_lead_list_2026-08-28.xlsx
TL001042,Under 20,"05. 30,001-40,000",ประกอบวิชาชีพเฉพาะ,ธนาคารออมสินภาค 12,สินเชื่อเคหะ,DCO2026,2026-08-28 09:00:00,marketing.gsb,GSB_final_lead_list_2026-08-28.xlsx
TL001043,41 - 50,"05. 30,001-40,000",ผู้รับจ้างทั่วไป / ผู้ใช้แรงงาน,ธนาคารออมสินภาค 10,สินเชื่อเคหะ,DCO2026,2026-08-28 09:00:00,marketing.gsb,GSB_final_lead_list_2026-08-28.xlsx
TL001044,20 - 30,"06. 40,001-50,000",ผู้รับจ้างทั่วไป / ผู้ใช้แรงงาน,ธนาคารออมสินภาค 1,สินเชื่อเคหะ,DCO2026,2026-08-28 09:00:00,marketing.gsb,GSB_final_lead_list_2026-08-28.xlsx
TL001045,51 - 60,"05. 30,001-40,000",พนักงานและลูกจ้างในหน่วยงานรัฐวิสาหกิจ,ธนาคารออมสินภาค 11,สินเชื่อเคหะ,DCO2026,2026-08-28 09:00:00,marketing.gsb,GSB_final_lead_list_2026-08-28.xlsx
TL001046,41 - 50,"06. 40,001-50,000",ผู้รับจ้างทั่วไป / ผู้ใช้แรงงาน,ธนาคารออมสินภาค 13,สินเชื่อเคหะ,DCO2026,2026-08-28 09:00:00,marketing.gsb,GSB_final_lead_list_2026-08-28.xlsx
TL001047,61 - 65,"04. 20,001-30,000",พนักงานและลูกจ้างในบริษัท,ธนาคารออมสินภาค 12,สินเชื่อเคหะ,DCO2026,2026-08-28 09:00:00,marketing.gsb,GSB_final_lead_list_2026-08-28.xlsx
TL001048,31 - 40,"06. 40,001-50,000",ผู้รับจ้างทั่วไป / ผู้ใช้แรงงาน,ธนาคารออมสินภาค 10,สินเชื่อเคหะ,DCO2026,2026-08-28 09:00:00,marketing.gsb,GSB_final_lead_list_2026-08-28.xlsx
TL001049,31 - 40,"04. 20,001-30,000",ข้าราชการและลูกจ้างในหน่วยงานของรัฐ,ธนาคารออมสินภาค 12,สินเชื่อเคหะ,DCO2026,2026-08-28 09:00:00,marketing.gsb,GSB_final_lead_list_2026-08-28.xlsx
TL001050,31 - 40,"05. 30,001-40,000",พนักงานและลูกจ้างในหน่วยงานรัฐวิสาหกิจ,ธนาคารออมสินภาค 11,สินเชื่อเคหะ,DCO2026,2026-08-28 09:00:00,marketing.gsb,GSB_final_lead_list_2026-08-28.xlsx
TL001051,20 - 30,"02. 5,001-10,000",ข้าราชการและลูกจ้างในหน่วยงานของรัฐ,ธนาคารออมสินภาค 13,สินเชื่อเคหะ,DCO2026,2026-08-28 09:00:00,marketing.gsb,GSB_final_lead_list_2026-08-28.xlsx
TL001052,20 - 30,"05. 30,001-40,000",ประกอบวิชาชีพเฉพาะ,ธนาคารออมสินภาค 13,สินเชื่อเคหะ,DCO2026,2026-08-28 09:00:00,marketing.gsb,GSB_final_lead_list_2026-08-28.xlsx
TL001053,61 - 65,"05. 30,001-40,000",พนักงานและลูกจ้างในบริษัท,ธนาคารออมสินภาค 10,สินเชื่อเคหะ,DCO2026,2026-08-28 09:00:00,marketing.gsb,GSB_final_lead_list_2026-08-28.xlsx
TL001054,20 - 30,"05. 30,001-40,000",ประกอบวิชาชีพเฉพาะ,ธนาคารออมสินภาค 13,สินเชื่อเคหะ,DCO2026,2026-08-28 09:00:00,marketing.gsb,GSB_final_lead_list_2026-08-28.xlsx
TL001055,20 - 30,"01. 0-5,000",พนักงานและลูกจ้างในบริษัท,ธนาคารออมสินภาค 10,สินเชื่อเคหะ,DCO2026,2026-08-28 09:00:00,marketing.gsb,GSB_final_lead_list_2026-08-28.xlsx
TL001056,61 - 65,"05. 30,001-40,000",พนักงานและลูกจ้างในบริษัท,ธนาคารออมสินภาค 12,สินเชื่อเคหะ,DCO2026,2026-08-28 09:00:00,marketing.gsb,GSB_final_lead_list_2026-08-28.xlsx
TL001057,41 - 50,"04. 20,001-30,000",ผู้รับจ้างทั่วไป / ผู้ใช้แรงงาน,ธนาคารออมสินภาค 12,สินเชื่อเคหะ,DCO2026,2026-08-28 09:00:00,marketing.gsb,GSB_final_lead_list_2026-08-28.xlsx
TL001058,20 - 30,"06. 40,001-50,000",ประกอบวิชาชีพเฉพาะ,ธนาคารออมสินภาค 12,สินเชื่อเคหะ,DCO2026,2026-08-28 09:00:00,marketing.gsb,GSB_final_lead_list_2026-08-28.xlsx
TL001059,41 - 50,"04. 20,001-30,000",ประกอบอาชีพอิสระ,ธนาคารออมสินภาค 10,สินเชื่อเคหะ,DCO2026,2026-08-28 09:00:00,marketing.gsb,GSB_final_lead_list_2026-08-28.xlsx
TL001060,41 - 50,"03. 10,001-20,000",พนักงานและลูกจ้างในบริษัท,ธนาคารออมสินภาค 10,สินเชื่อเคหะ,DCO2026,2026-08-28 09:00:00,marketing.gsb,GSB_final_lead_list_2026-08-28.xlsx
TL001061,31 - 40,"05. 30,001-40,000",พนักงานและลูกจ้างในหน่วยงานรัฐวิสาหกิจ,ธนาคารออมสินภาค 10,สินเชื่อเคหะ,DCO2026,2026-08-28 09:00:00,marketing.gsb,GSB_final_lead_list_2026-08-28.xlsx
TL001062,41 - 50,"03. 10,001-20,000",ผู้ประกอบธุรกิจ / เจ้าของกิจการ,ธนาคารออมสินภาค 12,สินเชื่อเคหะ,DCO2026,2026-08-28 09:00:00,marketing.gsb,GSB_final_lead_list_2026-08-28.xlsx
TL001063,31 - 40,"02. 5,001-10,000",พนักงานและลูกจ้างในบริษัท,ธนาคารออมสินภาค 12,สินเชื่อเคหะ,DCO2026,2026-08-28 09:00:00,marketing.gsb,GSB_final_lead_list_2026-08-28.xlsx
TL001064,20 - 30,"02. 5,001-10,000",ประกอบวิชาชีพเฉพาะ,ธนาคารออมสินภาค 1,สินเชื่อเคหะ,DCO2026,2026-08-28 09:00:00,marketing.gsb,GSB_final_lead_list_2026-08-28.xlsx
TL001065,20 - 30,"06. 40,001-50,000",ผู้รับจ้างทั่วไป / ผู้ใช้แรงงาน,ธนาคารออมสินภาค 11,สินเชื่อเคหะ,DCO2026,2026-08-28 09:00:00,marketing.gsb,GSB_final_lead_list_2026-08-28.xlsx
TL001066,31 - 40,"04. 20,001-30,000",ประกอบอาชีพอิสระ,ธนาคารออมสินภาค 13,สินเชื่อเคหะ,DCO2026,2026-08-28 09:00:00,marketing.gsb,GSB_final_lead_list_2026-08-28.xlsx
TL001067,20 - 30,"05. 30,001-40,000",พนักงานและลูกจ้างในบริษัท,ธนาคารออมสินภาค 13,สินเชื่อเคหะ,DCO2026,2026-08-28 09:00:00,marketing.gsb,GSB_final_lead_list_2026-08-28.xlsx
TL001068,41 - 50,"02. 5,001-10,000",ผู้ประกอบธุรกิจ / เจ้าของกิจการ,ธนาคารออมสินภาค 12,สินเชื่อเคหะ,DCO2026,2026-08-28 09:00:00,marketing.gsb,GSB_final_lead_list_2026-08-28.xlsx
TL001069,51 - 60,"05. 30,001-40,000",ผู้รับจ้างทั่วไป / ผู้ใช้แรงงาน,ธนาคารออมสินภาค 12,สินเชื่อเคหะ,DCO2026,2026-08-28 09:00:00,marketing.gsb,GSB_final_lead_list_2026-08-28.xlsx
TL001070,20 - 30,"06. 40,001-50,000",ผู้รับจ้างทั่วไป / ผู้ใช้แรงงาน,ธนาคารออมสินภาค 10,สินเชื่อเคหะ,DCO2026,2026-08-28 09:00:00,marketing.gsb,GSB_final_lead_list_2026-08-28.xlsx
TL001071,20 - 30,"06. 40,001-50,000",ประกอบวิชาชีพเฉพาะ,ธนาคารออมสินภาค 10,สินเชื่อเคหะ,DCO2026,2026-08-28 09:00:00,marketing.gsb,GSB_final_lead_list_2026-08-28.xlsx
TL001072,31 - 40,"04. 20,001-30,000",ข้าราชการและลูกจ้างในหน่วยงานของรัฐ,ธนาคารออมสินภาค 12,สินเชื่อเคหะ,DCO2026,2026-08-28 09:00:00,marketing.gsb,GSB_final_lead_list_2026-08-28.xlsx
TL001073,41 - 50,"03. 10,001-20,000",ผู้ประกอบธุรกิจ / เจ้าของกิจการ,ธนาคารออมสินภาค 11,สินเชื่อเคหะ,DCO2026,2026-08-28 09:00:00,marketing.gsb,GSB_final_lead_list_2026-08-28.xlsx
TL001074,31 - 40,"06. 40,001-50,000",ประกอบอาชีพอิสระ,ธนาคารออมสินภาค 1,สินเชื่อเคหะ,DCO2026,2026-08-28 09:00:00,marketing.gsb,GSB_final_lead_list_2026-08-28.xlsx
TL001075,20 - 30,"06. 40,001-50,000",ผู้ประกอบธุรกิจ / เจ้าของกิจการ,ธนาคารออมสินภาค 1,สินเชื่อเคหะ,DCO2026,2026-08-28 09:00:00,marketing.gsb,GSB_final_lead_list_2026-08-28.xlsx
TL001076,20 - 30,"05. 30,001-40,000",ผู้ประกอบธุรกิจ / เจ้าของกิจการ,ธนาคารออมสินภาค 1,สินเชื่อเคหะ,DCO2026,2026-08-28 09:00:00,marketing.gsb,GSB_final_lead_list_2026-08-28.xlsx
TL001077,20 - 30,"03. 10,001-20,000",พนักงานและลูกจ้างในหน่วยงานรัฐวิสาหกิจ,ธนาคารออมสินภาค 12,สินเชื่อเคหะ,DCO2026,2026-08-28 09:00:00,marketing.gsb,GSB_final_lead_list_2026-08-28.xlsx
TL001078,Under 20,"02. 5,001-10,000",ผู้รับจ้างทั่วไป / ผู้ใช้แรงงาน,ธนาคารออมสินภาค 12,สินเชื่อเคหะ,DCO2026,2026-08-28 09:00:00,marketing.gsb,GSB_final_lead_list_2026-08-28.xlsx
TL001079,20 - 30,"02. 5,001-10,000",ผู้ประกอบธุรกิจ / เจ้าของกิจการ,ธนาคารออมสินภาค 10,สินเชื่อเคหะ,DCO2026,2026-08-28 09:00:00,marketing.gsb,GSB_final_lead_list_2026-08-28.xlsx
TL001080,31 - 40,"05. 30,001-40,000",พนักงานและลูกจ้างในหน่วยงานรัฐวิสาหกิจ,ธนาคารออมสินภาค 13,สินเชื่อเคหะ,DCO2026,2026-08-28 09:00:00,marketing.gsb,GSB_final_lead_list_2026-08-28.xlsx
TL001081,41 - 50,"05. 30,001-40,000",ผู้ประกอบธุรกิจ / เจ้าของกิจการ,ธนาคารออมสินภาค 1,สินเชื่อเคหะ,DCO2026,2026-08-28 09:00:00,marketing.gsb,GSB_final_lead_list_2026-08-28.xlsx
TL001082,41 - 50,"05. 30,001-40,000",ผู้ประกอบธุรกิจ / เจ้าของกิจการ,ธนาคารออมสินภาค 10,สินเชื่อเคหะ,DCO2026,2026-08-28 09:00:00,marketing.gsb,GSB_final_lead_list_2026-08-28.xlsx
TL001083,41 - 50,"03. 10,001-20,000",พนักงานและลูกจ้างในบริษัท,ธนาคารออมสินภาค 13,สินเชื่อเคหะ,DCO2026,2026-08-28 09:00:00,marketing.gsb,GSB_final_lead_list_2026-08-28.xlsx
TL001084,31 - 40,"04. 20,001-30,000",ประกอบวิชาชีพเฉพาะ,ธนาคารออมสินภาค 1,สินเชื่อเคหะ,DCO2026,2026-08-28 09:00:00,marketing.gsb,GSB_final_lead_list_2026-08-28.xlsx
TL001085,20 - 30,"03. 10,001-20,000",ผู้ประกอบธุรกิจ / เจ้าของกิจการ,ธนาคารออมสินภาค 13,สินเชื่อเคหะ,DCO2026,2026-08-28 09:00:00,marketing.gsb,GSB_final_lead_list_2026-08-28.xlsx
TL001086,41 - 50,"03. 10,001-20,000",พนักงานและลูกจ้างในหน่วยงานรัฐวิสาหกิจ,ธนาคารออมสินภาค 11,สินเชื่อเคหะ,DCO2026,2026-08-28 09:00:00,marketing.gsb,GSB_final_lead_list_2026-08-28.xlsx
TL001087,31 - 40,"04. 20,001-30,000",พนักงานและลูกจ้างในบริษัท,ธนาคารออมสินภาค 12,สินเชื่อเคหะ,DCO2026,2026-08-28 09:00:00,marketing.gsb,GSB_final_lead_list_2026-08-28.xlsx
TL001088,31 - 40,"06. 40,001-50,000",พนักงานและลูกจ้างในบริษัท,ธนาคารออมสินภาค 10,สินเชื่อเคหะ,DCO2026,2026-08-28 09:00:00,marketing.gsb,GSB_final_lead_list_2026-08-28.xlsx
TL001089,41 - 50,"05. 30,001-40,000",ผู้ประกอบธุรกิจ / เจ้าของกิจการ,ธนาคารออมสินภาค 1,สินเชื่อเคหะ,DCO2026,2026-08-28 09:00:00,marketing.gsb,GSB_final_lead_list_2026-08-28.xlsx
TL001090,20 - 30,"02. 5,001-10,000",ผู้ประกอบธุรกิจ / เจ้าของกิจการ,ธนาคารออมสินภาค 1,สินเชื่อเคหะ,DCO2026,2026-08-28 09:00:00,marketing.gsb,GSB_final_lead_list_2026-08-28.xlsx
TL001091,41 - 50,"05. 30,001-40,000",ข้าราชการและลูกจ้างในหน่วยงานของรัฐ,ธนาคารออมสินภาค 11,สินเชื่อเคหะ,DCO2026,2026-08-28 09:00:00,marketing.gsb,GSB_final_lead_list_2026-08-28.xlsx
TL001092,41 - 50,"02. 5,001-10,000",ผู้ประกอบธุรกิจ / เจ้าของกิจการ,ธนาคารออมสินภาค 1,สินเชื่อเคหะ,DCO2026,2026-08-28 09:00:00,marketing.gsb,GSB_final_lead_list_2026-08-28.xlsx
TL001093,20 - 30,"06. 40,001-50,000",พนักงานและลูกจ้างในบริษัท,ธนาคารออมสินภาค 11,สินเชื่อเคหะ,DCO2026,2026-08-28 09:00:00,marketing.gsb,GSB_final_lead_list_2026-08-28.xlsx
TL001094,31 - 40,"04. 20,001-30,000",ประกอบอาชีพอิสระ,ธนาคารออมสินภาค 1,สินเชื่อเคหะ,DCO2026,2026-08-28 09:00:00,marketing.gsb,GSB_final_lead_list_2026-08-28.xlsx
TL001095,31 - 40,"03. 10,001-20,000",ข้าราชการและลูกจ้างในหน่วยงานของรัฐ,ธนาคารออมสินภาค 13,สินเชื่อเคหะ,DCO2026,2026-08-28 09:00:00,marketing.gsb,GSB_final_lead_list_2026-08-28.xlsx
TL001096,41 - 50,"04. 20,001-30,000",ประกอบวิชาชีพเฉพาะ,ธนาคารออมสินภาค 13,สินเชื่อเคหะ,DCO2026,2026-08-28 09:00:00,marketing.gsb,GSB_final_lead_list_2026-08-28.xlsx
TL001097,20 - 30,"06. 40,001-50,000",พนักงานและลูกจ้างในหน่วยงานรัฐวิสาหกิจ,ธนาคารออมสินภาค 13,สินเชื่อเคหะ,DCO2026,2026-08-28 09:00:00,marketing.gsb,GSB_final_lead_list_2026-08-28.xlsx
TL001098,31 - 40,"02. 5,001-10,000",พนักงานและลูกจ้างในบริษัท,ธนาคารออมสินภาค 13,สินเชื่อเคหะ,DCO2026,2026-08-28 09:00:00,marketing.gsb,GSB_final_lead_list_2026-08-28.xlsx
TL001099,31 - 40,"02. 5,001-10,000",ผู้รับจ้างทั่วไป / ผู้ใช้แรงงาน,ธนาคารออมสินภาค 13,สินเชื่อเคหะ,DCO2026,2026-08-28 09:00:00,marketing.gsb,GSB_final_lead_list_2026-08-28.xlsx
TL001100,41 - 50,"04. 20,001-30,000",ผู้ประกอบธุรกิจ / เจ้าของกิจการ,ธนาคารออมสินภาค 1,สินเชื่อเคหะ,DCO2026,2026-08-28 09:00:00,marketing.gsb,GSB_final_lead_list_2026-08-28.xlsx
TL001101,20 - 30,"07. >50,000",ประกอบวิชาชีพเฉพาะ,ธนาคารออมสินภาค 10,สินเชื่อเคหะ,DCO2026,2026-08-28 09:00:00,marketing.gsb,GSB_final_lead_list_2026-08-28.xlsx
TL001102,65 Up,"02. 5,001-10,000",ผู้ประกอบธุรกิจ / เจ้าของกิจการ,ธนาคารออมสินภาค 13,สินเชื่อเคหะ,DCO2026,2026-08-28 09:00:00,marketing.gsb,GSB_final_lead_list_2026-08-28.xlsx
TL001103,20 - 30,"06. 40,001-50,000",ประกอบอาชีพอิสระ,ธนาคารออมสินภาค 10,สินเชื่อเคหะ,DCO2026,2026-08-28 09:00:00,marketing.gsb,GSB_final_lead_list_2026-08-28.xlsx
TL001104,20 - 30,"04. 20,001-30,000",ประกอบวิชาชีพเฉพาะ,ธนาคารออมสินภาค 1,สินเชื่อเคหะ,DCO2026,2026-08-28 09:00:00,marketing.gsb,GSB_final_lead_list_2026-08-28.xlsx
TL001105,31 - 40,"01. 0-5,000",พนักงานและลูกจ้างในหน่วยงานรัฐวิสาหกิจ,ธนาคารออมสินภาค 10,สินเชื่อเคหะ,DCO2026,2026-08-28 09:00:00,marketing.gsb,GSB_final_lead_list_2026-08-28.xlsx
TL001106,31 - 40,"06. 40,001-50,000",ผู้รับจ้างทั่วไป / ผู้ใช้แรงงาน,ธนาคารออมสินภาค 1,สินเชื่อเคหะ,DCO2026,2026-08-28 09:00:00,marketing.gsb,GSB_final_lead_list_2026-08-28.xlsx
TL001107,31 - 40,"01. 0-5,000",ข้าราชการและลูกจ้างในหน่วยงานของรัฐ,ธนาคารออมสินภาค 1,สินเชื่อเคหะ,DCO2026,2026-08-28 09:00:00,marketing.gsb,GSB_final_lead_list_2026-08-28.xlsx
TL001108,31 - 40,"06. 40,001-50,000",พนักงานและลูกจ้างในบริษัท,ธนาคารออมสินภาค 13,สินเชื่อเคหะ,DCO2026,2026-08-28 09:00:00,marketing.gsb,GSB_final_lead_list_2026-08-28.xlsx
TL001109,41 - 50,"04. 20,001-30,000",ข้าราชการและลูกจ้างในหน่วยงานของรัฐ,ธนาคารออมสินภาค 12,สินเชื่อเคหะ,DCO2026,2026-08-28 09:00:00,marketing.gsb,GSB_final_lead_list_2026-08-28.xlsx
TL001110,20 - 30,"06. 40,001-50,000",พนักงานและลูกจ้างในบริษัท,ธนาคารออมสินภาค 10,สินเชื่อเคหะ,DCO2026,2026-08-28 09:00:00,marketing.gsb,GSB_final_lead_list_2026-08-28.xlsx
TL001111,20 - 30,"05. 30,001-40,000",พนักงานและลูกจ้างในบริษัท,ธนาคารออมสินภาค 1,สินเชื่อเคหะ,DCO2026,2026-08-28 09:00:00,marketing.gsb,GSB_final_lead_list_2026-08-28.xlsx
TL001112,51 - 60,"05. 30,001-40,000",พนักงานและลูกจ้างในหน่วยงานรัฐวิสาหกิจ,ธนาคารออมสินภาค 13,สินเชื่อเคหะ,DCO2026,2026-08-28 09:00:00,marketing.gsb,GSB_final_lead_list_2026-08-28.xlsx
TL001113,20 - 30,"04. 20,001-30,000",ผู้ประกอบธุรกิจ / เจ้าของกิจการ,ธนาคารออมสินภาค 10,สินเชื่อเคหะ,DCO2026,2026-08-28 09:00:00,marketing.gsb,GSB_final_lead_list_2026-08-28.xlsx
TL001114,51 - 60,"05. 30,001-40,000",ผู้รับจ้างทั่วไป / ผู้ใช้แรงงาน,ธนาคารออมสินภาค 13,สินเชื่อเคหะ,DCO2026,2026-08-28 09:00:00,marketing.gsb,GSB_final_lead_list_2026-08-28.xlsx
TL001115,51 - 60,"02. 5,001-10,000",ผู้รับจ้างทั่วไป / ผู้ใช้แรงงาน,ธนาคารออมสินภาค 10,สินเชื่อเคหะ,DCO2026,2026-08-28 09:00:00,marketing.gsb,GSB_final_lead_list_2026-08-28.xlsx
TL001116,Under 20,"04. 20,001-30,000",ประกอบอาชีพอิสระ,ธนาคารออมสินภาค 13,สินเชื่อเคหะ,DCO2026,2026-08-28 09:00:00,marketing.gsb,GSB_final_lead_list_2026-08-28.xlsx
TL001117,51 - 60,"03. 10,001-20,000",ผู้ประกอบธุรกิจ / เจ้าของกิจการ,ธนาคารออมสินภาค 12,สินเชื่อเคหะ,DCO2026,2026-08-28 09:00:00,marketing.gsb,GSB_final_lead_list_2026-08-28.xlsx
TL001118,31 - 40,"02. 5,001-10,000",ข้าราชการและลูกจ้างในหน่วยงานของรัฐ,ธนาคารออมสินภาค 1,สินเชื่อเคหะ,DCO2026,2026-08-28 09:00:00,marketing.gsb,GSB_final_lead_list_2026-08-28.xlsx
TL001119,51 - 60,"04. 20,001-30,000",พนักงานและลูกจ้างในบริษัท,ธนาคารออมสินภาค 13,สินเชื่อเคหะ,DCO2026,2026-08-28 09:00:00,marketing.gsb,GSB_final_lead_list_2026-08-28.xlsx
TL001120,31 - 40,"05. 30,001-40,000",พนักงานและลูกจ้างในบริษัท,ธนาคารออมสินภาค 11,สินเชื่อเคหะ,DCO2026,2026-08-28 09:00:00,marketing.gsb,GSB_final_lead_list_2026-08-28.xlsx
TL001121,31 - 40,"01. 0-5,000",พนักงานและลูกจ้างในบริษัท,ธนาคารออมสินภาค 1,สินเชื่อเคหะ,DCO2026,2026-08-28 09:00:00,marketing.gsb,GSB_final_lead_list_2026-08-28.xlsx
TL001122,31 - 40,"06. 40,001-50,000",พนักงานและลูกจ้างในบริษัท,ธนาคารออมสินภาค 11,สินเชื่อเคหะ,DCO2026,2026-08-28 09:00:00,marketing.gsb,GSB_final_lead_list_2026-08-28.xlsx
TL001123,41 - 50,"05. 30,001-40,000",พนักงานและลูกจ้างในบริษัท,ธนาคารออมสินภาค 10,สินเชื่อเคหะ,DCO2026,2026-08-28 09:00:00,marketing.gsb,GSB_final_lead_list_2026-08-28.xlsx
TL001124,51 - 60,"05. 30,001-40,000",ประกอบวิชาชีพเฉพาะ,ธนาคารออมสินภาค 1,สินเชื่อเคหะ,DCO2026,2026-08-28 09:00:00,marketing.gsb,GSB_final_lead_list_2026-08-28.xlsx
TL001125,20 - 30,"03. 10,001-20,000",ผู้รับจ้างทั่วไป / ผู้ใช้แรงงาน,ธนาคารออมสินภาค 13,สินเชื่อเคหะ,DCO2026,2026-08-28 09:00:00,marketing.gsb,GSB_final_lead_list_2026-08-28.xlsx
TL001126,31 - 40,"05. 30,001-40,000",ประกอบวิชาชีพเฉพาะ,ธนาคารออมสินภาค 1,สินเชื่อเคหะ,DCO2026,2026-08-28 09:00:00,marketing.gsb,GSB_final_lead_list_2026-08-28.xlsx
TL001127,31 - 40,"05. 30,001-40,000",พนักงานและลูกจ้างในหน่วยงานรัฐวิสาหกิจ,ธนาคารออมสินภาค 12,สินเชื่อเคหะ,DCO2026,2026-08-28 09:00:00,marketing.gsb,GSB_final_lead_list_2026-08-28.xlsx
TL001128,31 - 40,"03. 10,001-20,000",ประกอบอาชีพอิสระ,ธนาคารออมสินภาค 1,สินเชื่อเคหะ,DCO2026,2026-08-28 09:00:00,marketing.gsb,GSB_final_lead_list_2026-08-28.xlsx
TL001129,41 - 50,"03. 10,001-20,000",ผู้ประกอบธุรกิจ / เจ้าของกิจการ,ธนาคารออมสินภาค 13,สินเชื่อเคหะ,DCO2026,2026-08-28 09:00:00,marketing.gsb,GSB_final_lead_list_2026-08-28.xlsx
TL001130,31 - 40,"04. 20,001-30,000",ข้าราชการและลูกจ้างในหน่วยงานของรัฐ,ธนาคารออมสินภาค 13,สินเชื่อเคหะ,DCO2026,2026-08-28 09:00:00,marketing.gsb,GSB_final_lead_list_2026-08-28.xlsx
TL001131,41 - 50,"04. 20,001-30,000",พนักงานและลูกจ้างในหน่วยงานรัฐวิสาหกิจ,ธนาคารออมสินภาค 12,สินเชื่อเคหะ,DCO2026,2026-08-28 09:00:00,marketing.gsb,GSB_final_lead_list_2026-08-28.xlsx
TL001132,41 - 50,"06. 40,001-50,000",ข้าราชการและลูกจ้างในหน่วยงานของรัฐ,ธนาคารออมสินภาค 10,สินเชื่อเคหะ,DCO2026,2026-08-28 09:00:00,marketing.gsb,GSB_final_lead_list_2026-08-28.xlsx
TL001133,20 - 30,"02. 5,001-10,000",พนักงานและลูกจ้างในบริษัท,ธนาคารออมสินภาค 1,สินเชื่อเคหะ,DCO2026,2026-08-28 09:00:00,marketing.gsb,GSB_final_lead_list_2026-08-28.xlsx
TL001134,20 - 30,"02. 5,001-10,000",ประกอบอาชีพอิสระ,ธนาคารออมสินภาค 10,สินเชื่อเคหะ,DCO2026,2026-08-28 09:00:00,marketing.gsb,GSB_final_lead_list_2026-08-28.xlsx
TL001135,31 - 40,"01. 0-5,000",พนักงานและลูกจ้างในบริษัท,ธนาคารออมสินภาค 1,สินเชื่อเคหะ,DCO2026,2026-08-28 09:00:00,marketing.gsb,GSB_final_lead_list_2026-08-28.xlsx
TL001136,20 - 30,"06. 40,001-50,000",ข้าราชการและลูกจ้างในหน่วยงานของรัฐ,ธนาคารออมสินภาค 1,สินเชื่อเคหะ,DCO2026,2026-08-28 09:00:00,marketing.gsb,GSB_final_lead_list_2026-08-28.xlsx
TL001137,51 - 60,"06. 40,001-50,000",ผู้ประกอบธุรกิจ / เจ้าของกิจการ,ธนาคารออมสินภาค 11,สินเชื่อเคหะ,DCO2026,2026-08-28 09:00:00,marketing.gsb,GSB_final_lead_list_2026-08-28.xlsx
TL001138,41 - 50,"06. 40,001-50,000",ผู้รับจ้างทั่วไป / ผู้ใช้แรงงาน,ธนาคารออมสินภาค 1,สินเชื่อเคหะ,DCO2026,2026-08-28 09:00:00,marketing.gsb,GSB_final_lead_list_2026-08-28.xlsx
TL001139,41 - 50,"04. 20,001-30,000",ประกอบวิชาชีพเฉพาะ,ธนาคารออมสินภาค 11,สินเชื่อเคหะ,DCO2026,2026-08-28 09:00:00,marketing.gsb,GSB_final_lead_list_2026-08-28.xlsx
TL001140,20 - 30,"05. 30,001-40,000",ข้าราชการและลูกจ้างในหน่วยงานของรัฐ,ธนาคารออมสินภาค 12,สินเชื่อเคหะ,DCO2026,2026-08-28 09:00:00,marketing.gsb,GSB_final_lead_list_2026-08-28.xlsx
TL001141,20 - 30,"04. 20,001-30,000",ผู้รับจ้างทั่วไป / ผู้ใช้แรงงาน,ธนาคารออมสินภาค 1,สินเชื่อเคหะ,DCO2026,2026-08-28 09:00:00,marketing.gsb,GSB_final_lead_list_2026-08-28.xlsx
TL001142,51 - 60,"02. 5,001-10,000",ข้าราชการและลูกจ้างในหน่วยงานของรัฐ,ธนาคารออมสินภาค 10,สินเชื่อเคหะ,DCO2026,2026-08-28 09:00:00,marketing.gsb,GSB_final_lead_list_2026-08-28.xlsx
TL001143,31 - 40,"06. 40,001-50,000",พนักงานและลูกจ้างในบริษัท,ธนาคารออมสินภาค 11,สินเชื่อเคหะ,DCO2026,2026-08-28 09:00:00,marketing.gsb,GSB_final_lead_list_2026-08-28.xlsx
TL001144,20 - 30,"03. 10,001-20,000",พนักงานและลูกจ้างในหน่วยงานรัฐวิสาหกิจ,ธนาคารออมสินภาค 13,สินเชื่อเคหะ,DCO2026,2026-08-28 09:00:00,marketing.gsb,GSB_final_lead_list_2026-08-28.xlsx
TL001145,31 - 40,"06. 40,001-50,000",ข้าราชการและลูกจ้างในหน่วยงานของรัฐ,ธนาคารออมสินภาค 1,สินเชื่อเคหะ,DCO2026,2026-08-28 09:00:00,marketing.gsb,GSB_final_lead_list_2026-08-28.xlsx
TL001146,41 - 50,"06. 40,001-50,000",ผู้ประกอบธุรกิจ / เจ้าของกิจการ,ธนาคารออมสินภาค 1,สินเชื่อเคหะ,DCO2026,2026-08-28 09:00:00,marketing.gsb,GSB_final_lead_list_2026-08-28.xlsx
TL001147,41 - 50,"02. 5,001-10,000",พนักงานและลูกจ้างในหน่วยงานรัฐวิสาหกิจ,ธนาคารออมสินภาค 1,สินเชื่อเคหะ,DCO2026,2026-08-28 09:00:00,marketing.gsb,GSB_final_lead_list_2026-08-28.xlsx
TL001148,20 - 30,"03. 10,001-20,000",พนักงานและลูกจ้างในหน่วยงานรัฐวิสาหกิจ,ธนาคารออมสินภาค 13,สินเชื่อเคหะ,DCO2026,2026-08-28 09:00:00,marketing.gsb,GSB_final_lead_list_2026-08-28.xlsx
TL001149,31 - 40,"06. 40,001-50,000",ข้าราชการและลูกจ้างในหน่วยงานของรัฐ,ธนาคารออมสินภาค 10,สินเชื่อเคหะ,DCO2026,2026-08-28 09:00:00,marketing.gsb,GSB_final_lead_list_2026-08-28.xlsx
TL001150,31 - 40,"07. >50,000",ประกอบวิชาชีพเฉพาะ,ธนาคารออมสินภาค 10,สินเชื่อเคหะ,DCO2026,2026-08-28 09:00:00,marketing.gsb,GSB_final_lead_list_2026-08-28.xlsx
TL001151,20 - 30,"05. 30,001-40,000",ผู้ประกอบธุรกิจ / เจ้าของกิจการ,ธนาคารออมสินภาค 13,สินเชื่อเคหะ,DCO2026,2026-08-28 09:00:00,marketing.gsb,GSB_final_lead_list_2026-08-28.xlsx
TL001152,31 - 40,"06. 40,001-50,000",พนักงานและลูกจ้างในหน่วยงานรัฐวิสาหกิจ,ธนาคารออมสินภาค 11,สินเชื่อเคหะ,DCO2026,2026-08-28 09:00:00,marketing.gsb,GSB_final_lead_list_2026-08-28.xlsx
TL001153,20 - 30,"04. 20,001-30,000",ผู้รับจ้างทั่วไป / ผู้ใช้แรงงาน,ธนาคารออมสินภาค 1,สินเชื่อเคหะ,DCO2026,2026-08-28 09:00:00,marketing.gsb,GSB_final_lead_list_2026-08-28.xlsx
TL001154,20 - 30,"02. 5,001-10,000",ข้าราชการและลูกจ้างในหน่วยงานของรัฐ,ธนาคารออมสินภาค 11,สินเชื่อเคหะ,DCO2026,2026-08-28 09:00:00,marketing.gsb,GSB_final_lead_list_2026-08-28.xlsx
TL001155,20 - 30,"01. 0-5,000",ประกอบอาชีพอิสระ,ธนาคารออมสินภาค 1,สินเชื่อเคหะ,DCO2026,2026-08-28 09:00:00,marketing.gsb,GSB_final_lead_list_2026-08-28.xlsx
TL001156,20 - 30,"03. 10,001-20,000",ประกอบวิชาชีพเฉพาะ,ธนาคารออมสินภาค 12,สินเชื่อเคหะ,DCO2026,2026-08-28 09:00:00,marketing.gsb,GSB_final_lead_list_2026-08-28.xlsx
TL001157,Under 20,"02. 5,001-10,000",ประกอบอาชีพอิสระ,ธนาคารออมสินภาค 10,สินเชื่อเคหะ,DCO2026,2026-08-28 09:00:00,marketing.gsb,GSB_final_lead_list_2026-08-28.xlsx
TL001158,51 - 60,"06. 40,001-50,000",ประกอบอาชีพอิสระ,ธนาคารออมสินภาค 11,สินเชื่อเคหะ,DCO2026,2026-08-28 09:00:00,marketing.gsb,GSB_final_lead_list_2026-08-28.xlsx
TL001159,41 - 50,"04. 20,001-30,000",ข้าราชการและลูกจ้างในหน่วยงานของรัฐ,ธนาคารออมสินภาค 10,สินเชื่อเคหะ,DCO2026,2026-08-28 09:00:00,marketing.gsb,GSB_final_lead_list_2026-08-28.xlsx
TL001160,31 - 40,"04. 20,001-30,000",ผู้ประกอบธุรกิจ / เจ้าของกิจการ,ธนาคารออมสินภาค 1,สินเชื่อเคหะ,DCO2026,2026-08-28 09:00:00,marketing.gsb,GSB_final_lead_list_2026-08-28.xlsx
TL001161,31 - 40,"05. 30,001-40,000",ผู้ประกอบธุรกิจ / เจ้าของกิจการ,ธนาคารออมสินภาค 11,สินเชื่อเคหะ,DCO2026,2026-08-28 09:00:00,marketing.gsb,GSB_final_lead_list_2026-08-28.xlsx
TL001162,20 - 30,"02. 5,001-10,000",ประกอบวิชาชีพเฉพาะ,ธนาคารออมสินภาค 13,สินเชื่อเคหะ,DCO2026,2026-08-28 09:00:00,marketing.gsb,GSB_final_lead_list_2026-08-28.xlsx
TL001163,Under 20,"05. 30,001-40,000",ผู้ประกอบธุรกิจ / เจ้าของกิจการ,ธนาคารออมสินภาค 11,สินเชื่อเคหะ,DCO2026,2026-08-28 09:00:00,marketing.gsb,GSB_final_lead_list_2026-08-28.xlsx
TL001164,31 - 40,"07. >50,000",ประกอบอาชีพอิสระ,ธนาคารออมสินภาค 13,สินเชื่อเคหะ,DCO2026,2026-08-28 09:00:00,marketing.gsb,GSB_final_lead_list_2026-08-28.xlsx
TL001165,20 - 30,"06. 40,001-50,000",ประกอบอาชีพอิสระ,ธนาคารออมสินภาค 10,สินเชื่อเคหะ,DCO2026,2026-08-28 09:00:00,marketing.gsb,GSB_final_lead_list_2026-08-28.xlsx
TL001166,31 - 40,"05. 30,001-40,000",ข้าราชการและลูกจ้างในหน่วยงานของรัฐ,ธนาคารออมสินภาค 11,สินเชื่อเคหะ,DCO2026,2026-08-28 09:00:00,marketing.gsb,GSB_final_lead_list_2026-08-28.xlsx
TL001167,31 - 40,"04. 20,001-30,000",ผู้รับจ้างทั่วไป / ผู้ใช้แรงงาน,ธนาคารออมสินภาค 13,สินเชื่อเคหะ,DCO2026,2026-08-28 09:00:00,marketing.gsb,GSB_final_lead_list_2026-08-28.xlsx
TL001168,41 - 50,"04. 20,001-30,000",ผู้ประกอบธุรกิจ / เจ้าของกิจการ,ธนาคารออมสินภาค 13,สินเชื่อเคหะ,DCO2026,2026-08-28 09:00:00,marketing.gsb,GSB_final_lead_list_2026-08-28.xlsx
TL001169,41 - 50,"06. 40,001-50,000",ผู้ประกอบธุรกิจ / เจ้าของกิจการ,ธนาคารออมสินภาค 12,สินเชื่อเคหะ,DCO2026,2026-08-28 09:00:00,marketing.gsb,GSB_final_lead_list_2026-08-28.xlsx
TL001170,31 - 40,"05. 30,001-40,000",พนักงานและลูกจ้างในหน่วยงานรัฐวิสาหกิจ,ธนาคารออมสินภาค 10,สินเชื่อเคหะ,DCO2026,2026-08-28 09:00:00,marketing.gsb,GSB_final_lead_list_2026-08-28.xlsx
TL001171,20 - 30,"03. 10,001-20,000",ข้าราชการและลูกจ้างในหน่วยงานของรัฐ,ธนาคารออมสินภาค 1,สินเชื่อเคหะ,DCO2026,2026-08-28 09:00:00,marketing.gsb,GSB_final_lead_list_2026-08-28.xlsx
TL001172,20 - 30,"02. 5,001-10,000",ผู้ประกอบธุรกิจ / เจ้าของกิจการ,ธนาคารออมสินภาค 13,สินเชื่อเคหะ,DCO2026,2026-08-28 09:00:00,marketing.gsb,GSB_final_lead_list_2026-08-28.xlsx
TL001173,51 - 60,"06. 40,001-50,000",ประกอบวิชาชีพเฉพาะ,ธนาคารออมสินภาค 11,สินเชื่อเคหะ,DCO2026,2026-08-28 09:00:00,marketing.gsb,GSB_final_lead_list_2026-08-28.xlsx
TL001174,31 - 40,"04. 20,001-30,000",ผู้ประกอบธุรกิจ / เจ้าของกิจการ,ธนาคารออมสินภาค 1,สินเชื่อเคหะ,DCO2026,2026-08-28 09:00:00,marketing.gsb,GSB_final_lead_list_2026-08-28.xlsx
TL001175,20 - 30,"06. 40,001-50,000",ข้าราชการและลูกจ้างในหน่วยงานของรัฐ,ธนาคารออมสินภาค 13,สินเชื่อเคหะ,DCO2026,2026-08-28 09:00:00,marketing.gsb,GSB_final_lead_list_2026-08-28.xlsx
TL001176,31 - 40,"05. 30,001-40,000",ข้าราชการและลูกจ้างในหน่วยงานของรัฐ,ธนาคารออมสินภาค 10,สินเชื่อเคหะ,DCO2026,2026-08-28 09:00:00,marketing.gsb,GSB_final_lead_list_2026-08-28.xlsx
TL001177,41 - 50,"03. 10,001-20,000",พนักงานและลูกจ้างในหน่วยงานรัฐวิสาหกิจ,ธนาคารออมสินภาค 10,สินเชื่อเคหะ,DCO2026,2026-08-28 09:00:00,marketing.gsb,GSB_final_lead_list_2026-08-28.xlsx
TL001178,20 - 30,"05. 30,001-40,000",พนักงานและลูกจ้างในบริษัท,ธนาคารออมสินภาค 11,สินเชื่อเคหะ,DCO2026,2026-08-28 09:00:00,marketing.gsb,GSB_final_lead_list_2026-08-28.xlsx
TL001179,31 - 40,"06. 40,001-50,000",ผู้ประกอบธุรกิจ / เจ้าของกิจการ,ธนาคารออมสินภาค 11,สินเชื่อเคหะ,DCO2026,2026-08-28 09:00:00,marketing.gsb,GSB_final_lead_list_2026-08-28.xlsx
TL001180,51 - 60,"07. >50,000",พนักงานและลูกจ้างในบริษัท,ธนาคารออมสินภาค 12,สินเชื่อเคหะ,DCO2026,2026-08-28 09:00:00,marketing.gsb,GSB_final_lead_list_2026-08-28.xlsx
TL001181,61 - 65,"06. 40,001-50,000",ประกอบอาชีพอิสระ,ธนาคารออมสินภาค 10,สินเชื่อเคหะ,DCO2026,2026-08-28 09:00:00,marketing.gsb,GSB_final_lead_list_2026-08-28.xlsx
TL001182,41 - 50,"05. 30,001-40,000",ผู้รับจ้างทั่วไป / ผู้ใช้แรงงาน,ธนาคารออมสินภาค 12,สินเชื่อเคหะ,DCO2026,2026-08-28 09:00:00,marketing.gsb,GSB_final_lead_list_2026-08-28.xlsx
TL001183,65 Up,"02. 5,001-10,000",พนักงานและลูกจ้างในบริษัท,ธนาคารออมสินภาค 11,สินเชื่อเคหะ,DCO2026,2026-08-28 09:00:00,marketing.gsb,GSB_final_lead_list_2026-08-28.xlsx
TL001184,20 - 30,"04. 20,001-30,000",พนักงานและลูกจ้างในบริษัท,ธนาคารออมสินภาค 11,สินเชื่อเคหะ,DCO2026,2026-08-28 09:00:00,marketing.gsb,GSB_final_lead_list_2026-08-28.xlsx
TL001185,41 - 50,"03. 10,001-20,000",ประกอบวิชาชีพเฉพาะ,ธนาคารออมสินภาค 1,สินเชื่อเคหะ,DCO2026,2026-08-28 09:00:00,marketing.gsb,GSB_final_lead_list_2026-08-28.xlsx
TL001186,51 - 60,"04. 20,001-30,000",พนักงานและลูกจ้างในหน่วยงานรัฐวิสาหกิจ,ธนาคารออมสินภาค 13,สินเชื่อเคหะ,DCO2026,2026-08-28 09:00:00,marketing.gsb,GSB_final_lead_list_2026-08-28.xlsx
TL001187,41 - 50,"06. 40,001-50,000",ข้าราชการและลูกจ้างในหน่วยงานของรัฐ,ธนาคารออมสินภาค 13,สินเชื่อเคหะ,DCO2026,2026-08-28 09:00:00,marketing.gsb,GSB_final_lead_list_2026-08-28.xlsx
TL001188,51 - 60,"06. 40,001-50,000",พนักงานและลูกจ้างในบริษัท,ธนาคารออมสินภาค 10,สินเชื่อเคหะ,DCO2026,2026-08-28 09:00:00,marketing.gsb,GSB_final_lead_list_2026-08-28.xlsx
TL001189,41 - 50,"05. 30,001-40,000",ข้าราชการและลูกจ้างในหน่วยงานของรัฐ,ธนาคารออมสินภาค 10,สินเชื่อเคหะ,DCO2026,2026-08-28 09:00:00,marketing.gsb,GSB_final_lead_list_2026-08-28.xlsx
TL001190,41 - 50,"05. 30,001-40,000",ผู้รับจ้างทั่วไป / ผู้ใช้แรงงาน,ธนาคารออมสินภาค 11,สินเชื่อเคหะ,DCO2026,2026-08-28 09:00:00,marketing.gsb,GSB_final_lead_list_2026-08-28.xlsx
TL001191,41 - 50,"05. 30,001-40,000",ผู้รับจ้างทั่วไป / ผู้ใช้แรงงาน,ธนาคารออมสินภาค 10,สินเชื่อเคหะ,DCO2026,2026-08-28 09:00:00,marketing.gsb,GSB_final_lead_list_2026-08-28.xlsx
TL001192,31 - 40,"07. >50,000",ผู้ประกอบธุรกิจ / เจ้าของกิจการ,ธนาคารออมสินภาค 13,สินเชื่อเคหะ,DCO2026,2026-08-28 09:00:00,marketing.gsb,GSB_final_lead_list_2026-08-28.xlsx
TL001193,31 - 40,"04. 20,001-30,000",ผู้ประกอบธุรกิจ / เจ้าของกิจการ,ธนาคารออมสินภาค 13,สินเชื่อเคหะ,DCO2026,2026-08-28 09:00:00,marketing.gsb,GSB_final_lead_list_2026-08-28.xlsx
TL001194,20 - 30,"01. 0-5,000",ข้าราชการและลูกจ้างในหน่วยงานของรัฐ,ธนาคารออมสินภาค 10,สินเชื่อเคหะ,DCO2026,2026-08-28 09:00:00,marketing.gsb,GSB_final_lead_list_2026-08-28.xlsx
TL001195,61 - 65,"03. 10,001-20,000",ประกอบวิชาชีพเฉพาะ,ธนาคารออมสินภาค 12,สินเชื่อเคหะ,DCO2026,2026-08-28 09:00:00,marketing.gsb,GSB_final_lead_list_2026-08-28.xlsx
TL001196,20 - 30,"01. 0-5,000",ประกอบอาชีพอิสระ,ธนาคารออมสินภาค 13,สินเชื่อเคหะ,DCO2026,2026-08-28 09:00:00,marketing.gsb,GSB_final_lead_list_2026-08-28.xlsx
TL001197,65 Up,"05. 30,001-40,000",พนักงานและลูกจ้างในบริษัท,ธนาคารออมสินภาค 11,สินเชื่อเคหะ,DCO2026,2026-08-28 09:00:00,marketing.gsb,GSB_final_lead_list_2026-08-28.xlsx
TL001198,20 - 30,"01. 0-5,000",ข้าราชการและลูกจ้างในหน่วยงานของรัฐ,ธนาคารออมสินภาค 10,สินเชื่อเคหะ,DCO2026,2026-08-28 09:00:00,marketing.gsb,GSB_final_lead_list_2026-08-28.xlsx
TL001199,51 - 60,"05. 30,001-40,000",ผู้รับจ้างทั่วไป / ผู้ใช้แรงงาน,ธนาคารออมสินภาค 12,สินเชื่อเคหะ,DCO2026,2026-08-28 09:00:00,marketing.gsb,GSB_final_lead_list_2026-08-28.xlsx
TL001200,31 - 40,"03. 10,001-20,000",ประกอบอาชีพอิสระ,ธนาคารออมสินภาค 13,สินเชื่อเคหะ,DCO2026,2026-08-28 09:00:00,marketing.gsb,GSB_final_lead_list_2026-08-28.xlsx
TL001201,61 - 65,"06. 40,001-50,000",ประกอบอาชีพอิสระ,ธนาคารออมสินภาค 13,สินเชื่อเคหะ,DCO2026,2026-08-28 09:00:00,marketing.gsb,GSB_final_lead_list_2026-08-28.xlsx
TL001202,41 - 50,"06. 40,001-50,000",พนักงานและลูกจ้างในหน่วยงานรัฐวิสาหกิจ,ธนาคารออมสินภาค 10,สินเชื่อเคหะ,DCO2026,2026-08-28 09:00:00,marketing.gsb,GSB_final_lead_list_2026-08-28.xlsx
TL001203,31 - 40,"04. 20,001-30,000",ผู้ประกอบธุรกิจ / เจ้าของกิจการ,ธนาคารออมสินภาค 12,สินเชื่อเคหะ,DCO2026,2026-08-28 09:00:00,marketing.gsb,GSB_final_lead_list_2026-08-28.xlsx
TL001204,20 - 30,"02. 5,001-10,000",ผู้ประกอบธุรกิจ / เจ้าของกิจการ,ธนาคารออมสินภาค 1,สินเชื่อเคหะ,DCO2026,2026-08-28 09:00:00,marketing.gsb,GSB_final_lead_list_2026-08-28.xlsx
TL001205,41 - 50,"04. 20,001-30,000",พนักงานและลูกจ้างในหน่วยงานรัฐวิสาหกิจ,ธนาคารออมสินภาค 11,สินเชื่อเคหะ,DCO2026,2026-08-28 09:00:00,marketing.gsb,GSB_final_lead_list_2026-08-28.xlsx
TL001206,41 - 50,"07. >50,000",ประกอบวิชาชีพเฉพาะ,ธนาคารออมสินภาค 1,สินเชื่อเคหะ,DCO2026,2026-08-28 09:00:00,marketing.gsb,GSB_final_lead_list_2026-08-28.xlsx
TL001207,31 - 40,"02. 5,001-10,000",พนักงานและลูกจ้างในบริษัท,ธนาคารออมสินภาค 13,สินเชื่อเคหะ,DCO2026,2026-08-28 09:00:00,marketing.gsb,GSB_final_lead_list_2026-08-28.xlsx
TL001208,31 - 40,"01. 0-5,000",ประกอบอาชีพอิสระ,ธนาคารออมสินภาค 12,สินเชื่อเคหะ,DCO2026,2026-08-28 09:00:00,marketing.gsb,GSB_final_lead_list_2026-08-28.xlsx
TL001209,20 - 30,"01. 0-5,000",ข้าราชการและลูกจ้างในหน่วยงานของรัฐ,ธนาคารออมสินภาค 11,สินเชื่อเคหะ,DCO2026,2026-08-28 09:00:00,marketing.gsb,GSB_final_lead_list_2026-08-28.xlsx
TL001210,41 - 50,"03. 10,001-20,000",ผู้รับจ้างทั่วไป / ผู้ใช้แรงงาน,ธนาคารออมสินภาค 11,สินเชื่อเคหะ,DCO2026,2026-08-28 09:00:00,marketing.gsb,GSB_final_lead_list_2026-08-28.xlsx
TL001211,31 - 40,"05. 30,001-40,000",ประกอบอาชีพอิสระ,ธนาคารออมสินภาค 10,สินเชื่อเคหะ,DCO2026,2026-08-28 09:00:00,marketing.gsb,GSB_final_lead_list_2026-08-28.xlsx
TL001212,20 - 30,"01. 0-5,000",พนักงานและลูกจ้างในหน่วยงานรัฐวิสาหกิจ,ธนาคารออมสินภาค 1,สินเชื่อเคหะ,DCO2026,2026-08-28 09:00:00,marketing.gsb,GSB_final_lead_list_2026-08-28.xlsx
TL001213,51 - 60,"01. 0-5,000",พนักงานและลูกจ้างในหน่วยงานรัฐวิสาหกิจ,ธนาคารออมสินภาค 13,สินเชื่อเคหะ,DCO2026,2026-08-28 09:00:00,marketing.gsb,GSB_final_lead_list_2026-08-28.xlsx
TL001214,31 - 40,"06. 40,001-50,000",ประกอบวิชาชีพเฉพาะ,ธนาคารออมสินภาค 13,สินเชื่อเคหะ,DCO2026,2026-08-28 09:00:00,marketing.gsb,GSB_final_lead_list_2026-08-28.xlsx
TL001215,51 - 60,"05. 30,001-40,000",ข้าราชการและลูกจ้างในหน่วยงานของรัฐ,ธนาคารออมสินภาค 10,สินเชื่อเคหะ,DCO2026,2026-08-28 09:00:00,marketing.gsb,GSB_final_lead_list_2026-08-28.xlsx
TL001216,31 - 40,"05. 30,001-40,000",ประกอบวิชาชีพเฉพาะ,ธนาคารออมสินภาค 10,สินเชื่อเคหะ,DCO2026,2026-08-28 09:00:00,marketing.gsb,GSB_final_lead_list_2026-08-28.xlsx
TL001217,61 - 65,"05. 30,001-40,000",พนักงานและลูกจ้างในบริษัท,ธนาคารออมสินภาค 12,สินเชื่อเคหะ,DCO2026,2026-08-28 09:00:00,marketing.gsb,GSB_final_lead_list_2026-08-28.xlsx
TL001218,41 - 50,"05. 30,001-40,000",ประกอบวิชาชีพเฉพาะ,ธนาคารออมสินภาค 13,สินเชื่อเคหะ,DCO2026,2026-08-28 09:00:00,marketing.gsb,GSB_final_lead_list_2026-08-28.xlsx
TL001219,20 - 30,"02. 5,001-10,000",ข้าราชการและลูกจ้างในหน่วยงานของรัฐ,ธนาคารออมสินภาค 11,สินเชื่อเคหะ,DCO2026,2026-08-28 09:00:00,marketing.gsb,GSB_final_lead_list_2026-08-28.xlsx
TL001220,51 - 60,"06. 40,001-50,000",ผู้ประกอบธุรกิจ / เจ้าของกิจการ,ธนาคารออมสินภาค 12,สินเชื่อเคหะ,DCO2026,2026-08-28 09:00:00,marketing.gsb,GSB_final_lead_list_2026-08-28.xlsx
TL001221,20 - 30,"04. 20,001-30,000",ผู้รับจ้างทั่วไป / ผู้ใช้แรงงาน,ธนาคารออมสินภาค 11,สินเชื่อเคหะ,DCO2026,2026-08-28 09:00:00,marketing.gsb,GSB_final_lead_list_2026-08-28.xlsx
TL001222,31 - 40,"04. 20,001-30,000",ประกอบวิชาชีพเฉพาะ,ธนาคารออมสินภาค 13,สินเชื่อเคหะ,DCO2026,2026-08-28 09:00:00,marketing.gsb,GSB_final_lead_list_2026-08-28.xlsx
TL001223,51 - 60,"06. 40,001-50,000",ผู้ประกอบธุรกิจ / เจ้าของกิจการ,ธนาคารออมสินภาค 12,สินเชื่อเคหะ,DCO2026,2026-08-28 09:00:00,marketing.gsb,GSB_final_lead_list_2026-08-28.xlsx
TL001224,31 - 40,"05. 30,001-40,000",ประกอบอาชีพอิสระ,ธนาคารออมสินภาค 11,สินเชื่อเคหะ,DCO2026,2026-08-28 09:00:00,marketing.gsb,GSB_final_lead_list_2026-08-28.xlsx
TL001225,Under 20,"06. 40,001-50,000",ข้าราชการและลูกจ้างในหน่วยงานของรัฐ,ธนาคารออมสินภาค 12,สินเชื่อเคหะ,DCO2026,2026-08-28 09:00:00,marketing.gsb,GSB_final_lead_list_2026-08-28.xlsx
TL001226,20 - 30,"03. 10,001-20,000",ข้าราชการและลูกจ้างในหน่วยงานของรัฐ,ธนาคารออมสินภาค 10,สินเชื่อเคหะ,DCO2026,2026-08-28 09:00:00,marketing.gsb,GSB_final_lead_list_2026-08-28.xlsx
TL001227,20 - 30,"06. 40,001-50,000",ผู้ประกอบธุรกิจ / เจ้าของกิจการ,ธนาคารออมสินภาค 11,สินเชื่อเคหะ,DCO2026,2026-08-28 09:00:00,marketing.gsb,GSB_final_lead_list_2026-08-28.xlsx
TL001228,20 - 30,"02. 5,001-10,000",ข้าราชการและลูกจ้างในหน่วยงานของรัฐ,ธนาคารออมสินภาค 11,สินเชื่อเคหะ,DCO2026,2026-08-28 09:00:00,marketing.gsb,GSB_final_lead_list_2026-08-28.xlsx
TL001229,31 - 40,"04. 20,001-30,000",พนักงานและลูกจ้างในบริษัท,ธนาคารออมสินภาค 11,สินเชื่อเคหะ,DCO2026,2026-08-28 09:00:00,marketing.gsb,GSB_final_lead_list_2026-08-28.xlsx
TL001230,31 - 40,"05. 30,001-40,000",ประกอบอาชีพอิสระ,ธนาคารออมสินภาค 10,สินเชื่อเคหะ,DCO2026,2026-08-28 09:00:00,marketing.gsb,GSB_final_lead_list_2026-08-28.xlsx
TL001231,31 - 40,"04. 20,001-30,000",พนักงานและลูกจ้างในบริษัท,ธนาคารออมสินภาค 10,สินเชื่อเคหะ,DCO2026,2026-08-28 09:00:00,marketing.gsb,GSB_final_lead_list_2026-08-28.xlsx
TL001232,31 - 40,"03. 10,001-20,000",ผู้ประกอบธุรกิจ / เจ้าของกิจการ,ธนาคารออมสินภาค 13,สินเชื่อเคหะ,DCO2026,2026-08-28 09:00:00,marketing.gsb,GSB_final_lead_list_2026-08-28.xlsx
TL001233,31 - 40,"02. 5,001-10,000",พนักงานและลูกจ้างในบริษัท,ธนาคารออมสินภาค 11,สินเชื่อเคหะ,DCO2026,2026-08-28 09:00:00,marketing.gsb,GSB_final_lead_list_2026-08-28.xlsx
TL001234,51 - 60,"05. 30,001-40,000",ผู้รับจ้างทั่วไป / ผู้ใช้แรงงาน,ธนาคารออมสินภาค 13,สินเชื่อเคหะ,DCO2026,2026-08-28 09:00:00,marketing.gsb,GSB_final_lead_list_2026-08-28.xlsx
TL001235,20 - 30,"02. 5,001-10,000",พนักงานและลูกจ้างในหน่วยงานรัฐวิสาหกิจ,ธนาคารออมสินภาค 10,สินเชื่อเคหะ,DCO2026,2026-08-28 09:00:00,marketing.gsb,GSB_final_lead_list_2026-08-28.xlsx
TL001236,31 - 40,"03. 10,001-20,000",ผู้ประกอบธุรกิจ / เจ้าของกิจการ,ธนาคารออมสินภาค 1,สินเชื่อเคหะ,DCO2026,2026-08-28 09:00:00,marketing.gsb,GSB_final_lead_list_2026-08-28.xlsx
TL001237,31 - 40,"05. 30,001-40,000",ผู้รับจ้างทั่วไป / ผู้ใช้แรงงาน,ธนาคารออมสินภาค 12,สินเชื่อเคหะ,DCO2026,2026-08-28 09:00:00,marketing.gsb,GSB_final_lead_list_2026-08-28.xlsx
TL001238,20 - 30,"06. 40,001-50,000",ผู้รับจ้างทั่วไป / ผู้ใช้แรงงาน,ธนาคารออมสินภาค 12,สินเชื่อเคหะ,DCO2026,2026-08-28 09:00:00,marketing.gsb,GSB_final_lead_list_2026-08-28.xlsx
TL001239,31 - 40,"04. 20,001-30,000",ผู้รับจ้างทั่วไป / ผู้ใช้แรงงาน,ธนาคารออมสินภาค 10,สินเชื่อเคหะ,DCO2026,2026-08-28 09:00:00,marketing.gsb,GSB_final_lead_list_2026-08-28.xlsx
TL001240,20 - 30,"04. 20,001-30,000",พนักงานและลูกจ้างในบริษัท,ธนาคารออมสินภาค 11,สินเชื่อเคหะ,DCO2026,2026-08-28 09:00:00,marketing.gsb,GSB_final_lead_list_2026-08-28.xlsx
TL001241,31 - 40,"04. 20,001-30,000",พนักงานและลูกจ้างในบริษัท,ธนาคารออมสินภาค 11,สินเชื่อเคหะ,DCO2026,2026-08-28 09:00:00,marketing.gsb,GSB_final_lead_list_2026-08-28.xlsx
TL001242,31 - 40,"04. 20,001-30,000",พนักงานและลูกจ้างในบริษัท,ธนาคารออมสินภาค 11,สินเชื่อเคหะ,DCO2026,2026-08-28 09:00:00,marketing.gsb,GSB_final_lead_list_2026-08-28.xlsx
TL001243,61 - 65,"02. 5,001-10,000",ประกอบอาชีพอิสระ,ธนาคารออมสินภาค 12,สินเชื่อเคหะ,DCO2026,2026-08-28 09:00:00,marketing.gsb,GSB_final_lead_list_2026-08-28.xlsx
TL001244,31 - 40,"01. 0-5,000",ผู้รับจ้างทั่วไป / ผู้ใช้แรงงาน,ธนาคารออมสินภาค 11,สินเชื่อเคหะ,DCO2026,2026-08-28 09:00:00,marketing.gsb,GSB_final_lead_list_2026-08-28.xlsx
TL001245,51 - 60,"01. 0-5,000",ข้าราชการและลูกจ้างในหน่วยงานของรัฐ,ธนาคารออมสินภาค 10,สินเชื่อเคหะ,DCO2026,2026-08-28 09:00:00,marketing.gsb,GSB_final_lead_list_2026-08-28.xlsx
TL001246,20 - 30,"04. 20,001-30,000",ผู้รับจ้างทั่วไป / ผู้ใช้แรงงาน,ธนาคารออมสินภาค 13,สินเชื่อเคหะ,DCO2026,2026-08-28 09:00:00,marketing.gsb,GSB_final_lead_list_2026-08-28.xlsx
TL001247,31 - 40,"04. 20,001-30,000",ผู้ประกอบธุรกิจ / เจ้าของกิจการ,ธนาคารออมสินภาค 13,สินเชื่อเคหะ,DCO2026,2026-08-28 09:00:00,marketing.gsb,GSB_final_lead_list_2026-08-28.xlsx
TL001248,Under 20,"05. 30,001-40,000",ผู้ประกอบธุรกิจ / เจ้าของกิจการ,ธนาคารออมสินภาค 13,สินเชื่อเคหะ,DCO2026,2026-08-28 09:00:00,marketing.gsb,GSB_final_lead_list_2026-08-28.xlsx
TL001249,51 - 60,"04. 20,001-30,000",พนักงานและลูกจ้างในหน่วยงานรัฐวิสาหกิจ,ธนาคารออมสินภาค 1,สินเชื่อเคหะ,DCO2026,2026-08-28 09:00:00,marketing.gsb,GSB_final_lead_list_2026-08-28.xlsx
TL001250,20 - 30,"04. 20,001-30,000",พนักงานและลูกจ้างในหน่วยงานรัฐวิสาหกิจ,ธนาคารออมสินภาค 12,สินเชื่อเคหะ,DCO2026,2026-08-28 09:00:00,marketing.gsb,GSB_final_lead_list_2026-08-28.xlsx
TL001251,41 - 50,"05. 30,001-40,000",ประกอบอาชีพอิสระ,ธนาคารออมสินภาค 1,สินเชื่อเคหะ,DCO2026,2026-08-28 09:00:00,marketing.gsb,GSB_final_lead_list_2026-08-28.xlsx
TL001252,20 - 30,"06. 40,001-50,000",ผู้รับจ้างทั่วไป / ผู้ใช้แรงงาน,ธนาคารออมสินภาค 13,สินเชื่อเคหะ,DCO2026,2026-08-28 09:00:00,marketing.gsb,GSB_final_lead_list_2026-08-28.xlsx
TL001253,20 - 30,"05. 30,001-40,000",ผู้รับจ้างทั่วไป / ผู้ใช้แรงงาน,ธนาคารออมสินภาค 1,สินเชื่อเคหะ,DCO2026,2026-08-28 09:00:00,marketing.gsb,GSB_final_lead_list_2026-08-28.xlsx
TL001254,41 - 50,"05. 30,001-40,000",พนักงานและลูกจ้างในบริษัท,ธนาคารออมสินภาค 11,สินเชื่อเคหะ,DCO2026,2026-08-28 09:00:00,marketing.gsb,GSB_final_lead_list_2026-08-28.xlsx
TL001255,41 - 50,"06. 40,001-50,000",ประกอบวิชาชีพเฉพาะ,ธนาคารออมสินภาค 11,สินเชื่อเคหะ,DCO2026,2026-08-28 09:00:00,marketing.gsb,GSB_final_lead_list_2026-08-28.xlsx
TL001256,51 - 60,"02. 5,001-10,000",ประกอบอาชีพอิสระ,ธนาคารออมสินภาค 10,สินเชื่อเคหะ,DCO2026,2026-08-28 09:00:00,marketing.gsb,GSB_final_lead_list_2026-08-28.xlsx
TL001257,31 - 40,"02. 5,001-10,000",ประกอบอาชีพอิสระ,ธนาคารออมสินภาค 12,สินเชื่อเคหะ,DCO2026,2026-08-28 09:00:00,marketing.gsb,GSB_final_lead_list_2026-08-28.xlsx
TL001258,20 - 30,"04. 20,001-30,000",ผู้ประกอบธุรกิจ / เจ้าของกิจการ,ธนาคารออมสินภาค 1,สินเชื่อเคหะ,DCO2026,2026-08-28 09:00:00,marketing.gsb,GSB_final_lead_list_2026-08-28.xlsx
TL001259,51 - 60,"06. 40,001-50,000",พนักงานและลูกจ้างในหน่วยงานรัฐวิสาหกิจ,ธนาคารออมสินภาค 12,สินเชื่อเคหะ,DCO2026,2026-08-28 09:00:00,marketing.gsb,GSB_final_lead_list_2026-08-28.xlsx
TL001260,31 - 40,"04. 20,001-30,000",ประกอบวิชาชีพเฉพาะ,ธนาคารออมสินภาค 10,สินเชื่อเคหะ,DCO2026,2026-08-28 09:00:00,marketing.gsb,GSB_final_lead_list_2026-08-28.xlsx
TL001261,Under 20,"04. 20,001-30,000",ประกอบวิชาชีพเฉพาะ,ธนาคารออมสินภาค 11,สินเชื่อเคหะ,DCO2026,2026-08-28 09:00:00,marketing.gsb,GSB_final_lead_list_2026-08-28.xlsx
TL001262,20 - 30,"03. 10,001-20,000",ผู้ประกอบธุรกิจ / เจ้าของกิจการ,ธนาคารออมสินภาค 10,สินเชื่อเคหะ,DCO2026,2026-08-28 09:00:00,marketing.gsb,GSB_final_lead_list_2026-08-28.xlsx
TL001263,41 - 50,"01. 0-5,000",ประกอบวิชาชีพเฉพาะ,ธนาคารออมสินภาค 13,สินเชื่อเคหะ,DCO2026,2026-08-28 09:00:00,marketing.gsb,GSB_final_lead_list_2026-08-28.xlsx
TL001264,20 - 30,"04. 20,001-30,000",พนักงานและลูกจ้างในหน่วยงานรัฐวิสาหกิจ,ธนาคารออมสินภาค 10,สินเชื่อเคหะ,DCO2026,2026-08-28 09:00:00,marketing.gsb,GSB_final_lead_list_2026-08-28.xlsx
TL001265,20 - 30,"02. 5,001-10,000",ผู้ประกอบธุรกิจ / เจ้าของกิจการ,ธนาคารออมสินภาค 1,สินเชื่อเคหะ,DCO2026,2026-08-28 09:00:00,marketing.gsb,GSB_final_lead_list_2026-08-28.xlsx
TL001266,Under 20,"06. 40,001-50,000",ผู้รับจ้างทั่วไป / ผู้ใช้แรงงาน,ธนาคารออมสินภาค 13,สินเชื่อเคหะ,DCO2026,2026-08-28 09:00:00,marketing.gsb,GSB_final_lead_list_2026-08-28.xlsx
TL001267,41 - 50,"02. 5,001-10,000",ผู้รับจ้างทั่วไป / ผู้ใช้แรงงาน,ธนาคารออมสินภาค 13,สินเชื่อเคหะ,DCO2026,2026-08-28 09:00:00,marketing.gsb,GSB_final_lead_list_2026-08-28.xlsx
TL001268,20 - 30,"02. 5,001-10,000",ผู้ประกอบธุรกิจ / เจ้าของกิจการ,ธนาคารออมสินภาค 12,สินเชื่อเคหะ,DCO2026,2026-08-28 09:00:00,marketing.gsb,GSB_final_lead_list_2026-08-28.xlsx
TL001269,31 - 40,"03. 10,001-20,000",ประกอบวิชาชีพเฉพาะ,ธนาคารออมสินภาค 13,สินเชื่อเคหะ,DCO2026,2026-08-28 09:00:00,marketing.gsb,GSB_final_lead_list_2026-08-28.xlsx
TL001270,20 - 30,"06. 40,001-50,000",ข้าราชการและลูกจ้างในหน่วยงานของรัฐ,ธนาคารออมสินภาค 10,สินเชื่อเคหะ,DCO2026,2026-08-28 09:00:00,marketing.gsb,GSB_final_lead_list_2026-08-28.xlsx
TL001271,51 - 60,"01. 0-5,000",ประกอบอาชีพอิสระ,ธนาคารออมสินภาค 11,สินเชื่อเคหะ,DCO2026,2026-08-28 09:00:00,marketing.gsb,GSB_final_lead_list_2026-08-28.xlsx
TL001272,20 - 30,"05. 30,001-40,000",ข้าราชการและลูกจ้างในหน่วยงานของรัฐ,ธนาคารออมสินภาค 12,สินเชื่อเคหะ,DCO2026,2026-08-28 09:00:00,marketing.gsb,GSB_final_lead_list_2026-08-28.xlsx
TL001273,41 - 50,"05. 30,001-40,000",ข้าราชการและลูกจ้างในหน่วยงานของรัฐ,ธนาคารออมสินภาค 12,สินเชื่อเคหะ,DCO2026,2026-08-28 09:00:00,marketing.gsb,GSB_final_lead_list_2026-08-28.xlsx
TL001274,Under 20,"07. >50,000",ข้าราชการและลูกจ้างในหน่วยงานของรัฐ,ธนาคารออมสินภาค 10,สินเชื่อเคหะ,DCO2026,2026-08-28 09:00:00,marketing.gsb,GSB_final_lead_list_2026-08-28.xlsx
TL001275,31 - 40,"03. 10,001-20,000",ผู้ประกอบธุรกิจ / เจ้าของกิจการ,ธนาคารออมสินภาค 10,สินเชื่อเคหะ,DCO2026,2026-08-28 09:00:00,marketing.gsb,GSB_final_lead_list_2026-08-28.xlsx
TL001276,20 - 30,"02. 5,001-10,000",พนักงานและลูกจ้างในบริษัท,ธนาคารออมสินภาค 1,สินเชื่อเคหะ,DCO2026,2026-08-28 09:00:00,marketing.gsb,GSB_final_lead_list_2026-08-28.xlsx
TL001277,20 - 30,"04. 20,001-30,000",ผู้ประกอบธุรกิจ / เจ้าของกิจการ,ธนาคารออมสินภาค 1,สินเชื่อเคหะ,DCO2026,2026-08-28 09:00:00,marketing.gsb,GSB_final_lead_list_2026-08-28.xlsx
TL001278,51 - 60,"03. 10,001-20,000",ประกอบวิชาชีพเฉพาะ,ธนาคารออมสินภาค 11,สินเชื่อเคหะ,DCO2026,2026-08-28 09:00:00,marketing.gsb,GSB_final_lead_list_2026-08-28.xlsx
TL001279,31 - 40,"05. 30,001-40,000",พนักงานและลูกจ้างในหน่วยงานรัฐวิสาหกิจ,ธนาคารออมสินภาค 13,สินเชื่อเคหะ,DCO2026,2026-08-28 09:00:00,marketing.gsb,GSB_final_lead_list_2026-08-28.xlsx
TL001280,20 - 30,"06. 40,001-50,000",ประกอบอาชีพอิสระ,ธนาคารออมสินภาค 11,สินเชื่อเคหะ,DCO2026,2026-08-28 09:00:00,marketing.gsb,GSB_final_lead_list_2026-08-28.xlsx
TL001281,20 - 30,"04. 20,001-30,000",ประกอบอาชีพอิสระ,ธนาคารออมสินภาค 1,สินเชื่อเคหะ,DCO2026,2026-08-28 09:00:00,marketing.gsb,GSB_final_lead_list_2026-08-28.xlsx
TL001282,31 - 40,"05. 30,001-40,000",พนักงานและลูกจ้างในหน่วยงานรัฐวิสาหกิจ,ธนาคารออมสินภาค 13,สินเชื่อเคหะ,DCO2026,2026-08-28 09:00:00,marketing.gsb,GSB_final_lead_list_2026-08-28.xlsx
TL001283,41 - 50,"04. 20,001-30,000",ประกอบอาชีพอิสระ,ธนาคารออมสินภาค 1,สินเชื่อเคหะ,DCO2026,2026-08-28 09:00:00,marketing.gsb,GSB_final_lead_list_2026-08-28.xlsx
TL001284,41 - 50,"04. 20,001-30,000",พนักงานและลูกจ้างในบริษัท,ธนาคารออมสินภาค 11,สินเชื่อเคหะ,DCO2026,2026-08-28 09:00:00,marketing.gsb,GSB_final_lead_list_2026-08-28.xlsx
TL001285,Under 20,"06. 40,001-50,000",ประกอบอาชีพอิสระ,ธนาคารออมสินภาค 10,สินเชื่อเคหะ,DCO2026,2026-08-28 09:00:00,marketing.gsb,GSB_final_lead_list_2026-08-28.xlsx
TL001286,Under 20,"06. 40,001-50,000",ผู้ประกอบธุรกิจ / เจ้าของกิจการ,ธนาคารออมสินภาค 13,สินเชื่อเคหะ,DCO2026,2026-08-28 09:00:00,marketing.gsb,GSB_final_lead_list_2026-08-28.xlsx
TL001287,Under 20,"06. 40,001-50,000",ประกอบวิชาชีพเฉพาะ,ธนาคารออมสินภาค 13,สินเชื่อเคหะ,DCO2026,2026-08-28 09:00:00,marketing.gsb,GSB_final_lead_list_2026-08-28.xlsx
TL001288,20 - 30,"04. 20,001-30,000",พนักงานและลูกจ้างในหน่วยงานรัฐวิสาหกิจ,ธนาคารออมสินภาค 12,สินเชื่อเคหะ,DCO2026,2026-08-28 09:00:00,marketing.gsb,GSB_final_lead_list_2026-08-28.xlsx
TL001289,20 - 30,"02. 5,001-10,000",ผู้ประกอบธุรกิจ / เจ้าของกิจการ,ธนาคารออมสินภาค 1,สินเชื่อเคหะ,DCO2026,2026-08-28 09:00:00,marketing.gsb,GSB_final_lead_list_2026-08-28.xlsx
TL001290,20 - 30,"05. 30,001-40,000",พนักงานและลูกจ้างในบริษัท,ธนาคารออมสินภาค 12,สินเชื่อเคหะ,DCO2026,2026-08-28 09:00:00,marketing.gsb,GSB_final_lead_list_2026-08-28.xlsx
TL001291,31 - 40,"02. 5,001-10,000",ข้าราชการและลูกจ้างในหน่วยงานของรัฐ,ธนาคารออมสินภาค 1,สินเชื่อเคหะ,DCO2026,2026-08-28 09:00:00,marketing.gsb,GSB_final_lead_list_2026-08-28.xlsx
TL001292,41 - 50,"05. 30,001-40,000",พนักงานและลูกจ้างในบริษัท,ธนาคารออมสินภาค 1,สินเชื่อเคหะ,DCO2026,2026-08-28 09:00:00,marketing.gsb,GSB_final_lead_list_2026-08-28.xlsx
TL001293,51 - 60,"01. 0-5,000",ประกอบวิชาชีพเฉพาะ,ธนาคารออมสินภาค 11,สินเชื่อเคหะ,DCO2026,2026-08-28 09:00:00,marketing.gsb,GSB_final_lead_list_2026-08-28.xlsx
TL001294,61 - 65,"04. 20,001-30,000",พนักงานและลูกจ้างในบริษัท,ธนาคารออมสินภาค 11,สินเชื่อเคหะ,DCO2026,2026-08-28 09:00:00,marketing.gsb,GSB_final_lead_list_2026-08-28.xlsx
TL001295,31 - 40,"06. 40,001-50,000",ผู้ประกอบธุรกิจ / เจ้าของกิจการ,ธนาคารออมสินภาค 12,สินเชื่อเคหะ,DCO2026,2026-08-28 09:00:00,marketing.gsb,GSB_final_lead_list_2026-08-28.xlsx
TL001296,31 - 40,"01. 0-5,000",พนักงานและลูกจ้างในบริษัท,ธนาคารออมสินภาค 11,สินเชื่อเคหะ,DCO2026,2026-08-28 09:00:00,marketing.gsb,GSB_final_lead_list_2026-08-28.xlsx
TL001297,20 - 30,"06. 40,001-50,000",พนักงานและลูกจ้างในบริษัท,ธนาคารออมสินภาค 12,สินเชื่อเคหะ,DCO2026,2026-08-28 09:00:00,marketing.gsb,GSB_final_lead_list_2026-08-28.xlsx
TL001298,41 - 50,"06. 40,001-50,000",ข้าราชการและลูกจ้างในหน่วยงานของรัฐ,ธนาคารออมสินภาค 1,สินเชื่อเคหะ,DCO2026,2026-08-28 09:00:00,marketing.gsb,GSB_final_lead_list_2026-08-28.xlsx
TL001299,31 - 40,"03. 10,001-20,000",ประกอบอาชีพอิสระ,ธนาคารออมสินภาค 12,สินเชื่อเคหะ,DCO2026,2026-08-28 09:00:00,marketing.gsb,GSB_final_lead_list_2026-08-28.xlsx
TL001300,31 - 40,"02. 5,001-10,000",ผู้ประกอบธุรกิจ / เจ้าของกิจการ,ธนาคารออมสินภาค 1,สินเชื่อเคหะ,DCO2026,2026-08-28 09:00:00,marketing.gsb,GSB_final_lead_list_2026-08-28.xlsx
TL001301,31 - 40,"04. 20,001-30,000",ประกอบวิชาชีพเฉพาะ,ธนาคารออมสินภาค 1,สินเชื่อเคหะ,DCO2026,2026-08-28 09:00:00,marketing.gsb,GSB_final_lead_list_2026-08-28.xlsx
TL001302,31 - 40,"04. 20,001-30,000",พนักงานและลูกจ้างในหน่วยงานรัฐวิสาหกิจ,ธนาคารออมสินภาค 1,สินเชื่อเคหะ,DCO2026,2026-08-28 09:00:00,marketing.gsb,GSB_final_lead_list_2026-08-28.xlsx
TL001303,31 - 40,"04. 20,001-30,000",ผู้รับจ้างทั่วไป / ผู้ใช้แรงงาน,ธนาคารออมสินภาค 10,สินเชื่อเคหะ,DCO2026,2026-08-28 09:00:00,marketing.gsb,GSB_final_lead_list_2026-08-28.xlsx
TL001304,41 - 50,"02. 5,001-10,000",ข้าราชการและลูกจ้างในหน่วยงานของรัฐ,ธนาคารออมสินภาค 10,สินเชื่อเคหะ,DCO2026,2026-08-28 09:00:00,marketing.gsb,GSB_final_lead_list_2026-08-28.xlsx
TL001305,51 - 60,"04. 20,001-30,000",ประกอบวิชาชีพเฉพาะ,ธนาคารออมสินภาค 11,สินเชื่อเคหะ,DCO2026,2026-08-28 09:00:00,marketing.gsb,GSB_final_lead_list_2026-08-28.xlsx
TL001306,20 - 30,"04. 20,001-30,000",พนักงานและลูกจ้างในบริษัท,ธนาคารออมสินภาค 10,สินเชื่อเคหะ,DCO2026,2026-08-28 09:00:00,marketing.gsb,GSB_final_lead_list_2026-08-28.xlsx
TL001307,20 - 30,"03. 10,001-20,000",พนักงานและลูกจ้างในบริษัท,ธนาคารออมสินภาค 12,สินเชื่อเคหะ,DCO2026,2026-08-28 09:00:00,marketing.gsb,GSB_final_lead_list_2026-08-28.xlsx
TL001308,Under 20,"03. 10,001-20,000",ผู้รับจ้างทั่วไป / ผู้ใช้แรงงาน,ธนาคารออมสินภาค 12,สินเชื่อเคหะ,DCO2026,2026-08-28 09:00:00,marketing.gsb,GSB_final_lead_list_2026-08-28.xlsx
TL001309,31 - 40,"04. 20,001-30,000",พนักงานและลูกจ้างในหน่วยงานรัฐวิสาหกิจ,ธนาคารออมสินภาค 1,สินเชื่อเคหะ,DCO2026,2026-08-28 09:00:00,marketing.gsb,GSB_final_lead_list_2026-08-28.xlsx
TL001310,20 - 30,"02. 5,001-10,000",พนักงานและลูกจ้างในหน่วยงานรัฐวิสาหกิจ,ธนาคารออมสินภาค 12,สินเชื่อเคหะ,DCO2026,2026-08-28 09:00:00,marketing.gsb,GSB_final_lead_list_2026-08-28.xlsx
TL001311,31 - 40,"07. >50,000",พนักงานและลูกจ้างในบริษัท,ธนาคารออมสินภาค 12,สินเชื่อเคหะ,DCO2026,2026-08-28 09:00:00,marketing.gsb,GSB_final_lead_list_2026-08-28.xlsx
TL001312,Under 20,"04. 20,001-30,000",ประกอบวิชาชีพเฉพาะ,ธนาคารออมสินภาค 12,สินเชื่อเคหะ,DCO2026,2026-08-28 09:00:00,marketing.gsb,GSB_final_lead_list_2026-08-28.xlsx
TL001313,31 - 40,"05. 30,001-40,000",ประกอบอาชีพอิสระ,ธนาคารออมสินภาค 11,สินเชื่อเคหะ,DCO2026,2026-08-28 09:00:00,marketing.gsb,GSB_final_lead_list_2026-08-28.xlsx
TL001314,31 - 40,"04. 20,001-30,000",พนักงานและลูกจ้างในหน่วยงานรัฐวิสาหกิจ,ธนาคารออมสินภาค 1,สินเชื่อเคหะ,DCO2026,2026-08-28 09:00:00,marketing.gsb,GSB_final_lead_list_2026-08-28.xlsx
TL001315,51 - 60,"06. 40,001-50,000",ข้าราชการและลูกจ้างในหน่วยงานของรัฐ,ธนาคารออมสินภาค 10,สินเชื่อเคหะ,DCO2026,2026-08-28 09:00:00,marketing.gsb,GSB_final_lead_list_2026-08-28.xlsx
TL001316,20 - 30,"07. >50,000",ข้าราชการและลูกจ้างในหน่วยงานของรัฐ,ธนาคารออมสินภาค 11,สินเชื่อเคหะ,DCO2026,2026-08-28 09:00:00,marketing.gsb,GSB_final_lead_list_2026-08-28.xlsx
TL001317,20 - 30,"05. 30,001-40,000",ผู้รับจ้างทั่วไป / ผู้ใช้แรงงาน,ธนาคารออมสินภาค 11,สินเชื่อเคหะ,DCO2026,2026-08-28 09:00:00,marketing.gsb,GSB_final_lead_list_2026-08-28.xlsx
TL001318,41 - 50,"04. 20,001-30,000",ประกอบอาชีพอิสระ,ธนาคารออมสินภาค 1,สินเชื่อเคหะ,DCO2026,2026-08-28 09:00:00,marketing.gsb,GSB_final_lead_list_2026-08-28.xlsx
TL001319,31 - 40,"01. 0-5,000",ผู้ประกอบธุรกิจ / เจ้าของกิจการ,ธนาคารออมสินภาค 1,สินเชื่อเคหะ,DCO2026,2026-08-28 09:00:00,marketing.gsb,GSB_final_lead_list_2026-08-28.xlsx
TL001320,41 - 50,"06. 40,001-50,000",พนักงานและลูกจ้างในหน่วยงานรัฐวิสาหกิจ,ธนาคารออมสินภาค 10,สินเชื่อเคหะ,DCO2026,2026-08-28 09:00:00,marketing.gsb,GSB_final_lead_list_2026-08-28.xlsx
TL001321,31 - 40,"06. 40,001-50,000",พนักงานและลูกจ้างในบริษัท,ธนาคารออมสินภาค 13,สินเชื่อเคหะ,DCO2026,2026-08-28 09:00:00,marketing.gsb,GSB_final_lead_list_2026-08-28.xlsx
TL001322,20 - 30,"04. 20,001-30,000",ประกอบอาชีพอิสระ,ธนาคารออมสินภาค 10,สินเชื่อเคหะ,DCO2026,2026-08-28 09:00:00,marketing.gsb,GSB_final_lead_list_2026-08-28.xlsx
TL001323,31 - 40,"05. 30,001-40,000",ประกอบวิชาชีพเฉพาะ,ธนาคารออมสินภาค 12,สินเชื่อเคหะ,DCO2026,2026-08-28 09:00:00,marketing.gsb,GSB_final_lead_list_2026-08-28.xlsx
TL001324,41 - 50,"02. 5,001-10,000",พนักงานและลูกจ้างในบริษัท,ธนาคารออมสินภาค 11,สินเชื่อเคหะ,DCO2026,2026-08-28 09:00:00,marketing.gsb,GSB_final_lead_list_2026-08-28.xlsx
TL001325,Under 20,"07. >50,000",ผู้ประกอบธุรกิจ / เจ้าของกิจการ,ธนาคารออมสินภาค 11,สินเชื่อเคหะ,DCO2026,2026-08-28 09:00:00,marketing.gsb,GSB_final_lead_list_2026-08-28.xlsx
TL001326,20 - 30,"05. 30,001-40,000",พนักงานและลูกจ้างในบริษัท,ธนาคารออมสินภาค 1,สินเชื่อเคหะ,DCO2026,2026-08-28 09:00:00,marketing.gsb,GSB_final_lead_list_2026-08-28.xlsx
TL001327,31 - 40,"06. 40,001-50,000",พนักงานและลูกจ้างในบริษัท,ธนาคารออมสินภาค 13,สินเชื่อเคหะ,DCO2026,2026-08-28 09:00:00,marketing.gsb,GSB_final_lead_list_2026-08-28.xlsx
TL001328,31 - 40,"01. 0-5,000",ประกอบวิชาชีพเฉพาะ,ธนาคารออมสินภาค 11,สินเชื่อเคหะ,DCO2026,2026-08-28 09:00:00,marketing.gsb,GSB_final_lead_list_2026-08-28.xlsx
TL001329,20 - 30,"03. 10,001-20,000",ประกอบอาชีพอิสระ,ธนาคารออมสินภาค 10,สินเชื่อเคหะ,DCO2026,2026-08-28 09:00:00,marketing.gsb,GSB_final_lead_list_2026-08-28.xlsx
TL001330,51 - 60,"05. 30,001-40,000",ผู้ประกอบธุรกิจ / เจ้าของกิจการ,ธนาคารออมสินภาค 1,สินเชื่อเคหะ,DCO2026,2026-08-28 09:00:00,marketing.gsb,GSB_final_lead_list_2026-08-28.xlsx
TL001331,31 - 40,"01. 0-5,000",ประกอบอาชีพอิสระ,ธนาคารออมสินภาค 12,สินเชื่อเคหะ,DCO2026,2026-08-28 09:00:00,marketing.gsb,GSB_final_lead_list_2026-08-28.xlsx
TL001332,51 - 60,"04. 20,001-30,000",ข้าราชการและลูกจ้างในหน่วยงานของรัฐ,ธนาคารออมสินภาค 1,สินเชื่อเคหะ,DCO2026,2026-08-28 09:00:00,marketing.gsb,GSB_final_lead_list_2026-08-28.xlsx
TL001333,31 - 40,"05. 30,001-40,000",ข้าราชการและลูกจ้างในหน่วยงานของรัฐ,ธนาคารออมสินภาค 11,สินเชื่อเคหะ,DCO2026,2026-08-28 09:00:00,marketing.gsb,GSB_final_lead_list_2026-08-28.xlsx
TL001334,51 - 60,"06. 40,001-50,000",ประกอบอาชีพอิสระ,ธนาคารออมสินภาค 1,สินเชื่อเคหะ,DCO2026,2026-08-28 09:00:00,marketing.gsb,GSB_final_lead_list_2026-08-28.xlsx
TL001335,31 - 40,"04. 20,001-30,000",ผู้รับจ้างทั่วไป / ผู้ใช้แรงงาน,ธนาคารออมสินภาค 10,สินเชื่อเคหะ,DCO2026,2026-08-28 09:00:00,marketing.gsb,GSB_final_lead_list_2026-08-28.xlsx
TL001336,31 - 40,"06. 40,001-50,000",พนักงานและลูกจ้างในหน่วยงานรัฐวิสาหกิจ,ธนาคารออมสินภาค 12,สินเชื่อเคหะ,DCO2026,2026-08-28 09:00:00,marketing.gsb,GSB_final_lead_list_2026-08-28.xlsx
TL001337,20 - 30,"04. 20,001-30,000",ผู้รับจ้างทั่วไป / ผู้ใช้แรงงาน,ธนาคารออมสินภาค 1,สินเชื่อเคหะ,DCO2026,2026-08-28 09:00:00,marketing.gsb,GSB_final_lead_list_2026-08-28.xlsx
TL001338,61 - 65,"05. 30,001-40,000",พนักงานและลูกจ้างในบริษัท,ธนาคารออมสินภาค 12,สินเชื่อเคหะ,DCO2026,2026-08-28 09:00:00,marketing.gsb,GSB_final_lead_list_2026-08-28.xlsx
TL001339,51 - 60,"05. 30,001-40,000",พนักงานและลูกจ้างในบริษัท,ธนาคารออมสินภาค 13,สินเชื่อเคหะ,DCO2026,2026-08-28 09:00:00,marketing.gsb,GSB_final_lead_list_2026-08-28.xlsx
TL001340,20 - 30,"06. 40,001-50,000",ประกอบอาชีพอิสระ,ธนาคารออมสินภาค 11,สินเชื่อเคหะ,DCO2026,2026-08-28 09:00:00,marketing.gsb,GSB_final_lead_list_2026-08-28.xlsx
TL001341,20 - 30,"02. 5,001-10,000",ผู้ประกอบธุรกิจ / เจ้าของกิจการ,ธนาคารออมสินภาค 12,สินเชื่อเคหะ,DCO2026,2026-08-28 09:00:00,marketing.gsb,GSB_final_lead_list_2026-08-28.xlsx
TL001342,41 - 50,"03. 10,001-20,000",ประกอบวิชาชีพเฉพาะ,ธนาคารออมสินภาค 13,สินเชื่อเคหะ,DCO2026,2026-08-28 09:00:00,marketing.gsb,GSB_final_lead_list_2026-08-28.xlsx
TL001343,51 - 60,"06. 40,001-50,000",ผู้รับจ้างทั่วไป / ผู้ใช้แรงงาน,ธนาคารออมสินภาค 10,สินเชื่อเคหะ,DCO2026,2026-08-28 09:00:00,marketing.gsb,GSB_final_lead_list_2026-08-28.xlsx
TL001344,20 - 30,"05. 30,001-40,000",ประกอบวิชาชีพเฉพาะ,ธนาคารออมสินภาค 1,สินเชื่อเคหะ,DCO2026,2026-08-28 09:00:00,marketing.gsb,GSB_final_lead_list_2026-08-28.xlsx
TL001345,31 - 40,"05. 30,001-40,000",ข้าราชการและลูกจ้างในหน่วยงานของรัฐ,ธนาคารออมสินภาค 13,สินเชื่อเคหะ,DCO2026,2026-08-28 09:00:00,marketing.gsb,GSB_final_lead_list_2026-08-28.xlsx
TL001346,20 - 30,"07. >50,000",พนักงานและลูกจ้างในหน่วยงานรัฐวิสาหกิจ,ธนาคารออมสินภาค 11,สินเชื่อเคหะ,DCO2026,2026-08-28 09:00:00,marketing.gsb,GSB_final_lead_list_2026-08-28.xlsx
TL001347,31 - 40,"05. 30,001-40,000",ข้าราชการและลูกจ้างในหน่วยงานของรัฐ,ธนาคารออมสินภาค 1,สินเชื่อเคหะ,DCO2026,2026-08-28 09:00:00,marketing.gsb,GSB_final_lead_list_2026-08-28.xlsx
TL001348,20 - 30,"05. 30,001-40,000",ผู้รับจ้างทั่วไป / ผู้ใช้แรงงาน,ธนาคารออมสินภาค 10,สินเชื่อเคหะ,DCO2026,2026-08-28 09:00:00,marketing.gsb,GSB_final_lead_list_2026-08-28.xlsx
TL001349,31 - 40,"05. 30,001-40,000",ข้าราชการและลูกจ้างในหน่วยงานของรัฐ,ธนาคารออมสินภาค 11,สินเชื่อเคหะ,DCO2026,2026-08-28 09:00:00,marketing.gsb,GSB_final_lead_list_2026-08-28.xlsx
TL001350,61 - 65,"06. 40,001-50,000",ประกอบอาชีพอิสระ,ธนาคารออมสินภาค 11,สินเชื่อเคหะ,DCO2026,2026-08-28 09:00:00,marketing.gsb,GSB_final_lead_list_2026-08-28.xlsx
TL001351,51 - 60,"05. 30,001-40,000",ประกอบอาชีพอิสระ,ธนาคารออมสินภาค 11,สินเชื่อเคหะ,DCO2026,2026-08-28 09:00:00,marketing.gsb,GSB_final_lead_list_2026-08-28.xlsx
TL001352,61 - 65,"06. 40,001-50,000",ผู้รับจ้างทั่วไป / ผู้ใช้แรงงาน,ธนาคารออมสินภาค 13,สินเชื่อเคหะ,DCO2026,2026-08-28 09:00:00,marketing.gsb,GSB_final_lead_list_2026-08-28.xlsx
TL001353,Under 20,"03. 10,001-20,000",ผู้ประกอบธุรกิจ / เจ้าของกิจการ,ธนาคารออมสินภาค 1,สินเชื่อเคหะ,DCO2026,2026-08-28 09:00:00,marketing.gsb,GSB_final_lead_list_2026-08-28.xlsx
TL001354,20 - 30,"03. 10,001-20,000",พนักงานและลูกจ้างในบริษัท,ธนาคารออมสินภาค 1,สินเชื่อเคหะ,DCO2026,2026-08-28 09:00:00,marketing.gsb,GSB_final_lead_list_2026-08-28.xlsx
TL001355,20 - 30,"04. 20,001-30,000",ผู้ประกอบธุรกิจ / เจ้าของกิจการ,ธนาคารออมสินภาค 11,สินเชื่อเคหะ,DCO2026,2026-08-28 09:00:00,marketing.gsb,GSB_final_lead_list_2026-08-28.xlsx
TL001356,41 - 50,"06. 40,001-50,000",ประกอบอาชีพอิสระ,ธนาคารออมสินภาค 11,สินเชื่อเคหะ,DCO2026,2026-08-28 09:00:00,marketing.gsb,GSB_final_lead_list_2026-08-28.xlsx
TL001357,41 - 50,"04. 20,001-30,000",ผู้ประกอบธุรกิจ / เจ้าของกิจการ,ธนาคารออมสินภาค 10,สินเชื่อเคหะ,DCO2026,2026-08-28 09:00:00,marketing.gsb,GSB_final_lead_list_2026-08-28.xlsx
TL001358,61 - 65,"05. 30,001-40,000",ประกอบวิชาชีพเฉพาะ,ธนาคารออมสินภาค 1,สินเชื่อเคหะ,DCO2026,2026-08-28 09:00:00,marketing.gsb,GSB_final_lead_list_2026-08-28.xlsx
TL001359,31 - 40,"01. 0-5,000",ประกอบอาชีพอิสระ,ธนาคารออมสินภาค 11,สินเชื่อเคหะ,DCO2026,2026-08-28 09:00:00,marketing.gsb,GSB_final_lead_list_2026-08-28.xlsx
TL001360,41 - 50,"03. 10,001-20,000",ข้าราชการและลูกจ้างในหน่วยงานของรัฐ,ธนาคารออมสินภาค 10,สินเชื่อเคหะ,DCO2026,2026-08-28 09:00:00,marketing.gsb,GSB_final_lead_list_2026-08-28.xlsx
TL001361,20 - 30,"06. 40,001-50,000",ผู้รับจ้างทั่วไป / ผู้ใช้แรงงาน,ธนาคารออมสินภาค 13,สินเชื่อเคหะ,DCO2026,2026-08-28 09:00:00,marketing.gsb,GSB_final_lead_list_2026-08-28.xlsx
TL001362,31 - 40,"03. 10,001-20,000",ผู้ประกอบธุรกิจ / เจ้าของกิจการ,ธนาคารออมสินภาค 13,สินเชื่อเคหะ,DCO2026,2026-08-28 09:00:00,marketing.gsb,GSB_final_lead_list_2026-08-28.xlsx
TL001363,41 - 50,"04. 20,001-30,000",ประกอบอาชีพอิสระ,ธนาคารออมสินภาค 13,สินเชื่อเคหะ,DCO2026,2026-08-28 09:00:00,marketing.gsb,GSB_final_lead_list_2026-08-28.xlsx
TL001364,41 - 50,"06. 40,001-50,000",พนักงานและลูกจ้างในหน่วยงานรัฐวิสาหกิจ,ธนาคารออมสินภาค 10,สินเชื่อเคหะ,DCO2026,2026-08-28 09:00:00,marketing.gsb,GSB_final_lead_list_2026-08-28.xlsx
TL001365,20 - 30,"06. 40,001-50,000",ประกอบวิชาชีพเฉพาะ,ธนาคารออมสินภาค 12,สินเชื่อเคหะ,DCO2026,2026-08-28 09:00:00,marketing.gsb,GSB_final_lead_list_2026-08-28.xlsx
TL001366,31 - 40,"06. 40,001-50,000",ผู้รับจ้างทั่วไป / ผู้ใช้แรงงาน,ธนาคารออมสินภาค 11,สินเชื่อเคหะ,DCO2026,2026-08-28 09:00:00,marketing.gsb,GSB_final_lead_list_2026-08-28.xlsx
TL001367,41 - 50,"05. 30,001-40,000",พนักงานและลูกจ้างในหน่วยงานรัฐวิสาหกิจ,ธนาคารออมสินภาค 1,สินเชื่อเคหะ,DCO2026,2026-08-28 09:00:00,marketing.gsb,GSB_final_lead_list_2026-08-28.xlsx
TL001368,31 - 40,"04. 20,001-30,000",ประกอบอาชีพอิสระ,ธนาคารออมสินภาค 1,สินเชื่อเคหะ,DCO2026,2026-08-28 09:00:00,marketing.gsb,GSB_final_lead_list_2026-08-28.xlsx
TL001369,61 - 65,"02. 5,001-10,000",พนักงานและลูกจ้างในหน่วยงานรัฐวิสาหกิจ,ธนาคารออมสินภาค 11,สินเชื่อเคหะ,DCO2026,2026-08-28 09:00:00,marketing.gsb,GSB_final_lead_list_2026-08-28.xlsx
TL001370,41 - 50,"05. 30,001-40,000",พนักงานและลูกจ้างในหน่วยงานรัฐวิสาหกิจ,ธนาคารออมสินภาค 12,สินเชื่อเคหะ,DCO2026,2026-08-28 09:00:00,marketing.gsb,GSB_final_lead_list_2026-08-28.xlsx
TL001371,20 - 30,"03. 10,001-20,000",ประกอบอาชีพอิสระ,ธนาคารออมสินภาค 12,สินเชื่อเคหะ,DCO2026,2026-08-28 09:00:00,marketing.gsb,GSB_final_lead_list_2026-08-28.xlsx
TL001372,20 - 30,"06. 40,001-50,000",พนักงานและลูกจ้างในบริษัท,ธนาคารออมสินภาค 1,สินเชื่อเคหะ,DCO2026,2026-08-28 09:00:00,marketing.gsb,GSB_final_lead_list_2026-08-28.xlsx
TL001373,41 - 50,"06. 40,001-50,000",ประกอบอาชีพอิสระ,ธนาคารออมสินภาค 10,สินเชื่อเคหะ,DCO2026,2026-08-28 09:00:00,marketing.gsb,GSB_final_lead_list_2026-08-28.xlsx
TL001374,51 - 60,"06. 40,001-50,000",พนักงานและลูกจ้างในบริษัท,ธนาคารออมสินภาค 11,สินเชื่อเคหะ,DCO2026,2026-08-28 09:00:00,marketing.gsb,GSB_final_lead_list_2026-08-28.xlsx
TL001375,31 - 40,"05. 30,001-40,000",พนักงานและลูกจ้างในหน่วยงานรัฐวิสาหกิจ,ธนาคารออมสินภาค 13,สินเชื่อเคหะ,DCO2026,2026-08-28 09:00:00,marketing.gsb,GSB_final_lead_list_2026-08-28.xlsx
TL001376,51 - 60,"01. 0-5,000",พนักงานและลูกจ้างในหน่วยงานรัฐวิสาหกิจ,ธนาคารออมสินภาค 13,สินเชื่อเคหะ,DCO2026,2026-08-28 09:00:00,marketing.gsb,GSB_final_lead_list_2026-08-28.xlsx
TL001377,41 - 50,"02. 5,001-10,000",พนักงานและลูกจ้างในหน่วยงานรัฐวิสาหกิจ,ธนาคารออมสินภาค 1,สินเชื่อเคหะ,DCO2026,2026-08-28 09:00:00,marketing.gsb,GSB_final_lead_list_2026-08-28.xlsx
TL001378,65 Up,"02. 5,001-10,000",ผู้ประกอบธุรกิจ / เจ้าของกิจการ,ธนาคารออมสินภาค 1,สินเชื่อเคหะ,DCO2026,2026-08-28 09:00:00,marketing.gsb,GSB_final_lead_list_2026-08-28.xlsx
TL001379,31 - 40,"05. 30,001-40,000",พนักงานและลูกจ้างในหน่วยงานรัฐวิสาหกิจ,ธนาคารออมสินภาค 12,สินเชื่อเคหะ,DCO2026,2026-08-28 09:00:00,marketing.gsb,GSB_final_lead_list_2026-08-28.xlsx
TL001380,31 - 40,"04. 20,001-30,000",พนักงานและลูกจ้างในบริษัท,ธนาคารออมสินภาค 1,สินเชื่อเคหะ,DCO2026,2026-08-28 09:00:00,marketing.gsb,GSB_final_lead_list_2026-08-28.xlsx
TL001381,41 - 50,"05. 30,001-40,000",ประกอบวิชาชีพเฉพาะ,ธนาคารออมสินภาค 11,สินเชื่อเคหะ,DCO2026,2026-08-28 09:00:00,marketing.gsb,GSB_final_lead_list_2026-08-28.xlsx
TL001382,41 - 50,"02. 5,001-10,000",พนักงานและลูกจ้างในบริษัท,ธนาคารออมสินภาค 11,สินเชื่อเคหะ,DCO2026,2026-08-28 09:00:00,marketing.gsb,GSB_final_lead_list_2026-08-28.xlsx
TL001383,31 - 40,"06. 40,001-50,000",ประกอบอาชีพอิสระ,ธนาคารออมสินภาค 1,สินเชื่อเคหะ,DCO2026,2026-08-28 09:00:00,marketing.gsb,GSB_final_lead_list_2026-08-28.xlsx
TL001384,41 - 50,"01. 0-5,000",พนักงานและลูกจ้างในหน่วยงานรัฐวิสาหกิจ,ธนาคารออมสินภาค 12,สินเชื่อเคหะ,DCO2026,2026-08-28 09:00:00,marketing.gsb,GSB_final_lead_list_2026-08-28.xlsx
TL001385,20 - 30,"02. 5,001-10,000",ข้าราชการและลูกจ้างในหน่วยงานของรัฐ,ธนาคารออมสินภาค 13,สินเชื่อเคหะ,DCO2026,2026-08-28 09:00:00,marketing.gsb,GSB_final_lead_list_2026-08-28.xlsx
TL001386,51 - 60,"01. 0-5,000",ข้าราชการและลูกจ้างในหน่วยงานของรัฐ,ธนาคารออมสินภาค 1,สินเชื่อเคหะ,DCO2026,2026-08-28 09:00:00,marketing.gsb,GSB_final_lead_list_2026-08-28.xlsx
TL001387,31 - 40,"03. 10,001-20,000",ประกอบอาชีพอิสระ,ธนาคารออมสินภาค 13,สินเชื่อเคหะ,DCO2026,2026-08-28 09:00:00,marketing.gsb,GSB_final_lead_list_2026-08-28.xlsx
TL001388,31 - 40,"07. >50,000",พนักงานและลูกจ้างในหน่วยงานรัฐวิสาหกิจ,ธนาคารออมสินภาค 12,สินเชื่อเคหะ,DCO2026,2026-08-28 09:00:00,marketing.gsb,GSB_final_lead_list_2026-08-28.xlsx
TL001389,31 - 40,"06. 40,001-50,000",พนักงานและลูกจ้างในบริษัท,ธนาคารออมสินภาค 12,สินเชื่อเคหะ,DCO2026,2026-08-28 09:00:00,marketing.gsb,GSB_final_lead_list_2026-08-28.xlsx
TL001390,61 - 65,"04. 20,001-30,000",พนักงานและลูกจ้างในบริษัท,ธนาคารออมสินภาค 12,สินเชื่อเคหะ,DCO2026,2026-08-28 09:00:00,marketing.gsb,GSB_final_lead_list_2026-08-28.xlsx
TL001391,31 - 40,"05. 30,001-40,000",ประกอบวิชาชีพเฉพาะ,ธนาคารออมสินภาค 11,สินเชื่อเคหะ,DCO2026,2026-08-28 09:00:00,marketing.gsb,GSB_final_lead_list_2026-08-28.xlsx
TL001392,61 - 65,"01. 0-5,000",ผู้รับจ้างทั่วไป / ผู้ใช้แรงงาน,ธนาคารออมสินภาค 1,สินเชื่อเคหะ,DCO2026,2026-08-28 09:00:00,marketing.gsb,GSB_final_lead_list_2026-08-28.xlsx
TL001393,41 - 50,"06. 40,001-50,000",พนักงานและลูกจ้างในหน่วยงานรัฐวิสาหกิจ,ธนาคารออมสินภาค 1,สินเชื่อเคหะ,DCO2026,2026-08-28 09:00:00,marketing.gsb,GSB_final_lead_list_2026-08-28.xlsx
TL001394,20 - 30,"04. 20,001-30,000",ประกอบวิชาชีพเฉพาะ,ธนาคารออมสินภาค 11,สินเชื่อเคหะ,DCO2026,2026-08-28 09:00:00,marketing.gsb,GSB_final_lead_list_2026-08-28.xlsx
TL001395,41 - 50,"05. 30,001-40,000",ประกอบวิชาชีพเฉพาะ,ธนาคารออมสินภาค 12,สินเชื่อเคหะ,DCO2026,2026-08-28 09:00:00,marketing.gsb,GSB_final_lead_list_2026-08-28.xlsx
TL001396,51 - 60,"02. 5,001-10,000",ผู้รับจ้างทั่วไป / ผู้ใช้แรงงาน,ธนาคารออมสินภาค 12,สินเชื่อเคหะ,DCO2026,2026-08-28 09:00:00,marketing.gsb,GSB_final_lead_list_2026-08-28.xlsx
TL001397,31 - 40,"06. 40,001-50,000",ผู้ประกอบธุรกิจ / เจ้าของกิจการ,ธนาคารออมสินภาค 11,สินเชื่อเคหะ,DCO2026,2026-08-28 09:00:00,marketing.gsb,GSB_final_lead_list_2026-08-28.xlsx
TL001398,41 - 50,"05. 30,001-40,000",ผู้รับจ้างทั่วไป / ผู้ใช้แรงงาน,ธนาคารออมสินภาค 11,สินเชื่อเคหะ,DCO2026,2026-08-28 09:00:00,marketing.gsb,GSB_final_lead_list_2026-08-28.xlsx
TL001399,41 - 50,"07. >50,000",ผู้รับจ้างทั่วไป / ผู้ใช้แรงงาน,ธนาคารออมสินภาค 10,สินเชื่อเคหะ,DCO2026,2026-08-28 09:00:00,marketing.gsb,GSB_final_lead_list_2026-08-28.xlsx
TL001400,31 - 40,"05. 30,001-40,000",ประกอบอาชีพอิสระ,ธนาคารออมสินภาค 12,สินเชื่อเคหะ,DCO2026,2026-08-28 09:00:00,marketing.gsb,GSB_final_lead_list_2026-08-28.xlsx
TL001401,41 - 50,"06. 40,001-50,000",พนักงานและลูกจ้างในบริษัท,ธนาคารออมสินภาค 12,สินเชื่อเคหะ,DCO2026,2026-08-28 09:00:00,marketing.gsb,GSB_final_lead_list_2026-08-28.xlsx
TL001402,31 - 40,"03. 10,001-20,000",ประกอบอาชีพอิสระ,ธนาคารออมสินภาค 12,สินเชื่อเคหะ,DCO2026,2026-08-28 09:00:00,marketing.gsb,GSB_final_lead_list_2026-08-28.xlsx
TL001403,31 - 40,"06. 40,001-50,000",ผู้รับจ้างทั่วไป / ผู้ใช้แรงงาน,ธนาคารออมสินภาค 11,สินเชื่อเคหะ,DCO2026,2026-08-28 09:00:00,marketing.gsb,GSB_final_lead_list_2026-08-28.xlsx
TL001404,20 - 30,"06. 40,001-50,000",ประกอบอาชีพอิสระ,ธนาคารออมสินภาค 13,สินเชื่อเคหะ,DCO2026,2026-08-28 09:00:00,marketing.gsb,GSB_final_lead_list_2026-08-28.xlsx
TL001405,31 - 40,"02. 5,001-10,000",ผู้ประกอบธุรกิจ / เจ้าของกิจการ,ธนาคารออมสินภาค 11,สินเชื่อเคหะ,DCO2026,2026-08-28 09:00:00,marketing.gsb,GSB_final_lead_list_2026-08-28.xlsx
TL001406,20 - 30,"05. 30,001-40,000",ประกอบอาชีพอิสระ,ธนาคารออมสินภาค 10,สินเชื่อเคหะ,DCO2026,2026-08-28 09:00:00,marketing.gsb,GSB_final_lead_list_2026-08-28.xlsx
TL001407,41 - 50,"01. 0-5,000",พนักงานและลูกจ้างในบริษัท,ธนาคารออมสินภาค 13,สินเชื่อเคหะ,DCO2026,2026-08-28 09:00:00,marketing.gsb,GSB_final_lead_list_2026-08-28.xlsx
TL001408,31 - 40,"06. 40,001-50,000",พนักงานและลูกจ้างในหน่วยงานรัฐวิสาหกิจ,ธนาคารออมสินภาค 10,สินเชื่อเคหะ,DCO2026,2026-08-28 09:00:00,marketing.gsb,GSB_final_lead_list_2026-08-28.xlsx
TL001409,41 - 50,"05. 30,001-40,000",ข้าราชการและลูกจ้างในหน่วยงานของรัฐ,ธนาคารออมสินภาค 12,สินเชื่อเคหะ,DCO2026,2026-08-28 09:00:00,marketing.gsb,GSB_final_lead_list_2026-08-28.xlsx
TL001410,41 - 50,"05. 30,001-40,000",ผู้รับจ้างทั่วไป / ผู้ใช้แรงงาน,ธนาคารออมสินภาค 11,สินเชื่อเคหะ,DCO2026,2026-08-28 09:00:00,marketing.gsb,GSB_final_lead_list_2026-08-28.xlsx
TL001411,41 - 50,"04. 20,001-30,000",ผู้ประกอบธุรกิจ / เจ้าของกิจการ,ธนาคารออมสินภาค 12,สินเชื่อเคหะ,DCO2026,2026-08-28 09:00:00,marketing.gsb,GSB_final_lead_list_2026-08-28.xlsx
TL001412,31 - 40,"01. 0-5,000",ประกอบวิชาชีพเฉพาะ,ธนาคารออมสินภาค 1,สินเชื่อเคหะ,DCO2026,2026-08-28 09:00:00,marketing.gsb,GSB_final_lead_list_2026-08-28.xlsx
TL001413,Under 20,"02. 5,001-10,000",พนักงานและลูกจ้างในบริษัท,ธนาคารออมสินภาค 13,สินเชื่อเคหะ,DCO2026,2026-08-28 09:00:00,marketing.gsb,GSB_final_lead_list_2026-08-28.xlsx
TL001414,31 - 40,"04. 20,001-30,000",พนักงานและลูกจ้างในหน่วยงานรัฐวิสาหกิจ,ธนาคารออมสินภาค 13,สินเชื่อเคหะ,DCO2026,2026-08-28 09:00:00,marketing.gsb,GSB_final_lead_list_2026-08-28.xlsx
TL001415,31 - 40,"03. 10,001-20,000",ผู้ประกอบธุรกิจ / เจ้าของกิจการ,ธนาคารออมสินภาค 13,สินเชื่อเคหะ,DCO2026,2026-08-28 09:00:00,marketing.gsb,GSB_final_lead_list_2026-08-28.xlsx
TL001416,41 - 50,"04. 20,001-30,000",ผู้ประกอบธุรกิจ / เจ้าของกิจการ,ธนาคารออมสินภาค 12,สินเชื่อเคหะ,DCO2026,2026-08-28 09:00:00,marketing.gsb,GSB_final_lead_list_2026-08-28.xlsx
TL001417,31 - 40,"04. 20,001-30,000",พนักงานและลูกจ้างในบริษัท,ธนาคารออมสินภาค 12,สินเชื่อเคหะ,DCO2026,2026-08-28 09:00:00,marketing.gsb,GSB_final_lead_list_2026-08-28.xlsx
TL001418,41 - 50,"02. 5,001-10,000",ประกอบอาชีพอิสระ,ธนาคารออมสินภาค 10,สินเชื่อเคหะ,DCO2026,2026-08-28 09:00:00,marketing.gsb,GSB_final_lead_list_2026-08-28.xlsx
TL001419,41 - 50,"04. 20,001-30,000",ข้าราชการและลูกจ้างในหน่วยงานของรัฐ,ธนาคารออมสินภาค 10,สินเชื่อเคหะ,DCO2026,2026-08-28 09:00:00,marketing.gsb,GSB_final_lead_list_2026-08-28.xlsx
TL001420,20 - 30,"04. 20,001-30,000",ผู้ประกอบธุรกิจ / เจ้าของกิจการ,ธนาคารออมสินภาค 11,สินเชื่อเคหะ,DCO2026,2026-08-28 09:00:00,marketing.gsb,GSB_final_lead_list_2026-08-28.xlsx
TL001421,41 - 50,"01. 0-5,000",ผู้รับจ้างทั่วไป / ผู้ใช้แรงงาน,ธนาคารออมสินภาค 13,สินเชื่อเคหะ,DCO2026,2026-08-28 09:00:00,marketing.gsb,GSB_final_lead_list_2026-08-28.xlsx
TL001422,41 - 50,"06. 40,001-50,000",ประกอบอาชีพอิสระ,ธนาคารออมสินภาค 11,สินเชื่อเคหะ,DCO2026,2026-08-28 09:00:00,marketing.gsb,GSB_final_lead_list_2026-08-28.xlsx
TL001423,20 - 30,"05. 30,001-40,000",พนักงานและลูกจ้างในบริษัท,ธนาคารออมสินภาค 11,สินเชื่อเคหะ,DCO2026,2026-08-28 09:00:00,marketing.gsb,GSB_final_lead_list_2026-08-28.xlsx
TL001424,31 - 40,"05. 30,001-40,000",พนักงานและลูกจ้างในหน่วยงานรัฐวิสาหกิจ,ธนาคารออมสินภาค 13,สินเชื่อเคหะ,DCO2026,2026-08-28 09:00:00,marketing.gsb,GSB_final_lead_list_2026-08-28.xlsx
TL001425,20 - 30,"04. 20,001-30,000",ผู้ประกอบธุรกิจ / เจ้าของกิจการ,ธนาคารออมสินภาค 10,สินเชื่อเคหะ,DCO2026,2026-08-28 09:00:00,marketing.gsb,GSB_final_lead_list_2026-08-28.xlsx
TL001426,31 - 40,"04. 20,001-30,000",ผู้ประกอบธุรกิจ / เจ้าของกิจการ,ธนาคารออมสินภาค 12,สินเชื่อเคหะ,DCO2026,2026-08-28 09:00:00,marketing.gsb,GSB_final_lead_list_2026-08-28.xlsx
TL001427,20 - 30,"05. 30,001-40,000",ผู้ประกอบธุรกิจ / เจ้าของกิจการ,ธนาคารออมสินภาค 13,สินเชื่อเคหะ,DCO2026,2026-08-28 09:00:00,marketing.gsb,GSB_final_lead_list_2026-08-28.xlsx
TL001428,20 - 30,"04. 20,001-30,000",ผู้รับจ้างทั่วไป / ผู้ใช้แรงงาน,ธนาคารออมสินภาค 1,สินเชื่อเคหะ,DCO2026,2026-08-28 09:00:00,marketing.gsb,GSB_final_lead_list_2026-08-28.xlsx
TL001429,31 - 40,"04. 20,001-30,000",พนักงานและลูกจ้างในหน่วยงานรัฐวิสาหกิจ,ธนาคารออมสินภาค 12,สินเชื่อเคหะ,DCO2026,2026-08-28 09:00:00,marketing.gsb,GSB_final_lead_list_2026-08-28.xlsx
TL001430,51 - 60,"05. 30,001-40,000",ข้าราชการและลูกจ้างในหน่วยงานของรัฐ,ธนาคารออมสินภาค 12,สินเชื่อเคหะ,DCO2026,2026-08-28 09:00:00,marketing.gsb,GSB_final_lead_list_2026-08-28.xlsx
TL001431,31 - 40,"06. 40,001-50,000",ผู้รับจ้างทั่วไป / ผู้ใช้แรงงาน,ธนาคารออมสินภาค 10,สินเชื่อเคหะ,DCO2026,2026-08-28 09:00:00,marketing.gsb,GSB_final_lead_list_2026-08-28.xlsx
TL001432,20 - 30,"05. 30,001-40,000",ผู้รับจ้างทั่วไป / ผู้ใช้แรงงาน,ธนาคารออมสินภาค 10,สินเชื่อเคหะ,DCO2026,2026-08-28 09:00:00,marketing.gsb,GSB_final_lead_list_2026-08-28.xlsx
TL001433,20 - 30,"06. 40,001-50,000",ผู้รับจ้างทั่วไป / ผู้ใช้แรงงาน,ธนาคารออมสินภาค 1,สินเชื่อเคหะ,DCO2026,2026-08-28 09:00:00,marketing.gsb,GSB_final_lead_list_2026-08-28.xlsx
TL001434,31 - 40,"05. 30,001-40,000",ผู้ประกอบธุรกิจ / เจ้าของกิจการ,ธนาคารออมสินภาค 11,สินเชื่อเคหะ,DCO2026,2026-08-28 09:00:00,marketing.gsb,GSB_final_lead_list_2026-08-28.xlsx
TL001435,41 - 50,"01. 0-5,000",ประกอบวิชาชีพเฉพาะ,ธนาคารออมสินภาค 10,สินเชื่อเคหะ,DCO2026,2026-08-28 09:00:00,marketing.gsb,GSB_final_lead_list_2026-08-28.xlsx
TL001436,31 - 40,"04. 20,001-30,000",ผู้รับจ้างทั่วไป / ผู้ใช้แรงงาน,ธนาคารออมสินภาค 12,สินเชื่อเคหะ,DCO2026,2026-08-28 09:00:00,marketing.gsb,GSB_final_lead_list_2026-08-28.xlsx
TL001437,51 - 60,"05. 30,001-40,000",ผู้ประกอบธุรกิจ / เจ้าของกิจการ,ธนาคารออมสินภาค 10,สินเชื่อเคหะ,DCO2026,2026-08-28 09:00:00,marketing.gsb,GSB_final_lead_list_2026-08-28.xlsx
TL001438,41 - 50,"05. 30,001-40,000",พนักงานและลูกจ้างในบริษัท,ธนาคารออมสินภาค 12,สินเชื่อเคหะ,DCO2026,2026-08-28 09:00:00,marketing.gsb,GSB_final_lead_list_2026-08-28.xlsx
TL001439,41 - 50,"04. 20,001-30,000",ผู้รับจ้างทั่วไป / ผู้ใช้แรงงาน,ธนาคารออมสินภาค 1,สินเชื่อเคหะ,DCO2026,2026-08-28 09:00:00,marketing.gsb,GSB_final_lead_list_2026-08-28.xlsx
TL001440,Under 20,"05. 30,001-40,000",พนักงานและลูกจ้างในบริษัท,ธนาคารออมสินภาค 12,สินเชื่อเคหะ,DCO2026,2026-08-28 09:00:00,marketing.gsb,GSB_final_lead_list_2026-08-28.xlsx
TL001441,41 - 50,"01. 0-5,000",ผู้รับจ้างทั่วไป / ผู้ใช้แรงงาน,ธนาคารออมสินภาค 10,สินเชื่อเคหะ,DCO2026,2026-08-28 09:00:00,marketing.gsb,GSB_final_lead_list_2026-08-28.xlsx
TL001442,31 - 40,"06. 40,001-50,000",ประกอบวิชาชีพเฉพาะ,ธนาคารออมสินภาค 12,สินเชื่อเคหะ,DCO2026,2026-08-28 09:00:00,marketing.gsb,GSB_final_lead_list_2026-08-28.xlsx
TL001443,20 - 30,"06. 40,001-50,000",ข้าราชการและลูกจ้างในหน่วยงานของรัฐ,ธนาคารออมสินภาค 11,สินเชื่อเคหะ,DCO2026,2026-08-28 09:00:00,marketing.gsb,GSB_final_lead_list_2026-08-28.xlsx
TL001444,20 - 30,"06. 40,001-50,000",ผู้รับจ้างทั่วไป / ผู้ใช้แรงงาน,ธนาคารออมสินภาค 12,สินเชื่อเคหะ,DCO2026,2026-08-28 09:00:00,marketing.gsb,GSB_final_lead_list_2026-08-28.xlsx
TL001445,51 - 60,"06. 40,001-50,000",ประกอบวิชาชีพเฉพาะ,ธนาคารออมสินภาค 1,สินเชื่อเคหะ,DCO2026,2026-08-28 09:00:00,marketing.gsb,GSB_final_lead_list_2026-08-28.xlsx
TL001446,41 - 50,"01. 0-5,000",พนักงานและลูกจ้างในบริษัท,ธนาคารออมสินภาค 13,สินเชื่อเคหะ,DCO2026,2026-08-28 09:00:00,marketing.gsb,GSB_final_lead_list_2026-08-28.xlsx
TL001447,41 - 50,"04. 20,001-30,000",ประกอบอาชีพอิสระ,ธนาคารออมสินภาค 12,สินเชื่อเคหะ,DCO2026,2026-08-28 09:00:00,marketing.gsb,GSB_final_lead_list_2026-08-28.xlsx
TL001448,31 - 40,"06. 40,001-50,000",ประกอบอาชีพอิสระ,ธนาคารออมสินภาค 11,สินเชื่อเคหะ,DCO2026,2026-08-28 09:00:00,marketing.gsb,GSB_final_lead_list_2026-08-28.xlsx
TL001449,51 - 60,"04. 20,001-30,000",พนักงานและลูกจ้างในหน่วยงานรัฐวิสาหกิจ,ธนาคารออมสินภาค 11,สินเชื่อเคหะ,DCO2026,2026-08-28 09:00:00,marketing.gsb,GSB_final_lead_list_2026-08-28.xlsx
TL001450,61 - 65,"06. 40,001-50,000",ผู้ประกอบธุรกิจ / เจ้าของกิจการ,ธนาคารออมสินภาค 12,สินเชื่อเคหะ,DCO2026,2026-08-28 09:00:00,marketing.gsb,GSB_final_lead_list_2026-08-28.xlsx
TL001451,41 - 50,"06. 40,001-50,000",ผู้รับจ้างทั่วไป / ผู้ใช้แรงงาน,ธนาคารออมสินภาค 10,สินเชื่อเคหะ,DCO2026,2026-08-28 09:00:00,marketing.gsb,GSB_final_lead_list_2026-08-28.xlsx
TL001452,61 - 65,"05. 30,001-40,000",ผู้รับจ้างทั่วไป / ผู้ใช้แรงงาน,ธนาคารออมสินภาค 11,สินเชื่อเคหะ,DCO2026,2026-08-28 09:00:00,marketing.gsb,GSB_final_lead_list_2026-08-28.xlsx
TL001453,61 - 65,"06. 40,001-50,000",ประกอบอาชีพอิสระ,ธนาคารออมสินภาค 11,สินเชื่อเคหะ,DCO2026,2026-08-28 09:00:00,marketing.gsb,GSB_final_lead_list_2026-08-28.xlsx
TL001454,20 - 30,"05. 30,001-40,000",พนักงานและลูกจ้างในบริษัท,ธนาคารออมสินภาค 1,สินเชื่อเคหะ,DCO2026,2026-08-28 09:00:00,marketing.gsb,GSB_final_lead_list_2026-08-28.xlsx
TL001455,31 - 40,"06. 40,001-50,000",ผู้รับจ้างทั่วไป / ผู้ใช้แรงงาน,ธนาคารออมสินภาค 1,สินเชื่อเคหะ,DCO2026,2026-08-28 09:00:00,marketing.gsb,GSB_final_lead_list_2026-08-28.xlsx
TL001456,41 - 50,"04. 20,001-30,000",พนักงานและลูกจ้างในบริษัท,ธนาคารออมสินภาค 11,สินเชื่อเคหะ,DCO2026,2026-08-28 09:00:00,marketing.gsb,GSB_final_lead_list_2026-08-28.xlsx
TL001457,31 - 40,"03. 10,001-20,000",ผู้รับจ้างทั่วไป / ผู้ใช้แรงงาน,ธนาคารออมสินภาค 1,สินเชื่อเคหะ,DCO2026,2026-08-28 09:00:00,marketing.gsb,GSB_final_lead_list_2026-08-28.xlsx
TL001458,31 - 40,"04. 20,001-30,000",ประกอบวิชาชีพเฉพาะ,ธนาคารออมสินภาค 12,สินเชื่อเคหะ,DCO2026,2026-08-28 09:00:00,marketing.gsb,GSB_final_lead_list_2026-08-28.xlsx
TL001459,20 - 30,"05. 30,001-40,000",ผู้ประกอบธุรกิจ / เจ้าของกิจการ,ธนาคารออมสินภาค 12,สินเชื่อเคหะ,DCO2026,2026-08-28 09:00:00,marketing.gsb,GSB_final_lead_list_2026-08-28.xlsx
TL001460,41 - 50,"04. 20,001-30,000",ข้าราชการและลูกจ้างในหน่วยงานของรัฐ,ธนาคารออมสินภาค 1,สินเชื่อเคหะ,DCO2026,2026-08-28 09:00:00,marketing.gsb,GSB_final_lead_list_2026-08-28.xlsx
TL001461,20 - 30,"04. 20,001-30,000",พนักงานและลูกจ้างในหน่วยงานรัฐวิสาหกิจ,ธนาคารออมสินภาค 1,สินเชื่อเคหะ,DCO2026,2026-08-28 09:00:00,marketing.gsb,GSB_final_lead_list_2026-08-28.xlsx
TL001462,41 - 50,"02. 5,001-10,000",พนักงานและลูกจ้างในหน่วยงานรัฐวิสาหกิจ,ธนาคารออมสินภาค 12,สินเชื่อเคหะ,DCO2026,2026-08-28 09:00:00,marketing.gsb,GSB_final_lead_list_2026-08-28.xlsx
TL001463,51 - 60,"01. 0-5,000",พนักงานและลูกจ้างในบริษัท,ธนาคารออมสินภาค 13,สินเชื่อเคหะ,DCO2026,2026-08-28 09:00:00,marketing.gsb,GSB_final_lead_list_2026-08-28.xlsx
TL001464,51 - 60,"01. 0-5,000",พนักงานและลูกจ้างในบริษัท,ธนาคารออมสินภาค 11,สินเชื่อเคหะ,DCO2026,2026-08-28 09:00:00,marketing.gsb,GSB_final_lead_list_2026-08-28.xlsx
TL001465,31 - 40,"05. 30,001-40,000",ประกอบอาชีพอิสระ,ธนาคารออมสินภาค 10,สินเชื่อเคหะ,DCO2026,2026-08-28 09:00:00,marketing.gsb,GSB_final_lead_list_2026-08-28.xlsx
TL001466,31 - 40,"04. 20,001-30,000",ผู้ประกอบธุรกิจ / เจ้าของกิจการ,ธนาคารออมสินภาค 12,สินเชื่อเคหะ,DCO2026,2026-08-28 09:00:00,marketing.gsb,GSB_final_lead_list_2026-08-28.xlsx
TL001467,20 - 30,"01. 0-5,000",ผู้ประกอบธุรกิจ / เจ้าของกิจการ,ธนาคารออมสินภาค 10,สินเชื่อเคหะ,DCO2026,2026-08-28 09:00:00,marketing.gsb,GSB_final_lead_list_2026-08-28.xlsx
TL001468,31 - 40,"02. 5,001-10,000",ประกอบอาชีพอิสระ,ธนาคารออมสินภาค 1,สินเชื่อเคหะ,DCO2026,2026-08-28 09:00:00,marketing.gsb,GSB_final_lead_list_2026-08-28.xlsx
TL001469,51 - 60,"04. 20,001-30,000",ข้าราชการและลูกจ้างในหน่วยงานของรัฐ,ธนาคารออมสินภาค 11,สินเชื่อเคหะ,DCO2026,2026-08-28 09:00:00,marketing.gsb,GSB_final_lead_list_2026-08-28.xlsx
TL001470,Under 20,"05. 30,001-40,000",ผู้รับจ้างทั่วไป / ผู้ใช้แรงงาน,ธนาคารออมสินภาค 10,สินเชื่อเคหะ,DCO2026,2026-08-28 09:00:00,marketing.gsb,GSB_final_lead_list_2026-08-28.xlsx
TL001471,31 - 40,"04. 20,001-30,000",ผู้ประกอบธุรกิจ / เจ้าของกิจการ,ธนาคารออมสินภาค 12,สินเชื่อเคหะ,DCO2026,2026-08-28 09:00:00,marketing.gsb,GSB_final_lead_list_2026-08-28.xlsx
TL001472,51 - 60,"02. 5,001-10,000",พนักงานและลูกจ้างในหน่วยงานรัฐวิสาหกิจ,ธนาคารออมสินภาค 13,สินเชื่อเคหะ,DCO2026,2026-08-28 09:00:00,marketing.gsb,GSB_final_lead_list_2026-08-28.xlsx
TL001473,31 - 40,"02. 5,001-10,000",พนักงานและลูกจ้างในบริษัท,ธนาคารออมสินภาค 11,สินเชื่อเคหะ,DCO2026,2026-08-28 09:00:00,marketing.gsb,GSB_final_lead_list_2026-08-28.xlsx
TL001474,41 - 50,"05. 30,001-40,000",ประกอบวิชาชีพเฉพาะ,ธนาคารออมสินภาค 11,สินเชื่อเคหะ,DCO2026,2026-08-28 09:00:00,marketing.gsb,GSB_final_lead_list_2026-08-28.xlsx
TL001475,51 - 60,"02. 5,001-10,000",ประกอบวิชาชีพเฉพาะ,ธนาคารออมสินภาค 10,สินเชื่อเคหะ,DCO2026,2026-08-28 09:00:00,marketing.gsb,GSB_final_lead_list_2026-08-28.xlsx
TL001476,51 - 60,"04. 20,001-30,000",พนักงานและลูกจ้างในหน่วยงานรัฐวิสาหกิจ,ธนาคารออมสินภาค 11,สินเชื่อเคหะ,DCO2026,2026-08-28 09:00:00,marketing.gsb,GSB_final_lead_list_2026-08-28.xlsx
TL001477,41 - 50,"02. 5,001-10,000",พนักงานและลูกจ้างในบริษัท,ธนาคารออมสินภาค 1,สินเชื่อเคหะ,DCO2026,2026-08-28 09:00:00,marketing.gsb,GSB_final_lead_list_2026-08-28.xlsx
TL001478,31 - 40,"03. 10,001-20,000",ผู้รับจ้างทั่วไป / ผู้ใช้แรงงาน,ธนาคารออมสินภาค 12,สินเชื่อเคหะ,DCO2026,2026-08-28 09:00:00,marketing.gsb,GSB_final_lead_list_2026-08-28.xlsx
TL001479,20 - 30,"02. 5,001-10,000",ประกอบวิชาชีพเฉพาะ,ธนาคารออมสินภาค 1,สินเชื่อเคหะ,DCO2026,2026-08-28 09:00:00,marketing.gsb,GSB_final_lead_list_2026-08-28.xlsx
TL001480,41 - 50,"07. >50,000",ผู้ประกอบธุรกิจ / เจ้าของกิจการ,ธนาคารออมสินภาค 10,สินเชื่อเคหะ,DCO2026,2026-08-28 09:00:00,marketing.gsb,GSB_final_lead_list_2026-08-28.xlsx
TL001481,31 - 40,"04. 20,001-30,000",ข้าราชการและลูกจ้างในหน่วยงานของรัฐ,ธนาคารออมสินภาค 11,สินเชื่อเคหะ,DCO2026,2026-08-28 09:00:00,marketing.gsb,GSB_final_lead_list_2026-08-28.xlsx
TL001482,51 - 60,"04. 20,001-30,000",ผู้รับจ้างทั่วไป / ผู้ใช้แรงงาน,ธนาคารออมสินภาค 10,สินเชื่อเคหะ,DCO2026,2026-08-28 09:00:00,marketing.gsb,GSB_final_lead_list_2026-08-28.xlsx
TL001483,31 - 40,"06. 40,001-50,000",ผู้รับจ้างทั่วไป / ผู้ใช้แรงงาน,ธนาคารออมสินภาค 1,สินเชื่อเคหะ,DCO2026,2026-08-28 09:00:00,marketing.gsb,GSB_final_lead_list_2026-08-28.xlsx
TL001484,61 - 65,"07. >50,000",พนักงานและลูกจ้างในหน่วยงานรัฐวิสาหกิจ,ธนาคารออมสินภาค 13,สินเชื่อเคหะ,DCO2026,2026-08-28 09:00:00,marketing.gsb,GSB_final_lead_list_2026-08-28.xlsx
TL001485,51 - 60,"01. 0-5,000",พนักงานและลูกจ้างในหน่วยงานรัฐวิสาหกิจ,ธนาคารออมสินภาค 10,สินเชื่อเคหะ,DCO2026,2026-08-28 09:00:00,marketing.gsb,GSB_final_lead_list_2026-08-28.xlsx
TL001486,51 - 60,"05. 30,001-40,000",ผู้รับจ้างทั่วไป / ผู้ใช้แรงงาน,ธนาคารออมสินภาค 12,สินเชื่อเคหะ,DCO2026,2026-08-28 09:00:00,marketing.gsb,GSB_final_lead_list_2026-08-28.xlsx
TL001487,31 - 40,"06. 40,001-50,000",พนักงานและลูกจ้างในบริษัท,ธนาคารออมสินภาค 11,สินเชื่อเคหะ,DCO2026,2026-08-28 09:00:00,marketing.gsb,GSB_final_lead_list_2026-08-28.xlsx
TL001488,31 - 40,"06. 40,001-50,000",ผู้ประกอบธุรกิจ / เจ้าของกิจการ,ธนาคารออมสินภาค 10,สินเชื่อเคหะ,DCO2026,2026-08-28 09:00:00,marketing.gsb,GSB_final_lead_list_2026-08-28.xlsx
TL001489,20 - 30,"01. 0-5,000",ประกอบวิชาชีพเฉพาะ,ธนาคารออมสินภาค 13,สินเชื่อเคหะ,DCO2026,2026-08-28 09:00:00,marketing.gsb,GSB_final_lead_list_2026-08-28.xlsx
TL001490,Under 20,"01. 0-5,000",พนักงานและลูกจ้างในบริษัท,ธนาคารออมสินภาค 10,สินเชื่อเคหะ,DCO2026,2026-08-28 09:00:00,marketing.gsb,GSB_final_lead_list_2026-08-28.xlsx
TL001491,41 - 50,"06. 40,001-50,000",ผู้รับจ้างทั่วไป / ผู้ใช้แรงงาน,ธนาคารออมสินภาค 13,สินเชื่อเคหะ,DCO2026,2026-08-28 09:00:00,marketing.gsb,GSB_final_lead_list_2026-08-28.xlsx
TL001492,31 - 40,"01. 0-5,000",ข้าราชการและลูกจ้างในหน่วยงานของรัฐ,ธนาคารออมสินภาค 11,สินเชื่อเคหะ,DCO2026,2026-08-28 09:00:00,marketing.gsb,GSB_final_lead_list_2026-08-28.xlsx
TL001493,41 - 50,"05. 30,001-40,000",ประกอบอาชีพอิสระ,ธนาคารออมสินภาค 13,สินเชื่อเคหะ,DCO2026,2026-08-28 09:00:00,marketing.gsb,GSB_final_lead_list_2026-08-28.xlsx
TL001494,41 - 50,"04. 20,001-30,000",ผู้ประกอบธุรกิจ / เจ้าของกิจการ,ธนาคารออมสินภาค 11,สินเชื่อเคหะ,DCO2026,2026-08-28 09:00:00,marketing.gsb,GSB_final_lead_list_2026-08-28.xlsx
TL001495,Under 20,"05. 30,001-40,000",พนักงานและลูกจ้างในบริษัท,ธนาคารออมสินภาค 13,สินเชื่อเคหะ,DCO2026,2026-08-28 09:00:00,marketing.gsb,GSB_final_lead_list_2026-08-28.xlsx
TL001496,41 - 50,"05. 30,001-40,000",ประกอบอาชีพอิสระ,ธนาคารออมสินภาค 1,สินเชื่อเคหะ,DCO2026,2026-08-28 09:00:00,marketing.gsb,GSB_final_lead_list_2026-08-28.xlsx
TL001497,20 - 30,"02. 5,001-10,000",ผู้ประกอบธุรกิจ / เจ้าของกิจการ,ธนาคารออมสินภาค 1,สินเชื่อเคหะ,DCO2026,2026-08-28 09:00:00,marketing.gsb,GSB_final_lead_list_2026-08-28.xlsx
TL001498,41 - 50,"05. 30,001-40,000",ข้าราชการและลูกจ้างในหน่วยงานของรัฐ,ธนาคารออมสินภาค 13,สินเชื่อเคหะ,DCO2026,2026-08-28 09:00:00,marketing.gsb,GSB_final_lead_list_2026-08-28.xlsx
TL001499,20 - 30,"01. 0-5,000",ผู้รับจ้างทั่วไป / ผู้ใช้แรงงาน,ธนาคารออมสินภาค 13,สินเชื่อเคหะ,DCO2026,2026-08-28 09:00:00,marketing.gsb,GSB_final_lead_list_2026-08-28.xlsx
TL001500,61 - 65,"06. 40,001-50,000",ผู้ประกอบธุรกิจ / เจ้าของกิจการ,ธนาคารออมสินภาค 12,สินเชื่อเคหะ,DCO2026,2026-08-28 09:00:00,marketing.gsb,GSB_final_lead_list_2026-08-28.xlsx
TL001501,51 - 60,"06. 40,001-50,000",ผู้รับจ้างทั่วไป / ผู้ใช้แรงงาน,ธนาคารออมสินภาค 10,สินเชื่อเคหะ,DCO2026,2026-08-28 09:00:00,marketing.gsb,GSB_final_lead_list_2026-08-28.xlsx
TL001502,65 Up,"04. 20,001-30,000",ประกอบอาชีพอิสระ,ธนาคารออมสินภาค 12,สินเชื่อเคหะ,DCO2026,2026-08-28 09:00:00,marketing.gsb,GSB_final_lead_list_2026-08-28.xlsx
TL001503,31 - 40,"04. 20,001-30,000",พนักงานและลูกจ้างในบริษัท,ธนาคารออมสินภาค 13,สินเชื่อเคหะ,DCO2026,2026-08-28 09:00:00,marketing.gsb,GSB_final_lead_list_2026-08-28.xlsx
TL001504,31 - 40,"06. 40,001-50,000",ผู้ประกอบธุรกิจ / เจ้าของกิจการ,ธนาคารออมสินภาค 12,สินเชื่อเคหะ,DCO2026,2026-08-28 09:00:00,marketing.gsb,GSB_final_lead_list_2026-08-28.xlsx
TL001505,61 - 65,"04. 20,001-30,000",ข้าราชการและลูกจ้างในหน่วยงานของรัฐ,ธนาคารออมสินภาค 12,สินเชื่อเคหะ,DCO2026,2026-08-28 09:00:00,marketing.gsb,GSB_final_lead_list_2026-08-28.xlsx
TL001506,20 - 30,"05. 30,001-40,000",ข้าราชการและลูกจ้างในหน่วยงานของรัฐ,ธนาคารออมสินภาค 13,สินเชื่อเคหะ,DCO2026,2026-08-28 09:00:00,marketing.gsb,GSB_final_lead_list_2026-08-28.xlsx
TL001507,41 - 50,"02. 5,001-10,000",ข้าราชการและลูกจ้างในหน่วยงานของรัฐ,ธนาคารออมสินภาค 10,สินเชื่อเคหะ,DCO2026,2026-08-28 09:00:00,marketing.gsb,GSB_final_lead_list_2026-08-28.xlsx
TL001508,20 - 30,"04. 20,001-30,000",ประกอบอาชีพอิสระ,ธนาคารออมสินภาค 13,สินเชื่อเคหะ,DCO2026,2026-08-28 09:00:00,marketing.gsb,GSB_final_lead_list_2026-08-28.xlsx
TL001509,20 - 30,"06. 40,001-50,000",ประกอบวิชาชีพเฉพาะ,ธนาคารออมสินภาค 10,สินเชื่อเคหะ,DCO2026,2026-08-28 09:00:00,marketing.gsb,GSB_final_lead_list_2026-08-28.xlsx
TL001510,31 - 40,"01. 0-5,000",พนักงานและลูกจ้างในบริษัท,ธนาคารออมสินภาค 13,สินเชื่อเคหะ,DCO2026,2026-08-28 09:00:00,marketing.gsb,GSB_final_lead_list_2026-08-28.xlsx
TL001511,41 - 50,"02. 5,001-10,000",ประกอบวิชาชีพเฉพาะ,ธนาคารออมสินภาค 10,สินเชื่อเคหะ,DCO2026,2026-08-28 09:00:00,marketing.gsb,GSB_final_lead_list_2026-08-28.xlsx
TL001512,31 - 40,"01. 0-5,000",พนักงานและลูกจ้างในบริษัท,ธนาคารออมสินภาค 10,สินเชื่อเคหะ,DCO2026,2026-08-28 09:00:00,marketing.gsb,GSB_final_lead_list_2026-08-28.xlsx
TL001513,31 - 40,"01. 0-5,000",ประกอบอาชีพอิสระ,ธนาคารออมสินภาค 12,สินเชื่อเคหะ,DCO2026,2026-08-28 09:00:00,marketing.gsb,GSB_final_lead_list_2026-08-28.xlsx
TL001514,41 - 50,"05. 30,001-40,000",พนักงานและลูกจ้างในหน่วยงานรัฐวิสาหกิจ,ธนาคารออมสินภาค 11,สินเชื่อเคหะ,DCO2026,2026-08-28 09:00:00,marketing.gsb,GSB_final_lead_list_2026-08-28.xlsx
TL001515,20 - 30,"05. 30,001-40,000",ผู้รับจ้างทั่วไป / ผู้ใช้แรงงาน,ธนาคารออมสินภาค 1,สินเชื่อเคหะ,DCO2026,2026-08-28 09:00:00,marketing.gsb,GSB_final_lead_list_2026-08-28.xlsx
TL001516,51 - 60,"05. 30,001-40,000",ข้าราชการและลูกจ้างในหน่วยงานของรัฐ,ธนาคารออมสินภาค 1,สินเชื่อเคหะ,DCO2026,2026-08-28 09:00:00,marketing.gsb,GSB_final_lead_list_2026-08-28.xlsx
TL001517,51 - 60,"02. 5,001-10,000",พนักงานและลูกจ้างในบริษัท,ธนาคารออมสินภาค 10,สินเชื่อเคหะ,DCO2026,2026-08-28 09:00:00,marketing.gsb,GSB_final_lead_list_2026-08-28.xlsx
TL001518,20 - 30,"03. 10,001-20,000",พนักงานและลูกจ้างในหน่วยงานรัฐวิสาหกิจ,ธนาคารออมสินภาค 10,สินเชื่อเคหะ,DCO2026,2026-08-28 09:00:00,marketing.gsb,GSB_final_lead_list_2026-08-28.xlsx
TL001519,31 - 40,"06. 40,001-50,000",พนักงานและลูกจ้างในบริษัท,ธนาคารออมสินภาค 1,สินเชื่อเคหะ,DCO2026,2026-08-28 09:00:00,marketing.gsb,GSB_final_lead_list_2026-08-28.xlsx
TL001520,41 - 50,"04. 20,001-30,000",ผู้ประกอบธุรกิจ / เจ้าของกิจการ,ธนาคารออมสินภาค 1,สินเชื่อเคหะ,DCO2026,2026-08-28 09:00:00,marketing.gsb,GSB_final_lead_list_2026-08-28.xlsx
TL001521,20 - 30,"06. 40,001-50,000",ข้าราชการและลูกจ้างในหน่วยงานของรัฐ,ธนาคารออมสินภาค 1,สินเชื่อเคหะ,DCO2026,2026-08-28 09:00:00,marketing.gsb,GSB_final_lead_list_2026-08-28.xlsx
TL001522,20 - 30,"01. 0-5,000",พนักงานและลูกจ้างในหน่วยงานรัฐวิสาหกิจ,ธนาคารออมสินภาค 1,สินเชื่อเคหะ,DCO2026,2026-08-28 09:00:00,marketing.gsb,GSB_final_lead_list_2026-08-28.xlsx
TL001523,51 - 60,"03. 10,001-20,000",ประกอบวิชาชีพเฉพาะ,ธนาคารออมสินภาค 12,สินเชื่อเคหะ,DCO2026,2026-08-28 09:00:00,marketing.gsb,GSB_final_lead_list_2026-08-28.xlsx
TL001524,51 - 60,"04. 20,001-30,000",ผู้รับจ้างทั่วไป / ผู้ใช้แรงงาน,ธนาคารออมสินภาค 11,สินเชื่อเคหะ,DCO2026,2026-08-28 09:00:00,marketing.gsb,GSB_final_lead_list_2026-08-28.xlsx
TL001525,20 - 30,"03. 10,001-20,000",พนักงานและลูกจ้างในหน่วยงานรัฐวิสาหกิจ,ธนาคารออมสินภาค 10,สินเชื่อเคหะ,DCO2026,2026-08-28 09:00:00,marketing.gsb,GSB_final_lead_list_2026-08-28.xlsx
TL001526,41 - 50,"05. 30,001-40,000",ประกอบวิชาชีพเฉพาะ,ธนาคารออมสินภาค 10,สินเชื่อเคหะ,DCO2026,2026-08-28 09:00:00,marketing.gsb,GSB_final_lead_list_2026-08-28.xlsx
TL001527,31 - 40,"05. 30,001-40,000",พนักงานและลูกจ้างในบริษัท,ธนาคารออมสินภาค 10,สินเชื่อเคหะ,DCO2026,2026-08-28 09:00:00,marketing.gsb,GSB_final_lead_list_2026-08-28.xlsx
TL001528,41 - 50,"04. 20,001-30,000",ข้าราชการและลูกจ้างในหน่วยงานของรัฐ,ธนาคารออมสินภาค 13,สินเชื่อเคหะ,DCO2026,2026-08-28 09:00:00,marketing.gsb,GSB_final_lead_list_2026-08-28.xlsx
TL001529,20 - 30,"06. 40,001-50,000",ผู้ประกอบธุรกิจ / เจ้าของกิจการ,ธนาคารออมสินภาค 1,สินเชื่อเคหะ,DCO2026,2026-08-28 09:00:00,marketing.gsb,GSB_final_lead_list_2026-08-28.xlsx
TL001530,31 - 40,"02. 5,001-10,000",ประกอบวิชาชีพเฉพาะ,ธนาคารออมสินภาค 10,สินเชื่อเคหะ,DCO2026,2026-08-28 09:00:00,marketing.gsb,GSB_final_lead_list_2026-08-28.xlsx
TL001531,31 - 40,"02. 5,001-10,000",ประกอบวิชาชีพเฉพาะ,ธนาคารออมสินภาค 11,สินเชื่อเคหะ,DCO2026,2026-08-28 09:00:00,marketing.gsb,GSB_final_lead_list_2026-08-28.xlsx
TL001532,41 - 50,"03. 10,001-20,000",พนักงานและลูกจ้างในหน่วยงานรัฐวิสาหกิจ,ธนาคารออมสินภาค 11,สินเชื่อเคหะ,DCO2026,2026-08-28 09:00:00,marketing.gsb,GSB_final_lead_list_2026-08-28.xlsx
TL001533,31 - 40,"06. 40,001-50,000",ผู้รับจ้างทั่วไป / ผู้ใช้แรงงาน,ธนาคารออมสินภาค 11,สินเชื่อเคหะ,DCO2026,2026-08-28 09:00:00,marketing.gsb,GSB_final_lead_list_2026-08-28.xlsx
TL001534,31 - 40,"06. 40,001-50,000",ผู้รับจ้างทั่วไป / ผู้ใช้แรงงาน,ธนาคารออมสินภาค 1,สินเชื่อเคหะ,DCO2026,2026-08-28 09:00:00,marketing.gsb,GSB_final_lead_list_2026-08-28.xlsx
TL001535,20 - 30,"05. 30,001-40,000",พนักงานและลูกจ้างในหน่วยงานรัฐวิสาหกิจ,ธนาคารออมสินภาค 10,สินเชื่อเคหะ,DCO2026,2026-08-28 09:00:00,marketing.gsb,GSB_final_lead_list_2026-08-28.xlsx
TL001536,61 - 65,"05. 30,001-40,000",ประกอบอาชีพอิสระ,ธนาคารออมสินภาค 13,สินเชื่อเคหะ,DCO2026,2026-08-28 09:00:00,marketing.gsb,GSB_final_lead_list_2026-08-28.xlsx
TL001537,31 - 40,"06. 40,001-50,000",ผู้รับจ้างทั่วไป / ผู้ใช้แรงงาน,ธนาคารออมสินภาค 12,สินเชื่อเคหะ,DCO2026,2026-08-28 09:00:00,marketing.gsb,GSB_final_lead_list_2026-08-28.xlsx
TL001538,20 - 30,"03. 10,001-20,000",ผู้ประกอบธุรกิจ / เจ้าของกิจการ,ธนาคารออมสินภาค 10,สินเชื่อเคหะ,DCO2026,2026-08-28 09:00:00,marketing.gsb,GSB_final_lead_list_2026-08-28.xlsx
TL001539,41 - 50,"01. 0-5,000",ประกอบอาชีพอิสระ,ธนาคารออมสินภาค 10,สินเชื่อเคหะ,DCO2026,2026-08-28 09:00:00,marketing.gsb,GSB_final_lead_list_2026-08-28.xlsx
TL001540,41 - 50,"06. 40,001-50,000",ประกอบอาชีพอิสระ,ธนาคารออมสินภาค 11,สินเชื่อเคหะ,DCO2026,2026-08-28 09:00:00,marketing.gsb,GSB_final_lead_list_2026-08-28.xlsx
TL001541,31 - 40,"06. 40,001-50,000",พนักงานและลูกจ้างในหน่วยงานรัฐวิสาหกิจ,ธนาคารออมสินภาค 10,สินเชื่อเคหะ,DCO2026,2026-08-28 09:00:00,marketing.gsb,GSB_final_lead_list_2026-08-28.xlsx
TL001542,51 - 60,"07. >50,000",พนักงานและลูกจ้างในบริษัท,ธนาคารออมสินภาค 11,สินเชื่อเคหะ,DCO2026,2026-08-28 09:00:00,marketing.gsb,GSB_final_lead_list_2026-08-28.xlsx
TL001543,20 - 30,"06. 40,001-50,000",ประกอบวิชาชีพเฉพาะ,ธนาคารออมสินภาค 11,สินเชื่อเคหะ,DCO2026,2026-08-28 09:00:00,marketing.gsb,GSB_final_lead_list_2026-08-28.xlsx
TL001544,31 - 40,"04. 20,001-30,000",ข้าราชการและลูกจ้างในหน่วยงานของรัฐ,ธนาคารออมสินภาค 1,สินเชื่อเคหะ,DCO2026,2026-08-28 09:00:00,marketing.gsb,GSB_final_lead_list_2026-08-28.xlsx
TL001545,20 - 30,"02. 5,001-10,000",พนักงานและลูกจ้างในหน่วยงานรัฐวิสาหกิจ,ธนาคารออมสินภาค 13,สินเชื่อเคหะ,DCO2026,2026-08-28 09:00:00,marketing.gsb,GSB_final_lead_list_2026-08-28.xlsx
TL001546,41 - 50,"04. 20,001-30,000",ผู้ประกอบธุรกิจ / เจ้าของกิจการ,ธนาคารออมสินภาค 11,สินเชื่อเคหะ,DCO2026,2026-08-28 09:00:00,marketing.gsb,GSB_final_lead_list_2026-08-28.xlsx
TL001547,51 - 60,"01. 0-5,000",ผู้รับจ้างทั่วไป / ผู้ใช้แรงงาน,ธนาคารออมสินภาค 12,สินเชื่อเคหะ,DCO2026,2026-08-28 09:00:00,marketing.gsb,GSB_final_lead_list_2026-08-28.xlsx
TL001548,41 - 50,"02. 5,001-10,000",ประกอบอาชีพอิสระ,ธนาคารออมสินภาค 1,สินเชื่อเคหะ,DCO2026,2026-08-28 09:00:00,marketing.gsb,GSB_final_lead_list_2026-08-28.xlsx
TL001549,51 - 60,"04. 20,001-30,000",ประกอบวิชาชีพเฉพาะ,ธนาคารออมสินภาค 10,สินเชื่อเคหะ,DCO2026,2026-08-28 09:00:00,marketing.gsb,GSB_final_lead_list_2026-08-28.xlsx
TL001550,41 - 50,"06. 40,001-50,000",ผู้รับจ้างทั่วไป / ผู้ใช้แรงงาน,ธนาคารออมสินภาค 11,สินเชื่อเคหะ,DCO2026,2026-08-28 09:00:00,marketing.gsb,GSB_final_lead_list_2026-08-28.xlsx
TL001551,Under 20,"01. 0-5,000",ผู้รับจ้างทั่วไป / ผู้ใช้แรงงาน,ธนาคารออมสินภาค 11,สินเชื่อเคหะ,DCO2026,2026-08-28 09:00:00,marketing.gsb,GSB_final_lead_list_2026-08-28.xlsx
TL001552,31 - 40,"01. 0-5,000",ประกอบอาชีพอิสระ,ธนาคารออมสินภาค 12,สินเชื่อเคหะ,DCO2026,2026-08-28 09:00:00,marketing.gsb,GSB_final_lead_list_2026-08-28.xlsx
TL001553,31 - 40,"04. 20,001-30,000",ข้าราชการและลูกจ้างในหน่วยงานของรัฐ,ธนาคารออมสินภาค 10,สินเชื่อเคหะ,DCO2026,2026-08-28 09:00:00,marketing.gsb,GSB_final_lead_list_2026-08-28.xlsx
TL001554,61 - 65,"01. 0-5,000",พนักงานและลูกจ้างในหน่วยงานรัฐวิสาหกิจ,ธนาคารออมสินภาค 13,สินเชื่อเคหะ,DCO2026,2026-08-28 09:00:00,marketing.gsb,GSB_final_lead_list_2026-08-28.xlsx
TL001555,41 - 50,"04. 20,001-30,000",ประกอบวิชาชีพเฉพาะ,ธนาคารออมสินภาค 12,สินเชื่อเคหะ,DCO2026,2026-08-28 09:00:00,marketing.gsb,GSB_final_lead_list_2026-08-28.xlsx
TL001556,51 - 60,"02. 5,001-10,000",ผู้ประกอบธุรกิจ / เจ้าของกิจการ,ธนาคารออมสินภาค 12,สินเชื่อเคหะ,DCO2026,2026-08-28 09:00:00,marketing.gsb,GSB_final_lead_list_2026-08-28.xlsx
TL001557,41 - 50,"05. 30,001-40,000",พนักงานและลูกจ้างในหน่วยงานรัฐวิสาหกิจ,ธนาคารออมสินภาค 12,สินเชื่อเคหะ,DCO2026,2026-08-28 09:00:00,marketing.gsb,GSB_final_lead_list_2026-08-28.xlsx
TL001558,31 - 40,"06. 40,001-50,000",ประกอบอาชีพอิสระ,ธนาคารออมสินภาค 10,สินเชื่อเคหะ,DCO2026,2026-08-28 09:00:00,marketing.gsb,GSB_final_lead_list_2026-08-28.xlsx
TL001559,51 - 60,"04. 20,001-30,000",พนักงานและลูกจ้างในบริษัท,ธนาคารออมสินภาค 13,สินเชื่อเคหะ,DCO2026,2026-08-28 09:00:00,marketing.gsb,GSB_final_lead_list_2026-08-28.xlsx
TL001560,51 - 60,"06. 40,001-50,000",ข้าราชการและลูกจ้างในหน่วยงานของรัฐ,ธนาคารออมสินภาค 12,สินเชื่อเคหะ,DCO2026,2026-08-28 09:00:00,marketing.gsb,GSB_final_lead_list_2026-08-28.xlsx
TL001561,31 - 40,"05. 30,001-40,000",ข้าราชการและลูกจ้างในหน่วยงานของรัฐ,ธนาคารออมสินภาค 10,สินเชื่อเคหะ,DCO2026,2026-08-28 09:00:00,marketing.gsb,GSB_final_lead_list_2026-08-28.xlsx
TL001562,51 - 60,"03. 10,001-20,000",พนักงานและลูกจ้างในบริษัท,ธนาคารออมสินภาค 13,สินเชื่อเคหะ,DCO2026,2026-08-28 09:00:00,marketing.gsb,GSB_final_lead_list_2026-08-28.xlsx
TL001563,31 - 40,"05. 30,001-40,000",ข้าราชการและลูกจ้างในหน่วยงานของรัฐ,ธนาคารออมสินภาค 13,สินเชื่อเคหะ,DCO2026,2026-08-28 09:00:00,marketing.gsb,GSB_final_lead_list_2026-08-28.xlsx
TL001564,41 - 50,"05. 30,001-40,000",ผู้ประกอบธุรกิจ / เจ้าของกิจการ,ธนาคารออมสินภาค 13,สินเชื่อเคหะ,DCO2026,2026-08-28 09:00:00,marketing.gsb,GSB_final_lead_list_2026-08-28.xlsx
TL001565,41 - 50,"04. 20,001-30,000",พนักงานและลูกจ้างในบริษัท,ธนาคารออมสินภาค 12,สินเชื่อเคหะ,DCO2026,2026-08-28 09:00:00,marketing.gsb,GSB_final_lead_list_2026-08-28.xlsx
TL001566,20 - 30,"04. 20,001-30,000",พนักงานและลูกจ้างในหน่วยงานรัฐวิสาหกิจ,ธนาคารออมสินภาค 11,สินเชื่อเคหะ,DCO2026,2026-08-28 09:00:00,marketing.gsb,GSB_final_lead_list_2026-08-28.xlsx
TL001567,65 Up,"07. >50,000",ข้าราชการและลูกจ้างในหน่วยงานของรัฐ,ธนาคารออมสินภาค 11,สินเชื่อเคหะ,DCO2026,2026-08-28 09:00:00,marketing.gsb,GSB_final_lead_list_2026-08-28.xlsx
TL001568,41 - 50,"06. 40,001-50,000",ผู้รับจ้างทั่วไป / ผู้ใช้แรงงาน,ธนาคารออมสินภาค 12,สินเชื่อเคหะ,DCO2026,2026-08-28 09:00:00,marketing.gsb,GSB_final_lead_list_2026-08-28.xlsx
TL001569,51 - 60,"04. 20,001-30,000",พนักงานและลูกจ้างในบริษัท,ธนาคารออมสินภาค 13,สินเชื่อเคหะ,DCO2026,2026-08-28 09:00:00,marketing.gsb,GSB_final_lead_list_2026-08-28.xlsx
TL001570,31 - 40,"05. 30,001-40,000",พนักงานและลูกจ้างในหน่วยงานรัฐวิสาหกิจ,ธนาคารออมสินภาค 13,สินเชื่อเคหะ,DCO2026,2026-08-28 09:00:00,marketing.gsb,GSB_final_lead_list_2026-08-28.xlsx
TL001571,61 - 65,"05. 30,001-40,000",ประกอบวิชาชีพเฉพาะ,ธนาคารออมสินภาค 1,สินเชื่อเคหะ,DCO2026,2026-08-28 09:00:00,marketing.gsb,GSB_final_lead_list_2026-08-28.xlsx
TL001572,31 - 40,"02. 5,001-10,000",ผู้ประกอบธุรกิจ / เจ้าของกิจการ,ธนาคารออมสินภาค 11,สินเชื่อเคหะ,DCO2026,2026-08-28 09:00:00,marketing.gsb,GSB_final_lead_list_2026-08-28.xlsx
TL001573,31 - 40,"05. 30,001-40,000",ประกอบวิชาชีพเฉพาะ,ธนาคารออมสินภาค 13,สินเชื่อเคหะ,DCO2026,2026-08-28 09:00:00,marketing.gsb,GSB_final_lead_list_2026-08-28.xlsx
TL001574,31 - 40,"04. 20,001-30,000",ผู้รับจ้างทั่วไป / ผู้ใช้แรงงาน,ธนาคารออมสินภาค 11,สินเชื่อเคหะ,DCO2026,2026-08-28 09:00:00,marketing.gsb,GSB_final_lead_list_2026-08-28.xlsx
TL001575,31 - 40,"04. 20,001-30,000",ข้าราชการและลูกจ้างในหน่วยงานของรัฐ,ธนาคารออมสินภาค 1,สินเชื่อเคหะ,DCO2026,2026-08-28 09:00:00,marketing.gsb,GSB_final_lead_list_2026-08-28.xlsx
TL001576,41 - 50,"01. 0-5,000",พนักงานและลูกจ้างในหน่วยงานรัฐวิสาหกิจ,ธนาคารออมสินภาค 13,สินเชื่อเคหะ,DCO2026,2026-08-28 09:00:00,marketing.gsb,GSB_final_lead_list_2026-08-28.xlsx
TL001577,51 - 60,"05. 30,001-40,000",ประกอบวิชาชีพเฉพาะ,ธนาคารออมสินภาค 13,สินเชื่อเคหะ,DCO2026,2026-08-28 09:00:00,marketing.gsb,GSB_final_lead_list_2026-08-28.xlsx
TL001578,31 - 40,"05. 30,001-40,000",ผู้ประกอบธุรกิจ / เจ้าของกิจการ,ธนาคารออมสินภาค 10,สินเชื่อเคหะ,DCO2026,2026-08-28 09:00:00,marketing.gsb,GSB_final_lead_list_2026-08-28.xlsx
TL001579,20 - 30,"01. 0-5,000",พนักงานและลูกจ้างในหน่วยงานรัฐวิสาหกิจ,ธนาคารออมสินภาค 1,สินเชื่อเคหะ,DCO2026,2026-08-28 09:00:00,marketing.gsb,GSB_final_lead_list_2026-08-28.xlsx
TL001580,Under 20,"01. 0-5,000",ผู้รับจ้างทั่วไป / ผู้ใช้แรงงาน,ธนาคารออมสินภาค 11,สินเชื่อเคหะ,DCO2026,2026-08-28 09:00:00,marketing.gsb,GSB_final_lead_list_2026-08-28.xlsx
TL001581,51 - 60,"04. 20,001-30,000",พนักงานและลูกจ้างในหน่วยงานรัฐวิสาหกิจ,ธนาคารออมสินภาค 11,สินเชื่อเคหะ,DCO2026,2026-08-28 09:00:00,marketing.gsb,GSB_final_lead_list_2026-08-28.xlsx
TL001582,20 - 30,"04. 20,001-30,000",ข้าราชการและลูกจ้างในหน่วยงานของรัฐ,ธนาคารออมสินภาค 12,สินเชื่อเคหะ,DCO2026,2026-08-28 09:00:00,marketing.gsb,GSB_final_lead_list_2026-08-28.xlsx
TL001583,31 - 40,"02. 5,001-10,000",ข้าราชการและลูกจ้างในหน่วยงานของรัฐ,ธนาคารออมสินภาค 11,สินเชื่อเคหะ,DCO2026,2026-08-28 09:00:00,marketing.gsb,GSB_final_lead_list_2026-08-28.xlsx
TL001584,20 - 30,"01. 0-5,000",ผู้รับจ้างทั่วไป / ผู้ใช้แรงงาน,ธนาคารออมสินภาค 1,สินเชื่อเคหะ,DCO2026,2026-08-28 09:00:00,marketing.gsb,GSB_final_lead_list_2026-08-28.xlsx
TL001585,31 - 40,"02. 5,001-10,000",ผู้รับจ้างทั่วไป / ผู้ใช้แรงงาน,ธนาคารออมสินภาค 13,สินเชื่อเคหะ,DCO2026,2026-08-28 09:00:00,marketing.gsb,GSB_final_lead_list_2026-08-28.xlsx
TL001586,61 - 65,"03. 10,001-20,000",พนักงานและลูกจ้างในบริษัท,ธนาคารออมสินภาค 1,สินเชื่อเคหะ,DCO2026,2026-08-28 09:00:00,marketing.gsb,GSB_final_lead_list_2026-08-28.xlsx
TL001587,51 - 60,"04. 20,001-30,000",ประกอบวิชาชีพเฉพาะ,ธนาคารออมสินภาค 10,สินเชื่อเคหะ,DCO2026,2026-08-28 09:00:00,marketing.gsb,GSB_final_lead_list_2026-08-28.xlsx
TL001588,31 - 40,"06. 40,001-50,000",ประกอบอาชีพอิสระ,ธนาคารออมสินภาค 10,สินเชื่อเคหะ,DCO2026,2026-08-28 09:00:00,marketing.gsb,GSB_final_lead_list_2026-08-28.xlsx
TL001589,41 - 50,"06. 40,001-50,000",ผู้รับจ้างทั่วไป / ผู้ใช้แรงงาน,ธนาคารออมสินภาค 12,สินเชื่อเคหะ,DCO2026,2026-08-28 09:00:00,marketing.gsb,GSB_final_lead_list_2026-08-28.xlsx
TL001590,20 - 30,"04. 20,001-30,000",พนักงานและลูกจ้างในบริษัท,ธนาคารออมสินภาค 12,สินเชื่อเคหะ,DCO2026,2026-08-28 09:00:00,marketing.gsb,GSB_final_lead_list_2026-08-28.xlsx
TL001591,51 - 60,"05. 30,001-40,000",พนักงานและลูกจ้างในบริษัท,ธนาคารออมสินภาค 11,สินเชื่อเคหะ,DCO2026,2026-08-28 09:00:00,marketing.gsb,GSB_final_lead_list_2026-08-28.xlsx
TL001592,20 - 30,"06. 40,001-50,000",ข้าราชการและลูกจ้างในหน่วยงานของรัฐ,ธนาคารออมสินภาค 12,สินเชื่อเคหะ,DCO2026,2026-08-28 09:00:00,marketing.gsb,GSB_final_lead_list_2026-08-28.xlsx
TL001593,41 - 50,"06. 40,001-50,000",พนักงานและลูกจ้างในบริษัท,ธนาคารออมสินภาค 12,สินเชื่อเคหะ,DCO2026,2026-08-28 09:00:00,marketing.gsb,GSB_final_lead_list_2026-08-28.xlsx
TL001594,20 - 30,"04. 20,001-30,000",พนักงานและลูกจ้างในบริษัท,ธนาคารออมสินภาค 12,สินเชื่อเคหะ,DCO2026,2026-08-28 09:00:00,marketing.gsb,GSB_final_lead_list_2026-08-28.xlsx
TL001595,31 - 40,"04. 20,001-30,000",ผู้รับจ้างทั่วไป / ผู้ใช้แรงงาน,ธนาคารออมสินภาค 13,สินเชื่อเคหะ,DCO2026,2026-08-28 09:00:00,marketing.gsb,GSB_final_lead_list_2026-08-28.xlsx
TL001596,20 - 30,"04. 20,001-30,000",พนักงานและลูกจ้างในบริษัท,ธนาคารออมสินภาค 13,สินเชื่อเคหะ,DCO2026,2026-08-28 09:00:00,marketing.gsb,GSB_final_lead_list_2026-08-28.xlsx
TL001597,41 - 50,"06. 40,001-50,000",ประกอบอาชีพอิสระ,ธนาคารออมสินภาค 11,สินเชื่อเคหะ,DCO2026,2026-08-28 09:00:00,marketing.gsb,GSB_final_lead_list_2026-08-28.xlsx
TL001598,65 Up,"05. 30,001-40,000",ประกอบอาชีพอิสระ,ธนาคารออมสินภาค 1,สินเชื่อเคหะ,DCO2026,2026-08-28 09:00:00,marketing.gsb,GSB_final_lead_list_2026-08-28.xlsx
TL001599,31 - 40,"04. 20,001-30,000",ผู้รับจ้างทั่วไป / ผู้ใช้แรงงาน,ธนาคารออมสินภาค 10,สินเชื่อเคหะ,DCO2026,2026-08-28 09:00:00,marketing.gsb,GSB_final_lead_list_2026-08-28.xlsx
TL001600,51 - 60,"02. 5,001-10,000",ประกอบวิชาชีพเฉพาะ,ธนาคารออมสินภาค 1,สินเชื่อเคหะ,DCO2026,2026-08-28 09:00:00,marketing.gsb,GSB_final_lead_list_2026-08-28.xlsx
TL001601,41 - 50,"06. 40,001-50,000",พนักงานและลูกจ้างในหน่วยงานรัฐวิสาหกิจ,ธนาคารออมสินภาค 11,สินเชื่อเคหะ,DCO2026,2026-08-28 09:00:00,marketing.gsb,GSB_final_lead_list_2026-08-28.xlsx
TL001602,51 - 60,"06. 40,001-50,000",ผู้ประกอบธุรกิจ / เจ้าของกิจการ,ธนาคารออมสินภาค 13,สินเชื่อเคหะ,DCO2026,2026-08-28 09:00:00,marketing.gsb,GSB_final_lead_list_2026-08-28.xlsx
TL001603,31 - 40,"05. 30,001-40,000",ประกอบวิชาชีพเฉพาะ,ธนาคารออมสินภาค 10,สินเชื่อเคหะ,DCO2026,2026-08-28 09:00:00,marketing.gsb,GSB_final_lead_list_2026-08-28.xlsx
TL001604,31 - 40,"04. 20,001-30,000",ข้าราชการและลูกจ้างในหน่วยงานของรัฐ,ธนาคารออมสินภาค 11,สินเชื่อเคหะ,DCO2026,2026-08-28 09:00:00,marketing.gsb,GSB_final_lead_list_2026-08-28.xlsx
TL001605,20 - 30,"05. 30,001-40,000",ผู้ประกอบธุรกิจ / เจ้าของกิจการ,ธนาคารออมสินภาค 12,สินเชื่อเคหะ,DCO2026,2026-08-28 09:00:00,marketing.gsb,GSB_final_lead_list_2026-08-28.xlsx
TL001606,20 - 30,"04. 20,001-30,000",ผู้ประกอบธุรกิจ / เจ้าของกิจการ,ธนาคารออมสินภาค 1,สินเชื่อเคหะ,DCO2026,2026-08-28 09:00:00,marketing.gsb,GSB_final_lead_list_2026-08-28.xlsx
TL001607,20 - 30,"04. 20,001-30,000",ผู้ประกอบธุรกิจ / เจ้าของกิจการ,ธนาคารออมสินภาค 13,สินเชื่อเคหะ,DCO2026,2026-08-28 09:00:00,marketing.gsb,GSB_final_lead_list_2026-08-28.xlsx
TL001608,31 - 40,"03. 10,001-20,000",ประกอบวิชาชีพเฉพาะ,ธนาคารออมสินภาค 12,สินเชื่อเคหะ,DCO2026,2026-08-28 09:00:00,marketing.gsb,GSB_final_lead_list_2026-08-28.xlsx
TL001609,20 - 30,"04. 20,001-30,000",ข้าราชการและลูกจ้างในหน่วยงานของรัฐ,ธนาคารออมสินภาค 1,สินเชื่อเคหะ,DCO2026,2026-08-28 09:00:00,marketing.gsb,GSB_final_lead_list_2026-08-28.xlsx
TL001610,51 - 60,"05. 30,001-40,000",ประกอบวิชาชีพเฉพาะ,ธนาคารออมสินภาค 11,สินเชื่อเคหะ,DCO2026,2026-08-28 09:00:00,marketing.gsb,GSB_final_lead_list_2026-08-28.xlsx
TL001611,31 - 40,"06. 40,001-50,000",ประกอบอาชีพอิสระ,ธนาคารออมสินภาค 12,สินเชื่อเคหะ,DCO2026,2026-08-28 09:00:00,marketing.gsb,GSB_final_lead_list_2026-08-28.xlsx
TL001612,31 - 40,"02. 5,001-10,000",ประกอบวิชาชีพเฉพาะ,ธนาคารออมสินภาค 1,สินเชื่อเคหะ,DCO2026,2026-08-28 09:00:00,marketing.gsb,GSB_final_lead_list_2026-08-28.xlsx
TL001613,20 - 30,"06. 40,001-50,000",พนักงานและลูกจ้างในบริษัท,ธนาคารออมสินภาค 11,สินเชื่อเคหะ,DCO2026,2026-08-28 09:00:00,marketing.gsb,GSB_final_lead_list_2026-08-28.xlsx
TL001614,31 - 40,"04. 20,001-30,000",ประกอบอาชีพอิสระ,ธนาคารออมสินภาค 1,สินเชื่อเคหะ,DCO2026,2026-08-28 09:00:00,marketing.gsb,GSB_final_lead_list_2026-08-28.xlsx
TL001615,31 - 40,"02. 5,001-10,000",พนักงานและลูกจ้างในบริษัท,ธนาคารออมสินภาค 13,สินเชื่อเคหะ,DCO2026,2026-08-28 09:00:00,marketing.gsb,GSB_final_lead_list_2026-08-28.xlsx
TL001616,20 - 30,"05. 30,001-40,000",ประกอบอาชีพอิสระ,ธนาคารออมสินภาค 12,สินเชื่อเคหะ,DCO2026,2026-08-28 09:00:00,marketing.gsb,GSB_final_lead_list_2026-08-28.xlsx
TL001617,51 - 60,"05. 30,001-40,000",ประกอบอาชีพอิสระ,ธนาคารออมสินภาค 11,สินเชื่อเคหะ,DCO2026,2026-08-28 09:00:00,marketing.gsb,GSB_final_lead_list_2026-08-28.xlsx
TL001618,20 - 30,"02. 5,001-10,000",ผู้ประกอบธุรกิจ / เจ้าของกิจการ,ธนาคารออมสินภาค 11,สินเชื่อเคหะ,DCO2026,2026-08-28 09:00:00,marketing.gsb,GSB_final_lead_list_2026-08-28.xlsx
TL001619,20 - 30,"06. 40,001-50,000",ผู้รับจ้างทั่วไป / ผู้ใช้แรงงาน,ธนาคารออมสินภาค 1,สินเชื่อเคหะ,DCO2026,2026-08-28 09:00:00,marketing.gsb,GSB_final_lead_list_2026-08-28.xlsx
TL001620,31 - 40,"05. 30,001-40,000",พนักงานและลูกจ้างในบริษัท,ธนาคารออมสินภาค 1,สินเชื่อเคหะ,DCO2026,2026-08-28 09:00:00,marketing.gsb,GSB_final_lead_list_2026-08-28.xlsx
TL001621,51 - 60,"05. 30,001-40,000",ข้าราชการและลูกจ้างในหน่วยงานของรัฐ,ธนาคารออมสินภาค 11,สินเชื่อเคหะ,DCO2026,2026-08-28 09:00:00,marketing.gsb,GSB_final_lead_list_2026-08-28.xlsx
TL001622,20 - 30,"04. 20,001-30,000",ประกอบอาชีพอิสระ,ธนาคารออมสินภาค 1,สินเชื่อเคหะ,DCO2026,2026-08-28 09:00:00,marketing.gsb,GSB_final_lead_list_2026-08-28.xlsx
TL001623,41 - 50,"05. 30,001-40,000",พนักงานและลูกจ้างในบริษัท,ธนาคารออมสินภาค 12,สินเชื่อเคหะ,DCO2026,2026-08-28 09:00:00,marketing.gsb,GSB_final_lead_list_2026-08-28.xlsx
TL001624,20 - 30,"02. 5,001-10,000",ข้าราชการและลูกจ้างในหน่วยงานของรัฐ,ธนาคารออมสินภาค 1,สินเชื่อเคหะ,DCO2026,2026-08-28 09:00:00,marketing.gsb,GSB_final_lead_list_2026-08-28.xlsx
TL001625,31 - 40,"03. 10,001-20,000",ผู้รับจ้างทั่วไป / ผู้ใช้แรงงาน,ธนาคารออมสินภาค 13,สินเชื่อเคหะ,DCO2026,2026-08-28 09:00:00,marketing.gsb,GSB_final_lead_list_2026-08-28.xlsx
TL001626,41 - 50,"03. 10,001-20,000",ผู้รับจ้างทั่วไป / ผู้ใช้แรงงาน,ธนาคารออมสินภาค 1,สินเชื่อเคหะ,DCO2026,2026-08-28 09:00:00,marketing.gsb,GSB_final_lead_list_2026-08-28.xlsx
TL001627,31 - 40,"02. 5,001-10,000",พนักงานและลูกจ้างในบริษัท,ธนาคารออมสินภาค 10,สินเชื่อเคหะ,DCO2026,2026-08-28 09:00:00,marketing.gsb,GSB_final_lead_list_2026-08-28.xlsx
TL001628,20 - 30,"05. 30,001-40,000",ประกอบอาชีพอิสระ,ธนาคารออมสินภาค 1,สินเชื่อเคหะ,DCO2026,2026-08-28 09:00:00,marketing.gsb,GSB_final_lead_list_2026-08-28.xlsx
TL001629,51 - 60,"05. 30,001-40,000",ผู้ประกอบธุรกิจ / เจ้าของกิจการ,ธนาคารออมสินภาค 13,สินเชื่อเคหะ,DCO2026,2026-08-28 09:00:00,marketing.gsb,GSB_final_lead_list_2026-08-28.xlsx
TL001630,41 - 50,"02. 5,001-10,000",พนักงานและลูกจ้างในหน่วยงานรัฐวิสาหกิจ,ธนาคารออมสินภาค 13,สินเชื่อเคหะ,DCO2026,2026-08-28 09:00:00,marketing.gsb,GSB_final_lead_list_2026-08-28.xlsx
TL001631,31 - 40,"01. 0-5,000",ข้าราชการและลูกจ้างในหน่วยงานของรัฐ,ธนาคารออมสินภาค 1,สินเชื่อเคหะ,DCO2026,2026-08-28 09:00:00,marketing.gsb,GSB_final_lead_list_2026-08-28.xlsx
TL001632,31 - 40,"06. 40,001-50,000",ประกอบวิชาชีพเฉพาะ,ธนาคารออมสินภาค 1,สินเชื่อเคหะ,DCO2026,2026-08-28 09:00:00,marketing.gsb,GSB_final_lead_list_2026-08-28.xlsx
TL001633,65 Up,"06. 40,001-50,000",ผู้รับจ้างทั่วไป / ผู้ใช้แรงงาน,ธนาคารออมสินภาค 13,สินเชื่อเคหะ,DCO2026,2026-08-28 09:00:00,marketing.gsb,GSB_final_lead_list_2026-08-28.xlsx
TL001634,31 - 40,"02. 5,001-10,000",พนักงานและลูกจ้างในบริษัท,ธนาคารออมสินภาค 1,สินเชื่อเคหะ,DCO2026,2026-08-28 09:00:00,marketing.gsb,GSB_final_lead_list_2026-08-28.xlsx
TL001635,31 - 40,"02. 5,001-10,000",พนักงานและลูกจ้างในบริษัท,ธนาคารออมสินภาค 10,สินเชื่อเคหะ,DCO2026,2026-08-28 09:00:00,marketing.gsb,GSB_final_lead_list_2026-08-28.xlsx
TL001636,65 Up,"02. 5,001-10,000",พนักงานและลูกจ้างในบริษัท,ธนาคารออมสินภาค 1,สินเชื่อเคหะ,DCO2026,2026-08-28 09:00:00,marketing.gsb,GSB_final_lead_list_2026-08-28.xlsx
TL001637,61 - 65,"04. 20,001-30,000",ผู้ประกอบธุรกิจ / เจ้าของกิจการ,ธนาคารออมสินภาค 10,สินเชื่อเคหะ,DCO2026,2026-08-28 09:00:00,marketing.gsb,GSB_final_lead_list_2026-08-28.xlsx
TL001638,41 - 50,"02. 5,001-10,000",ประกอบวิชาชีพเฉพาะ,ธนาคารออมสินภาค 13,สินเชื่อเคหะ,DCO2026,2026-08-28 09:00:00,marketing.gsb,GSB_final_lead_list_2026-08-28.xlsx
TL001639,20 - 30,"06. 40,001-50,000",พนักงานและลูกจ้างในหน่วยงานรัฐวิสาหกิจ,ธนาคารออมสินภาค 12,สินเชื่อเคหะ,DCO2026,2026-08-28 09:00:00,marketing.gsb,GSB_final_lead_list_2026-08-28.xlsx
TL001640,31 - 40,"04. 20,001-30,000",พนักงานและลูกจ้างในบริษัท,ธนาคารออมสินภาค 1,สินเชื่อเคหะ,DCO2026,2026-08-28 09:00:00,marketing.gsb,GSB_final_lead_list_2026-08-28.xlsx
TL001641,31 - 40,"07. >50,000",พนักงานและลูกจ้างในหน่วยงานรัฐวิสาหกิจ,ธนาคารออมสินภาค 1,สินเชื่อเคหะ,DCO2026,2026-08-28 09:00:00,marketing.gsb,GSB_final_lead_list_2026-08-28.xlsx
TL001642,41 - 50,"03. 10,001-20,000",ข้าราชการและลูกจ้างในหน่วยงานของรัฐ,ธนาคารออมสินภาค 11,สินเชื่อเคหะ,DCO2026,2026-08-28 09:00:00,marketing.gsb,GSB_final_lead_list_2026-08-28.xlsx
TL001643,31 - 40,"05. 30,001-40,000",ผู้ประกอบธุรกิจ / เจ้าของกิจการ,ธนาคารออมสินภาค 1,สินเชื่อเคหะ,DCO2026,2026-08-28 09:00:00,marketing.gsb,GSB_final_lead_list_2026-08-28.xlsx
TL001644,20 - 30,"04. 20,001-30,000",ข้าราชการและลูกจ้างในหน่วยงานของรัฐ,ธนาคารออมสินภาค 12,สินเชื่อเคหะ,DCO2026,2026-08-28 09:00:00,marketing.gsb,GSB_final_lead_list_2026-08-28.xlsx
TL001645,20 - 30,"04. 20,001-30,000",พนักงานและลูกจ้างในหน่วยงานรัฐวิสาหกิจ,ธนาคารออมสินภาค 1,สินเชื่อเคหะ,DCO2026,2026-08-28 09:00:00,marketing.gsb,GSB_final_lead_list_2026-08-28.xlsx
TL001646,31 - 40,"02. 5,001-10,000",พนักงานและลูกจ้างในหน่วยงานรัฐวิสาหกิจ,ธนาคารออมสินภาค 1,สินเชื่อเคหะ,DCO2026,2026-08-28 09:00:00,marketing.gsb,GSB_final_lead_list_2026-08-28.xlsx
TL001647,31 - 40,"05. 30,001-40,000",ประกอบวิชาชีพเฉพาะ,ธนาคารออมสินภาค 13,สินเชื่อเคหะ,DCO2026,2026-08-28 09:00:00,marketing.gsb,GSB_final_lead_list_2026-08-28.xlsx
TL001648,20 - 30,"01. 0-5,000",ผู้ประกอบธุรกิจ / เจ้าของกิจการ,ธนาคารออมสินภาค 1,สินเชื่อเคหะ,DCO2026,2026-08-28 09:00:00,marketing.gsb,GSB_final_lead_list_2026-08-28.xlsx
TL001649,Under 20,"02. 5,001-10,000",พนักงานและลูกจ้างในบริษัท,ธนาคารออมสินภาค 1,สินเชื่อเคหะ,DCO2026,2026-08-28 09:00:00,marketing.gsb,GSB_final_lead_list_2026-08-28.xlsx
TL001650,51 - 60,"03. 10,001-20,000",ประกอบวิชาชีพเฉพาะ,ธนาคารออมสินภาค 10,สินเชื่อเคหะ,DCO2026,2026-08-28 09:00:00,marketing.gsb,GSB_final_lead_list_2026-08-28.xlsx
TL001651,20 - 30,"01. 0-5,000",ประกอบอาชีพอิสระ,ธนาคารออมสินภาค 1,สินเชื่อเคหะ,DCO2026,2026-08-28 09:00:00,marketing.gsb,GSB_final_lead_list_2026-08-28.xlsx
TL001652,41 - 50,"04. 20,001-30,000",พนักงานและลูกจ้างในบริษัท,ธนาคารออมสินภาค 12,สินเชื่อเคหะ,DCO2026,2026-08-28 09:00:00,marketing.gsb,GSB_final_lead_list_2026-08-28.xlsx
TL001653,41 - 50,"05. 30,001-40,000",พนักงานและลูกจ้างในบริษัท,ธนาคารออมสินภาค 12,สินเชื่อเคหะ,DCO2026,2026-08-28 09:00:00,marketing.gsb,GSB_final_lead_list_2026-08-28.xlsx
TL001654,31 - 40,"06. 40,001-50,000",พนักงานและลูกจ้างในหน่วยงานรัฐวิสาหกิจ,ธนาคารออมสินภาค 13,สินเชื่อเคหะ,DCO2026,2026-08-28 09:00:00,marketing.gsb,GSB_final_lead_list_2026-08-28.xlsx
TL001655,Under 20,"05. 30,001-40,000",พนักงานและลูกจ้างในบริษัท,ธนาคารออมสินภาค 11,สินเชื่อเคหะ,DCO2026,2026-08-28 09:00:00,marketing.gsb,GSB_final_lead_list_2026-08-28.xlsx
TL001656,31 - 40,"02. 5,001-10,000",ข้าราชการและลูกจ้างในหน่วยงานของรัฐ,ธนาคารออมสินภาค 1,สินเชื่อเคหะ,DCO2026,2026-08-28 09:00:00,marketing.gsb,GSB_final_lead_list_2026-08-28.xlsx
TL001657,41 - 50,"01. 0-5,000",ผู้ประกอบธุรกิจ / เจ้าของกิจการ,ธนาคารออมสินภาค 1,สินเชื่อเคหะ,DCO2026,2026-08-28 09:00:00,marketing.gsb,GSB_final_lead_list_2026-08-28.xlsx
TL001658,41 - 50,"05. 30,001-40,000",ข้าราชการและลูกจ้างในหน่วยงานของรัฐ,ธนาคารออมสินภาค 12,สินเชื่อเคหะ,DCO2026,2026-08-28 09:00:00,marketing.gsb,GSB_final_lead_list_2026-08-28.xlsx
TL001659,51 - 60,"04. 20,001-30,000",พนักงานและลูกจ้างในบริษัท,ธนาคารออมสินภาค 1,สินเชื่อเคหะ,DCO2026,2026-08-28 09:00:00,marketing.gsb,GSB_final_lead_list_2026-08-28.xlsx
TL001660,20 - 30,"02. 5,001-10,000",ข้าราชการและลูกจ้างในหน่วยงานของรัฐ,ธนาคารออมสินภาค 1,สินเชื่อเคหะ,DCO2026,2026-08-28 09:00:00,marketing.gsb,GSB_final_lead_list_2026-08-28.xlsx
TL001661,31 - 40,"05. 30,001-40,000",ผู้ประกอบธุรกิจ / เจ้าของกิจการ,ธนาคารออมสินภาค 1,สินเชื่อเคหะ,DCO2026,2026-08-28 09:00:00,marketing.gsb,GSB_final_lead_list_2026-08-28.xlsx
TL001662,31 - 40,"04. 20,001-30,000",พนักงานและลูกจ้างในหน่วยงานรัฐวิสาหกิจ,ธนาคารออมสินภาค 1,สินเชื่อเคหะ,DCO2026,2026-08-28 09:00:00,marketing.gsb,GSB_final_lead_list_2026-08-28.xlsx
TL001663,51 - 60,"06. 40,001-50,000",ประกอบอาชีพอิสระ,ธนาคารออมสินภาค 13,สินเชื่อเคหะ,DCO2026,2026-08-28 09:00:00,marketing.gsb,GSB_final_lead_list_2026-08-28.xlsx
TL001664,41 - 50,"01. 0-5,000",ประกอบอาชีพอิสระ,ธนาคารออมสินภาค 11,สินเชื่อเคหะ,DCO2026,2026-08-28 09:00:00,marketing.gsb,GSB_final_lead_list_2026-08-28.xlsx
TL001665,41 - 50,"06. 40,001-50,000",ข้าราชการและลูกจ้างในหน่วยงานของรัฐ,ธนาคารออมสินภาค 10,สินเชื่อเคหะ,DCO2026,2026-08-28 09:00:00,marketing.gsb,GSB_final_lead_list_2026-08-28.xlsx
TL001666,20 - 30,"06. 40,001-50,000",ประกอบอาชีพอิสระ,ธนาคารออมสินภาค 11,สินเชื่อเคหะ,DCO2026,2026-08-28 09:00:00,marketing.gsb,GSB_final_lead_list_2026-08-28.xlsx
TL001667,31 - 40,"05. 30,001-40,000",ประกอบวิชาชีพเฉพาะ,ธนาคารออมสินภาค 12,สินเชื่อเคหะ,DCO2026,2026-08-28 09:00:00,marketing.gsb,GSB_final_lead_list_2026-08-28.xlsx
TL001668,41 - 50,"07. >50,000",ข้าราชการและลูกจ้างในหน่วยงานของรัฐ,ธนาคารออมสินภาค 11,สินเชื่อเคหะ,DCO2026,2026-08-28 09:00:00,marketing.gsb,GSB_final_lead_list_2026-08-28.xlsx
TL001669,41 - 50,"05. 30,001-40,000",ประกอบอาชีพอิสระ,ธนาคารออมสินภาค 12,สินเชื่อเคหะ,DCO2026,2026-08-28 09:00:00,marketing.gsb,GSB_final_lead_list_2026-08-28.xlsx
TL001670,31 - 40,"07. >50,000",ข้าราชการและลูกจ้างในหน่วยงานของรัฐ,ธนาคารออมสินภาค 13,สินเชื่อเคหะ,DCO2026,2026-08-28 09:00:00,marketing.gsb,GSB_final_lead_list_2026-08-28.xlsx
TL001671,41 - 50,"03. 10,001-20,000",ข้าราชการและลูกจ้างในหน่วยงานของรัฐ,ธนาคารออมสินภาค 11,สินเชื่อเคหะ,DCO2026,2026-08-28 09:00:00,marketing.gsb,GSB_final_lead_list_2026-08-28.xlsx
TL001672,31 - 40,"06. 40,001-50,000",ผู้รับจ้างทั่วไป / ผู้ใช้แรงงาน,ธนาคารออมสินภาค 10,สินเชื่อเคหะ,DCO2026,2026-08-28 09:00:00,marketing.gsb,GSB_final_lead_list_2026-08-28.xlsx
TL001673,31 - 40,"04. 20,001-30,000",ข้าราชการและลูกจ้างในหน่วยงานของรัฐ,ธนาคารออมสินภาค 1,สินเชื่อเคหะ,DCO2026,2026-08-28 09:00:00,marketing.gsb,GSB_final_lead_list_2026-08-28.xlsx
TL001674,31 - 40,"05. 30,001-40,000",พนักงานและลูกจ้างในบริษัท,ธนาคารออมสินภาค 1,สินเชื่อเคหะ,DCO2026,2026-08-28 09:00:00,marketing.gsb,GSB_final_lead_list_2026-08-28.xlsx
TL001675,41 - 50,"05. 30,001-40,000",ประกอบวิชาชีพเฉพาะ,ธนาคารออมสินภาค 13,สินเชื่อเคหะ,DCO2026,2026-08-28 09:00:00,marketing.gsb,GSB_final_lead_list_2026-08-28.xlsx
TL001676,31 - 40,"05. 30,001-40,000",ผู้ประกอบธุรกิจ / เจ้าของกิจการ,ธนาคารออมสินภาค 12,สินเชื่อเคหะ,DCO2026,2026-08-28 09:00:00,marketing.gsb,GSB_final_lead_list_2026-08-28.xlsx
TL001677,31 - 40,"03. 10,001-20,000",ประกอบอาชีพอิสระ,ธนาคารออมสินภาค 12,สินเชื่อเคหะ,DCO2026,2026-08-28 09:00:00,marketing.gsb,GSB_final_lead_list_2026-08-28.xlsx
TL001678,61 - 65,"03. 10,001-20,000",ผู้รับจ้างทั่วไป / ผู้ใช้แรงงาน,ธนาคารออมสินภาค 10,สินเชื่อเคหะ,DCO2026,2026-08-28 09:00:00,marketing.gsb,GSB_final_lead_list_2026-08-28.xlsx
TL001679,20 - 30,"01. 0-5,000",ประกอบอาชีพอิสระ,ธนาคารออมสินภาค 10,สินเชื่อเคหะ,DCO2026,2026-08-28 09:00:00,marketing.gsb,GSB_final_lead_list_2026-08-28.xlsx
TL001680,20 - 30,"07. >50,000",พนักงานและลูกจ้างในบริษัท,ธนาคารออมสินภาค 10,สินเชื่อเคหะ,DCO2026,2026-08-28 09:00:00,marketing.gsb,GSB_final_lead_list_2026-08-28.xlsx
TL001681,41 - 50,"07. >50,000",ผู้รับจ้างทั่วไป / ผู้ใช้แรงงาน,ธนาคารออมสินภาค 10,สินเชื่อเคหะ,DCO2026,2026-08-28 09:00:00,marketing.gsb,GSB_final_lead_list_2026-08-28.xlsx
TL001682,41 - 50,"06. 40,001-50,000",ประกอบวิชาชีพเฉพาะ,ธนาคารออมสินภาค 1,สินเชื่อเคหะ,DCO2026,2026-08-28 09:00:00,marketing.gsb,GSB_final_lead_list_2026-08-28.xlsx
TL001683,41 - 50,"07. >50,000",ผู้ประกอบธุรกิจ / เจ้าของกิจการ,ธนาคารออมสินภาค 1,สินเชื่อเคหะ,DCO2026,2026-08-28 09:00:00,marketing.gsb,GSB_final_lead_list_2026-08-28.xlsx
TL001684,41 - 50,"06. 40,001-50,000",ข้าราชการและลูกจ้างในหน่วยงานของรัฐ,ธนาคารออมสินภาค 13,สินเชื่อเคหะ,DCO2026,2026-08-28 09:00:00,marketing.gsb,GSB_final_lead_list_2026-08-28.xlsx
TL001685,31 - 40,"04. 20,001-30,000",พนักงานและลูกจ้างในหน่วยงานรัฐวิสาหกิจ,ธนาคารออมสินภาค 10,สินเชื่อเคหะ,DCO2026,2026-08-28 09:00:00,marketing.gsb,GSB_final_lead_list_2026-08-28.xlsx
TL001686,41 - 50,"04. 20,001-30,000",พนักงานและลูกจ้างในหน่วยงานรัฐวิสาหกิจ,ธนาคารออมสินภาค 12,สินเชื่อเคหะ,DCO2026,2026-08-28 09:00:00,marketing.gsb,GSB_final_lead_list_2026-08-28.xlsx
TL001687,41 - 50,"02. 5,001-10,000",ประกอบวิชาชีพเฉพาะ,ธนาคารออมสินภาค 12,สินเชื่อเคหะ,DCO2026,2026-08-28 09:00:00,marketing.gsb,GSB_final_lead_list_2026-08-28.xlsx
TL001688,20 - 30,"03. 10,001-20,000",ประกอบอาชีพอิสระ,ธนาคารออมสินภาค 12,สินเชื่อเคหะ,DCO2026,2026-08-28 09:00:00,marketing.gsb,GSB_final_lead_list_2026-08-28.xlsx
TL001689,51 - 60,"02. 5,001-10,000",ผู้รับจ้างทั่วไป / ผู้ใช้แรงงาน,ธนาคารออมสินภาค 10,สินเชื่อเคหะ,DCO2026,2026-08-28 09:00:00,marketing.gsb,GSB_final_lead_list_2026-08-28.xlsx
TL001690,41 - 50,"06. 40,001-50,000",ผู้รับจ้างทั่วไป / ผู้ใช้แรงงาน,ธนาคารออมสินภาค 13,สินเชื่อเคหะ,DCO2026,2026-08-28 09:00:00,marketing.gsb,GSB_final_lead_list_2026-08-28.xlsx
TL001691,31 - 40,"05. 30,001-40,000",พนักงานและลูกจ้างในบริษัท,ธนาคารออมสินภาค 12,สินเชื่อเคหะ,DCO2026,2026-08-28 09:00:00,marketing.gsb,GSB_final_lead_list_2026-08-28.xlsx
TL001692,41 - 50,"06. 40,001-50,000",ประกอบอาชีพอิสระ,ธนาคารออมสินภาค 10,สินเชื่อเคหะ,DCO2026,2026-08-28 09:00:00,marketing.gsb,GSB_final_lead_list_2026-08-28.xlsx
TL001693,41 - 50,"06. 40,001-50,000",ข้าราชการและลูกจ้างในหน่วยงานของรัฐ,ธนาคารออมสินภาค 1,สินเชื่อเคหะ,DCO2026,2026-08-28 09:00:00,marketing.gsb,GSB_final_lead_list_2026-08-28.xlsx
TL001694,20 - 30,"03. 10,001-20,000",พนักงานและลูกจ้างในหน่วยงานรัฐวิสาหกิจ,ธนาคารออมสินภาค 11,สินเชื่อเคหะ,DCO2026,2026-08-28 09:00:00,marketing.gsb,GSB_final_lead_list_2026-08-28.xlsx
TL001695,41 - 50,"06. 40,001-50,000",พนักงานและลูกจ้างในบริษัท,ธนาคารออมสินภาค 13,สินเชื่อเคหะ,DCO2026,2026-08-28 09:00:00,marketing.gsb,GSB_final_lead_list_2026-08-28.xlsx
TL001696,41 - 50,"02. 5,001-10,000",ผู้รับจ้างทั่วไป / ผู้ใช้แรงงาน,ธนาคารออมสินภาค 13,สินเชื่อเคหะ,DCO2026,2026-08-28 09:00:00,marketing.gsb,GSB_final_lead_list_2026-08-28.xlsx
TL001697,51 - 60,"03. 10,001-20,000",พนักงานและลูกจ้างในบริษัท,ธนาคารออมสินภาค 11,สินเชื่อเคหะ,DCO2026,2026-08-28 09:00:00,marketing.gsb,GSB_final_lead_list_2026-08-28.xlsx
TL001698,31 - 40,"03. 10,001-20,000",ข้าราชการและลูกจ้างในหน่วยงานของรัฐ,ธนาคารออมสินภาค 13,สินเชื่อเคหะ,DCO2026,2026-08-28 09:00:00,marketing.gsb,GSB_final_lead_list_2026-08-28.xlsx
TL001699,20 - 30,"03. 10,001-20,000",ประกอบอาชีพอิสระ,ธนาคารออมสินภาค 1,สินเชื่อเคหะ,DCO2026,2026-08-28 09:00:00,marketing.gsb,GSB_final_lead_list_2026-08-28.xlsx
TL001700,51 - 60,"01. 0-5,000",ผู้รับจ้างทั่วไป / ผู้ใช้แรงงาน,ธนาคารออมสินภาค 1,สินเชื่อเคหะ,DCO2026,2026-08-28 09:00:00,marketing.gsb,GSB_final_lead_list_2026-08-28.xlsx
TL001701,31 - 40,"05. 30,001-40,000",ข้าราชการและลูกจ้างในหน่วยงานของรัฐ,ธนาคารออมสินภาค 10,สินเชื่อเคหะ,DCO2026,2026-08-28 09:00:00,marketing.gsb,GSB_final_lead_list_2026-08-28.xlsx
TL001702,31 - 40,"04. 20,001-30,000",ประกอบวิชาชีพเฉพาะ,ธนาคารออมสินภาค 11,สินเชื่อเคหะ,DCO2026,2026-08-28 09:00:00,marketing.gsb,GSB_final_lead_list_2026-08-28.xlsx
TL001703,65 Up,"04. 20,001-30,000",ข้าราชการและลูกจ้างในหน่วยงานของรัฐ,ธนาคารออมสินภาค 13,สินเชื่อเคหะ,DCO2026,2026-08-28 09:00:00,marketing.gsb,GSB_final_lead_list_2026-08-28.xlsx
TL001704,20 - 30,"05. 30,001-40,000",พนักงานและลูกจ้างในบริษัท,ธนาคารออมสินภาค 10,สินเชื่อเคหะ,DCO2026,2026-08-28 09:00:00,marketing.gsb,GSB_final_lead_list_2026-08-28.xlsx
TL001705,31 - 40,"06. 40,001-50,000",พนักงานและลูกจ้างในหน่วยงานรัฐวิสาหกิจ,ธนาคารออมสินภาค 1,สินเชื่อเคหะ,DCO2026,2026-08-28 09:00:00,marketing.gsb,GSB_final_lead_list_2026-08-28.xlsx
TL001706,31 - 40,"04. 20,001-30,000",พนักงานและลูกจ้างในหน่วยงานรัฐวิสาหกิจ,ธนาคารออมสินภาค 12,สินเชื่อเคหะ,DCO2026,2026-08-28 09:00:00,marketing.gsb,GSB_final_lead_list_2026-08-28.xlsx
TL001707,51 - 60,"02. 5,001-10,000",ประกอบวิชาชีพเฉพาะ,ธนาคารออมสินภาค 1,สินเชื่อเคหะ,DCO2026,2026-08-28 09:00:00,marketing.gsb,GSB_final_lead_list_2026-08-28.xlsx
TL001708,31 - 40,"05. 30,001-40,000",ประกอบวิชาชีพเฉพาะ,ธนาคารออมสินภาค 1,สินเชื่อเคหะ,DCO2026,2026-08-28 09:00:00,marketing.gsb,GSB_final_lead_list_2026-08-28.xlsx
TL001709,20 - 30,"04. 20,001-30,000",ประกอบวิชาชีพเฉพาะ,ธนาคารออมสินภาค 10,สินเชื่อเคหะ,DCO2026,2026-08-28 09:00:00,marketing.gsb,GSB_final_lead_list_2026-08-28.xlsx
TL001710,20 - 30,"06. 40,001-50,000",ประกอบอาชีพอิสระ,ธนาคารออมสินภาค 13,สินเชื่อเคหะ,DCO2026,2026-08-28 09:00:00,marketing.gsb,GSB_final_lead_list_2026-08-28.xlsx
TL001711,31 - 40,"06. 40,001-50,000",ผู้ประกอบธุรกิจ / เจ้าของกิจการ,ธนาคารออมสินภาค 10,สินเชื่อเคหะ,DCO2026,2026-08-28 09:00:00,marketing.gsb,GSB_final_lead_list_2026-08-28.xlsx
TL001712,51 - 60,"06. 40,001-50,000",ข้าราชการและลูกจ้างในหน่วยงานของรัฐ,ธนาคารออมสินภาค 11,สินเชื่อเคหะ,DCO2026,2026-08-28 09:00:00,marketing.gsb,GSB_final_lead_list_2026-08-28.xlsx
TL001713,51 - 60,"02. 5,001-10,000",พนักงานและลูกจ้างในบริษัท,ธนาคารออมสินภาค 13,สินเชื่อเคหะ,DCO2026,2026-08-28 09:00:00,marketing.gsb,GSB_final_lead_list_2026-08-28.xlsx
TL001714,20 - 30,"06. 40,001-50,000",พนักงานและลูกจ้างในบริษัท,ธนาคารออมสินภาค 1,สินเชื่อเคหะ,DCO2026,2026-08-28 09:00:00,marketing.gsb,GSB_final_lead_list_2026-08-28.xlsx
TL001715,31 - 40,"02. 5,001-10,000",ประกอบวิชาชีพเฉพาะ,ธนาคารออมสินภาค 11,สินเชื่อเคหะ,DCO2026,2026-08-28 09:00:00,marketing.gsb,GSB_final_lead_list_2026-08-28.xlsx
TL001716,31 - 40,"03. 10,001-20,000",ข้าราชการและลูกจ้างในหน่วยงานของรัฐ,ธนาคารออมสินภาค 10,สินเชื่อเคหะ,DCO2026,2026-08-28 09:00:00,marketing.gsb,GSB_final_lead_list_2026-08-28.xlsx
TL001717,51 - 60,"02. 5,001-10,000",พนักงานและลูกจ้างในหน่วยงานรัฐวิสาหกิจ,ธนาคารออมสินภาค 12,สินเชื่อเคหะ,DCO2026,2026-08-28 09:00:00,marketing.gsb,GSB_final_lead_list_2026-08-28.xlsx
TL001718,41 - 50,"05. 30,001-40,000",ข้าราชการและลูกจ้างในหน่วยงานของรัฐ,ธนาคารออมสินภาค 11,สินเชื่อเคหะ,DCO2026,2026-08-28 09:00:00,marketing.gsb,GSB_final_lead_list_2026-08-28.xlsx
TL001719,51 - 60,"05. 30,001-40,000",พนักงานและลูกจ้างในบริษัท,ธนาคารออมสินภาค 10,สินเชื่อเคหะ,DCO2026,2026-08-28 09:00:00,marketing.gsb,GSB_final_lead_list_2026-08-28.xlsx
TL001720,51 - 60,"02. 5,001-10,000",พนักงานและลูกจ้างในหน่วยงานรัฐวิสาหกิจ,ธนาคารออมสินภาค 13,สินเชื่อเคหะ,DCO2026,2026-08-28 09:00:00,marketing.gsb,GSB_final_lead_list_2026-08-28.xlsx
TL001721,20 - 30,"04. 20,001-30,000",พนักงานและลูกจ้างในบริษัท,ธนาคารออมสินภาค 12,สินเชื่อเคหะ,DCO2026,2026-08-28 09:00:00,marketing.gsb,GSB_final_lead_list_2026-08-28.xlsx
TL001722,61 - 65,"02. 5,001-10,000",ผู้รับจ้างทั่วไป / ผู้ใช้แรงงาน,ธนาคารออมสินภาค 1,สินเชื่อเคหะ,DCO2026,2026-08-28 09:00:00,marketing.gsb,GSB_final_lead_list_2026-08-28.xlsx
TL001723,Under 20,"02. 5,001-10,000",พนักงานและลูกจ้างในหน่วยงานรัฐวิสาหกิจ,ธนาคารออมสินภาค 1,สินเชื่อเคหะ,DCO2026,2026-08-28 09:00:00,marketing.gsb,GSB_final_lead_list_2026-08-28.xlsx
TL001724,31 - 40,"04. 20,001-30,000",ประกอบอาชีพอิสระ,ธนาคารออมสินภาค 11,สินเชื่อเคหะ,DCO2026,2026-08-28 09:00:00,marketing.gsb,GSB_final_lead_list_2026-08-28.xlsx
TL001725,61 - 65,"02. 5,001-10,000",พนักงานและลูกจ้างในหน่วยงานรัฐวิสาหกิจ,ธนาคารออมสินภาค 13,สินเชื่อเคหะ,DCO2026,2026-08-28 09:00:00,marketing.gsb,GSB_final_lead_list_2026-08-28.xlsx
TL001726,41 - 50,"05. 30,001-40,000",พนักงานและลูกจ้างในหน่วยงานรัฐวิสาหกิจ,ธนาคารออมสินภาค 12,สินเชื่อเคหะ,DCO2026,2026-08-28 09:00:00,marketing.gsb,GSB_final_lead_list_2026-08-28.xlsx
TL001727,20 - 30,"04. 20,001-30,000",ข้าราชการและลูกจ้างในหน่วยงานของรัฐ,ธนาคารออมสินภาค 10,สินเชื่อเคหะ,DCO2026,2026-08-28 09:00:00,marketing.gsb,GSB_final_lead_list_2026-08-28.xlsx
TL001728,Under 20,"06. 40,001-50,000",ผู้ประกอบธุรกิจ / เจ้าของกิจการ,ธนาคารออมสินภาค 12,สินเชื่อเคหะ,DCO2026,2026-08-28 09:00:00,marketing.gsb,GSB_final_lead_list_2026-08-28.xlsx
TL001729,51 - 60,"02. 5,001-10,000",ประกอบอาชีพอิสระ,ธนาคารออมสินภาค 12,สินเชื่อเคหะ,DCO2026,2026-08-28 09:00:00,marketing.gsb,GSB_final_lead_list_2026-08-28.xlsx
TL001730,41 - 50,"05. 30,001-40,000",ผู้ประกอบธุรกิจ / เจ้าของกิจการ,ธนาคารออมสินภาค 12,สินเชื่อเคหะ,DCO2026,2026-08-28 09:00:00,marketing.gsb,GSB_final_lead_list_2026-08-28.xlsx
TL001731,41 - 50,"02. 5,001-10,000",ผู้ประกอบธุรกิจ / เจ้าของกิจการ,ธนาคารออมสินภาค 12,สินเชื่อเคหะ,DCO2026,2026-08-28 09:00:00,marketing.gsb,GSB_final_lead_list_2026-08-28.xlsx
TL001732,41 - 50,"04. 20,001-30,000",พนักงานและลูกจ้างในบริษัท,ธนาคารออมสินภาค 10,สินเชื่อเคหะ,DCO2026,2026-08-28 09:00:00,marketing.gsb,GSB_final_lead_list_2026-08-28.xlsx
TL001733,20 - 30,"01. 0-5,000",พนักงานและลูกจ้างในบริษัท,ธนาคารออมสินภาค 10,สินเชื่อเคหะ,DCO2026,2026-08-28 09:00:00,marketing.gsb,GSB_final_lead_list_2026-08-28.xlsx
TL001734,31 - 40,"03. 10,001-20,000",ข้าราชการและลูกจ้างในหน่วยงานของรัฐ,ธนาคารออมสินภาค 13,สินเชื่อเคหะ,DCO2026,2026-08-28 09:00:00,marketing.gsb,GSB_final_lead_list_2026-08-28.xlsx
TL001735,31 - 40,"02. 5,001-10,000",พนักงานและลูกจ้างในบริษัท,ธนาคารออมสินภาค 10,สินเชื่อเคหะ,DCO2026,2026-08-28 09:00:00,marketing.gsb,GSB_final_lead_list_2026-08-28.xlsx
TL001736,20 - 30,"06. 40,001-50,000",ประกอบวิชาชีพเฉพาะ,ธนาคารออมสินภาค 10,สินเชื่อเคหะ,DCO2026,2026-08-28 09:00:00,marketing.gsb,GSB_final_lead_list_2026-08-28.xlsx
TL001737,61 - 65,"04. 20,001-30,000",พนักงานและลูกจ้างในบริษัท,ธนาคารออมสินภาค 12,สินเชื่อเคหะ,DCO2026,2026-08-28 09:00:00,marketing.gsb,GSB_final_lead_list_2026-08-28.xlsx
TL001738,20 - 30,"05. 30,001-40,000",พนักงานและลูกจ้างในหน่วยงานรัฐวิสาหกิจ,ธนาคารออมสินภาค 12,สินเชื่อเคหะ,DCO2026,2026-08-28 09:00:00,marketing.gsb,GSB_final_lead_list_2026-08-28.xlsx
TL001739,41 - 50,"04. 20,001-30,000",ผู้ประกอบธุรกิจ / เจ้าของกิจการ,ธนาคารออมสินภาค 11,สินเชื่อเคหะ,DCO2026,2026-08-28 09:00:00,marketing.gsb,GSB_final_lead_list_2026-08-28.xlsx
TL001740,41 - 50,"01. 0-5,000",พนักงานและลูกจ้างในบริษัท,ธนาคารออมสินภาค 10,สินเชื่อเคหะ,DCO2026,2026-08-28 09:00:00,marketing.gsb,GSB_final_lead_list_2026-08-28.xlsx
TL001741,20 - 30,"06. 40,001-50,000",ประกอบอาชีพอิสระ,ธนาคารออมสินภาค 1,สินเชื่อเคหะ,DCO2026,2026-08-28 09:00:00,marketing.gsb,GSB_final_lead_list_2026-08-28.xlsx
TL001742,20 - 30,"04. 20,001-30,000",พนักงานและลูกจ้างในหน่วยงานรัฐวิสาหกิจ,ธนาคารออมสินภาค 11,สินเชื่อเคหะ,DCO2026,2026-08-28 09:00:00,marketing.gsb,GSB_final_lead_list_2026-08-28.xlsx
TL001743,41 - 50,"06. 40,001-50,000",ข้าราชการและลูกจ้างในหน่วยงานของรัฐ,ธนาคารออมสินภาค 13,สินเชื่อเคหะ,DCO2026,2026-08-28 09:00:00,marketing.gsb,GSB_final_lead_list_2026-08-28.xlsx
TL001744,31 - 40,"04. 20,001-30,000",ผู้รับจ้างทั่วไป / ผู้ใช้แรงงาน,ธนาคารออมสินภาค 11,สินเชื่อเคหะ,DCO2026,2026-08-28 09:00:00,marketing.gsb,GSB_final_lead_list_2026-08-28.xlsx
TL001745,41 - 50,"05. 30,001-40,000",ผู้ประกอบธุรกิจ / เจ้าของกิจการ,ธนาคารออมสินภาค 10,สินเชื่อเคหะ,DCO2026,2026-08-28 09:00:00,marketing.gsb,GSB_final_lead_list_2026-08-28.xlsx
TL001746,41 - 50,"04. 20,001-30,000",พนักงานและลูกจ้างในบริษัท,ธนาคารออมสินภาค 12,สินเชื่อเคหะ,DCO2026,2026-08-28 09:00:00,marketing.gsb,GSB_final_lead_list_2026-08-28.xlsx
TL001747,20 - 30,"02. 5,001-10,000",ผู้รับจ้างทั่วไป / ผู้ใช้แรงงาน,ธนาคารออมสินภาค 1,สินเชื่อเคหะ,DCO2026,2026-08-28 09:00:00,marketing.gsb,GSB_final_lead_list_2026-08-28.xlsx
TL001748,41 - 50,"04. 20,001-30,000",ข้าราชการและลูกจ้างในหน่วยงานของรัฐ,ธนาคารออมสินภาค 12,สินเชื่อเคหะ,DCO2026,2026-08-28 09:00:00,marketing.gsb,GSB_final_lead_list_2026-08-28.xlsx
TL001749,31 - 40,"02. 5,001-10,000",พนักงานและลูกจ้างในหน่วยงานรัฐวิสาหกิจ,ธนาคารออมสินภาค 10,สินเชื่อเคหะ,DCO2026,2026-08-28 09:00:00,marketing.gsb,GSB_final_lead_list_2026-08-28.xlsx
TL001750,31 - 40,"01. 0-5,000",ผู้ประกอบธุรกิจ / เจ้าของกิจการ,ธนาคารออมสินภาค 10,สินเชื่อเคหะ,DCO2026,2026-08-28 09:00:00,marketing.gsb,GSB_final_lead_list_2026-08-28.xlsx
TL001751,51 - 60,"06. 40,001-50,000",ประกอบอาชีพอิสระ,ธนาคารออมสินภาค 1,สินเชื่อเคหะ,DCO2026,2026-08-28 09:00:00,marketing.gsb,GSB_final_lead_list_2026-08-28.xlsx
TL001752,20 - 30,"04. 20,001-30,000",ผู้รับจ้างทั่วไป / ผู้ใช้แรงงาน,ธนาคารออมสินภาค 13,สินเชื่อเคหะ,DCO2026,2026-08-28 09:00:00,marketing.gsb,GSB_final_lead_list_2026-08-28.xlsx
TL001753,20 - 30,"05. 30,001-40,000",ข้าราชการและลูกจ้างในหน่วยงานของรัฐ,ธนาคารออมสินภาค 1,สินเชื่อเคหะ,DCO2026,2026-08-28 09:00:00,marketing.gsb,GSB_final_lead_list_2026-08-28.xlsx
TL001754,41 - 50,"01. 0-5,000",พนักงานและลูกจ้างในบริษัท,ธนาคารออมสินภาค 1,สินเชื่อเคหะ,DCO2026,2026-08-28 09:00:00,marketing.gsb,GSB_final_lead_list_2026-08-28.xlsx
TL001755,41 - 50,"02. 5,001-10,000",ผู้ประกอบธุรกิจ / เจ้าของกิจการ,ธนาคารออมสินภาค 12,สินเชื่อเคหะ,DCO2026,2026-08-28 09:00:00,marketing.gsb,GSB_final_lead_list_2026-08-28.xlsx
TL001756,41 - 50,"06. 40,001-50,000",พนักงานและลูกจ้างในหน่วยงานรัฐวิสาหกิจ,ธนาคารออมสินภาค 13,สินเชื่อเคหะ,DCO2026,2026-08-28 09:00:00,marketing.gsb,GSB_final_lead_list_2026-08-28.xlsx
TL001757,Under 20,"05. 30,001-40,000",ประกอบวิชาชีพเฉพาะ,ธนาคารออมสินภาค 13,สินเชื่อเคหะ,DCO2026,2026-08-28 09:00:00,marketing.gsb,GSB_final_lead_list_2026-08-28.xlsx
TL001758,20 - 30,"01. 0-5,000",ข้าราชการและลูกจ้างในหน่วยงานของรัฐ,ธนาคารออมสินภาค 1,สินเชื่อเคหะ,DCO2026,2026-08-28 09:00:00,marketing.gsb,GSB_final_lead_list_2026-08-28.xlsx
TL001759,20 - 30,"05. 30,001-40,000",ประกอบอาชีพอิสระ,ธนาคารออมสินภาค 10,สินเชื่อเคหะ,DCO2026,2026-08-28 09:00:00,marketing.gsb,GSB_final_lead_list_2026-08-28.xlsx
TL001760,20 - 30,"05. 30,001-40,000",ประกอบวิชาชีพเฉพาะ,ธนาคารออมสินภาค 12,สินเชื่อเคหะ,DCO2026,2026-08-28 09:00:00,marketing.gsb,GSB_final_lead_list_2026-08-28.xlsx
TL001761,20 - 30,"06. 40,001-50,000",ผู้ประกอบธุรกิจ / เจ้าของกิจการ,ธนาคารออมสินภาค 10,สินเชื่อเคหะ,DCO2026,2026-08-28 09:00:00,marketing.gsb,GSB_final_lead_list_2026-08-28.xlsx
TL001762,20 - 30,"05. 30,001-40,000",พนักงานและลูกจ้างในหน่วยงานรัฐวิสาหกิจ,ธนาคารออมสินภาค 1,สินเชื่อเคหะ,DCO2026,2026-08-28 09:00:00,marketing.gsb,GSB_final_lead_list_2026-08-28.xlsx
TL001763,20 - 30,"01. 0-5,000",ประกอบวิชาชีพเฉพาะ,ธนาคารออมสินภาค 10,สินเชื่อเคหะ,DCO2026,2026-08-28 09:00:00,marketing.gsb,GSB_final_lead_list_2026-08-28.xlsx
TL001764,31 - 40,"06. 40,001-50,000",พนักงานและลูกจ้างในบริษัท,ธนาคารออมสินภาค 10,สินเชื่อเคหะ,DCO2026,2026-08-28 09:00:00,marketing.gsb,GSB_final_lead_list_2026-08-28.xlsx
TL001765,20 - 30,"01. 0-5,000",พนักงานและลูกจ้างในหน่วยงานรัฐวิสาหกิจ,ธนาคารออมสินภาค 12,สินเชื่อเคหะ,DCO2026,2026-08-28 09:00:00,marketing.gsb,GSB_final_lead_list_2026-08-28.xlsx
TL001766,41 - 50,"02. 5,001-10,000",ข้าราชการและลูกจ้างในหน่วยงานของรัฐ,ธนาคารออมสินภาค 12,สินเชื่อเคหะ,DCO2026,2026-08-28 09:00:00,marketing.gsb,GSB_final_lead_list_2026-08-28.xlsx
TL001767,20 - 30,"04. 20,001-30,000",ประกอบวิชาชีพเฉพาะ,ธนาคารออมสินภาค 10,สินเชื่อเคหะ,DCO2026,2026-08-28 09:00:00,marketing.gsb,GSB_final_lead_list_2026-08-28.xlsx
TL001768,51 - 60,"01. 0-5,000",ผู้รับจ้างทั่วไป / ผู้ใช้แรงงาน,ธนาคารออมสินภาค 13,สินเชื่อเคหะ,DCO2026,2026-08-28 09:00:00,marketing.gsb,GSB_final_lead_list_2026-08-28.xlsx
TL001769,31 - 40,"05. 30,001-40,000",พนักงานและลูกจ้างในบริษัท,ธนาคารออมสินภาค 13,สินเชื่อเคหะ,DCO2026,2026-08-28 09:00:00,marketing.gsb,GSB_final_lead_list_2026-08-28.xlsx
TL001770,Under 20,"01. 0-5,000",ผู้รับจ้างทั่วไป / ผู้ใช้แรงงาน,ธนาคารออมสินภาค 13,สินเชื่อเคหะ,DCO2026,2026-08-28 09:00:00,marketing.gsb,GSB_final_lead_list_2026-08-28.xlsx
TL001771,41 - 50,"05. 30,001-40,000",พนักงานและลูกจ้างในหน่วยงานรัฐวิสาหกิจ,ธนาคารออมสินภาค 13,สินเชื่อเคหะ,DCO2026,2026-08-28 09:00:00,marketing.gsb,GSB_final_lead_list_2026-08-28.xlsx
TL001772,Under 20,"06. 40,001-50,000",พนักงานและลูกจ้างในบริษัท,ธนาคารออมสินภาค 12,สินเชื่อเคหะ,DCO2026,2026-08-28 09:00:00,marketing.gsb,GSB_final_lead_list_2026-08-28.xlsx
TL001773,51 - 60,"06. 40,001-50,000",พนักงานและลูกจ้างในหน่วยงานรัฐวิสาหกิจ,ธนาคารออมสินภาค 10,สินเชื่อเคหะ,DCO2026,2026-08-28 09:00:00,marketing.gsb,GSB_final_lead_list_2026-08-28.xlsx
TL001774,Under 20,"05. 30,001-40,000",ประกอบอาชีพอิสระ,ธนาคารออมสินภาค 11,สินเชื่อเคหะ,DCO2026,2026-08-28 09:00:00,marketing.gsb,GSB_final_lead_list_2026-08-28.xlsx
TL001775,41 - 50,"05. 30,001-40,000",ข้าราชการและลูกจ้างในหน่วยงานของรัฐ,ธนาคารออมสินภาค 10,สินเชื่อเคหะ,DCO2026,2026-08-28 09:00:00,marketing.gsb,GSB_final_lead_list_2026-08-28.xlsx
TL001776,31 - 40,"04. 20,001-30,000",ผู้ประกอบธุรกิจ / เจ้าของกิจการ,ธนาคารออมสินภาค 1,สินเชื่อเคหะ,DCO2026,2026-08-28 09:00:00,marketing.gsb,GSB_final_lead_list_2026-08-28.xlsx
TL001777,20 - 30,"04. 20,001-30,000",พนักงานและลูกจ้างในบริษัท,ธนาคารออมสินภาค 13,สินเชื่อเคหะ,DCO2026,2026-08-28 09:00:00,marketing.gsb,GSB_final_lead_list_2026-08-28.xlsx
TL001778,41 - 50,"02. 5,001-10,000",ผู้รับจ้างทั่วไป / ผู้ใช้แรงงาน,ธนาคารออมสินภาค 13,สินเชื่อเคหะ,DCO2026,2026-08-28 09:00:00,marketing.gsb,GSB_final_lead_list_2026-08-28.xlsx
TL001779,20 - 30,"05. 30,001-40,000",พนักงานและลูกจ้างในหน่วยงานรัฐวิสาหกิจ,ธนาคารออมสินภาค 10,สินเชื่อเคหะ,DCO2026,2026-08-28 09:00:00,marketing.gsb,GSB_final_lead_list_2026-08-28.xlsx
TL001780,31 - 40,"02. 5,001-10,000",ประกอบวิชาชีพเฉพาะ,ธนาคารออมสินภาค 11,สินเชื่อเคหะ,DCO2026,2026-08-28 09:00:00,marketing.gsb,GSB_final_lead_list_2026-08-28.xlsx
TL001781,31 - 40,"06. 40,001-50,000",ผู้ประกอบธุรกิจ / เจ้าของกิจการ,ธนาคารออมสินภาค 13,สินเชื่อเคหะ,DCO2026,2026-08-28 09:00:00,marketing.gsb,GSB_final_lead_list_2026-08-28.xlsx
TL001782,20 - 30,"04. 20,001-30,000",ผู้ประกอบธุรกิจ / เจ้าของกิจการ,ธนาคารออมสินภาค 13,สินเชื่อเคหะ,DCO2026,2026-08-28 09:00:00,marketing.gsb,GSB_final_lead_list_2026-08-28.xlsx
TL001783,20 - 30,"05. 30,001-40,000",ประกอบวิชาชีพเฉพาะ,ธนาคารออมสินภาค 11,สินเชื่อเคหะ,DCO2026,2026-08-28 09:00:00,marketing.gsb,GSB_final_lead_list_2026-08-28.xlsx
TL001784,41 - 50,"02. 5,001-10,000",พนักงานและลูกจ้างในหน่วยงานรัฐวิสาหกิจ,ธนาคารออมสินภาค 13,สินเชื่อเคหะ,DCO2026,2026-08-28 09:00:00,marketing.gsb,GSB_final_lead_list_2026-08-28.xlsx
TL001785,31 - 40,"02. 5,001-10,000",ข้าราชการและลูกจ้างในหน่วยงานของรัฐ,ธนาคารออมสินภาค 11,สินเชื่อเคหะ,DCO2026,2026-08-28 09:00:00,marketing.gsb,GSB_final_lead_list_2026-08-28.xlsx
TL001786,20 - 30,"05. 30,001-40,000",ประกอบวิชาชีพเฉพาะ,ธนาคารออมสินภาค 1,สินเชื่อเคหะ,DCO2026,2026-08-28 09:00:00,marketing.gsb,GSB_final_lead_list_2026-08-28.xlsx
TL001787,61 - 65,"02. 5,001-10,000",ข้าราชการและลูกจ้างในหน่วยงานของรัฐ,ธนาคารออมสินภาค 12,สินเชื่อเคหะ,DCO2026,2026-08-28 09:00:00,marketing.gsb,GSB_final_lead_list_2026-08-28.xlsx
TL001788,41 - 50,"02. 5,001-10,000",ผู้รับจ้างทั่วไป / ผู้ใช้แรงงาน,ธนาคารออมสินภาค 1,สินเชื่อเคหะ,DCO2026,2026-08-28 09:00:00,marketing.gsb,GSB_final_lead_list_2026-08-28.xlsx
TL001789,20 - 30,"05. 30,001-40,000",ประกอบอาชีพอิสระ,ธนาคารออมสินภาค 12,สินเชื่อเคหะ,DCO2026,2026-08-28 09:00:00,marketing.gsb,GSB_final_lead_list_2026-08-28.xlsx
TL001790,61 - 65,"02. 5,001-10,000",พนักงานและลูกจ้างในบริษัท,ธนาคารออมสินภาค 12,สินเชื่อเคหะ,DCO2026,2026-08-28 09:00:00,marketing.gsb,GSB_final_lead_list_2026-08-28.xlsx
TL001791,20 - 30,"04. 20,001-30,000",พนักงานและลูกจ้างในหน่วยงานรัฐวิสาหกิจ,ธนาคารออมสินภาค 1,สินเชื่อเคหะ,DCO2026,2026-08-28 09:00:00,marketing.gsb,GSB_final_lead_list_2026-08-28.xlsx
TL001792,51 - 60,"04. 20,001-30,000",ผู้รับจ้างทั่วไป / ผู้ใช้แรงงาน,ธนาคารออมสินภาค 12,สินเชื่อเคหะ,DCO2026,2026-08-28 09:00:00,marketing.gsb,GSB_final_lead_list_2026-08-28.xlsx
TL001793,20 - 30,"06. 40,001-50,000",ผู้ประกอบธุรกิจ / เจ้าของกิจการ,ธนาคารออมสินภาค 13,สินเชื่อเคหะ,DCO2026,2026-08-28 09:00:00,marketing.gsb,GSB_final_lead_list_2026-08-28.xlsx
TL001794,20 - 30,"06. 40,001-50,000",ประกอบวิชาชีพเฉพาะ,ธนาคารออมสินภาค 11,สินเชื่อเคหะ,DCO2026,2026-08-28 09:00:00,marketing.gsb,GSB_final_lead_list_2026-08-28.xlsx
TL001795,20 - 30,"06. 40,001-50,000",พนักงานและลูกจ้างในบริษัท,ธนาคารออมสินภาค 11,สินเชื่อเคหะ,DCO2026,2026-08-28 09:00:00,marketing.gsb,GSB_final_lead_list_2026-08-28.xlsx
TL001796,20 - 30,"05. 30,001-40,000",ประกอบวิชาชีพเฉพาะ,ธนาคารออมสินภาค 12,สินเชื่อเคหะ,DCO2026,2026-08-28 09:00:00,marketing.gsb,GSB_final_lead_list_2026-08-28.xlsx
TL001797,20 - 30,"07. >50,000",ประกอบวิชาชีพเฉพาะ,ธนาคารออมสินภาค 12,สินเชื่อเคหะ,DCO2026,2026-08-28 09:00:00,marketing.gsb,GSB_final_lead_list_2026-08-28.xlsx
TL001798,20 - 30,"06. 40,001-50,000",ประกอบอาชีพอิสระ,ธนาคารออมสินภาค 11,สินเชื่อเคหะ,DCO2026,2026-08-28 09:00:00,marketing.gsb,GSB_final_lead_list_2026-08-28.xlsx
TL001799,Under 20,"04. 20,001-30,000",พนักงานและลูกจ้างในหน่วยงานรัฐวิสาหกิจ,ธนาคารออมสินภาค 10,สินเชื่อเคหะ,DCO2026,2026-08-28 09:00:00,marketing.gsb,GSB_final_lead_list_2026-08-28.xlsx
TL001800,20 - 30,"01. 0-5,000",ประกอบอาชีพอิสระ,ธนาคารออมสินภาค 10,สินเชื่อเคหะ,DCO2026,2026-08-28 09:00:00,marketing.gsb,GSB_final_lead_list_2026-08-28.xlsx
TL001801,61 - 65,"02. 5,001-10,000",ผู้รับจ้างทั่วไป / ผู้ใช้แรงงาน,ธนาคารออมสินภาค 11,สินเชื่อเคหะ,DCO2026,2026-08-28 09:00:00,marketing.gsb,GSB_final_lead_list_2026-08-28.xlsx
TL001802,41 - 50,"05. 30,001-40,000",พนักงานและลูกจ้างในบริษัท,ธนาคารออมสินภาค 11,สินเชื่อเคหะ,DCO2026,2026-08-28 09:00:00,marketing.gsb,GSB_final_lead_list_2026-08-28.xlsx
TL001803,20 - 30,"02. 5,001-10,000",ประกอบวิชาชีพเฉพาะ,ธนาคารออมสินภาค 13,สินเชื่อเคหะ,DCO2026,2026-08-28 09:00:00,marketing.gsb,GSB_final_lead_list_2026-08-28.xlsx
TL001804,Under 20,"06. 40,001-50,000",พนักงานและลูกจ้างในบริษัท,ธนาคารออมสินภาค 1,สินเชื่อเคหะ,DCO2026,2026-08-28 09:00:00,marketing.gsb,GSB_final_lead_list_2026-08-28.xlsx
TL001805,20 - 30,"01. 0-5,000",ประกอบวิชาชีพเฉพาะ,ธนาคารออมสินภาค 1,สินเชื่อเคหะ,DCO2026,2026-08-28 09:00:00,marketing.gsb,GSB_final_lead_list_2026-08-28.xlsx
TL001806,31 - 40,"05. 30,001-40,000",ประกอบอาชีพอิสระ,ธนาคารออมสินภาค 1,สินเชื่อเคหะ,DCO2026,2026-08-28 09:00:00,marketing.gsb,GSB_final_lead_list_2026-08-28.xlsx
TL001807,51 - 60,"05. 30,001-40,000",ประกอบอาชีพอิสระ,ธนาคารออมสินภาค 12,สินเชื่อเคหะ,DCO2026,2026-08-28 09:00:00,marketing.gsb,GSB_final_lead_list_2026-08-28.xlsx
TL001808,51 - 60,"06. 40,001-50,000",ข้าราชการและลูกจ้างในหน่วยงานของรัฐ,ธนาคารออมสินภาค 11,สินเชื่อเคหะ,DCO2026,2026-08-28 09:00:00,marketing.gsb,GSB_final_lead_list_2026-08-28.xlsx
TL001809,20 - 30,"06. 40,001-50,000",ข้าราชการและลูกจ้างในหน่วยงานของรัฐ,ธนาคารออมสินภาค 10,สินเชื่อเคหะ,DCO2026,2026-08-28 09:00:00,marketing.gsb,GSB_final_lead_list_2026-08-28.xlsx
TL001810,31 - 40,"02. 5,001-10,000",ประกอบอาชีพอิสระ,ธนาคารออมสินภาค 1,สินเชื่อเคหะ,DCO2026,2026-08-28 09:00:00,marketing.gsb,GSB_final_lead_list_2026-08-28.xlsx
TL001811,20 - 30,"05. 30,001-40,000",ผู้ประกอบธุรกิจ / เจ้าของกิจการ,ธนาคารออมสินภาค 13,สินเชื่อเคหะ,DCO2026,2026-08-28 09:00:00,marketing.gsb,GSB_final_lead_list_2026-08-28.xlsx
TL001812,51 - 60,"06. 40,001-50,000",ประกอบวิชาชีพเฉพาะ,ธนาคารออมสินภาค 13,สินเชื่อเคหะ,DCO2026,2026-08-28 09:00:00,marketing.gsb,GSB_final_lead_list_2026-08-28.xlsx
TL001813,51 - 60,"06. 40,001-50,000",ประกอบวิชาชีพเฉพาะ,ธนาคารออมสินภาค 1,สินเชื่อเคหะ,DCO2026,2026-08-28 09:00:00,marketing.gsb,GSB_final_lead_list_2026-08-28.xlsx
TL001814,31 - 40,"02. 5,001-10,000",ประกอบอาชีพอิสระ,ธนาคารออมสินภาค 10,สินเชื่อเคหะ,DCO2026,2026-08-28 09:00:00,marketing.gsb,GSB_final_lead_list_2026-08-28.xlsx
TL001815,31 - 40,"04. 20,001-30,000",ผู้รับจ้างทั่วไป / ผู้ใช้แรงงาน,ธนาคารออมสินภาค 12,สินเชื่อเคหะ,DCO2026,2026-08-28 09:00:00,marketing.gsb,GSB_final_lead_list_2026-08-28.xlsx
TL001816,41 - 50,"04. 20,001-30,000",ผู้รับจ้างทั่วไป / ผู้ใช้แรงงาน,ธนาคารออมสินภาค 1,สินเชื่อเคหะ,DCO2026,2026-08-28 09:00:00,marketing.gsb,GSB_final_lead_list_2026-08-28.xlsx
TL001817,51 - 60,"04. 20,001-30,000",ผู้รับจ้างทั่วไป / ผู้ใช้แรงงาน,ธนาคารออมสินภาค 13,สินเชื่อเคหะ,DCO2026,2026-08-28 09:00:00,marketing.gsb,GSB_final_lead_list_2026-08-28.xlsx
TL001818,51 - 60,"03. 10,001-20,000",ประกอบอาชีพอิสระ,ธนาคารออมสินภาค 13,สินเชื่อเคหะ,DCO2026,2026-08-28 09:00:00,marketing.gsb,GSB_final_lead_list_2026-08-28.xlsx
TL001819,20 - 30,"06. 40,001-50,000",พนักงานและลูกจ้างในบริษัท,ธนาคารออมสินภาค 1,สินเชื่อเคหะ,DCO2026,2026-08-28 09:00:00,marketing.gsb,GSB_final_lead_list_2026-08-28.xlsx
TL001820,41 - 50,"02. 5,001-10,000",ผู้รับจ้างทั่วไป / ผู้ใช้แรงงาน,ธนาคารออมสินภาค 11,สินเชื่อเคหะ,DCO2026,2026-08-28 09:00:00,marketing.gsb,GSB_final_lead_list_2026-08-28.xlsx
TL001821,31 - 40,"04. 20,001-30,000",ผู้ประกอบธุรกิจ / เจ้าของกิจการ,ธนาคารออมสินภาค 11,สินเชื่อเคหะ,DCO2026,2026-08-28 09:00:00,marketing.gsb,GSB_final_lead_list_2026-08-28.xlsx
TL001822,20 - 30,"04. 20,001-30,000",ประกอบวิชาชีพเฉพาะ,ธนาคารออมสินภาค 12,สินเชื่อเคหะ,DCO2026,2026-08-28 09:00:00,marketing.gsb,GSB_final_lead_list_2026-08-28.xlsx
TL001823,20 - 30,"04. 20,001-30,000",ผู้รับจ้างทั่วไป / ผู้ใช้แรงงาน,ธนาคารออมสินภาค 10,สินเชื่อเคหะ,DCO2026,2026-08-28 09:00:00,marketing.gsb,GSB_final_lead_list_2026-08-28.xlsx
TL001824,51 - 60,"04. 20,001-30,000",ข้าราชการและลูกจ้างในหน่วยงานของรัฐ,ธนาคารออมสินภาค 11,สินเชื่อเคหะ,DCO2026,2026-08-28 09:00:00,marketing.gsb,GSB_final_lead_list_2026-08-28.xlsx
TL001825,31 - 40,"06. 40,001-50,000",ประกอบอาชีพอิสระ,ธนาคารออมสินภาค 10,สินเชื่อเคหะ,DCO2026,2026-08-28 09:00:00,marketing.gsb,GSB_final_lead_list_2026-08-28.xlsx
TL001826,31 - 40,"04. 20,001-30,000",ประกอบวิชาชีพเฉพาะ,ธนาคารออมสินภาค 12,สินเชื่อเคหะ,DCO2026,2026-08-28 09:00:00,marketing.gsb,GSB_final_lead_list_2026-08-28.xlsx
TL001827,20 - 30,"04. 20,001-30,000",พนักงานและลูกจ้างในหน่วยงานรัฐวิสาหกิจ,ธนาคารออมสินภาค 13,สินเชื่อเคหะ,DCO2026,2026-08-28 09:00:00,marketing.gsb,GSB_final_lead_list_2026-08-28.xlsx
TL001828,20 - 30,"01. 0-5,000",พนักงานและลูกจ้างในบริษัท,ธนาคารออมสินภาค 1,สินเชื่อเคหะ,DCO2026,2026-08-28 09:00:00,marketing.gsb,GSB_final_lead_list_2026-08-28.xlsx
TL001829,31 - 40,"02. 5,001-10,000",พนักงานและลูกจ้างในหน่วยงานรัฐวิสาหกิจ,ธนาคารออมสินภาค 1,สินเชื่อเคหะ,DCO2026,2026-08-28 09:00:00,marketing.gsb,GSB_final_lead_list_2026-08-28.xlsx
TL001830,31 - 40,"02. 5,001-10,000",พนักงานและลูกจ้างในหน่วยงานรัฐวิสาหกิจ,ธนาคารออมสินภาค 12,สินเชื่อเคหะ,DCO2026,2026-08-28 09:00:00,marketing.gsb,GSB_final_lead_list_2026-08-28.xlsx
TL001831,51 - 60,"02. 5,001-10,000",ประกอบวิชาชีพเฉพาะ,ธนาคารออมสินภาค 10,สินเชื่อเคหะ,DCO2026,2026-08-28 09:00:00,marketing.gsb,GSB_final_lead_list_2026-08-28.xlsx
TL001832,Under 20,"02. 5,001-10,000",พนักงานและลูกจ้างในบริษัท,ธนาคารออมสินภาค 10,สินเชื่อเคหะ,DCO2026,2026-08-28 09:00:00,marketing.gsb,GSB_final_lead_list_2026-08-28.xlsx
TL001833,31 - 40,"03. 10,001-20,000",พนักงานและลูกจ้างในบริษัท,ธนาคารออมสินภาค 13,สินเชื่อเคหะ,DCO2026,2026-08-28 09:00:00,marketing.gsb,GSB_final_lead_list_2026-08-28.xlsx
TL001834,31 - 40,"06. 40,001-50,000",พนักงานและลูกจ้างในบริษัท,ธนาคารออมสินภาค 1,สินเชื่อเคหะ,DCO2026,2026-08-28 09:00:00,marketing.gsb,GSB_final_lead_list_2026-08-28.xlsx
TL001835,Under 20,"04. 20,001-30,000",พนักงานและลูกจ้างในหน่วยงานรัฐวิสาหกิจ,ธนาคารออมสินภาค 1,สินเชื่อเคหะ,DCO2026,2026-08-28 09:00:00,marketing.gsb,GSB_final_lead_list_2026-08-28.xlsx
TL001836,20 - 30,"06. 40,001-50,000",ผู้ประกอบธุรกิจ / เจ้าของกิจการ,ธนาคารออมสินภาค 13,สินเชื่อเคหะ,DCO2026,2026-08-28 09:00:00,marketing.gsb,GSB_final_lead_list_2026-08-28.xlsx
TL001837,Under 20,"06. 40,001-50,000",พนักงานและลูกจ้างในหน่วยงานรัฐวิสาหกิจ,ธนาคารออมสินภาค 1,สินเชื่อเคหะ,DCO2026,2026-08-28 09:00:00,marketing.gsb,GSB_final_lead_list_2026-08-28.xlsx
TL001838,61 - 65,"07. >50,000",พนักงานและลูกจ้างในหน่วยงานรัฐวิสาหกิจ,ธนาคารออมสินภาค 12,สินเชื่อเคหะ,DCO2026,2026-08-28 09:00:00,marketing.gsb,GSB_final_lead_list_2026-08-28.xlsx
TL001839,31 - 40,"02. 5,001-10,000",ข้าราชการและลูกจ้างในหน่วยงานของรัฐ,ธนาคารออมสินภาค 12,สินเชื่อเคหะ,DCO2026,2026-08-28 09:00:00,marketing.gsb,GSB_final_lead_list_2026-08-28.xlsx
TL001840,51 - 60,"03. 10,001-20,000",พนักงานและลูกจ้างในหน่วยงานรัฐวิสาหกิจ,ธนาคารออมสินภาค 10,สินเชื่อเคหะ,DCO2026,2026-08-28 09:00:00,marketing.gsb,GSB_final_lead_list_2026-08-28.xlsx
TL001841,31 - 40,"04. 20,001-30,000",ประกอบวิชาชีพเฉพาะ,ธนาคารออมสินภาค 12,สินเชื่อเคหะ,DCO2026,2026-08-28 09:00:00,marketing.gsb,GSB_final_lead_list_2026-08-28.xlsx
TL001842,31 - 40,"06. 40,001-50,000",พนักงานและลูกจ้างในหน่วยงานรัฐวิสาหกิจ,ธนาคารออมสินภาค 1,สินเชื่อเคหะ,DCO2026,2026-08-28 09:00:00,marketing.gsb,GSB_final_lead_list_2026-08-28.xlsx
TL001843,31 - 40,"05. 30,001-40,000",พนักงานและลูกจ้างในบริษัท,ธนาคารออมสินภาค 11,สินเชื่อเคหะ,DCO2026,2026-08-28 09:00:00,marketing.gsb,GSB_final_lead_list_2026-08-28.xlsx
TL001844,31 - 40,"01. 0-5,000",พนักงานและลูกจ้างในหน่วยงานรัฐวิสาหกิจ,ธนาคารออมสินภาค 13,สินเชื่อเคหะ,DCO2026,2026-08-28 09:00:00,marketing.gsb,GSB_final_lead_list_2026-08-28.xlsx
TL001845,41 - 50,"01. 0-5,000",พนักงานและลูกจ้างในบริษัท,ธนาคารออมสินภาค 10,สินเชื่อเคหะ,DCO2026,2026-08-28 09:00:00,marketing.gsb,GSB_final_lead_list_2026-08-28.xlsx
TL001846,20 - 30,"05. 30,001-40,000",ผู้รับจ้างทั่วไป / ผู้ใช้แรงงาน,ธนาคารออมสินภาค 13,สินเชื่อเคหะ,DCO2026,2026-08-28 09:00:00,marketing.gsb,GSB_final_lead_list_2026-08-28.xlsx
TL001847,61 - 65,"02. 5,001-10,000",พนักงานและลูกจ้างในหน่วยงานรัฐวิสาหกิจ,ธนาคารออมสินภาค 12,สินเชื่อเคหะ,DCO2026,2026-08-28 09:00:00,marketing.gsb,GSB_final_lead_list_2026-08-28.xlsx
TL001848,20 - 30,"02. 5,001-10,000",พนักงานและลูกจ้างในบริษัท,ธนาคารออมสินภาค 11,สินเชื่อเคหะ,DCO2026,2026-08-28 09:00:00,marketing.gsb,GSB_final_lead_list_2026-08-28.xlsx
TL001849,51 - 60,"06. 40,001-50,000",ประกอบอาชีพอิสระ,ธนาคารออมสินภาค 10,สินเชื่อเคหะ,DCO2026,2026-08-28 09:00:00,marketing.gsb,GSB_final_lead_list_2026-08-28.xlsx
TL001850,51 - 60,"03. 10,001-20,000",ประกอบวิชาชีพเฉพาะ,ธนาคารออมสินภาค 11,สินเชื่อเคหะ,DCO2026,2026-08-28 09:00:00,marketing.gsb,GSB_final_lead_list_2026-08-28.xlsx
TL001851,61 - 65,"02. 5,001-10,000",ข้าราชการและลูกจ้างในหน่วยงานของรัฐ,ธนาคารออมสินภาค 13,สินเชื่อเคหะ,DCO2026,2026-08-28 09:00:00,marketing.gsb,GSB_final_lead_list_2026-08-28.xlsx
TL001852,51 - 60,"06. 40,001-50,000",ประกอบอาชีพอิสระ,ธนาคารออมสินภาค 11,สินเชื่อเคหะ,DCO2026,2026-08-28 09:00:00,marketing.gsb,GSB_final_lead_list_2026-08-28.xlsx
TL001853,41 - 50,"05. 30,001-40,000",ผู้ประกอบธุรกิจ / เจ้าของกิจการ,ธนาคารออมสินภาค 10,สินเชื่อเคหะ,DCO2026,2026-08-28 09:00:00,marketing.gsb,GSB_final_lead_list_2026-08-28.xlsx
TL001854,41 - 50,"04. 20,001-30,000",พนักงานและลูกจ้างในหน่วยงานรัฐวิสาหกิจ,ธนาคารออมสินภาค 12,สินเชื่อเคหะ,DCO2026,2026-08-28 09:00:00,marketing.gsb,GSB_final_lead_list_2026-08-28.xlsx
TL001855,51 - 60,"05. 30,001-40,000",ประกอบวิชาชีพเฉพาะ,ธนาคารออมสินภาค 13,สินเชื่อเคหะ,DCO2026,2026-08-28 09:00:00,marketing.gsb,GSB_final_lead_list_2026-08-28.xlsx
TL001856,51 - 60,"05. 30,001-40,000",ผู้รับจ้างทั่วไป / ผู้ใช้แรงงาน,ธนาคารออมสินภาค 11,สินเชื่อเคหะ,DCO2026,2026-08-28 09:00:00,marketing.gsb,GSB_final_lead_list_2026-08-28.xlsx
TL001857,20 - 30,"04. 20,001-30,000",ประกอบอาชีพอิสระ,ธนาคารออมสินภาค 12,สินเชื่อเคหะ,DCO2026,2026-08-28 09:00:00,marketing.gsb,GSB_final_lead_list_2026-08-28.xlsx
TL001858,41 - 50,"05. 30,001-40,000",ประกอบวิชาชีพเฉพาะ,ธนาคารออมสินภาค 12,สินเชื่อเคหะ,DCO2026,2026-08-28 09:00:00,marketing.gsb,GSB_final_lead_list_2026-08-28.xlsx
TL001859,20 - 30,"04. 20,001-30,000",ข้าราชการและลูกจ้างในหน่วยงานของรัฐ,ธนาคารออมสินภาค 10,สินเชื่อเคหะ,DCO2026,2026-08-28 09:00:00,marketing.gsb,GSB_final_lead_list_2026-08-28.xlsx
TL001860,31 - 40,"06. 40,001-50,000",ผู้รับจ้างทั่วไป / ผู้ใช้แรงงาน,ธนาคารออมสินภาค 10,สินเชื่อเคหะ,DCO2026,2026-08-28 09:00:00,marketing.gsb,GSB_final_lead_list_2026-08-28.xlsx
TL001861,31 - 40,"06. 40,001-50,000",ข้าราชการและลูกจ้างในหน่วยงานของรัฐ,ธนาคารออมสินภาค 12,สินเชื่อเคหะ,DCO2026,2026-08-28 09:00:00,marketing.gsb,GSB_final_lead_list_2026-08-28.xlsx
TL001862,51 - 60,"04. 20,001-30,000",ข้าราชการและลูกจ้างในหน่วยงานของรัฐ,ธนาคารออมสินภาค 13,สินเชื่อเคหะ,DCO2026,2026-08-28 09:00:00,marketing.gsb,GSB_final_lead_list_2026-08-28.xlsx
TL001863,65 Up,"05. 30,001-40,000",ผู้ประกอบธุรกิจ / เจ้าของกิจการ,ธนาคารออมสินภาค 13,สินเชื่อเคหะ,DCO2026,2026-08-28 09:00:00,marketing.gsb,GSB_final_lead_list_2026-08-28.xlsx
TL001864,31 - 40,"05. 30,001-40,000",ผู้รับจ้างทั่วไป / ผู้ใช้แรงงาน,ธนาคารออมสินภาค 11,สินเชื่อเคหะ,DCO2026,2026-08-28 09:00:00,marketing.gsb,GSB_final_lead_list_2026-08-28.xlsx
TL001865,20 - 30,"03. 10,001-20,000",พนักงานและลูกจ้างในหน่วยงานรัฐวิสาหกิจ,ธนาคารออมสินภาค 12,สินเชื่อเคหะ,DCO2026,2026-08-28 09:00:00,marketing.gsb,GSB_final_lead_list_2026-08-28.xlsx
TL001866,61 - 65,"02. 5,001-10,000",ประกอบอาชีพอิสระ,ธนาคารออมสินภาค 11,สินเชื่อเคหะ,DCO2026,2026-08-28 09:00:00,marketing.gsb,GSB_final_lead_list_2026-08-28.xlsx
TL001867,20 - 30,"02. 5,001-10,000",ผู้รับจ้างทั่วไป / ผู้ใช้แรงงาน,ธนาคารออมสินภาค 11,สินเชื่อเคหะ,DCO2026,2026-08-28 09:00:00,marketing.gsb,GSB_final_lead_list_2026-08-28.xlsx
TL001868,20 - 30,"04. 20,001-30,000",ประกอบวิชาชีพเฉพาะ,ธนาคารออมสินภาค 12,สินเชื่อเคหะ,DCO2026,2026-08-28 09:00:00,marketing.gsb,GSB_final_lead_list_2026-08-28.xlsx
TL001869,61 - 65,"05. 30,001-40,000",พนักงานและลูกจ้างในบริษัท,ธนาคารออมสินภาค 11,สินเชื่อเคหะ,DCO2026,2026-08-28 09:00:00,marketing.gsb,GSB_final_lead_list_2026-08-28.xlsx
TL001870,20 - 30,"02. 5,001-10,000",พนักงานและลูกจ้างในบริษัท,ธนาคารออมสินภาค 13,สินเชื่อเคหะ,DCO2026,2026-08-28 09:00:00,marketing.gsb,GSB_final_lead_list_2026-08-28.xlsx
TL001871,Under 20,"06. 40,001-50,000",พนักงานและลูกจ้างในบริษัท,ธนาคารออมสินภาค 10,สินเชื่อเคหะ,DCO2026,2026-08-28 09:00:00,marketing.gsb,GSB_final_lead_list_2026-08-28.xlsx
TL001872,31 - 40,"05. 30,001-40,000",พนักงานและลูกจ้างในหน่วยงานรัฐวิสาหกิจ,ธนาคารออมสินภาค 1,สินเชื่อเคหะ,DCO2026,2026-08-28 09:00:00,marketing.gsb,GSB_final_lead_list_2026-08-28.xlsx
TL001873,31 - 40,"05. 30,001-40,000",พนักงานและลูกจ้างในบริษัท,ธนาคารออมสินภาค 1,สินเชื่อเคหะ,DCO2026,2026-08-28 09:00:00,marketing.gsb,GSB_final_lead_list_2026-08-28.xlsx
TL001874,20 - 30,"03. 10,001-20,000",ข้าราชการและลูกจ้างในหน่วยงานของรัฐ,ธนาคารออมสินภาค 1,สินเชื่อเคหะ,DCO2026,2026-08-28 09:00:00,marketing.gsb,GSB_final_lead_list_2026-08-28.xlsx
TL001875,31 - 40,"05. 30,001-40,000",ผู้รับจ้างทั่วไป / ผู้ใช้แรงงาน,ธนาคารออมสินภาค 13,สินเชื่อเคหะ,DCO2026,2026-08-28 09:00:00,marketing.gsb,GSB_final_lead_list_2026-08-28.xlsx
TL001876,65 Up,"05. 30,001-40,000",ประกอบอาชีพอิสระ,ธนาคารออมสินภาค 10,สินเชื่อเคหะ,DCO2026,2026-08-28 09:00:00,marketing.gsb,GSB_final_lead_list_2026-08-28.xlsx
TL001877,31 - 40,"04. 20,001-30,000",ผู้ประกอบธุรกิจ / เจ้าของกิจการ,ธนาคารออมสินภาค 12,สินเชื่อเคหะ,DCO2026,2026-08-28 09:00:00,marketing.gsb,GSB_final_lead_list_2026-08-28.xlsx
TL001878,41 - 50,"01. 0-5,000",ประกอบอาชีพอิสระ,ธนาคารออมสินภาค 11,สินเชื่อเคหะ,DCO2026,2026-08-28 09:00:00,marketing.gsb,GSB_final_lead_list_2026-08-28.xlsx
TL001879,41 - 50,"03. 10,001-20,000",พนักงานและลูกจ้างในบริษัท,ธนาคารออมสินภาค 11,สินเชื่อเคหะ,DCO2026,2026-08-28 09:00:00,marketing.gsb,GSB_final_lead_list_2026-08-28.xlsx
TL001880,20 - 30,"02. 5,001-10,000",ประกอบอาชีพอิสระ,ธนาคารออมสินภาค 13,สินเชื่อเคหะ,DCO2026,2026-08-28 09:00:00,marketing.gsb,GSB_final_lead_list_2026-08-28.xlsx
TL001881,31 - 40,"04. 20,001-30,000",ข้าราชการและลูกจ้างในหน่วยงานของรัฐ,ธนาคารออมสินภาค 12,สินเชื่อเคหะ,DCO2026,2026-08-28 09:00:00,marketing.gsb,GSB_final_lead_list_2026-08-28.xlsx
TL001882,31 - 40,"06. 40,001-50,000",ผู้ประกอบธุรกิจ / เจ้าของกิจการ,ธนาคารออมสินภาค 13,สินเชื่อเคหะ,DCO2026,2026-08-28 09:00:00,marketing.gsb,GSB_final_lead_list_2026-08-28.xlsx
TL001883,41 - 50,"05. 30,001-40,000",พนักงานและลูกจ้างในบริษัท,ธนาคารออมสินภาค 12,สินเชื่อเคหะ,DCO2026,2026-08-28 09:00:00,marketing.gsb,GSB_final_lead_list_2026-08-28.xlsx
TL001884,51 - 60,"01. 0-5,000",พนักงานและลูกจ้างในหน่วยงานรัฐวิสาหกิจ,ธนาคารออมสินภาค 13,สินเชื่อเคหะ,DCO2026,2026-08-28 09:00:00,marketing.gsb,GSB_final_lead_list_2026-08-28.xlsx
TL001885,41 - 50,"05. 30,001-40,000",ผู้ประกอบธุรกิจ / เจ้าของกิจการ,ธนาคารออมสินภาค 11,สินเชื่อเคหะ,DCO2026,2026-08-28 09:00:00,marketing.gsb,GSB_final_lead_list_2026-08-28.xlsx
TL001886,31 - 40,"02. 5,001-10,000",ประกอบอาชีพอิสระ,ธนาคารออมสินภาค 1,สินเชื่อเคหะ,DCO2026,2026-08-28 09:00:00,marketing.gsb,GSB_final_lead_list_2026-08-28.xlsx
TL001887,51 - 60,"01. 0-5,000",ข้าราชการและลูกจ้างในหน่วยงานของรัฐ,ธนาคารออมสินภาค 11,สินเชื่อเคหะ,DCO2026,2026-08-28 09:00:00,marketing.gsb,GSB_final_lead_list_2026-08-28.xlsx
TL001888,Under 20,"05. 30,001-40,000",ข้าราชการและลูกจ้างในหน่วยงานของรัฐ,ธนาคารออมสินภาค 1,สินเชื่อเคหะ,DCO2026,2026-08-28 09:00:00,marketing.gsb,GSB_final_lead_list_2026-08-28.xlsx
TL001889,41 - 50,"05. 30,001-40,000",พนักงานและลูกจ้างในบริษัท,ธนาคารออมสินภาค 1,สินเชื่อเคหะ,DCO2026,2026-08-28 09:00:00,marketing.gsb,GSB_final_lead_list_2026-08-28.xlsx
TL001890,41 - 50,"04. 20,001-30,000",ประกอบวิชาชีพเฉพาะ,ธนาคารออมสินภาค 11,สินเชื่อเคหะ,DCO2026,2026-08-28 09:00:00,marketing.gsb,GSB_final_lead_list_2026-08-28.xlsx
TL001891,51 - 60,"04. 20,001-30,000",พนักงานและลูกจ้างในหน่วยงานรัฐวิสาหกิจ,ธนาคารออมสินภาค 12,สินเชื่อเคหะ,DCO2026,2026-08-28 09:00:00,marketing.gsb,GSB_final_lead_list_2026-08-28.xlsx
TL001892,51 - 60,"06. 40,001-50,000",ข้าราชการและลูกจ้างในหน่วยงานของรัฐ,ธนาคารออมสินภาค 12,สินเชื่อเคหะ,DCO2026,2026-08-28 09:00:00,marketing.gsb,GSB_final_lead_list_2026-08-28.xlsx
TL001893,Under 20,"05. 30,001-40,000",พนักงานและลูกจ้างในบริษัท,ธนาคารออมสินภาค 1,สินเชื่อเคหะ,DCO2026,2026-08-28 09:00:00,marketing.gsb,GSB_final_lead_list_2026-08-28.xlsx
TL001894,51 - 60,"05. 30,001-40,000",ประกอบอาชีพอิสระ,ธนาคารออมสินภาค 13,สินเชื่อเคหะ,DCO2026,2026-08-28 09:00:00,marketing.gsb,GSB_final_lead_list_2026-08-28.xlsx
TL001895,51 - 60,"01. 0-5,000",ประกอบวิชาชีพเฉพาะ,ธนาคารออมสินภาค 11,สินเชื่อเคหะ,DCO2026,2026-08-28 09:00:00,marketing.gsb,GSB_final_lead_list_2026-08-28.xlsx
TL001896,41 - 50,"01. 0-5,000",ประกอบอาชีพอิสระ,ธนาคารออมสินภาค 1,สินเชื่อเคหะ,DCO2026,2026-08-28 09:00:00,marketing.gsb,GSB_final_lead_list_2026-08-28.xlsx
TL001897,31 - 40,"05. 30,001-40,000",ข้าราชการและลูกจ้างในหน่วยงานของรัฐ,ธนาคารออมสินภาค 11,สินเชื่อเคหะ,DCO2026,2026-08-28 09:00:00,marketing.gsb,GSB_final_lead_list_2026-08-28.xlsx
TL001898,20 - 30,"06. 40,001-50,000",ผู้รับจ้างทั่วไป / ผู้ใช้แรงงาน,ธนาคารออมสินภาค 11,สินเชื่อเคหะ,DCO2026,2026-08-28 09:00:00,marketing.gsb,GSB_final_lead_list_2026-08-28.xlsx
TL001899,31 - 40,"05. 30,001-40,000",ประกอบอาชีพอิสระ,ธนาคารออมสินภาค 11,สินเชื่อเคหะ,DCO2026,2026-08-28 09:00:00,marketing.gsb,GSB_final_lead_list_2026-08-28.xlsx
TL001900,20 - 30,"04. 20,001-30,000",ข้าราชการและลูกจ้างในหน่วยงานของรัฐ,ธนาคารออมสินภาค 10,สินเชื่อเคหะ,DCO2026,2026-08-28 09:00:00,marketing.gsb,GSB_final_lead_list_2026-08-28.xlsx
TL001901,31 - 40,"04. 20,001-30,000",พนักงานและลูกจ้างในบริษัท,ธนาคารออมสินภาค 12,สินเชื่อเคหะ,DCO2026,2026-08-28 09:00:00,marketing.gsb,GSB_final_lead_list_2026-08-28.xlsx
TL001902,31 - 40,"05. 30,001-40,000",ผู้รับจ้างทั่วไป / ผู้ใช้แรงงาน,ธนาคารออมสินภาค 10,สินเชื่อเคหะ,DCO2026,2026-08-28 09:00:00,marketing.gsb,GSB_final_lead_list_2026-08-28.xlsx
TL001903,41 - 50,"02. 5,001-10,000",ผู้ประกอบธุรกิจ / เจ้าของกิจการ,ธนาคารออมสินภาค 13,สินเชื่อเคหะ,DCO2026,2026-08-28 09:00:00,marketing.gsb,GSB_final_lead_list_2026-08-28.xlsx
TL001904,20 - 30,"01. 0-5,000",พนักงานและลูกจ้างในหน่วยงานรัฐวิสาหกิจ,ธนาคารออมสินภาค 10,สินเชื่อเคหะ,DCO2026,2026-08-28 09:00:00,marketing.gsb,GSB_final_lead_list_2026-08-28.xlsx
TL001905,31 - 40,"05. 30,001-40,000",ข้าราชการและลูกจ้างในหน่วยงานของรัฐ,ธนาคารออมสินภาค 13,สินเชื่อเคหะ,DCO2026,2026-08-28 09:00:00,marketing.gsb,GSB_final_lead_list_2026-08-28.xlsx
TL001906,20 - 30,"07. >50,000",ผู้ประกอบธุรกิจ / เจ้าของกิจการ,ธนาคารออมสินภาค 10,สินเชื่อเคหะ,DCO2026,2026-08-28 09:00:00,marketing.gsb,GSB_final_lead_list_2026-08-28.xlsx
TL001907,31 - 40,"04. 20,001-30,000",ผู้ประกอบธุรกิจ / เจ้าของกิจการ,ธนาคารออมสินภาค 10,สินเชื่อเคหะ,DCO2026,2026-08-28 09:00:00,marketing.gsb,GSB_final_lead_list_2026-08-28.xlsx
TL001908,31 - 40,"06. 40,001-50,000",ข้าราชการและลูกจ้างในหน่วยงานของรัฐ,ธนาคารออมสินภาค 11,สินเชื่อเคหะ,DCO2026,2026-08-28 09:00:00,marketing.gsb,GSB_final_lead_list_2026-08-28.xlsx
TL001909,31 - 40,"01. 0-5,000",พนักงานและลูกจ้างในหน่วยงานรัฐวิสาหกิจ,ธนาคารออมสินภาค 1,สินเชื่อเคหะ,DCO2026,2026-08-28 09:00:00,marketing.gsb,GSB_final_lead_list_2026-08-28.xlsx
TL001910,31 - 40,"04. 20,001-30,000",ประกอบอาชีพอิสระ,ธนาคารออมสินภาค 10,สินเชื่อเคหะ,DCO2026,2026-08-28 09:00:00,marketing.gsb,GSB_final_lead_list_2026-08-28.xlsx
TL001911,41 - 50,"04. 20,001-30,000",ผู้ประกอบธุรกิจ / เจ้าของกิจการ,ธนาคารออมสินภาค 13,สินเชื่อเคหะ,DCO2026,2026-08-28 09:00:00,marketing.gsb,GSB_final_lead_list_2026-08-28.xlsx
TL001912,31 - 40,"05. 30,001-40,000",ประกอบอาชีพอิสระ,ธนาคารออมสินภาค 10,สินเชื่อเคหะ,DCO2026,2026-08-28 09:00:00,marketing.gsb,GSB_final_lead_list_2026-08-28.xlsx
TL001913,20 - 30,"05. 30,001-40,000",พนักงานและลูกจ้างในบริษัท,ธนาคารออมสินภาค 1,สินเชื่อเคหะ,DCO2026,2026-08-28 09:00:00,marketing.gsb,GSB_final_lead_list_2026-08-28.xlsx
TL001914,61 - 65,"06. 40,001-50,000",ข้าราชการและลูกจ้างในหน่วยงานของรัฐ,ธนาคารออมสินภาค 12,สินเชื่อเคหะ,DCO2026,2026-08-28 09:00:00,marketing.gsb,GSB_final_lead_list_2026-08-28.xlsx
TL001915,41 - 50,"03. 10,001-20,000",ผู้รับจ้างทั่วไป / ผู้ใช้แรงงาน,ธนาคารออมสินภาค 11,สินเชื่อเคหะ,DCO2026,2026-08-28 09:00:00,marketing.gsb,GSB_final_lead_list_2026-08-28.xlsx
TL001916,31 - 40,"05. 30,001-40,000",ผู้ประกอบธุรกิจ / เจ้าของกิจการ,ธนาคารออมสินภาค 1,สินเชื่อเคหะ,DCO2026,2026-08-28 09:00:00,marketing.gsb,GSB_final_lead_list_2026-08-28.xlsx
TL001917,51 - 60,"06. 40,001-50,000",ผู้ประกอบธุรกิจ / เจ้าของกิจการ,ธนาคารออมสินภาค 1,สินเชื่อเคหะ,DCO2026,2026-08-28 09:00:00,marketing.gsb,GSB_final_lead_list_2026-08-28.xlsx
TL001918,20 - 30,"04. 20,001-30,000",ผู้รับจ้างทั่วไป / ผู้ใช้แรงงาน,ธนาคารออมสินภาค 1,สินเชื่อเคหะ,DCO2026,2026-08-28 09:00:00,marketing.gsb,GSB_final_lead_list_2026-08-28.xlsx
TL001919,31 - 40,"04. 20,001-30,000",ประกอบอาชีพอิสระ,ธนาคารออมสินภาค 12,สินเชื่อเคหะ,DCO2026,2026-08-28 09:00:00,marketing.gsb,GSB_final_lead_list_2026-08-28.xlsx
TL001920,51 - 60,"07. >50,000",ข้าราชการและลูกจ้างในหน่วยงานของรัฐ,ธนาคารออมสินภาค 13,สินเชื่อเคหะ,DCO2026,2026-08-28 09:00:00,marketing.gsb,GSB_final_lead_list_2026-08-28.xlsx
TL001921,41 - 50,"01. 0-5,000",ผู้ประกอบธุรกิจ / เจ้าของกิจการ,ธนาคารออมสินภาค 12,สินเชื่อเคหะ,DCO2026,2026-08-28 09:00:00,marketing.gsb,GSB_final_lead_list_2026-08-28.xlsx
TL001922,20 - 30,"02. 5,001-10,000",ข้าราชการและลูกจ้างในหน่วยงานของรัฐ,ธนาคารออมสินภาค 12,สินเชื่อเคหะ,DCO2026,2026-08-28 09:00:00,marketing.gsb,GSB_final_lead_list_2026-08-28.xlsx
TL001923,31 - 40,"02. 5,001-10,000",พนักงานและลูกจ้างในบริษัท,ธนาคารออมสินภาค 10,สินเชื่อเคหะ,DCO2026,2026-08-28 09:00:00,marketing.gsb,GSB_final_lead_list_2026-08-28.xlsx
TL001924,Under 20,"06. 40,001-50,000",ประกอบวิชาชีพเฉพาะ,ธนาคารออมสินภาค 10,สินเชื่อเคหะ,DCO2026,2026-08-28 09:00:00,marketing.gsb,GSB_final_lead_list_2026-08-28.xlsx
TL001925,Under 20,"05. 30,001-40,000",ประกอบอาชีพอิสระ,ธนาคารออมสินภาค 10,สินเชื่อเคหะ,DCO2026,2026-08-28 09:00:00,marketing.gsb,GSB_final_lead_list_2026-08-28.xlsx
TL001926,61 - 65,"06. 40,001-50,000",พนักงานและลูกจ้างในหน่วยงานรัฐวิสาหกิจ,ธนาคารออมสินภาค 13,สินเชื่อเคหะ,DCO2026,2026-08-28 09:00:00,marketing.gsb,GSB_final_lead_list_2026-08-28.xlsx
TL001927,51 - 60,"05. 30,001-40,000",ประกอบวิชาชีพเฉพาะ,ธนาคารออมสินภาค 1,สินเชื่อเคหะ,DCO2026,2026-08-28 09:00:00,marketing.gsb,GSB_final_lead_list_2026-08-28.xlsx
TL001928,31 - 40,"05. 30,001-40,000",ผู้รับจ้างทั่วไป / ผู้ใช้แรงงาน,ธนาคารออมสินภาค 1,สินเชื่อเคหะ,DCO2026,2026-08-28 09:00:00,marketing.gsb,GSB_final_lead_list_2026-08-28.xlsx
TL001929,31 - 40,"04. 20,001-30,000",ข้าราชการและลูกจ้างในหน่วยงานของรัฐ,ธนาคารออมสินภาค 13,สินเชื่อเคหะ,DCO2026,2026-08-28 09:00:00,marketing.gsb,GSB_final_lead_list_2026-08-28.xlsx
TL001930,51 - 60,"04. 20,001-30,000",ประกอบวิชาชีพเฉพาะ,ธนาคารออมสินภาค 11,สินเชื่อเคหะ,DCO2026,2026-08-28 09:00:00,marketing.gsb,GSB_final_lead_list_2026-08-28.xlsx
TL001931,20 - 30,"05. 30,001-40,000",ผู้ประกอบธุรกิจ / เจ้าของกิจการ,ธนาคารออมสินภาค 12,สินเชื่อเคหะ,DCO2026,2026-08-28 09:00:00,marketing.gsb,GSB_final_lead_list_2026-08-28.xlsx
TL001932,61 - 65,"04. 20,001-30,000",ผู้รับจ้างทั่วไป / ผู้ใช้แรงงาน,ธนาคารออมสินภาค 13,สินเชื่อเคหะ,DCO2026,2026-08-28 09:00:00,marketing.gsb,GSB_final_lead_list_2026-08-28.xlsx
TL001933,51 - 60,"02. 5,001-10,000",พนักงานและลูกจ้างในหน่วยงานรัฐวิสาหกิจ,ธนาคารออมสินภาค 1,สินเชื่อเคหะ,DCO2026,2026-08-28 09:00:00,marketing.gsb,GSB_final_lead_list_2026-08-28.xlsx
TL001934,41 - 50,"01. 0-5,000",ข้าราชการและลูกจ้างในหน่วยงานของรัฐ,ธนาคารออมสินภาค 12,สินเชื่อเคหะ,DCO2026,2026-08-28 09:00:00,marketing.gsb,GSB_final_lead_list_2026-08-28.xlsx
TL001935,41 - 50,"07. >50,000",พนักงานและลูกจ้างในหน่วยงานรัฐวิสาหกิจ,ธนาคารออมสินภาค 1,สินเชื่อเคหะ,DCO2026,2026-08-28 09:00:00,marketing.gsb,GSB_final_lead_list_2026-08-28.xlsx
TL001936,20 - 30,"06. 40,001-50,000",ผู้รับจ้างทั่วไป / ผู้ใช้แรงงาน,ธนาคารออมสินภาค 10,สินเชื่อเคหะ,DCO2026,2026-08-28 09:00:00,marketing.gsb,GSB_final_lead_list_2026-08-28.xlsx
TL001937,31 - 40,"04. 20,001-30,000",ประกอบวิชาชีพเฉพาะ,ธนาคารออมสินภาค 13,สินเชื่อเคหะ,DCO2026,2026-08-28 09:00:00,marketing.gsb,GSB_final_lead_list_2026-08-28.xlsx
TL001938,31 - 40,"06. 40,001-50,000",พนักงานและลูกจ้างในบริษัท,ธนาคารออมสินภาค 1,สินเชื่อเคหะ,DCO2026,2026-08-28 09:00:00,marketing.gsb,GSB_final_lead_list_2026-08-28.xlsx
TL001939,20 - 30,"06. 40,001-50,000",ประกอบวิชาชีพเฉพาะ,ธนาคารออมสินภาค 12,สินเชื่อเคหะ,DCO2026,2026-08-28 09:00:00,marketing.gsb,GSB_final_lead_list_2026-08-28.xlsx
TL001940,20 - 30,"06. 40,001-50,000",พนักงานและลูกจ้างในหน่วยงานรัฐวิสาหกิจ,ธนาคารออมสินภาค 11,สินเชื่อเคหะ,DCO2026,2026-08-28 09:00:00,marketing.gsb,GSB_final_lead_list_2026-08-28.xlsx
TL001941,41 - 50,"05. 30,001-40,000",ผู้ประกอบธุรกิจ / เจ้าของกิจการ,ธนาคารออมสินภาค 10,สินเชื่อเคหะ,DCO2026,2026-08-28 09:00:00,marketing.gsb,GSB_final_lead_list_2026-08-28.xlsx
TL001942,41 - 50,"01. 0-5,000",ประกอบอาชีพอิสระ,ธนาคารออมสินภาค 10,สินเชื่อเคหะ,DCO2026,2026-08-28 09:00:00,marketing.gsb,GSB_final_lead_list_2026-08-28.xlsx
TL001943,41 - 50,"04. 20,001-30,000",ประกอบวิชาชีพเฉพาะ,ธนาคารออมสินภาค 11,สินเชื่อเคหะ,DCO2026,2026-08-28 09:00:00,marketing.gsb,GSB_final_lead_list_2026-08-28.xlsx
TL001944,31 - 40,"05. 30,001-40,000",พนักงานและลูกจ้างในบริษัท,ธนาคารออมสินภาค 13,สินเชื่อเคหะ,DCO2026,2026-08-28 09:00:00,marketing.gsb,GSB_final_lead_list_2026-08-28.xlsx
TL001945,31 - 40,"06. 40,001-50,000",พนักงานและลูกจ้างในหน่วยงานรัฐวิสาหกิจ,ธนาคารออมสินภาค 11,สินเชื่อเคหะ,DCO2026,2026-08-28 09:00:00,marketing.gsb,GSB_final_lead_list_2026-08-28.xlsx
TL001946,51 - 60,"05. 30,001-40,000",ผู้รับจ้างทั่วไป / ผู้ใช้แรงงาน,ธนาคารออมสินภาค 10,สินเชื่อเคหะ,DCO2026,2026-08-28 09:00:00,marketing.gsb,GSB_final_lead_list_2026-08-28.xlsx
TL001947,31 - 40,"07. >50,000",ประกอบวิชาชีพเฉพาะ,ธนาคารออมสินภาค 12,สินเชื่อเคหะ,DCO2026,2026-08-28 09:00:00,marketing.gsb,GSB_final_lead_list_2026-08-28.xlsx
TL001948,41 - 50,"02. 5,001-10,000",ผู้ประกอบธุรกิจ / เจ้าของกิจการ,ธนาคารออมสินภาค 1,สินเชื่อเคหะ,DCO2026,2026-08-28 09:00:00,marketing.gsb,GSB_final_lead_list_2026-08-28.xlsx
TL001949,41 - 50,"02. 5,001-10,000",พนักงานและลูกจ้างในหน่วยงานรัฐวิสาหกิจ,ธนาคารออมสินภาค 11,สินเชื่อเคหะ,DCO2026,2026-08-28 09:00:00,marketing.gsb,GSB_final_lead_list_2026-08-28.xlsx
TL001950,20 - 30,"06. 40,001-50,000",ประกอบวิชาชีพเฉพาะ,ธนาคารออมสินภาค 12,สินเชื่อเคหะ,DCO2026,2026-08-28 09:00:00,marketing.gsb,GSB_final_lead_list_2026-08-28.xlsx
TL001951,61 - 65,"05. 30,001-40,000",ข้าราชการและลูกจ้างในหน่วยงานของรัฐ,ธนาคารออมสินภาค 11,สินเชื่อเคหะ,DCO2026,2026-08-28 09:00:00,marketing.gsb,GSB_final_lead_list_2026-08-28.xlsx
TL001952,20 - 30,"04. 20,001-30,000",ผู้รับจ้างทั่วไป / ผู้ใช้แรงงาน,ธนาคารออมสินภาค 10,สินเชื่อเคหะ,DCO2026,2026-08-28 09:00:00,marketing.gsb,GSB_final_lead_list_2026-08-28.xlsx
TL001953,41 - 50,"07. >50,000",ข้าราชการและลูกจ้างในหน่วยงานของรัฐ,ธนาคารออมสินภาค 12,สินเชื่อเคหะ,DCO2026,2026-08-28 09:00:00,marketing.gsb,GSB_final_lead_list_2026-08-28.xlsx
TL001954,31 - 40,"05. 30,001-40,000",ประกอบอาชีพอิสระ,ธนาคารออมสินภาค 11,สินเชื่อเคหะ,DCO2026,2026-08-28 09:00:00,marketing.gsb,GSB_final_lead_list_2026-08-28.xlsx
TL001955,20 - 30,"03. 10,001-20,000",พนักงานและลูกจ้างในหน่วยงานรัฐวิสาหกิจ,ธนาคารออมสินภาค 13,สินเชื่อเคหะ,DCO2026,2026-08-28 09:00:00,marketing.gsb,GSB_final_lead_list_2026-08-28.xlsx
TL001956,41 - 50,"03. 10,001-20,000",ผู้ประกอบธุรกิจ / เจ้าของกิจการ,ธนาคารออมสินภาค 13,สินเชื่อเคหะ,DCO2026,2026-08-28 09:00:00,marketing.gsb,GSB_final_lead_list_2026-08-28.xlsx
TL001957,31 - 40,"05. 30,001-40,000",ประกอบวิชาชีพเฉพาะ,ธนาคารออมสินภาค 1,สินเชื่อเคหะ,DCO2026,2026-08-28 09:00:00,marketing.gsb,GSB_final_lead_list_2026-08-28.xlsx
TL001958,20 - 30,"05. 30,001-40,000",ประกอบอาชีพอิสระ,ธนาคารออมสินภาค 1,สินเชื่อเคหะ,DCO2026,2026-08-28 09:00:00,marketing.gsb,GSB_final_lead_list_2026-08-28.xlsx
TL001959,20 - 30,"06. 40,001-50,000",ผู้รับจ้างทั่วไป / ผู้ใช้แรงงาน,ธนาคารออมสินภาค 12,สินเชื่อเคหะ,DCO2026,2026-08-28 09:00:00,marketing.gsb,GSB_final_lead_list_2026-08-28.xlsx
TL001960,31 - 40,"02. 5,001-10,000",พนักงานและลูกจ้างในหน่วยงานรัฐวิสาหกิจ,ธนาคารออมสินภาค 11,สินเชื่อเคหะ,DCO2026,2026-08-28 09:00:00,marketing.gsb,GSB_final_lead_list_2026-08-28.xlsx
TL001961,20 - 30,"05. 30,001-40,000",ผู้ประกอบธุรกิจ / เจ้าของกิจการ,ธนาคารออมสินภาค 1,สินเชื่อเคหะ,DCO2026,2026-08-28 09:00:00,marketing.gsb,GSB_final_lead_list_2026-08-28.xlsx
TL001962,41 - 50,"06. 40,001-50,000",พนักงานและลูกจ้างในบริษัท,ธนาคารออมสินภาค 12,สินเชื่อเคหะ,DCO2026,2026-08-28 09:00:00,marketing.gsb,GSB_final_lead_list_2026-08-28.xlsx
TL001963,41 - 50,"06. 40,001-50,000",ผู้รับจ้างทั่วไป / ผู้ใช้แรงงาน,ธนาคารออมสินภาค 12,สินเชื่อเคหะ,DCO2026,2026-08-28 09:00:00,marketing.gsb,GSB_final_lead_list_2026-08-28.xlsx
TL001964,51 - 60,"01. 0-5,000",พนักงานและลูกจ้างในบริษัท,ธนาคารออมสินภาค 1,สินเชื่อเคหะ,DCO2026,2026-08-28 09:00:00,marketing.gsb,GSB_final_lead_list_2026-08-28.xlsx
TL001965,20 - 30,"06. 40,001-50,000",ผู้ประกอบธุรกิจ / เจ้าของกิจการ,ธนาคารออมสินภาค 13,สินเชื่อเคหะ,DCO2026,2026-08-28 09:00:00,marketing.gsb,GSB_final_lead_list_2026-08-28.xlsx
TL001966,31 - 40,"06. 40,001-50,000",ประกอบวิชาชีพเฉพาะ,ธนาคารออมสินภาค 13,สินเชื่อเคหะ,DCO2026,2026-08-28 09:00:00,marketing.gsb,GSB_final_lead_list_2026-08-28.xlsx
TL001967,20 - 30,"05. 30,001-40,000",ประกอบอาชีพอิสระ,ธนาคารออมสินภาค 10,สินเชื่อเคหะ,DCO2026,2026-08-28 09:00:00,marketing.gsb,GSB_final_lead_list_2026-08-28.xlsx
TL001968,20 - 30,"02. 5,001-10,000",ประกอบวิชาชีพเฉพาะ,ธนาคารออมสินภาค 10,สินเชื่อเคหะ,DCO2026,2026-08-28 09:00:00,marketing.gsb,GSB_final_lead_list_2026-08-28.xlsx
TL001969,31 - 40,"01. 0-5,000",ข้าราชการและลูกจ้างในหน่วยงานของรัฐ,ธนาคารออมสินภาค 1,สินเชื่อเคหะ,DCO2026,2026-08-28 09:00:00,marketing.gsb,GSB_final_lead_list_2026-08-28.xlsx
TL001970,20 - 30,"05. 30,001-40,000",ผู้รับจ้างทั่วไป / ผู้ใช้แรงงาน,ธนาคารออมสินภาค 1,สินเชื่อเคหะ,DCO2026,2026-08-28 09:00:00,marketing.gsb,GSB_final_lead_list_2026-08-28.xlsx
TL001971,41 - 50,"04. 20,001-30,000",ผู้รับจ้างทั่วไป / ผู้ใช้แรงงาน,ธนาคารออมสินภาค 13,สินเชื่อเคหะ,DCO2026,2026-08-28 09:00:00,marketing.gsb,GSB_final_lead_list_2026-08-28.xlsx
TL001972,31 - 40,"02. 5,001-10,000",พนักงานและลูกจ้างในหน่วยงานรัฐวิสาหกิจ,ธนาคารออมสินภาค 13,สินเชื่อเคหะ,DCO2026,2026-08-28 09:00:00,marketing.gsb,GSB_final_lead_list_2026-08-28.xlsx
TL001973,20 - 30,"01. 0-5,000",พนักงานและลูกจ้างในบริษัท,ธนาคารออมสินภาค 1,สินเชื่อเคหะ,DCO2026,2026-08-28 09:00:00,marketing.gsb,GSB_final_lead_list_2026-08-28.xlsx
TL001974,61 - 65,"04. 20,001-30,000",ผู้ประกอบธุรกิจ / เจ้าของกิจการ,ธนาคารออมสินภาค 1,สินเชื่อเคหะ,DCO2026,2026-08-28 09:00:00,marketing.gsb,GSB_final_lead_list_2026-08-28.xlsx
TL001975,20 - 30,"04. 20,001-30,000",พนักงานและลูกจ้างในหน่วยงานรัฐวิสาหกิจ,ธนาคารออมสินภาค 10,สินเชื่อเคหะ,DCO2026,2026-08-28 09:00:00,marketing.gsb,GSB_final_lead_list_2026-08-28.xlsx
TL001976,31 - 40,"06. 40,001-50,000",พนักงานและลูกจ้างในบริษัท,ธนาคารออมสินภาค 12,สินเชื่อเคหะ,DCO2026,2026-08-28 09:00:00,marketing.gsb,GSB_final_lead_list_2026-08-28.xlsx
TL001977,20 - 30,"04. 20,001-30,000",ประกอบวิชาชีพเฉพาะ,ธนาคารออมสินภาค 10,สินเชื่อเคหะ,DCO2026,2026-08-28 09:00:00,marketing.gsb,GSB_final_lead_list_2026-08-28.xlsx
TL001978,61 - 65,"06. 40,001-50,000",ประกอบวิชาชีพเฉพาะ,ธนาคารออมสินภาค 11,สินเชื่อเคหะ,DCO2026,2026-08-28 09:00:00,marketing.gsb,GSB_final_lead_list_2026-08-28.xlsx
TL001979,51 - 60,"06. 40,001-50,000",พนักงานและลูกจ้างในหน่วยงานรัฐวิสาหกิจ,ธนาคารออมสินภาค 13,สินเชื่อเคหะ,DCO2026,2026-08-28 09:00:00,marketing.gsb,GSB_final_lead_list_2026-08-28.xlsx
TL001980,51 - 60,"04. 20,001-30,000",พนักงานและลูกจ้างในบริษัท,ธนาคารออมสินภาค 11,สินเชื่อเคหะ,DCO2026,2026-08-28 09:00:00,marketing.gsb,GSB_final_lead_list_2026-08-28.xlsx
TL001981,41 - 50,"02. 5,001-10,000",ข้าราชการและลูกจ้างในหน่วยงานของรัฐ,ธนาคารออมสินภาค 10,สินเชื่อเคหะ,DCO2026,2026-08-28 09:00:00,marketing.gsb,GSB_final_lead_list_2026-08-28.xlsx
TL001982,Under 20,"03. 10,001-20,000",ผู้ประกอบธุรกิจ / เจ้าของกิจการ,ธนาคารออมสินภาค 11,สินเชื่อเคหะ,DCO2026,2026-08-28 09:00:00,marketing.gsb,GSB_final_lead_list_2026-08-28.xlsx
TL001983,31 - 40,"06. 40,001-50,000",ข้าราชการและลูกจ้างในหน่วยงานของรัฐ,ธนาคารออมสินภาค 10,สินเชื่อเคหะ,DCO2026,2026-08-28 09:00:00,marketing.gsb,GSB_final_lead_list_2026-08-28.xlsx
TL001984,31 - 40,"06. 40,001-50,000",ผู้รับจ้างทั่วไป / ผู้ใช้แรงงาน,ธนาคารออมสินภาค 12,สินเชื่อเคหะ,DCO2026,2026-08-28 09:00:00,marketing.gsb,GSB_final_lead_list_2026-08-28.xlsx
TL001985,31 - 40,"06. 40,001-50,000",ผู้รับจ้างทั่วไป / ผู้ใช้แรงงาน,ธนาคารออมสินภาค 13,สินเชื่อเคหะ,DCO2026,2026-08-28 09:00:00,marketing.gsb,GSB_final_lead_list_2026-08-28.xlsx
TL001986,20 - 30,"07. >50,000",พนักงานและลูกจ้างในหน่วยงานรัฐวิสาหกิจ,ธนาคารออมสินภาค 10,สินเชื่อเคหะ,DCO2026,2026-08-28 09:00:00,marketing.gsb,GSB_final_lead_list_2026-08-28.xlsx
TL001987,31 - 40,"05. 30,001-40,000",พนักงานและลูกจ้างในบริษัท,ธนาคารออมสินภาค 11,สินเชื่อเคหะ,DCO2026,2026-08-28 09:00:00,marketing.gsb,GSB_final_lead_list_2026-08-28.xlsx
TL001988,31 - 40,"06. 40,001-50,000",ผู้ประกอบธุรกิจ / เจ้าของกิจการ,ธนาคารออมสินภาค 12,สินเชื่อเคหะ,DCO2026,2026-08-28 09:00:00,marketing.gsb,GSB_final_lead_list_2026-08-28.xlsx
TL001989,20 - 30,"06. 40,001-50,000",ข้าราชการและลูกจ้างในหน่วยงานของรัฐ,ธนาคารออมสินภาค 10,สินเชื่อเคหะ,DCO2026,2026-08-28 09:00:00,marketing.gsb,GSB_final_lead_list_2026-08-28.xlsx
TL001990,51 - 60,"05. 30,001-40,000",ผู้รับจ้างทั่วไป / ผู้ใช้แรงงาน,ธนาคารออมสินภาค 10,สินเชื่อเคหะ,DCO2026,2026-08-28 09:00:00,marketing.gsb,GSB_final_lead_list_2026-08-28.xlsx
TL001991,41 - 50,"06. 40,001-50,000",ประกอบอาชีพอิสระ,ธนาคารออมสินภาค 13,สินเชื่อเคหะ,DCO2026,2026-08-28 09:00:00,marketing.gsb,GSB_final_lead_list_2026-08-28.xlsx
TL001992,31 - 40,"01. 0-5,000",ประกอบวิชาชีพเฉพาะ,ธนาคารออมสินภาค 10,สินเชื่อเคหะ,DCO2026,2026-08-28 09:00:00,marketing.gsb,GSB_final_lead_list_2026-08-28.xlsx
TL001993,51 - 60,"02. 5,001-10,000",ประกอบอาชีพอิสระ,ธนาคารออมสินภาค 11,สินเชื่อเคหะ,DCO2026,2026-08-28 09:00:00,marketing.gsb,GSB_final_lead_list_2026-08-28.xlsx
TL001994,31 - 40,"03. 10,001-20,000",พนักงานและลูกจ้างในหน่วยงานรัฐวิสาหกิจ,ธนาคารออมสินภาค 12,สินเชื่อเคหะ,DCO2026,2026-08-28 09:00:00,marketing.gsb,GSB_final_lead_list_2026-08-28.xlsx
TL001995,20 - 30,"04. 20,001-30,000",ประกอบอาชีพอิสระ,ธนาคารออมสินภาค 13,สินเชื่อเคหะ,DCO2026,2026-08-28 09:00:00,marketing.gsb,GSB_final_lead_list_2026-08-28.xlsx
TL001996,41 - 50,"03. 10,001-20,000",พนักงานและลูกจ้างในหน่วยงานรัฐวิสาหกิจ,ธนาคารออมสินภาค 1,สินเชื่อเคหะ,DCO2026,2026-08-28 09:00:00,marketing.gsb,GSB_final_lead_list_2026-08-28.xlsx
TL001997,Under 20,"04. 20,001-30,000",ผู้รับจ้างทั่วไป / ผู้ใช้แรงงาน,ธนาคารออมสินภาค 13,สินเชื่อเคหะ,DCO2026,2026-08-28 09:00:00,marketing.gsb,GSB_final_lead_list_2026-08-28.xlsx
TL001998,41 - 50,"04. 20,001-30,000",ข้าราชการและลูกจ้างในหน่วยงานของรัฐ,ธนาคารออมสินภาค 1,สินเชื่อเคหะ,DCO2026,2026-08-28 09:00:00,marketing.gsb,GSB_final_lead_list_2026-08-28.xlsx
TL001999,41 - 50,"06. 40,001-50,000",ประกอบวิชาชีพเฉพาะ,ธนาคารออมสินภาค 12,สินเชื่อเคหะ,DCO2026,2026-08-28 09:00:00,marketing.gsb,GSB_final_lead_list_2026-08-28.xlsx
TL002000,20 - 30,"01. 0-5,000",พนักงานและลูกจ้างในหน่วยงานรัฐวิสาหกิจ,ธนาคารออมสินภาค 12,สินเชื่อเคหะ,DCO2026,2026-08-28 09:00:00,marketing.gsb,GSB_final_lead_list_2026-08-28.xlsx
TL002001,31 - 40,"04. 20,001-30,000",พนักงานและลูกจ้างในหน่วยงานรัฐวิสาหกิจ,ธนาคารออมสินภาค 1,สินเชื่อเคหะ,DCO2026,2026-08-28 09:00:00,marketing.gsb,GSB_final_lead_list_2026-08-28.xlsx
TL002002,31 - 40,"05. 30,001-40,000",ผู้รับจ้างทั่วไป / ผู้ใช้แรงงาน,ธนาคารออมสินภาค 12,สินเชื่อเคหะ,DCO2026,2026-08-28 09:00:00,marketing.gsb,GSB_final_lead_list_2026-08-28.xlsx
TL002003,20 - 30,"06. 40,001-50,000",พนักงานและลูกจ้างในบริษัท,ธนาคารออมสินภาค 13,สินเชื่อเคหะ,DCO2026,2026-08-28 09:00:00,marketing.gsb,GSB_final_lead_list_2026-08-28.xlsx
TL002004,41 - 50,"04. 20,001-30,000",พนักงานและลูกจ้างในหน่วยงานรัฐวิสาหกิจ,ธนาคารออมสินภาค 11,สินเชื่อเคหะ,DCO2026,2026-08-28 09:00:00,marketing.gsb,GSB_final_lead_list_2026-08-28.xlsx
TL002005,61 - 65,"07. >50,000",พนักงานและลูกจ้างในบริษัท,ธนาคารออมสินภาค 11,สินเชื่อเคหะ,DCO2026,2026-08-28 09:00:00,marketing.gsb,GSB_final_lead_list_2026-08-28.xlsx
TL002006,51 - 60,"04. 20,001-30,000",ข้าราชการและลูกจ้างในหน่วยงานของรัฐ,ธนาคารออมสินภาค 10,สินเชื่อเคหะ,DCO2026,2026-08-28 09:00:00,marketing.gsb,GSB_final_lead_list_2026-08-28.xlsx
TL002007,20 - 30,"07. >50,000",พนักงานและลูกจ้างในบริษัท,ธนาคารออมสินภาค 11,สินเชื่อเคหะ,DCO2026,2026-08-28 09:00:00,marketing.gsb,GSB_final_lead_list_2026-08-28.xlsx
TL002008,41 - 50,"06. 40,001-50,000",ผู้รับจ้างทั่วไป / ผู้ใช้แรงงาน,ธนาคารออมสินภาค 1,สินเชื่อเคหะ,DCO2026,2026-08-28 09:00:00,marketing.gsb,GSB_final_lead_list_2026-08-28.xlsx
TL002009,20 - 30,"04. 20,001-30,000",ข้าราชการและลูกจ้างในหน่วยงานของรัฐ,ธนาคารออมสินภาค 13,สินเชื่อเคหะ,DCO2026,2026-08-28 09:00:00,marketing.gsb,GSB_final_lead_list_2026-08-28.xlsx
TL002010,31 - 40,"06. 40,001-50,000",พนักงานและลูกจ้างในบริษัท,ธนาคารออมสินภาค 10,สินเชื่อเคหะ,DCO2026,2026-08-28 09:00:00,marketing.gsb,GSB_final_lead_list_2026-08-28.xlsx
TL002011,51 - 60,"07. >50,000",ประกอบอาชีพอิสระ,ธนาคารออมสินภาค 1,สินเชื่อเคหะ,DCO2026,2026-08-28 09:00:00,marketing.gsb,GSB_final_lead_list_2026-08-28.xlsx
TL002012,31 - 40,"02. 5,001-10,000",ข้าราชการและลูกจ้างในหน่วยงานของรัฐ,ธนาคารออมสินภาค 13,สินเชื่อเคหะ,DCO2026,2026-08-28 09:00:00,marketing.gsb,GSB_final_lead_list_2026-08-28.xlsx
TL002013,31 - 40,"07. >50,000",ประกอบวิชาชีพเฉพาะ,ธนาคารออมสินภาค 1,สินเชื่อเคหะ,DCO2026,2026-08-28 09:00:00,marketing.gsb,GSB_final_lead_list_2026-08-28.xlsx
TL002014,41 - 50,"05. 30,001-40,000",ผู้ประกอบธุรกิจ / เจ้าของกิจการ,ธนาคารออมสินภาค 13,สินเชื่อเคหะ,DCO2026,2026-08-28 09:00:00,marketing.gsb,GSB_final_lead_list_2026-08-28.xlsx
TL002015,31 - 40,"06. 40,001-50,000",พนักงานและลูกจ้างในหน่วยงานรัฐวิสาหกิจ,ธนาคารออมสินภาค 12,สินเชื่อเคหะ,DCO2026,2026-08-28 09:00:00,marketing.gsb,GSB_final_lead_list_2026-08-28.xlsx
TL002016,61 - 65,"05. 30,001-40,000",ผู้ประกอบธุรกิจ / เจ้าของกิจการ,ธนาคารออมสินภาค 1,สินเชื่อเคหะ,DCO2026,2026-08-28 09:00:00,marketing.gsb,GSB_final_lead_list_2026-08-28.xlsx
TL002017,31 - 40,"01. 0-5,000",พนักงานและลูกจ้างในหน่วยงานรัฐวิสาหกิจ,ธนาคารออมสินภาค 1,สินเชื่อเคหะ,DCO2026,2026-08-28 09:00:00,marketing.gsb,GSB_final_lead_list_2026-08-28.xlsx
TL002018,31 - 40,"05. 30,001-40,000",ผู้ประกอบธุรกิจ / เจ้าของกิจการ,ธนาคารออมสินภาค 10,สินเชื่อเคหะ,DCO2026,2026-08-28 09:00:00,marketing.gsb,GSB_final_lead_list_2026-08-28.xlsx
TL002019,31 - 40,"02. 5,001-10,000",ข้าราชการและลูกจ้างในหน่วยงานของรัฐ,ธนาคารออมสินภาค 11,สินเชื่อเคหะ,DCO2026,2026-08-28 09:00:00,marketing.gsb,GSB_final_lead_list_2026-08-28.xlsx
TL002020,20 - 30,"01. 0-5,000",ผู้ประกอบธุรกิจ / เจ้าของกิจการ,ธนาคารออมสินภาค 1,สินเชื่อเคหะ,DCO2026,2026-08-28 09:00:00,marketing.gsb,GSB_final_lead_list_2026-08-28.xlsx
TL002021,Under 20,"02. 5,001-10,000",ประกอบวิชาชีพเฉพาะ,ธนาคารออมสินภาค 10,สินเชื่อเคหะ,DCO2026,2026-08-28 09:00:00,marketing.gsb,GSB_final_lead_list_2026-08-28.xlsx
TL002022,20 - 30,"03. 10,001-20,000",ผู้รับจ้างทั่วไป / ผู้ใช้แรงงาน,ธนาคารออมสินภาค 13,สินเชื่อเคหะ,DCO2026,2026-08-28 09:00:00,marketing.gsb,GSB_final_lead_list_2026-08-28.xlsx
TL002023,41 - 50,"04. 20,001-30,000",ผู้ประกอบธุรกิจ / เจ้าของกิจการ,ธนาคารออมสินภาค 1,สินเชื่อเคหะ,DCO2026,2026-08-28 09:00:00,marketing.gsb,GSB_final_lead_list_2026-08-28.xlsx
TL002024,65 Up,"02. 5,001-10,000",ประกอบวิชาชีพเฉพาะ,ธนาคารออมสินภาค 12,สินเชื่อเคหะ,DCO2026,2026-08-28 09:00:00,marketing.gsb,GSB_final_lead_list_2026-08-28.xlsx
TL002025,41 - 50,"01. 0-5,000",พนักงานและลูกจ้างในหน่วยงานรัฐวิสาหกิจ,ธนาคารออมสินภาค 11,สินเชื่อเคหะ,DCO2026,2026-08-28 09:00:00,marketing.gsb,GSB_final_lead_list_2026-08-28.xlsx
TL002026,31 - 40,"04. 20,001-30,000",ผู้รับจ้างทั่วไป / ผู้ใช้แรงงาน,ธนาคารออมสินภาค 1,สินเชื่อเคหะ,DCO2026,2026-08-28 09:00:00,marketing.gsb,GSB_final_lead_list_2026-08-28.xlsx
TL002027,51 - 60,"05. 30,001-40,000",ผู้รับจ้างทั่วไป / ผู้ใช้แรงงาน,ธนาคารออมสินภาค 12,สินเชื่อเคหะ,DCO2026,2026-08-28 09:00:00,marketing.gsb,GSB_final_lead_list_2026-08-28.xlsx
TL002028,31 - 40,"02. 5,001-10,000",ผู้รับจ้างทั่วไป / ผู้ใช้แรงงาน,ธนาคารออมสินภาค 11,สินเชื่อเคหะ,DCO2026,2026-08-28 09:00:00,marketing.gsb,GSB_final_lead_list_2026-08-28.xlsx
TL002029,51 - 60,"06. 40,001-50,000",พนักงานและลูกจ้างในบริษัท,ธนาคารออมสินภาค 10,สินเชื่อเคหะ,DCO2026,2026-08-28 09:00:00,marketing.gsb,GSB_final_lead_list_2026-08-28.xlsx
TL002030,65 Up,"02. 5,001-10,000",ประกอบอาชีพอิสระ,ธนาคารออมสินภาค 11,สินเชื่อเคหะ,DCO2026,2026-08-28 09:00:00,marketing.gsb,GSB_final_lead_list_2026-08-28.xlsx
TL002031,20 - 30,"04. 20,001-30,000",พนักงานและลูกจ้างในบริษัท,ธนาคารออมสินภาค 1,สินเชื่อเคหะ,DCO2026,2026-08-28 09:00:00,marketing.gsb,GSB_final_lead_list_2026-08-28.xlsx
TL002032,51 - 60,"05. 30,001-40,000",พนักงานและลูกจ้างในหน่วยงานรัฐวิสาหกิจ,ธนาคารออมสินภาค 1,สินเชื่อเคหะ,DCO2026,2026-08-28 09:00:00,marketing.gsb,GSB_final_lead_list_2026-08-28.xlsx
TL002033,51 - 60,"04. 20,001-30,000",ข้าราชการและลูกจ้างในหน่วยงานของรัฐ,ธนาคารออมสินภาค 11,สินเชื่อเคหะ,DCO2026,2026-08-28 09:00:00,marketing.gsb,GSB_final_lead_list_2026-08-28.xlsx
TL002034,20 - 30,"01. 0-5,000",ข้าราชการและลูกจ้างในหน่วยงานของรัฐ,ธนาคารออมสินภาค 11,สินเชื่อเคหะ,DCO2026,2026-08-28 09:00:00,marketing.gsb,GSB_final_lead_list_2026-08-28.xlsx
TL002035,20 - 30,"04. 20,001-30,000",พนักงานและลูกจ้างในบริษัท,ธนาคารออมสินภาค 11,สินเชื่อเคหะ,DCO2026,2026-08-28 09:00:00,marketing.gsb,GSB_final_lead_list_2026-08-28.xlsx
TL002036,41 - 50,"02. 5,001-10,000",ประกอบวิชาชีพเฉพาะ,ธนาคารออมสินภาค 10,สินเชื่อเคหะ,DCO2026,2026-08-28 09:00:00,marketing.gsb,GSB_final_lead_list_2026-08-28.xlsx
TL002037,41 - 50,"05. 30,001-40,000",ประกอบวิชาชีพเฉพาะ,ธนาคารออมสินภาค 10,สินเชื่อเคหะ,DCO2026,2026-08-28 09:00:00,marketing.gsb,GSB_final_lead_list_2026-08-28.xlsx
TL002038,65 Up,"05. 30,001-40,000",พนักงานและลูกจ้างในหน่วยงานรัฐวิสาหกิจ,ธนาคารออมสินภาค 12,สินเชื่อเคหะ,DCO2026,2026-08-28 09:00:00,marketing.gsb,GSB_final_lead_list_2026-08-28.xlsx
TL002039,20 - 30,"01. 0-5,000",ผู้รับจ้างทั่วไป / ผู้ใช้แรงงาน,ธนาคารออมสินภาค 11,สินเชื่อเคหะ,DCO2026,2026-08-28 09:00:00,marketing.gsb,GSB_final_lead_list_2026-08-28.xlsx
TL002040,51 - 60,"07. >50,000",ประกอบวิชาชีพเฉพาะ,ธนาคารออมสินภาค 1,สินเชื่อเคหะ,DCO2026,2026-08-28 09:00:00,marketing.gsb,GSB_final_lead_list_2026-08-28.xlsx
TL002041,31 - 40,"06. 40,001-50,000",พนักงานและลูกจ้างในบริษัท,ธนาคารออมสินภาค 12,สินเชื่อเคหะ,DCO2026,2026-08-28 09:00:00,marketing.gsb,GSB_final_lead_list_2026-08-28.xlsx
TL002042,31 - 40,"02. 5,001-10,000",ประกอบอาชีพอิสระ,ธนาคารออมสินภาค 10,สินเชื่อเคหะ,DCO2026,2026-08-28 09:00:00,marketing.gsb,GSB_final_lead_list_2026-08-28.xlsx
TL002043,31 - 40,"04. 20,001-30,000",ผู้ประกอบธุรกิจ / เจ้าของกิจการ,ธนาคารออมสินภาค 1,สินเชื่อเคหะ,DCO2026,2026-08-28 09:00:00,marketing.gsb,GSB_final_lead_list_2026-08-28.xlsx
TL002044,51 - 60,"04. 20,001-30,000",ประกอบอาชีพอิสระ,ธนาคารออมสินภาค 12,สินเชื่อเคหะ,DCO2026,2026-08-28 09:00:00,marketing.gsb,GSB_final_lead_list_2026-08-28.xlsx
TL002045,31 - 40,"05. 30,001-40,000",ผู้รับจ้างทั่วไป / ผู้ใช้แรงงาน,ธนาคารออมสินภาค 1,สินเชื่อเคหะ,DCO2026,2026-08-28 09:00:00,marketing.gsb,GSB_final_lead_list_2026-08-28.xlsx
TL002046,31 - 40,"05. 30,001-40,000",ประกอบอาชีพอิสระ,ธนาคารออมสินภาค 10,สินเชื่อเคหะ,DCO2026,2026-08-28 09:00:00,marketing.gsb,GSB_final_lead_list_2026-08-28.xlsx
TL002047,31 - 40,"04. 20,001-30,000",พนักงานและลูกจ้างในบริษัท,ธนาคารออมสินภาค 11,สินเชื่อเคหะ,DCO2026,2026-08-28 09:00:00,marketing.gsb,GSB_final_lead_list_2026-08-28.xlsx
TL002048,31 - 40,"04. 20,001-30,000",พนักงานและลูกจ้างในบริษัท,ธนาคารออมสินภาค 12,สินเชื่อเคหะ,DCO2026,2026-08-28 09:00:00,marketing.gsb,GSB_final_lead_list_2026-08-28.xlsx
TL002049,31 - 40,"04. 20,001-30,000",ประกอบวิชาชีพเฉพาะ,ธนาคารออมสินภาค 11,สินเชื่อเคหะ,DCO2026,2026-08-28 09:00:00,marketing.gsb,GSB_final_lead_list_2026-08-28.xlsx
TL002050,51 - 60,"05. 30,001-40,000",ผู้ประกอบธุรกิจ / เจ้าของกิจการ,ธนาคารออมสินภาค 10,สินเชื่อเคหะ,DCO2026,2026-08-28 09:00:00,marketing.gsb,GSB_final_lead_list_2026-08-28.xlsx
TL002051,65 Up,"06. 40,001-50,000",ประกอบอาชีพอิสระ,ธนาคารออมสินภาค 10,สินเชื่อเคหะ,DCO2026,2026-08-28 09:00:00,marketing.gsb,GSB_final_lead_list_2026-08-28.xlsx
TL002052,20 - 30,"06. 40,001-50,000",ข้าราชการและลูกจ้างในหน่วยงานของรัฐ,ธนาคารออมสินภาค 10,สินเชื่อเคหะ,DCO2026,2026-08-28 09:00:00,marketing.gsb,GSB_final_lead_list_2026-08-28.xlsx
TL002053,20 - 30,"06. 40,001-50,000",ผู้รับจ้างทั่วไป / ผู้ใช้แรงงาน,ธนาคารออมสินภาค 13,สินเชื่อเคหะ,DCO2026,2026-08-28 09:00:00,marketing.gsb,GSB_final_lead_list_2026-08-28.xlsx
TL002054,31 - 40,"06. 40,001-50,000",พนักงานและลูกจ้างในบริษัท,ธนาคารออมสินภาค 10,สินเชื่อเคหะ,DCO2026,2026-08-28 09:00:00,marketing.gsb,GSB_final_lead_list_2026-08-28.xlsx
TL002055,41 - 50,"04. 20,001-30,000",ผู้รับจ้างทั่วไป / ผู้ใช้แรงงาน,ธนาคารออมสินภาค 11,สินเชื่อเคหะ,DCO2026,2026-08-28 09:00:00,marketing.gsb,GSB_final_lead_list_2026-08-28.xlsx
TL002056,20 - 30,"04. 20,001-30,000",ผู้ประกอบธุรกิจ / เจ้าของกิจการ,ธนาคารออมสินภาค 12,สินเชื่อเคหะ,DCO2026,2026-08-28 09:00:00,marketing.gsb,GSB_final_lead_list_2026-08-28.xlsx
TL002057,51 - 60,"04. 20,001-30,000",ข้าราชการและลูกจ้างในหน่วยงานของรัฐ,ธนาคารออมสินภาค 13,สินเชื่อเคหะ,DCO2026,2026-08-28 09:00:00,marketing.gsb,GSB_final_lead_list_2026-08-28.xlsx
TL002058,41 - 50,"02. 5,001-10,000",พนักงานและลูกจ้างในบริษัท,ธนาคารออมสินภาค 11,สินเชื่อเคหะ,DCO2026,2026-08-28 09:00:00,marketing.gsb,GSB_final_lead_list_2026-08-28.xlsx
TL002059,20 - 30,"05. 30,001-40,000",ประกอบอาชีพอิสระ,ธนาคารออมสินภาค 10,สินเชื่อเคหะ,DCO2026,2026-08-28 09:00:00,marketing.gsb,GSB_final_lead_list_2026-08-28.xlsx
TL002060,31 - 40,"05. 30,001-40,000",ผู้รับจ้างทั่วไป / ผู้ใช้แรงงาน,ธนาคารออมสินภาค 1,สินเชื่อเคหะ,DCO2026,2026-08-28 09:00:00,marketing.gsb,GSB_final_lead_list_2026-08-28.xlsx
TL002061,41 - 50,"01. 0-5,000",พนักงานและลูกจ้างในหน่วยงานรัฐวิสาหกิจ,ธนาคารออมสินภาค 13,สินเชื่อเคหะ,DCO2026,2026-08-28 09:00:00,marketing.gsb,GSB_final_lead_list_2026-08-28.xlsx
TL002062,51 - 60,"07. >50,000",ประกอบวิชาชีพเฉพาะ,ธนาคารออมสินภาค 13,สินเชื่อเคหะ,DCO2026,2026-08-28 09:00:00,marketing.gsb,GSB_final_lead_list_2026-08-28.xlsx
TL002063,61 - 65,"02. 5,001-10,000",พนักงานและลูกจ้างในหน่วยงานรัฐวิสาหกิจ,ธนาคารออมสินภาค 1,สินเชื่อเคหะ,DCO2026,2026-08-28 09:00:00,marketing.gsb,GSB_final_lead_list_2026-08-28.xlsx
TL002064,20 - 30,"01. 0-5,000",พนักงานและลูกจ้างในบริษัท,ธนาคารออมสินภาค 11,สินเชื่อเคหะ,DCO2026,2026-08-28 09:00:00,marketing.gsb,GSB_final_lead_list_2026-08-28.xlsx
TL002065,51 - 60,"04. 20,001-30,000",ผู้รับจ้างทั่วไป / ผู้ใช้แรงงาน,ธนาคารออมสินภาค 13,สินเชื่อเคหะ,DCO2026,2026-08-28 09:00:00,marketing.gsb,GSB_final_lead_list_2026-08-28.xlsx
TL002066,31 - 40,"05. 30,001-40,000",ประกอบอาชีพอิสระ,ธนาคารออมสินภาค 1,สินเชื่อเคหะ,DCO2026,2026-08-28 09:00:00,marketing.gsb,GSB_final_lead_list_2026-08-28.xlsx
TL002067,31 - 40,"06. 40,001-50,000",ประกอบอาชีพอิสระ,ธนาคารออมสินภาค 11,สินเชื่อเคหะ,DCO2026,2026-08-28 09:00:00,marketing.gsb,GSB_final_lead_list_2026-08-28.xlsx
TL002068,20 - 30,"01. 0-5,000",ข้าราชการและลูกจ้างในหน่วยงานของรัฐ,ธนาคารออมสินภาค 10,สินเชื่อเคหะ,DCO2026,2026-08-28 09:00:00,marketing.gsb,GSB_final_lead_list_2026-08-28.xlsx
TL002069,31 - 40,"06. 40,001-50,000",พนักงานและลูกจ้างในบริษัท,ธนาคารออมสินภาค 12,สินเชื่อเคหะ,DCO2026,2026-08-28 09:00:00,marketing.gsb,GSB_final_lead_list_2026-08-28.xlsx
TL002070,20 - 30,"05. 30,001-40,000",ประกอบวิชาชีพเฉพาะ,ธนาคารออมสินภาค 10,สินเชื่อเคหะ,DCO2026,2026-08-28 09:00:00,marketing.gsb,GSB_final_lead_list_2026-08-28.xlsx
TL002071,31 - 40,"05. 30,001-40,000",พนักงานและลูกจ้างในหน่วยงานรัฐวิสาหกิจ,ธนาคารออมสินภาค 12,สินเชื่อเคหะ,DCO2026,2026-08-28 09:00:00,marketing.gsb,GSB_final_lead_list_2026-08-28.xlsx
TL002072,51 - 60,"05. 30,001-40,000",ข้าราชการและลูกจ้างในหน่วยงานของรัฐ,ธนาคารออมสินภาค 13,สินเชื่อเคหะ,DCO2026,2026-08-28 09:00:00,marketing.gsb,GSB_final_lead_list_2026-08-28.xlsx
TL002073,31 - 40,"05. 30,001-40,000",ประกอบอาชีพอิสระ,ธนาคารออมสินภาค 12,สินเชื่อเคหะ,DCO2026,2026-08-28 09:00:00,marketing.gsb,GSB_final_lead_list_2026-08-28.xlsx
TL002074,20 - 30,"05. 30,001-40,000",พนักงานและลูกจ้างในหน่วยงานรัฐวิสาหกิจ,ธนาคารออมสินภาค 10,สินเชื่อเคหะ,DCO2026,2026-08-28 09:00:00,marketing.gsb,GSB_final_lead_list_2026-08-28.xlsx
TL002075,20 - 30,"07. >50,000",ผู้ประกอบธุรกิจ / เจ้าของกิจการ,ธนาคารออมสินภาค 13,สินเชื่อเคหะ,DCO2026,2026-08-28 09:00:00,marketing.gsb,GSB_final_lead_list_2026-08-28.xlsx
TL002076,41 - 50,"05. 30,001-40,000",พนักงานและลูกจ้างในบริษัท,ธนาคารออมสินภาค 11,สินเชื่อเคหะ,DCO2026,2026-08-28 09:00:00,marketing.gsb,GSB_final_lead_list_2026-08-28.xlsx
TL002077,41 - 50,"07. >50,000",ประกอบอาชีพอิสระ,ธนาคารออมสินภาค 1,สินเชื่อเคหะ,DCO2026,2026-08-28 09:00:00,marketing.gsb,GSB_final_lead_list_2026-08-28.xlsx
TL002078,31 - 40,"06. 40,001-50,000",ผู้ประกอบธุรกิจ / เจ้าของกิจการ,ธนาคารออมสินภาค 11,สินเชื่อเคหะ,DCO2026,2026-08-28 09:00:00,marketing.gsb,GSB_final_lead_list_2026-08-28.xlsx
TL002079,51 - 60,"05. 30,001-40,000",ข้าราชการและลูกจ้างในหน่วยงานของรัฐ,ธนาคารออมสินภาค 11,สินเชื่อเคหะ,DCO2026,2026-08-28 09:00:00,marketing.gsb,GSB_final_lead_list_2026-08-28.xlsx
TL002080,31 - 40,"01. 0-5,000",ผู้ประกอบธุรกิจ / เจ้าของกิจการ,ธนาคารออมสินภาค 10,สินเชื่อเคหะ,DCO2026,2026-08-28 09:00:00,marketing.gsb,GSB_final_lead_list_2026-08-28.xlsx
TL002081,20 - 30,"02. 5,001-10,000",พนักงานและลูกจ้างในหน่วยงานรัฐวิสาหกิจ,ธนาคารออมสินภาค 10,สินเชื่อเคหะ,DCO2026,2026-08-28 09:00:00,marketing.gsb,GSB_final_lead_list_2026-08-28.xlsx
TL002082,41 - 50,"05. 30,001-40,000",ประกอบวิชาชีพเฉพาะ,ธนาคารออมสินภาค 10,สินเชื่อเคหะ,DCO2026,2026-08-28 09:00:00,marketing.gsb,GSB_final_lead_list_2026-08-28.xlsx
TL002083,41 - 50,"02. 5,001-10,000",ผู้รับจ้างทั่วไป / ผู้ใช้แรงงาน,ธนาคารออมสินภาค 11,สินเชื่อเคหะ,DCO2026,2026-08-28 09:00:00,marketing.gsb,GSB_final_lead_list_2026-08-28.xlsx
TL002084,31 - 40,"06. 40,001-50,000",พนักงานและลูกจ้างในหน่วยงานรัฐวิสาหกิจ,ธนาคารออมสินภาค 12,สินเชื่อเคหะ,DCO2026,2026-08-28 09:00:00,marketing.gsb,GSB_final_lead_list_2026-08-28.xlsx
TL002085,31 - 40,"06. 40,001-50,000",ประกอบอาชีพอิสระ,ธนาคารออมสินภาค 12,สินเชื่อเคหะ,DCO2026,2026-08-28 09:00:00,marketing.gsb,GSB_final_lead_list_2026-08-28.xlsx
TL002086,20 - 30,"02. 5,001-10,000",ผู้รับจ้างทั่วไป / ผู้ใช้แรงงาน,ธนาคารออมสินภาค 13,สินเชื่อเคหะ,DCO2026,2026-08-28 09:00:00,marketing.gsb,GSB_final_lead_list_2026-08-28.xlsx
TL002087,65 Up,"04. 20,001-30,000",ประกอบวิชาชีพเฉพาะ,ธนาคารออมสินภาค 13,สินเชื่อเคหะ,DCO2026,2026-08-28 09:00:00,marketing.gsb,GSB_final_lead_list_2026-08-28.xlsx
TL002088,41 - 50,"05. 30,001-40,000",พนักงานและลูกจ้างในหน่วยงานรัฐวิสาหกิจ,ธนาคารออมสินภาค 1,สินเชื่อเคหะ,DCO2026,2026-08-28 09:00:00,marketing.gsb,GSB_final_lead_list_2026-08-28.xlsx
TL002089,41 - 50,"04. 20,001-30,000",พนักงานและลูกจ้างในหน่วยงานรัฐวิสาหกิจ,ธนาคารออมสินภาค 10,สินเชื่อเคหะ,DCO2026,2026-08-28 09:00:00,marketing.gsb,GSB_final_lead_list_2026-08-28.xlsx
TL002090,51 - 60,"02. 5,001-10,000",พนักงานและลูกจ้างในหน่วยงานรัฐวิสาหกิจ,ธนาคารออมสินภาค 1,สินเชื่อเคหะ,DCO2026,2026-08-28 09:00:00,marketing.gsb,GSB_final_lead_list_2026-08-28.xlsx
TL002091,20 - 30,"02. 5,001-10,000",ประกอบอาชีพอิสระ,ธนาคารออมสินภาค 1,สินเชื่อเคหะ,DCO2026,2026-08-28 09:00:00,marketing.gsb,GSB_final_lead_list_2026-08-28.xlsx
TL002092,20 - 30,"06. 40,001-50,000",ผู้รับจ้างทั่วไป / ผู้ใช้แรงงาน,ธนาคารออมสินภาค 10,สินเชื่อเคหะ,DCO2026,2026-08-28 09:00:00,marketing.gsb,GSB_final_lead_list_2026-08-28.xlsx
TL002093,Under 20,"05. 30,001-40,000",ประกอบวิชาชีพเฉพาะ,ธนาคารออมสินภาค 13,สินเชื่อเคหะ,DCO2026,2026-08-28 09:00:00,marketing.gsb,GSB_final_lead_list_2026-08-28.xlsx
TL002094,41 - 50,"06. 40,001-50,000",พนักงานและลูกจ้างในบริษัท,ธนาคารออมสินภาค 11,สินเชื่อเคหะ,DCO2026,2026-08-28 09:00:00,marketing.gsb,GSB_final_lead_list_2026-08-28.xlsx
TL002095,41 - 50,"06. 40,001-50,000",ประกอบอาชีพอิสระ,ธนาคารออมสินภาค 13,สินเชื่อเคหะ,DCO2026,2026-08-28 09:00:00,marketing.gsb,GSB_final_lead_list_2026-08-28.xlsx
TL002096,61 - 65,"04. 20,001-30,000",ข้าราชการและลูกจ้างในหน่วยงานของรัฐ,ธนาคารออมสินภาค 13,สินเชื่อเคหะ,DCO2026,2026-08-28 09:00:00,marketing.gsb,GSB_final_lead_list_2026-08-28.xlsx
TL002097,20 - 30,"02. 5,001-10,000",ผู้รับจ้างทั่วไป / ผู้ใช้แรงงาน,ธนาคารออมสินภาค 10,สินเชื่อเคหะ,DCO2026,2026-08-28 09:00:00,marketing.gsb,GSB_final_lead_list_2026-08-28.xlsx
TL002098,41 - 50,"05. 30,001-40,000",ประกอบวิชาชีพเฉพาะ,ธนาคารออมสินภาค 12,สินเชื่อเคหะ,DCO2026,2026-08-28 09:00:00,marketing.gsb,GSB_final_lead_list_2026-08-28.xlsx
TL002099,Under 20,"07. >50,000",พนักงานและลูกจ้างในบริษัท,ธนาคารออมสินภาค 10,สินเชื่อเคหะ,DCO2026,2026-08-28 09:00:00,marketing.gsb,GSB_final_lead_list_2026-08-28.xlsx
TL002100,20 - 30,"06. 40,001-50,000",พนักงานและลูกจ้างในบริษัท,ธนาคารออมสินภาค 1,สินเชื่อเคหะ,DCO2026,2026-08-28 09:00:00,marketing.gsb,GSB_final_lead_list_2026-08-28.xlsx
TL002101,31 - 40,"02. 5,001-10,000",พนักงานและลูกจ้างในหน่วยงานรัฐวิสาหกิจ,ธนาคารออมสินภาค 13,สินเชื่อเคหะ,DCO2026,2026-08-28 09:00:00,marketing.gsb,GSB_final_lead_list_2026-08-28.xlsx
TL002102,51 - 60,"03. 10,001-20,000",พนักงานและลูกจ้างในหน่วยงานรัฐวิสาหกิจ,ธนาคารออมสินภาค 12,สินเชื่อเคหะ,DCO2026,2026-08-28 09:00:00,marketing.gsb,GSB_final_lead_list_2026-08-28.xlsx
TL002103,41 - 50,"04. 20,001-30,000",ผู้ประกอบธุรกิจ / เจ้าของกิจการ,ธนาคารออมสินภาค 1,สินเชื่อเคหะ,DCO2026,2026-08-28 09:00:00,marketing.gsb,GSB_final_lead_list_2026-08-28.xlsx
TL002104,31 - 40,"03. 10,001-20,000",ข้าราชการและลูกจ้างในหน่วยงานของรัฐ,ธนาคารออมสินภาค 13,สินเชื่อเคหะ,DCO2026,2026-08-28 09:00:00,marketing.gsb,GSB_final_lead_list_2026-08-28.xlsx
TL002105,41 - 50,"06. 40,001-50,000",ข้าราชการและลูกจ้างในหน่วยงานของรัฐ,ธนาคารออมสินภาค 1,สินเชื่อเคหะ,DCO2026,2026-08-28 09:00:00,marketing.gsb,GSB_final_lead_list_2026-08-28.xlsx
TL002106,51 - 60,"05. 30,001-40,000",ประกอบวิชาชีพเฉพาะ,ธนาคารออมสินภาค 11,สินเชื่อเคหะ,DCO2026,2026-08-28 09:00:00,marketing.gsb,GSB_final_lead_list_2026-08-28.xlsx
TL002107,20 - 30,"06. 40,001-50,000",ประกอบอาชีพอิสระ,ธนาคารออมสินภาค 11,สินเชื่อเคหะ,DCO2026,2026-08-28 09:00:00,marketing.gsb,GSB_final_lead_list_2026-08-28.xlsx
TL002108,31 - 40,"05. 30,001-40,000",พนักงานและลูกจ้างในหน่วยงานรัฐวิสาหกิจ,ธนาคารออมสินภาค 13,สินเชื่อเคหะ,DCO2026,2026-08-28 09:00:00,marketing.gsb,GSB_final_lead_list_2026-08-28.xlsx
TL002109,41 - 50,"05. 30,001-40,000",ข้าราชการและลูกจ้างในหน่วยงานของรัฐ,ธนาคารออมสินภาค 12,สินเชื่อเคหะ,DCO2026,2026-08-28 09:00:00,marketing.gsb,GSB_final_lead_list_2026-08-28.xlsx
TL002110,51 - 60,"03. 10,001-20,000",ผู้รับจ้างทั่วไป / ผู้ใช้แรงงาน,ธนาคารออมสินภาค 13,สินเชื่อเคหะ,DCO2026,2026-08-28 09:00:00,marketing.gsb,GSB_final_lead_list_2026-08-28.xlsx
TL002111,20 - 30,"05. 30,001-40,000",ประกอบอาชีพอิสระ,ธนาคารออมสินภาค 13,สินเชื่อเคหะ,DCO2026,2026-08-28 09:00:00,marketing.gsb,GSB_final_lead_list_2026-08-28.xlsx
TL002112,20 - 30,"03. 10,001-20,000",พนักงานและลูกจ้างในหน่วยงานรัฐวิสาหกิจ,ธนาคารออมสินภาค 12,สินเชื่อเคหะ,DCO2026,2026-08-28 09:00:00,marketing.gsb,GSB_final_lead_list_2026-08-28.xlsx
TL002113,41 - 50,"05. 30,001-40,000",ผู้รับจ้างทั่วไป / ผู้ใช้แรงงาน,ธนาคารออมสินภาค 12,สินเชื่อเคหะ,DCO2026,2026-08-28 09:00:00,marketing.gsb,GSB_final_lead_list_2026-08-28.xlsx
TL002114,51 - 60,"02. 5,001-10,000",ประกอบวิชาชีพเฉพาะ,ธนาคารออมสินภาค 11,สินเชื่อเคหะ,DCO2026,2026-08-28 09:00:00,marketing.gsb,GSB_final_lead_list_2026-08-28.xlsx
TL002115,31 - 40,"06. 40,001-50,000",ข้าราชการและลูกจ้างในหน่วยงานของรัฐ,ธนาคารออมสินภาค 11,สินเชื่อเคหะ,DCO2026,2026-08-28 09:00:00,marketing.gsb,GSB_final_lead_list_2026-08-28.xlsx
TL002116,31 - 40,"04. 20,001-30,000",พนักงานและลูกจ้างในบริษัท,ธนาคารออมสินภาค 11,สินเชื่อเคหะ,DCO2026,2026-08-28 09:00:00,marketing.gsb,GSB_final_lead_list_2026-08-28.xlsx
TL002117,31 - 40,"05. 30,001-40,000",ผู้รับจ้างทั่วไป / ผู้ใช้แรงงาน,ธนาคารออมสินภาค 10,สินเชื่อเคหะ,DCO2026,2026-08-28 09:00:00,marketing.gsb,GSB_final_lead_list_2026-08-28.xlsx
TL002118,31 - 40,"05. 30,001-40,000",ประกอบอาชีพอิสระ,ธนาคารออมสินภาค 12,สินเชื่อเคหะ,DCO2026,2026-08-28 09:00:00,marketing.gsb,GSB_final_lead_list_2026-08-28.xlsx
TL002119,20 - 30,"06. 40,001-50,000",ประกอบอาชีพอิสระ,ธนาคารออมสินภาค 1,สินเชื่อเคหะ,DCO2026,2026-08-28 09:00:00,marketing.gsb,GSB_final_lead_list_2026-08-28.xlsx
TL002120,65 Up,"03. 10,001-20,000",ประกอบวิชาชีพเฉพาะ,ธนาคารออมสินภาค 12,สินเชื่อเคหะ,DCO2026,2026-08-28 09:00:00,marketing.gsb,GSB_final_lead_list_2026-08-28.xlsx
TL002121,41 - 50,"01. 0-5,000",ผู้รับจ้างทั่วไป / ผู้ใช้แรงงาน,ธนาคารออมสินภาค 13,สินเชื่อเคหะ,DCO2026,2026-08-28 09:00:00,marketing.gsb,GSB_final_lead_list_2026-08-28.xlsx
TL002122,31 - 40,"01. 0-5,000",ประกอบอาชีพอิสระ,ธนาคารออมสินภาค 12,สินเชื่อเคหะ,DCO2026,2026-08-28 09:00:00,marketing.gsb,GSB_final_lead_list_2026-08-28.xlsx
TL002123,41 - 50,"05. 30,001-40,000",ผู้รับจ้างทั่วไป / ผู้ใช้แรงงาน,ธนาคารออมสินภาค 13,สินเชื่อเคหะ,DCO2026,2026-08-28 09:00:00,marketing.gsb,GSB_final_lead_list_2026-08-28.xlsx
TL002124,31 - 40,"06. 40,001-50,000",ผู้ประกอบธุรกิจ / เจ้าของกิจการ,ธนาคารออมสินภาค 12,สินเชื่อเคหะ,DCO2026,2026-08-28 09:00:00,marketing.gsb,GSB_final_lead_list_2026-08-28.xlsx
TL002125,61 - 65,"05. 30,001-40,000",ผู้ประกอบธุรกิจ / เจ้าของกิจการ,ธนาคารออมสินภาค 13,สินเชื่อเคหะ,DCO2026,2026-08-28 09:00:00,marketing.gsb,GSB_final_lead_list_2026-08-28.xlsx
TL002126,41 - 50,"06. 40,001-50,000",พนักงานและลูกจ้างในหน่วยงานรัฐวิสาหกิจ,ธนาคารออมสินภาค 10,สินเชื่อเคหะ,DCO2026,2026-08-28 09:00:00,marketing.gsb,GSB_final_lead_list_2026-08-28.xlsx
TL002127,41 - 50,"01. 0-5,000",พนักงานและลูกจ้างในบริษัท,ธนาคารออมสินภาค 1,สินเชื่อเคหะ,DCO2026,2026-08-28 09:00:00,marketing.gsb,GSB_final_lead_list_2026-08-28.xlsx
TL002128,31 - 40,"05. 30,001-40,000",พนักงานและลูกจ้างในบริษัท,ธนาคารออมสินภาค 12,สินเชื่อเคหะ,DCO2026,2026-08-28 09:00:00,marketing.gsb,GSB_final_lead_list_2026-08-28.xlsx
TL002129,Under 20,"03. 10,001-20,000",พนักงานและลูกจ้างในหน่วยงานรัฐวิสาหกิจ,ธนาคารออมสินภาค 1,สินเชื่อเคหะ,DCO2026,2026-08-28 09:00:00,marketing.gsb,GSB_final_lead_list_2026-08-28.xlsx
TL002130,31 - 40,"02. 5,001-10,000",ประกอบวิชาชีพเฉพาะ,ธนาคารออมสินภาค 10,สินเชื่อเคหะ,DCO2026,2026-08-28 09:00:00,marketing.gsb,GSB_final_lead_list_2026-08-28.xlsx
TL002131,31 - 40,"01. 0-5,000",ผู้ประกอบธุรกิจ / เจ้าของกิจการ,ธนาคารออมสินภาค 1,สินเชื่อเคหะ,DCO2026,2026-08-28 09:00:00,marketing.gsb,GSB_final_lead_list_2026-08-28.xlsx
TL002132,61 - 65,"06. 40,001-50,000",พนักงานและลูกจ้างในหน่วยงานรัฐวิสาหกิจ,ธนาคารออมสินภาค 11,สินเชื่อเคหะ,DCO2026,2026-08-28 09:00:00,marketing.gsb,GSB_final_lead_list_2026-08-28.xlsx
TL002133,20 - 30,"07. >50,000",ประกอบวิชาชีพเฉพาะ,ธนาคารออมสินภาค 10,สินเชื่อเคหะ,DCO2026,2026-08-28 09:00:00,marketing.gsb,GSB_final_lead_list_2026-08-28.xlsx
TL002134,41 - 50,"05. 30,001-40,000",พนักงานและลูกจ้างในหน่วยงานรัฐวิสาหกิจ,ธนาคารออมสินภาค 13,สินเชื่อเคหะ,DCO2026,2026-08-28 09:00:00,marketing.gsb,GSB_final_lead_list_2026-08-28.xlsx
TL002135,20 - 30,"02. 5,001-10,000",พนักงานและลูกจ้างในหน่วยงานรัฐวิสาหกิจ,ธนาคารออมสินภาค 11,สินเชื่อเคหะ,DCO2026,2026-08-28 09:00:00,marketing.gsb,GSB_final_lead_list_2026-08-28.xlsx
TL002136,41 - 50,"06. 40,001-50,000",พนักงานและลูกจ้างในบริษัท,ธนาคารออมสินภาค 12,สินเชื่อเคหะ,DCO2026,2026-08-28 09:00:00,marketing.gsb,GSB_final_lead_list_2026-08-28.xlsx
TL002137,31 - 40,"04. 20,001-30,000",ผู้ประกอบธุรกิจ / เจ้าของกิจการ,ธนาคารออมสินภาค 13,สินเชื่อเคหะ,DCO2026,2026-08-28 09:00:00,marketing.gsb,GSB_final_lead_list_2026-08-28.xlsx
TL002138,41 - 50,"02. 5,001-10,000",ผู้ประกอบธุรกิจ / เจ้าของกิจการ,ธนาคารออมสินภาค 1,สินเชื่อเคหะ,DCO2026,2026-08-28 09:00:00,marketing.gsb,GSB_final_lead_list_2026-08-28.xlsx
TL002139,41 - 50,"06. 40,001-50,000",ผู้รับจ้างทั่วไป / ผู้ใช้แรงงาน,ธนาคารออมสินภาค 13,สินเชื่อเคหะ,DCO2026,2026-08-28 09:00:00,marketing.gsb,GSB_final_lead_list_2026-08-28.xlsx
TL002140,51 - 60,"03. 10,001-20,000",ผู้ประกอบธุรกิจ / เจ้าของกิจการ,ธนาคารออมสินภาค 13,สินเชื่อเคหะ,DCO2026,2026-08-28 09:00:00,marketing.gsb,GSB_final_lead_list_2026-08-28.xlsx
TL002141,20 - 30,"05. 30,001-40,000",ผู้ประกอบธุรกิจ / เจ้าของกิจการ,ธนาคารออมสินภาค 12,สินเชื่อเคหะ,DCO2026,2026-08-28 09:00:00,marketing.gsb,GSB_final_lead_list_2026-08-28.xlsx
TL002142,31 - 40,"04. 20,001-30,000",ผู้ประกอบธุรกิจ / เจ้าของกิจการ,ธนาคารออมสินภาค 13,สินเชื่อเคหะ,DCO2026,2026-08-28 09:00:00,marketing.gsb,GSB_final_lead_list_2026-08-28.xlsx
TL002143,31 - 40,"05. 30,001-40,000",ข้าราชการและลูกจ้างในหน่วยงานของรัฐ,ธนาคารออมสินภาค 12,สินเชื่อเคหะ,DCO2026,2026-08-28 09:00:00,marketing.gsb,GSB_final_lead_list_2026-08-28.xlsx
TL002144,20 - 30,"01. 0-5,000",พนักงานและลูกจ้างในบริษัท,ธนาคารออมสินภาค 1,สินเชื่อเคหะ,DCO2026,2026-08-28 09:00:00,marketing.gsb,GSB_final_lead_list_2026-08-28.xlsx
TL002145,31 - 40,"05. 30,001-40,000",ข้าราชการและลูกจ้างในหน่วยงานของรัฐ,ธนาคารออมสินภาค 13,สินเชื่อเคหะ,DCO2026,2026-08-28 09:00:00,marketing.gsb,GSB_final_lead_list_2026-08-28.xlsx
TL002146,41 - 50,"05. 30,001-40,000",ผู้รับจ้างทั่วไป / ผู้ใช้แรงงาน,ธนาคารออมสินภาค 1,สินเชื่อเคหะ,DCO2026,2026-08-28 09:00:00,marketing.gsb,GSB_final_lead_list_2026-08-28.xlsx
TL002147,51 - 60,"01. 0-5,000",ข้าราชการและลูกจ้างในหน่วยงานของรัฐ,ธนาคารออมสินภาค 10,สินเชื่อเคหะ,DCO2026,2026-08-28 09:00:00,marketing.gsb,GSB_final_lead_list_2026-08-28.xlsx
TL002148,51 - 60,"01. 0-5,000",พนักงานและลูกจ้างในบริษัท,ธนาคารออมสินภาค 13,สินเชื่อเคหะ,DCO2026,2026-08-28 09:00:00,marketing.gsb,GSB_final_lead_list_2026-08-28.xlsx
TL002149,41 - 50,"06. 40,001-50,000",พนักงานและลูกจ้างในบริษัท,ธนาคารออมสินภาค 12,สินเชื่อเคหะ,DCO2026,2026-08-28 09:00:00,marketing.gsb,GSB_final_lead_list_2026-08-28.xlsx
TL002150,41 - 50,"02. 5,001-10,000",ผู้รับจ้างทั่วไป / ผู้ใช้แรงงาน,ธนาคารออมสินภาค 13,สินเชื่อเคหะ,DCO2026,2026-08-28 09:00:00,marketing.gsb,GSB_final_lead_list_2026-08-28.xlsx
TL002151,20 - 30,"06. 40,001-50,000",พนักงานและลูกจ้างในหน่วยงานรัฐวิสาหกิจ,ธนาคารออมสินภาค 1,สินเชื่อเคหะ,DCO2026,2026-08-28 09:00:00,marketing.gsb,GSB_final_lead_list_2026-08-28.xlsx
TL002152,20 - 30,"04. 20,001-30,000",ข้าราชการและลูกจ้างในหน่วยงานของรัฐ,ธนาคารออมสินภาค 11,สินเชื่อเคหะ,DCO2026,2026-08-28 09:00:00,marketing.gsb,GSB_final_lead_list_2026-08-28.xlsx
TL002153,31 - 40,"02. 5,001-10,000",ประกอบอาชีพอิสระ,ธนาคารออมสินภาค 1,สินเชื่อเคหะ,DCO2026,2026-08-28 09:00:00,marketing.gsb,GSB_final_lead_list_2026-08-28.xlsx
TL002154,20 - 30,"05. 30,001-40,000",ผู้รับจ้างทั่วไป / ผู้ใช้แรงงาน,ธนาคารออมสินภาค 13,สินเชื่อเคหะ,DCO2026,2026-08-28 09:00:00,marketing.gsb,GSB_final_lead_list_2026-08-28.xlsx
TL002155,41 - 50,"05. 30,001-40,000",พนักงานและลูกจ้างในหน่วยงานรัฐวิสาหกิจ,ธนาคารออมสินภาค 1,สินเชื่อเคหะ,DCO2026,2026-08-28 09:00:00,marketing.gsb,GSB_final_lead_list_2026-08-28.xlsx
TL002156,20 - 30,"06. 40,001-50,000",ข้าราชการและลูกจ้างในหน่วยงานของรัฐ,ธนาคารออมสินภาค 13,สินเชื่อเคหะ,DCO2026,2026-08-28 09:00:00,marketing.gsb,GSB_final_lead_list_2026-08-28.xlsx
TL002157,20 - 30,"06. 40,001-50,000",ผู้รับจ้างทั่วไป / ผู้ใช้แรงงาน,ธนาคารออมสินภาค 12,สินเชื่อเคหะ,DCO2026,2026-08-28 09:00:00,marketing.gsb,GSB_final_lead_list_2026-08-28.xlsx
TL002158,31 - 40,"02. 5,001-10,000",ผู้รับจ้างทั่วไป / ผู้ใช้แรงงาน,ธนาคารออมสินภาค 12,สินเชื่อเคหะ,DCO2026,2026-08-28 09:00:00,marketing.gsb,GSB_final_lead_list_2026-08-28.xlsx
TL002159,31 - 40,"06. 40,001-50,000",ผู้รับจ้างทั่วไป / ผู้ใช้แรงงาน,ธนาคารออมสินภาค 1,สินเชื่อเคหะ,DCO2026,2026-08-28 09:00:00,marketing.gsb,GSB_final_lead_list_2026-08-28.xlsx
TL002160,61 - 65,"06. 40,001-50,000",พนักงานและลูกจ้างในบริษัท,ธนาคารออมสินภาค 11,สินเชื่อเคหะ,DCO2026,2026-08-28 09:00:00,marketing.gsb,GSB_final_lead_list_2026-08-28.xlsx
TL002161,61 - 65,"06. 40,001-50,000",ประกอบวิชาชีพเฉพาะ,ธนาคารออมสินภาค 10,สินเชื่อเคหะ,DCO2026,2026-08-28 09:00:00,marketing.gsb,GSB_final_lead_list_2026-08-28.xlsx
TL002162,61 - 65,"02. 5,001-10,000",พนักงานและลูกจ้างในหน่วยงานรัฐวิสาหกิจ,ธนาคารออมสินภาค 13,สินเชื่อเคหะ,DCO2026,2026-08-28 09:00:00,marketing.gsb,GSB_final_lead_list_2026-08-28.xlsx
TL002163,20 - 30,"05. 30,001-40,000",พนักงานและลูกจ้างในหน่วยงานรัฐวิสาหกิจ,ธนาคารออมสินภาค 13,สินเชื่อเคหะ,DCO2026,2026-08-28 09:00:00,marketing.gsb,GSB_final_lead_list_2026-08-28.xlsx
TL002164,31 - 40,"05. 30,001-40,000",ผู้รับจ้างทั่วไป / ผู้ใช้แรงงาน,ธนาคารออมสินภาค 13,สินเชื่อเคหะ,DCO2026,2026-08-28 09:00:00,marketing.gsb,GSB_final_lead_list_2026-08-28.xlsx
TL002165,31 - 40,"05. 30,001-40,000",ประกอบวิชาชีพเฉพาะ,ธนาคารออมสินภาค 1,สินเชื่อเคหะ,DCO2026,2026-08-28 09:00:00,marketing.gsb,GSB_final_lead_list_2026-08-28.xlsx
TL002166,31 - 40,"02. 5,001-10,000",ผู้รับจ้างทั่วไป / ผู้ใช้แรงงาน,ธนาคารออมสินภาค 1,สินเชื่อเคหะ,DCO2026,2026-08-28 09:00:00,marketing.gsb,GSB_final_lead_list_2026-08-28.xlsx
TL002167,20 - 30,"06. 40,001-50,000",พนักงานและลูกจ้างในหน่วยงานรัฐวิสาหกิจ,ธนาคารออมสินภาค 1,สินเชื่อเคหะ,DCO2026,2026-08-28 09:00:00,marketing.gsb,GSB_final_lead_list_2026-08-28.xlsx
TL002168,41 - 50,"05. 30,001-40,000",ประกอบอาชีพอิสระ,ธนาคารออมสินภาค 10,สินเชื่อเคหะ,DCO2026,2026-08-28 09:00:00,marketing.gsb,GSB_final_lead_list_2026-08-28.xlsx
TL002169,20 - 30,"06. 40,001-50,000",พนักงานและลูกจ้างในหน่วยงานรัฐวิสาหกิจ,ธนาคารออมสินภาค 10,สินเชื่อเคหะ,DCO2026,2026-08-28 09:00:00,marketing.gsb,GSB_final_lead_list_2026-08-28.xlsx
TL002170,20 - 30,"06. 40,001-50,000",พนักงานและลูกจ้างในบริษัท,ธนาคารออมสินภาค 1,สินเชื่อเคหะ,DCO2026,2026-08-28 09:00:00,marketing.gsb,GSB_final_lead_list_2026-08-28.xlsx
TL002171,41 - 50,"06. 40,001-50,000",ประกอบวิชาชีพเฉพาะ,ธนาคารออมสินภาค 1,สินเชื่อเคหะ,DCO2026,2026-08-28 09:00:00,marketing.gsb,GSB_final_lead_list_2026-08-28.xlsx
TL002172,20 - 30,"04. 20,001-30,000",ผู้รับจ้างทั่วไป / ผู้ใช้แรงงาน,ธนาคารออมสินภาค 11,สินเชื่อเคหะ,DCO2026,2026-08-28 09:00:00,marketing.gsb,GSB_final_lead_list_2026-08-28.xlsx
TL002173,20 - 30,"05. 30,001-40,000",พนักงานและลูกจ้างในหน่วยงานรัฐวิสาหกิจ,ธนาคารออมสินภาค 11,สินเชื่อเคหะ,DCO2026,2026-08-28 09:00:00,marketing.gsb,GSB_final_lead_list_2026-08-28.xlsx
TL002174,51 - 60,"06. 40,001-50,000",พนักงานและลูกจ้างในหน่วยงานรัฐวิสาหกิจ,ธนาคารออมสินภาค 12,สินเชื่อเคหะ,DCO2026,2026-08-28 09:00:00,marketing.gsb,GSB_final_lead_list_2026-08-28.xlsx
TL002175,31 - 40,"05. 30,001-40,000",ประกอบอาชีพอิสระ,ธนาคารออมสินภาค 11,สินเชื่อเคหะ,DCO2026,2026-08-28 09:00:00,marketing.gsb,GSB_final_lead_list_2026-08-28.xlsx
TL002176,31 - 40,"06. 40,001-50,000",ผู้รับจ้างทั่วไป / ผู้ใช้แรงงาน,ธนาคารออมสินภาค 10,สินเชื่อเคหะ,DCO2026,2026-08-28 09:00:00,marketing.gsb,GSB_final_lead_list_2026-08-28.xlsx
TL002177,31 - 40,"06. 40,001-50,000",ผู้รับจ้างทั่วไป / ผู้ใช้แรงงาน,ธนาคารออมสินภาค 12,สินเชื่อเคหะ,DCO2026,2026-08-28 09:00:00,marketing.gsb,GSB_final_lead_list_2026-08-28.xlsx
TL002178,31 - 40,"02. 5,001-10,000",ผู้รับจ้างทั่วไป / ผู้ใช้แรงงาน,ธนาคารออมสินภาค 13,สินเชื่อเคหะ,DCO2026,2026-08-28 09:00:00,marketing.gsb,GSB_final_lead_list_2026-08-28.xlsx
TL002179,31 - 40,"05. 30,001-40,000",ประกอบวิชาชีพเฉพาะ,ธนาคารออมสินภาค 10,สินเชื่อเคหะ,DCO2026,2026-08-28 09:00:00,marketing.gsb,GSB_final_lead_list_2026-08-28.xlsx
TL002180,41 - 50,"05. 30,001-40,000",พนักงานและลูกจ้างในบริษัท,ธนาคารออมสินภาค 11,สินเชื่อเคหะ,DCO2026,2026-08-28 09:00:00,marketing.gsb,GSB_final_lead_list_2026-08-28.xlsx
TL002181,20 - 30,"05. 30,001-40,000",ผู้รับจ้างทั่วไป / ผู้ใช้แรงงาน,ธนาคารออมสินภาค 1,สินเชื่อเคหะ,DCO2026,2026-08-28 09:00:00,marketing.gsb,GSB_final_lead_list_2026-08-28.xlsx
TL002182,41 - 50,"06. 40,001-50,000",พนักงานและลูกจ้างในบริษัท,ธนาคารออมสินภาค 12,สินเชื่อเคหะ,DCO2026,2026-08-28 09:00:00,marketing.gsb,GSB_final_lead_list_2026-08-28.xlsx
TL002183,51 - 60,"06. 40,001-50,000",ผู้ประกอบธุรกิจ / เจ้าของกิจการ,ธนาคารออมสินภาค 13,สินเชื่อเคหะ,DCO2026,2026-08-28 09:00:00,marketing.gsb,GSB_final_lead_list_2026-08-28.xlsx
TL002184,20 - 30,"04. 20,001-30,000",ผู้รับจ้างทั่วไป / ผู้ใช้แรงงาน,ธนาคารออมสินภาค 1,สินเชื่อเคหะ,DCO2026,2026-08-28 09:00:00,marketing.gsb,GSB_final_lead_list_2026-08-28.xlsx
TL002185,20 - 30,"01. 0-5,000",ข้าราชการและลูกจ้างในหน่วยงานของรัฐ,ธนาคารออมสินภาค 11,สินเชื่อเคหะ,DCO2026,2026-08-28 09:00:00,marketing.gsb,GSB_final_lead_list_2026-08-28.xlsx
TL002186,31 - 40,"05. 30,001-40,000",ผู้ประกอบธุรกิจ / เจ้าของกิจการ,ธนาคารออมสินภาค 10,สินเชื่อเคหะ,DCO2026,2026-08-28 09:00:00,marketing.gsb,GSB_final_lead_list_2026-08-28.xlsx
TL002187,41 - 50,"02. 5,001-10,000",ประกอบวิชาชีพเฉพาะ,ธนาคารออมสินภาค 12,สินเชื่อเคหะ,DCO2026,2026-08-28 09:00:00,marketing.gsb,GSB_final_lead_list_2026-08-28.xlsx
TL002188,31 - 40,"04. 20,001-30,000",ประกอบอาชีพอิสระ,ธนาคารออมสินภาค 11,สินเชื่อเคหะ,DCO2026,2026-08-28 09:00:00,marketing.gsb,GSB_final_lead_list_2026-08-28.xlsx
TL002189,51 - 60,"06. 40,001-50,000",ข้าราชการและลูกจ้างในหน่วยงานของรัฐ,ธนาคารออมสินภาค 11,สินเชื่อเคหะ,DCO2026,2026-08-28 09:00:00,marketing.gsb,GSB_final_lead_list_2026-08-28.xlsx
TL002190,Under 20,"04. 20,001-30,000",ประกอบอาชีพอิสระ,ธนาคารออมสินภาค 11,สินเชื่อเคหะ,DCO2026,2026-08-28 09:00:00,marketing.gsb,GSB_final_lead_list_2026-08-28.xlsx
TL002191,41 - 50,"01. 0-5,000",พนักงานและลูกจ้างในหน่วยงานรัฐวิสาหกิจ,ธนาคารออมสินภาค 13,สินเชื่อเคหะ,DCO2026,2026-08-28 09:00:00,marketing.gsb,GSB_final_lead_list_2026-08-28.xlsx
TL002192,41 - 50,"02. 5,001-10,000",ผู้ประกอบธุรกิจ / เจ้าของกิจการ,ธนาคารออมสินภาค 13,สินเชื่อเคหะ,DCO2026,2026-08-28 09:00:00,marketing.gsb,GSB_final_lead_list_2026-08-28.xlsx
TL002193,31 - 40,"05. 30,001-40,000",ผู้รับจ้างทั่วไป / ผู้ใช้แรงงาน,ธนาคารออมสินภาค 11,สินเชื่อเคหะ,DCO2026,2026-08-28 09:00:00,marketing.gsb,GSB_final_lead_list_2026-08-28.xlsx
TL002194,41 - 50,"03. 10,001-20,000",ประกอบวิชาชีพเฉพาะ,ธนาคารออมสินภาค 10,สินเชื่อเคหะ,DCO2026,2026-08-28 09:00:00,marketing.gsb,GSB_final_lead_list_2026-08-28.xlsx
TL002195,41 - 50,"06. 40,001-50,000",พนักงานและลูกจ้างในบริษัท,ธนาคารออมสินภาค 13,สินเชื่อเคหะ,DCO2026,2026-08-28 09:00:00,marketing.gsb,GSB_final_lead_list_2026-08-28.xlsx
TL002196,51 - 60,"02. 5,001-10,000",พนักงานและลูกจ้างในบริษัท,ธนาคารออมสินภาค 13,สินเชื่อเคหะ,DCO2026,2026-08-28 09:00:00,marketing.gsb,GSB_final_lead_list_2026-08-28.xlsx
TL002197,31 - 40,"04. 20,001-30,000",ผู้รับจ้างทั่วไป / ผู้ใช้แรงงาน,ธนาคารออมสินภาค 12,สินเชื่อเคหะ,DCO2026,2026-08-28 09:00:00,marketing.gsb,GSB_final_lead_list_2026-08-28.xlsx
TL002198,31 - 40,"05. 30,001-40,000",ข้าราชการและลูกจ้างในหน่วยงานของรัฐ,ธนาคารออมสินภาค 10,สินเชื่อเคหะ,DCO2026,2026-08-28 09:00:00,marketing.gsb,GSB_final_lead_list_2026-08-28.xlsx
TL002199,51 - 60,"05. 30,001-40,000",ผู้ประกอบธุรกิจ / เจ้าของกิจการ,ธนาคารออมสินภาค 13,สินเชื่อเคหะ,DCO2026,2026-08-28 09:00:00,marketing.gsb,GSB_final_lead_list_2026-08-28.xlsx
TL002200,31 - 40,"05. 30,001-40,000",ข้าราชการและลูกจ้างในหน่วยงานของรัฐ,ธนาคารออมสินภาค 13,สินเชื่อเคหะ,DCO2026,2026-08-28 09:00:00,marketing.gsb,GSB_final_lead_list_2026-08-28.xlsx
TL002201,31 - 40,"07. >50,000",ผู้รับจ้างทั่วไป / ผู้ใช้แรงงาน,ธนาคารออมสินภาค 1,สินเชื่อเคหะ,DCO2026,2026-08-28 09:00:00,marketing.gsb,GSB_final_lead_list_2026-08-28.xlsx
TL002202,61 - 65,"01. 0-5,000",พนักงานและลูกจ้างในบริษัท,ธนาคารออมสินภาค 1,สินเชื่อเคหะ,DCO2026,2026-08-28 09:00:00,marketing.gsb,GSB_final_lead_list_2026-08-28.xlsx
TL002203,20 - 30,"06. 40,001-50,000",ข้าราชการและลูกจ้างในหน่วยงานของรัฐ,ธนาคารออมสินภาค 10,สินเชื่อเคหะ,DCO2026,2026-08-28 09:00:00,marketing.gsb,GSB_final_lead_list_2026-08-28.xlsx
TL002204,41 - 50,"02. 5,001-10,000",ประกอบวิชาชีพเฉพาะ,ธนาคารออมสินภาค 10,สินเชื่อเคหะ,DCO2026,2026-08-28 09:00:00,marketing.gsb,GSB_final_lead_list_2026-08-28.xlsx
TL002205,20 - 30,"05. 30,001-40,000",ผู้รับจ้างทั่วไป / ผู้ใช้แรงงาน,ธนาคารออมสินภาค 12,สินเชื่อเคหะ,DCO2026,2026-08-28 09:00:00,marketing.gsb,GSB_final_lead_list_2026-08-28.xlsx
TL002206,51 - 60,"06. 40,001-50,000",ผู้ประกอบธุรกิจ / เจ้าของกิจการ,ธนาคารออมสินภาค 1,สินเชื่อเคหะ,DCO2026,2026-08-28 09:00:00,marketing.gsb,GSB_final_lead_list_2026-08-28.xlsx
TL002207,51 - 60,"04. 20,001-30,000",ประกอบวิชาชีพเฉพาะ,ธนาคารออมสินภาค 13,สินเชื่อเคหะ,DCO2026,2026-08-28 09:00:00,marketing.gsb,GSB_final_lead_list_2026-08-28.xlsx
TL002208,51 - 60,"06. 40,001-50,000",ผู้รับจ้างทั่วไป / ผู้ใช้แรงงาน,ธนาคารออมสินภาค 10,สินเชื่อเคหะ,DCO2026,2026-08-28 09:00:00,marketing.gsb,GSB_final_lead_list_2026-08-28.xlsx
TL002209,31 - 40,"06. 40,001-50,000",ประกอบวิชาชีพเฉพาะ,ธนาคารออมสินภาค 1,สินเชื่อเคหะ,DCO2026,2026-08-28 09:00:00,marketing.gsb,GSB_final_lead_list_2026-08-28.xlsx
TL002210,51 - 60,"04. 20,001-30,000",พนักงานและลูกจ้างในบริษัท,ธนาคารออมสินภาค 13,สินเชื่อเคหะ,DCO2026,2026-08-28 09:00:00,marketing.gsb,GSB_final_lead_list_2026-08-28.xlsx
TL002211,31 - 40,"04. 20,001-30,000",ผู้รับจ้างทั่วไป / ผู้ใช้แรงงาน,ธนาคารออมสินภาค 10,สินเชื่อเคหะ,DCO2026,2026-08-28 09:00:00,marketing.gsb,GSB_final_lead_list_2026-08-28.xlsx
TL002212,41 - 50,"04. 20,001-30,000",ประกอบวิชาชีพเฉพาะ,ธนาคารออมสินภาค 13,สินเชื่อเคหะ,DCO2026,2026-08-28 09:00:00,marketing.gsb,GSB_final_lead_list_2026-08-28.xlsx
TL002213,41 - 50,"06. 40,001-50,000",ประกอบวิชาชีพเฉพาะ,ธนาคารออมสินภาค 13,สินเชื่อเคหะ,DCO2026,2026-08-28 09:00:00,marketing.gsb,GSB_final_lead_list_2026-08-28.xlsx
TL002214,41 - 50,"06. 40,001-50,000",ประกอบอาชีพอิสระ,ธนาคารออมสินภาค 11,สินเชื่อเคหะ,DCO2026,2026-08-28 09:00:00,marketing.gsb,GSB_final_lead_list_2026-08-28.xlsx
TL002215,20 - 30,"03. 10,001-20,000",พนักงานและลูกจ้างในบริษัท,ธนาคารออมสินภาค 13,สินเชื่อเคหะ,DCO2026,2026-08-28 09:00:00,marketing.gsb,GSB_final_lead_list_2026-08-28.xlsx
TL002216,41 - 50,"05. 30,001-40,000",ผู้ประกอบธุรกิจ / เจ้าของกิจการ,ธนาคารออมสินภาค 13,สินเชื่อเคหะ,DCO2026,2026-08-28 09:00:00,marketing.gsb,GSB_final_lead_list_2026-08-28.xlsx
TL002217,20 - 30,"02. 5,001-10,000",ผู้ประกอบธุรกิจ / เจ้าของกิจการ,ธนาคารออมสินภาค 11,สินเชื่อเคหะ,DCO2026,2026-08-28 09:00:00,marketing.gsb,GSB_final_lead_list_2026-08-28.xlsx
TL002218,31 - 40,"06. 40,001-50,000",ผู้รับจ้างทั่วไป / ผู้ใช้แรงงาน,ธนาคารออมสินภาค 13,สินเชื่อเคหะ,DCO2026,2026-08-28 09:00:00,marketing.gsb,GSB_final_lead_list_2026-08-28.xlsx
TL002219,31 - 40,"02. 5,001-10,000",ผู้ประกอบธุรกิจ / เจ้าของกิจการ,ธนาคารออมสินภาค 1,สินเชื่อเคหะ,DCO2026,2026-08-28 09:00:00,marketing.gsb,GSB_final_lead_list_2026-08-28.xlsx
TL002220,31 - 40,"05. 30,001-40,000",พนักงานและลูกจ้างในบริษัท,ธนาคารออมสินภาค 1,สินเชื่อเคหะ,DCO2026,2026-08-28 09:00:00,marketing.gsb,GSB_final_lead_list_2026-08-28.xlsx
TL002221,41 - 50,"06. 40,001-50,000",ประกอบวิชาชีพเฉพาะ,ธนาคารออมสินภาค 13,สินเชื่อเคหะ,DCO2026,2026-08-28 09:00:00,marketing.gsb,GSB_final_lead_list_2026-08-28.xlsx
TL002222,51 - 60,"05. 30,001-40,000",พนักงานและลูกจ้างในหน่วยงานรัฐวิสาหกิจ,ธนาคารออมสินภาค 12,สินเชื่อเคหะ,DCO2026,2026-08-28 09:00:00,marketing.gsb,GSB_final_lead_list_2026-08-28.xlsx
TL002223,41 - 50,"05. 30,001-40,000",พนักงานและลูกจ้างในบริษัท,ธนาคารออมสินภาค 11,สินเชื่อเคหะ,DCO2026,2026-08-28 09:00:00,marketing.gsb,GSB_final_lead_list_2026-08-28.xlsx
TL002224,41 - 50,"03. 10,001-20,000",พนักงานและลูกจ้างในหน่วยงานรัฐวิสาหกิจ,ธนาคารออมสินภาค 11,สินเชื่อเคหะ,DCO2026,2026-08-28 09:00:00,marketing.gsb,GSB_final_lead_list_2026-08-28.xlsx
TL002225,41 - 50,"01. 0-5,000",ข้าราชการและลูกจ้างในหน่วยงานของรัฐ,ธนาคารออมสินภาค 12,สินเชื่อเคหะ,DCO2026,2026-08-28 09:00:00,marketing.gsb,GSB_final_lead_list_2026-08-28.xlsx
TL002226,31 - 40,"05. 30,001-40,000",ผู้รับจ้างทั่วไป / ผู้ใช้แรงงาน,ธนาคารออมสินภาค 12,สินเชื่อเคหะ,DCO2026,2026-08-28 09:00:00,marketing.gsb,GSB_final_lead_list_2026-08-28.xlsx
TL002227,31 - 40,"02. 5,001-10,000",ผู้ประกอบธุรกิจ / เจ้าของกิจการ,ธนาคารออมสินภาค 11,สินเชื่อเคหะ,DCO2026,2026-08-28 09:00:00,marketing.gsb,GSB_final_lead_list_2026-08-28.xlsx
TL002228,31 - 40,"04. 20,001-30,000",ประกอบวิชาชีพเฉพาะ,ธนาคารออมสินภาค 12,สินเชื่อเคหะ,DCO2026,2026-08-28 09:00:00,marketing.gsb,GSB_final_lead_list_2026-08-28.xlsx
TL002229,31 - 40,"05. 30,001-40,000",พนักงานและลูกจ้างในบริษัท,ธนาคารออมสินภาค 13,สินเชื่อเคหะ,DCO2026,2026-08-28 09:00:00,marketing.gsb,GSB_final_lead_list_2026-08-28.xlsx
TL002230,Under 20,"06. 40,001-50,000",พนักงานและลูกจ้างในบริษัท,ธนาคารออมสินภาค 12,สินเชื่อเคหะ,DCO2026,2026-08-28 09:00:00,marketing.gsb,GSB_final_lead_list_2026-08-28.xlsx
TL002231,20 - 30,"01. 0-5,000",ข้าราชการและลูกจ้างในหน่วยงานของรัฐ,ธนาคารออมสินภาค 12,สินเชื่อเคหะ,DCO2026,2026-08-28 09:00:00,marketing.gsb,GSB_final_lead_list_2026-08-28.xlsx
TL002232,20 - 30,"04. 20,001-30,000",พนักงานและลูกจ้างในหน่วยงานรัฐวิสาหกิจ,ธนาคารออมสินภาค 1,สินเชื่อเคหะ,DCO2026,2026-08-28 09:00:00,marketing.gsb,GSB_final_lead_list_2026-08-28.xlsx
TL002233,31 - 40,"06. 40,001-50,000",ประกอบวิชาชีพเฉพาะ,ธนาคารออมสินภาค 12,สินเชื่อเคหะ,DCO2026,2026-08-28 09:00:00,marketing.gsb,GSB_final_lead_list_2026-08-28.xlsx
TL002234,20 - 30,"05. 30,001-40,000",ผู้ประกอบธุรกิจ / เจ้าของกิจการ,ธนาคารออมสินภาค 10,สินเชื่อเคหะ,DCO2026,2026-08-28 09:00:00,marketing.gsb,GSB_final_lead_list_2026-08-28.xlsx
TL002235,41 - 50,"06. 40,001-50,000",พนักงานและลูกจ้างในหน่วยงานรัฐวิสาหกิจ,ธนาคารออมสินภาค 1,สินเชื่อเคหะ,DCO2026,2026-08-28 09:00:00,marketing.gsb,GSB_final_lead_list_2026-08-28.xlsx
TL002236,41 - 50,"05. 30,001-40,000",ข้าราชการและลูกจ้างในหน่วยงานของรัฐ,ธนาคารออมสินภาค 13,สินเชื่อเคหะ,DCO2026,2026-08-28 09:00:00,marketing.gsb,GSB_final_lead_list_2026-08-28.xlsx
TL002237,31 - 40,"06. 40,001-50,000",ประกอบอาชีพอิสระ,ธนาคารออมสินภาค 10,สินเชื่อเคหะ,DCO2026,2026-08-28 09:00:00,marketing.gsb,GSB_final_lead_list_2026-08-28.xlsx
TL002238,41 - 50,"06. 40,001-50,000",ประกอบอาชีพอิสระ,ธนาคารออมสินภาค 13,สินเชื่อเคหะ,DCO2026,2026-08-28 09:00:00,marketing.gsb,GSB_final_lead_list_2026-08-28.xlsx
TL002239,61 - 65,"02. 5,001-10,000",ประกอบอาชีพอิสระ,ธนาคารออมสินภาค 1,สินเชื่อเคหะ,DCO2026,2026-08-28 09:00:00,marketing.gsb,GSB_final_lead_list_2026-08-28.xlsx
TL002240,31 - 40,"07. >50,000",ประกอบวิชาชีพเฉพาะ,ธนาคารออมสินภาค 10,สินเชื่อเคหะ,DCO2026,2026-08-28 09:00:00,marketing.gsb,GSB_final_lead_list_2026-08-28.xlsx
TL002241,41 - 50,"02. 5,001-10,000",พนักงานและลูกจ้างในบริษัท,ธนาคารออมสินภาค 13,สินเชื่อเคหะ,DCO2026,2026-08-28 09:00:00,marketing.gsb,GSB_final_lead_list_2026-08-28.xlsx
TL002242,61 - 65,"05. 30,001-40,000",ผู้ประกอบธุรกิจ / เจ้าของกิจการ,ธนาคารออมสินภาค 13,สินเชื่อเคหะ,DCO2026,2026-08-28 09:00:00,marketing.gsb,GSB_final_lead_list_2026-08-28.xlsx
TL002243,41 - 50,"06. 40,001-50,000",ประกอบอาชีพอิสระ,ธนาคารออมสินภาค 10,สินเชื่อเคหะ,DCO2026,2026-08-28 09:00:00,marketing.gsb,GSB_final_lead_list_2026-08-28.xlsx
TL002244,65 Up,"01. 0-5,000",ประกอบอาชีพอิสระ,ธนาคารออมสินภาค 13,สินเชื่อเคหะ,DCO2026,2026-08-28 09:00:00,marketing.gsb,GSB_final_lead_list_2026-08-28.xlsx
TL002245,20 - 30,"03. 10,001-20,000",ประกอบอาชีพอิสระ,ธนาคารออมสินภาค 1,สินเชื่อเคหะ,DCO2026,2026-08-28 09:00:00,marketing.gsb,GSB_final_lead_list_2026-08-28.xlsx
TL002246,20 - 30,"05. 30,001-40,000",พนักงานและลูกจ้างในบริษัท,ธนาคารออมสินภาค 12,สินเชื่อเคหะ,DCO2026,2026-08-28 09:00:00,marketing.gsb,GSB_final_lead_list_2026-08-28.xlsx
TL002247,61 - 65,"02. 5,001-10,000",พนักงานและลูกจ้างในหน่วยงานรัฐวิสาหกิจ,ธนาคารออมสินภาค 12,สินเชื่อเคหะ,DCO2026,2026-08-28 09:00:00,marketing.gsb,GSB_final_lead_list_2026-08-28.xlsx
TL002248,20 - 30,"01. 0-5,000",ประกอบวิชาชีพเฉพาะ,ธนาคารออมสินภาค 1,สินเชื่อเคหะ,DCO2026,2026-08-28 09:00:00,marketing.gsb,GSB_final_lead_list_2026-08-28.xlsx
TL002249,20 - 30,"02. 5,001-10,000",ผู้ประกอบธุรกิจ / เจ้าของกิจการ,ธนาคารออมสินภาค 11,สินเชื่อเคหะ,DCO2026,2026-08-28 09:00:00,marketing.gsb,GSB_final_lead_list_2026-08-28.xlsx
TL002250,20 - 30,"02. 5,001-10,000",ประกอบอาชีพอิสระ,ธนาคารออมสินภาค 13,สินเชื่อเคหะ,DCO2026,2026-08-28 09:00:00,marketing.gsb,GSB_final_lead_list_2026-08-28.xlsx
TL002251,31 - 40,"07. >50,000",ผู้รับจ้างทั่วไป / ผู้ใช้แรงงาน,ธนาคารออมสินภาค 12,สินเชื่อเคหะ,DCO2026,2026-08-28 09:00:00,marketing.gsb,GSB_final_lead_list_2026-08-28.xlsx
TL002252,31 - 40,"04. 20,001-30,000",พนักงานและลูกจ้างในบริษัท,ธนาคารออมสินภาค 1,สินเชื่อเคหะ,DCO2026,2026-08-28 09:00:00,marketing.gsb,GSB_final_lead_list_2026-08-28.xlsx
TL002253,41 - 50,"02. 5,001-10,000",ข้าราชการและลูกจ้างในหน่วยงานของรัฐ,ธนาคารออมสินภาค 12,สินเชื่อเคหะ,DCO2026,2026-08-28 09:00:00,marketing.gsb,GSB_final_lead_list_2026-08-28.xlsx
TL002254,20 - 30,"01. 0-5,000",ข้าราชการและลูกจ้างในหน่วยงานของรัฐ,ธนาคารออมสินภาค 12,สินเชื่อเคหะ,DCO2026,2026-08-28 09:00:00,marketing.gsb,GSB_final_lead_list_2026-08-28.xlsx
TL002255,31 - 40,"04. 20,001-30,000",ผู้ประกอบธุรกิจ / เจ้าของกิจการ,ธนาคารออมสินภาค 11,สินเชื่อเคหะ,DCO2026,2026-08-28 09:00:00,marketing.gsb,GSB_final_lead_list_2026-08-28.xlsx
TL002256,31 - 40,"02. 5,001-10,000",ผู้รับจ้างทั่วไป / ผู้ใช้แรงงาน,ธนาคารออมสินภาค 12,สินเชื่อเคหะ,DCO2026,2026-08-28 09:00:00,marketing.gsb,GSB_final_lead_list_2026-08-28.xlsx
TL002257,61 - 65,"03. 10,001-20,000",ประกอบวิชาชีพเฉพาะ,ธนาคารออมสินภาค 13,สินเชื่อเคหะ,DCO2026,2026-08-28 09:00:00,marketing.gsb,GSB_final_lead_list_2026-08-28.xlsx
TL002258,31 - 40,"04. 20,001-30,000",ประกอบอาชีพอิสระ,ธนาคารออมสินภาค 12,สินเชื่อเคหะ,DCO2026,2026-08-28 09:00:00,marketing.gsb,GSB_final_lead_list_2026-08-28.xlsx
TL002259,31 - 40,"06. 40,001-50,000",พนักงานและลูกจ้างในบริษัท,ธนาคารออมสินภาค 11,สินเชื่อเคหะ,DCO2026,2026-08-28 09:00:00,marketing.gsb,GSB_final_lead_list_2026-08-28.xlsx
TL002260,51 - 60,"02. 5,001-10,000",ประกอบอาชีพอิสระ,ธนาคารออมสินภาค 11,สินเชื่อเคหะ,DCO2026,2026-08-28 09:00:00,marketing.gsb,GSB_final_lead_list_2026-08-28.xlsx
TL002261,41 - 50,"01. 0-5,000",ประกอบวิชาชีพเฉพาะ,ธนาคารออมสินภาค 13,สินเชื่อเคหะ,DCO2026,2026-08-28 09:00:00,marketing.gsb,GSB_final_lead_list_2026-08-28.xlsx
TL002262,31 - 40,"04. 20,001-30,000",ประกอบอาชีพอิสระ,ธนาคารออมสินภาค 10,สินเชื่อเคหะ,DCO2026,2026-08-28 09:00:00,marketing.gsb,GSB_final_lead_list_2026-08-28.xlsx
TL002263,31 - 40,"06. 40,001-50,000",ผู้ประกอบธุรกิจ / เจ้าของกิจการ,ธนาคารออมสินภาค 1,สินเชื่อเคหะ,DCO2026,2026-08-28 09:00:00,marketing.gsb,GSB_final_lead_list_2026-08-28.xlsx
TL002264,61 - 65,"05. 30,001-40,000",ผู้ประกอบธุรกิจ / เจ้าของกิจการ,ธนาคารออมสินภาค 11,สินเชื่อเคหะ,DCO2026,2026-08-28 09:00:00,marketing.gsb,GSB_final_lead_list_2026-08-28.xlsx
TL002265,20 - 30,"05. 30,001-40,000",พนักงานและลูกจ้างในบริษัท,ธนาคารออมสินภาค 1,สินเชื่อเคหะ,DCO2026,2026-08-28 09:00:00,marketing.gsb,GSB_final_lead_list_2026-08-28.xlsx
TL002266,41 - 50,"06. 40,001-50,000",ผู้ประกอบธุรกิจ / เจ้าของกิจการ,ธนาคารออมสินภาค 1,สินเชื่อเคหะ,DCO2026,2026-08-28 09:00:00,marketing.gsb,GSB_final_lead_list_2026-08-28.xlsx
TL002267,65 Up,"01. 0-5,000",พนักงานและลูกจ้างในหน่วยงานรัฐวิสาหกิจ,ธนาคารออมสินภาค 12,สินเชื่อเคหะ,DCO2026,2026-08-28 09:00:00,marketing.gsb,GSB_final_lead_list_2026-08-28.xlsx
TL002268,51 - 60,"01. 0-5,000",ข้าราชการและลูกจ้างในหน่วยงานของรัฐ,ธนาคารออมสินภาค 12,สินเชื่อเคหะ,DCO2026,2026-08-28 09:00:00,marketing.gsb,GSB_final_lead_list_2026-08-28.xlsx
TL002269,61 - 65,"05. 30,001-40,000",พนักงานและลูกจ้างในบริษัท,ธนาคารออมสินภาค 10,สินเชื่อเคหะ,DCO2026,2026-08-28 09:00:00,marketing.gsb,GSB_final_lead_list_2026-08-28.xlsx
TL002270,20 - 30,"06. 40,001-50,000",ผู้ประกอบธุรกิจ / เจ้าของกิจการ,ธนาคารออมสินภาค 12,สินเชื่อเคหะ,DCO2026,2026-08-28 09:00:00,marketing.gsb,GSB_final_lead_list_2026-08-28.xlsx
TL002271,31 - 40,"06. 40,001-50,000",ผู้ประกอบธุรกิจ / เจ้าของกิจการ,ธนาคารออมสินภาค 1,สินเชื่อเคหะ,DCO2026,2026-08-28 09:00:00,marketing.gsb,GSB_final_lead_list_2026-08-28.xlsx
TL002272,41 - 50,"06. 40,001-50,000",ข้าราชการและลูกจ้างในหน่วยงานของรัฐ,ธนาคารออมสินภาค 11,สินเชื่อเคหะ,DCO2026,2026-08-28 09:00:00,marketing.gsb,GSB_final_lead_list_2026-08-28.xlsx
TL002273,20 - 30,"02. 5,001-10,000",ผู้รับจ้างทั่วไป / ผู้ใช้แรงงาน,ธนาคารออมสินภาค 1,สินเชื่อเคหะ,DCO2026,2026-08-28 09:00:00,marketing.gsb,GSB_final_lead_list_2026-08-28.xlsx
TL002274,41 - 50,"03. 10,001-20,000",ผู้รับจ้างทั่วไป / ผู้ใช้แรงงาน,ธนาคารออมสินภาค 10,สินเชื่อเคหะ,DCO2026,2026-08-28 09:00:00,marketing.gsb,GSB_final_lead_list_2026-08-28.xlsx
TL002275,61 - 65,"06. 40,001-50,000",ประกอบอาชีพอิสระ,ธนาคารออมสินภาค 1,สินเชื่อเคหะ,DCO2026,2026-08-28 09:00:00,marketing.gsb,GSB_final_lead_list_2026-08-28.xlsx
TL002276,31 - 40,"06. 40,001-50,000",ประกอบอาชีพอิสระ,ธนาคารออมสินภาค 10,สินเชื่อเคหะ,DCO2026,2026-08-28 09:00:00,marketing.gsb,GSB_final_lead_list_2026-08-28.xlsx
TL002277,41 - 50,"04. 20,001-30,000",พนักงานและลูกจ้างในบริษัท,ธนาคารออมสินภาค 13,สินเชื่อเคหะ,DCO2026,2026-08-28 09:00:00,marketing.gsb,GSB_final_lead_list_2026-08-28.xlsx
TL002278,20 - 30,"06. 40,001-50,000",ประกอบวิชาชีพเฉพาะ,ธนาคารออมสินภาค 1,สินเชื่อเคหะ,DCO2026,2026-08-28 09:00:00,marketing.gsb,GSB_final_lead_list_2026-08-28.xlsx
TL002279,31 - 40,"03. 10,001-20,000",ผู้รับจ้างทั่วไป / ผู้ใช้แรงงาน,ธนาคารออมสินภาค 11,สินเชื่อเคหะ,DCO2026,2026-08-28 09:00:00,marketing.gsb,GSB_final_lead_list_2026-08-28.xlsx
TL002280,31 - 40,"06. 40,001-50,000",พนักงานและลูกจ้างในหน่วยงานรัฐวิสาหกิจ,ธนาคารออมสินภาค 11,สินเชื่อเคหะ,DCO2026,2026-08-28 09:00:00,marketing.gsb,GSB_final_lead_list_2026-08-28.xlsx
TL002281,Under 20,"05. 30,001-40,000",ผู้รับจ้างทั่วไป / ผู้ใช้แรงงาน,ธนาคารออมสินภาค 11,สินเชื่อเคหะ,DCO2026,2026-08-28 09:00:00,marketing.gsb,GSB_final_lead_list_2026-08-28.xlsx
TL002282,31 - 40,"06. 40,001-50,000",ประกอบวิชาชีพเฉพาะ,ธนาคารออมสินภาค 12,สินเชื่อเคหะ,DCO2026,2026-08-28 09:00:00,marketing.gsb,GSB_final_lead_list_2026-08-28.xlsx
TL002283,41 - 50,"04. 20,001-30,000",พนักงานและลูกจ้างในหน่วยงานรัฐวิสาหกิจ,ธนาคารออมสินภาค 11,สินเชื่อเคหะ,DCO2026,2026-08-28 09:00:00,marketing.gsb,GSB_final_lead_list_2026-08-28.xlsx
TL002284,61 - 65,"05. 30,001-40,000",พนักงานและลูกจ้างในหน่วยงานรัฐวิสาหกิจ,ธนาคารออมสินภาค 10,สินเชื่อเคหะ,DCO2026,2026-08-28 09:00:00,marketing.gsb,GSB_final_lead_list_2026-08-28.xlsx
TL002285,31 - 40,"04. 20,001-30,000",พนักงานและลูกจ้างในบริษัท,ธนาคารออมสินภาค 11,สินเชื่อเคหะ,DCO2026,2026-08-28 09:00:00,marketing.gsb,GSB_final_lead_list_2026-08-28.xlsx
TL002286,31 - 40,"05. 30,001-40,000",ประกอบอาชีพอิสระ,ธนาคารออมสินภาค 13,สินเชื่อเคหะ,DCO2026,2026-08-28 09:00:00,marketing.gsb,GSB_final_lead_list_2026-08-28.xlsx
TL002287,61 - 65,"04. 20,001-30,000",พนักงานและลูกจ้างในหน่วยงานรัฐวิสาหกิจ,ธนาคารออมสินภาค 1,สินเชื่อเคหะ,DCO2026,2026-08-28 09:00:00,marketing.gsb,GSB_final_lead_list_2026-08-28.xlsx
TL002288,41 - 50,"02. 5,001-10,000",ผู้ประกอบธุรกิจ / เจ้าของกิจการ,ธนาคารออมสินภาค 13,สินเชื่อเคหะ,DCO2026,2026-08-28 09:00:00,marketing.gsb,GSB_final_lead_list_2026-08-28.xlsx
TL002289,41 - 50,"05. 30,001-40,000",ข้าราชการและลูกจ้างในหน่วยงานของรัฐ,ธนาคารออมสินภาค 11,สินเชื่อเคหะ,DCO2026,2026-08-28 09:00:00,marketing.gsb,GSB_final_lead_list_2026-08-28.xlsx
TL002290,41 - 50,"03. 10,001-20,000",พนักงานและลูกจ้างในหน่วยงานรัฐวิสาหกิจ,ธนาคารออมสินภาค 11,สินเชื่อเคหะ,DCO2026,2026-08-28 09:00:00,marketing.gsb,GSB_final_lead_list_2026-08-28.xlsx
TL002291,20 - 30,"02. 5,001-10,000",พนักงานและลูกจ้างในหน่วยงานรัฐวิสาหกิจ,ธนาคารออมสินภาค 12,สินเชื่อเคหะ,DCO2026,2026-08-28 09:00:00,marketing.gsb,GSB_final_lead_list_2026-08-28.xlsx
TL002292,31 - 40,"01. 0-5,000",พนักงานและลูกจ้างในบริษัท,ธนาคารออมสินภาค 12,สินเชื่อเคหะ,DCO2026,2026-08-28 09:00:00,marketing.gsb,GSB_final_lead_list_2026-08-28.xlsx
TL002293,20 - 30,"06. 40,001-50,000",ผู้รับจ้างทั่วไป / ผู้ใช้แรงงาน,ธนาคารออมสินภาค 13,สินเชื่อเคหะ,DCO2026,2026-08-28 09:00:00,marketing.gsb,GSB_final_lead_list_2026-08-28.xlsx
TL002294,20 - 30,"04. 20,001-30,000",ข้าราชการและลูกจ้างในหน่วยงานของรัฐ,ธนาคารออมสินภาค 1,สินเชื่อเคหะ,DCO2026,2026-08-28 09:00:00,marketing.gsb,GSB_final_lead_list_2026-08-28.xlsx
TL002295,31 - 40,"06. 40,001-50,000",พนักงานและลูกจ้างในหน่วยงานรัฐวิสาหกิจ,ธนาคารออมสินภาค 11,สินเชื่อเคหะ,DCO2026,2026-08-28 09:00:00,marketing.gsb,GSB_final_lead_list_2026-08-28.xlsx
TL002296,31 - 40,"02. 5,001-10,000",ข้าราชการและลูกจ้างในหน่วยงานของรัฐ,ธนาคารออมสินภาค 10,สินเชื่อเคหะ,DCO2026,2026-08-28 09:00:00,marketing.gsb,GSB_final_lead_list_2026-08-28.xlsx
TL002297,31 - 40,"06. 40,001-50,000",ข้าราชการและลูกจ้างในหน่วยงานของรัฐ,ธนาคารออมสินภาค 11,สินเชื่อเคหะ,DCO2026,2026-08-28 09:00:00,marketing.gsb,GSB_final_lead_list_2026-08-28.xlsx
TL002298,51 - 60,"05. 30,001-40,000",ข้าราชการและลูกจ้างในหน่วยงานของรัฐ,ธนาคารออมสินภาค 10,สินเชื่อเคหะ,DCO2026,2026-08-28 09:00:00,marketing.gsb,GSB_final_lead_list_2026-08-28.xlsx
TL002299,Under 20,"06. 40,001-50,000",ประกอบอาชีพอิสระ,ธนาคารออมสินภาค 12,สินเชื่อเคหะ,DCO2026,2026-08-28 09:00:00,marketing.gsb,GSB_final_lead_list_2026-08-28.xlsx
TL002300,20 - 30,"04. 20,001-30,000",ข้าราชการและลูกจ้างในหน่วยงานของรัฐ,ธนาคารออมสินภาค 1,สินเชื่อเคหะ,DCO2026,2026-08-28 09:00:00,marketing.gsb,GSB_final_lead_list_2026-08-28.xlsx
TL002301,31 - 40,"02. 5,001-10,000",พนักงานและลูกจ้างในหน่วยงานรัฐวิสาหกิจ,ธนาคารออมสินภาค 12,สินเชื่อเคหะ,DCO2026,2026-08-28 09:00:00,marketing.gsb,GSB_final_lead_list_2026-08-28.xlsx
TL002302,41 - 50,"06. 40,001-50,000",ประกอบอาชีพอิสระ,ธนาคารออมสินภาค 13,สินเชื่อเคหะ,DCO2026,2026-08-28 09:00:00,marketing.gsb,GSB_final_lead_list_2026-08-28.xlsx
TL002303,41 - 50,"04. 20,001-30,000",ประกอบอาชีพอิสระ,ธนาคารออมสินภาค 11,สินเชื่อเคหะ,DCO2026,2026-08-28 09:00:00,marketing.gsb,GSB_final_lead_list_2026-08-28.xlsx
TL002304,61 - 65,"05. 30,001-40,000",ผู้รับจ้างทั่วไป / ผู้ใช้แรงงาน,ธนาคารออมสินภาค 12,สินเชื่อเคหะ,DCO2026,2026-08-28 09:00:00,marketing.gsb,GSB_final_lead_list_2026-08-28.xlsx
TL002305,31 - 40,"01. 0-5,000",ผู้รับจ้างทั่วไป / ผู้ใช้แรงงาน,ธนาคารออมสินภาค 13,สินเชื่อเคหะ,DCO2026,2026-08-28 09:00:00,marketing.gsb,GSB_final_lead_list_2026-08-28.xlsx
TL002306,20 - 30,"03. 10,001-20,000",พนักงานและลูกจ้างในบริษัท,ธนาคารออมสินภาค 10,สินเชื่อเคหะ,DCO2026,2026-08-28 09:00:00,marketing.gsb,GSB_final_lead_list_2026-08-28.xlsx
TL002307,51 - 60,"05. 30,001-40,000",ผู้รับจ้างทั่วไป / ผู้ใช้แรงงาน,ธนาคารออมสินภาค 10,สินเชื่อเคหะ,DCO2026,2026-08-28 09:00:00,marketing.gsb,GSB_final_lead_list_2026-08-28.xlsx
TL002308,31 - 40,"05. 30,001-40,000",ผู้ประกอบธุรกิจ / เจ้าของกิจการ,ธนาคารออมสินภาค 10,สินเชื่อเคหะ,DCO2026,2026-08-28 09:00:00,marketing.gsb,GSB_final_lead_list_2026-08-28.xlsx
TL002309,51 - 60,"05. 30,001-40,000",ผู้ประกอบธุรกิจ / เจ้าของกิจการ,ธนาคารออมสินภาค 11,สินเชื่อเคหะ,DCO2026,2026-08-28 09:00:00,marketing.gsb,GSB_final_lead_list_2026-08-28.xlsx
TL002310,41 - 50,"05. 30,001-40,000",ผู้รับจ้างทั่วไป / ผู้ใช้แรงงาน,ธนาคารออมสินภาค 10,สินเชื่อเคหะ,DCO2026,2026-08-28 09:00:00,marketing.gsb,GSB_final_lead_list_2026-08-28.xlsx
TL002311,61 - 65,"03. 10,001-20,000",ผู้ประกอบธุรกิจ / เจ้าของกิจการ,ธนาคารออมสินภาค 10,สินเชื่อเคหะ,DCO2026,2026-08-28 09:00:00,marketing.gsb,GSB_final_lead_list_2026-08-28.xlsx
TL002312,31 - 40,"06. 40,001-50,000",ประกอบวิชาชีพเฉพาะ,ธนาคารออมสินภาค 1,สินเชื่อเคหะ,DCO2026,2026-08-28 09:00:00,marketing.gsb,GSB_final_lead_list_2026-08-28.xlsx
TL002313,20 - 30,"02. 5,001-10,000",ผู้รับจ้างทั่วไป / ผู้ใช้แรงงาน,ธนาคารออมสินภาค 11,สินเชื่อเคหะ,DCO2026,2026-08-28 09:00:00,marketing.gsb,GSB_final_lead_list_2026-08-28.xlsx
TL002314,51 - 60,"05. 30,001-40,000",ผู้รับจ้างทั่วไป / ผู้ใช้แรงงาน,ธนาคารออมสินภาค 1,สินเชื่อเคหะ,DCO2026,2026-08-28 09:00:00,marketing.gsb,GSB_final_lead_list_2026-08-28.xlsx
TL002315,20 - 30,"02. 5,001-10,000",ประกอบอาชีพอิสระ,ธนาคารออมสินภาค 12,สินเชื่อเคหะ,DCO2026,2026-08-28 09:00:00,marketing.gsb,GSB_final_lead_list_2026-08-28.xlsx
TL002316,41 - 50,"03. 10,001-20,000",พนักงานและลูกจ้างในหน่วยงานรัฐวิสาหกิจ,ธนาคารออมสินภาค 10,สินเชื่อเคหะ,DCO2026,2026-08-28 09:00:00,marketing.gsb,GSB_final_lead_list_2026-08-28.xlsx
TL002317,31 - 40,"05. 30,001-40,000",พนักงานและลูกจ้างในบริษัท,ธนาคารออมสินภาค 1,สินเชื่อเคหะ,DCO2026,2026-08-28 09:00:00,marketing.gsb,GSB_final_lead_list_2026-08-28.xlsx
TL002318,41 - 50,"05. 30,001-40,000",ประกอบอาชีพอิสระ,ธนาคารออมสินภาค 11,สินเชื่อเคหะ,DCO2026,2026-08-28 09:00:00,marketing.gsb,GSB_final_lead_list_2026-08-28.xlsx
TL002319,20 - 30,"03. 10,001-20,000",ข้าราชการและลูกจ้างในหน่วยงานของรัฐ,ธนาคารออมสินภาค 1,สินเชื่อเคหะ,DCO2026,2026-08-28 09:00:00,marketing.gsb,GSB_final_lead_list_2026-08-28.xlsx
TL002320,41 - 50,"05. 30,001-40,000",ข้าราชการและลูกจ้างในหน่วยงานของรัฐ,ธนาคารออมสินภาค 12,สินเชื่อเคหะ,DCO2026,2026-08-28 09:00:00,marketing.gsb,GSB_final_lead_list_2026-08-28.xlsx
TL002321,20 - 30,"06. 40,001-50,000",ประกอบอาชีพอิสระ,ธนาคารออมสินภาค 1,สินเชื่อเคหะ,DCO2026,2026-08-28 09:00:00,marketing.gsb,GSB_final_lead_list_2026-08-28.xlsx
TL002322,20 - 30,"01. 0-5,000",พนักงานและลูกจ้างในหน่วยงานรัฐวิสาหกิจ,ธนาคารออมสินภาค 10,สินเชื่อเคหะ,DCO2026,2026-08-28 09:00:00,marketing.gsb,GSB_final_lead_list_2026-08-28.xlsx
TL002323,41 - 50,"05. 30,001-40,000",ผู้รับจ้างทั่วไป / ผู้ใช้แรงงาน,ธนาคารออมสินภาค 10,สินเชื่อเคหะ,DCO2026,2026-08-28 09:00:00,marketing.gsb,GSB_final_lead_list_2026-08-28.xlsx
TL002324,41 - 50,"05. 30,001-40,000",ผู้รับจ้างทั่วไป / ผู้ใช้แรงงาน,ธนาคารออมสินภาค 10,สินเชื่อเคหะ,DCO2026,2026-08-28 09:00:00,marketing.gsb,GSB_final_lead_list_2026-08-28.xlsx
TL002325,41 - 50,"05. 30,001-40,000",ประกอบอาชีพอิสระ,ธนาคารออมสินภาค 13,สินเชื่อเคหะ,DCO2026,2026-08-28 09:00:00,marketing.gsb,GSB_final_lead_list_2026-08-28.xlsx
TL002326,31 - 40,"01. 0-5,000",ข้าราชการและลูกจ้างในหน่วยงานของรัฐ,ธนาคารออมสินภาค 1,สินเชื่อเคหะ,DCO2026,2026-08-28 09:00:00,marketing.gsb,GSB_final_lead_list_2026-08-28.xlsx
TL002327,31 - 40,"06. 40,001-50,000",ประกอบอาชีพอิสระ,ธนาคารออมสินภาค 10,สินเชื่อเคหะ,DCO2026,2026-08-28 09:00:00,marketing.gsb,GSB_final_lead_list_2026-08-28.xlsx
TL002328,20 - 30,"06. 40,001-50,000",พนักงานและลูกจ้างในหน่วยงานรัฐวิสาหกิจ,ธนาคารออมสินภาค 12,สินเชื่อเคหะ,DCO2026,2026-08-28 09:00:00,marketing.gsb,GSB_final_lead_list_2026-08-28.xlsx
TL002329,20 - 30,"02. 5,001-10,000",ข้าราชการและลูกจ้างในหน่วยงานของรัฐ,ธนาคารออมสินภาค 11,สินเชื่อเคหะ,DCO2026,2026-08-28 09:00:00,marketing.gsb,GSB_final_lead_list_2026-08-28.xlsx
TL002330,20 - 30,"02. 5,001-10,000",พนักงานและลูกจ้างในหน่วยงานรัฐวิสาหกิจ,ธนาคารออมสินภาค 13,สินเชื่อเคหะ,DCO2026,2026-08-28 09:00:00,marketing.gsb,GSB_final_lead_list_2026-08-28.xlsx
TL002331,20 - 30,"01. 0-5,000",พนักงานและลูกจ้างในบริษัท,ธนาคารออมสินภาค 1,สินเชื่อเคหะ,DCO2026,2026-08-28 09:00:00,marketing.gsb,GSB_final_lead_list_2026-08-28.xlsx
TL002332,31 - 40,"02. 5,001-10,000",ผู้รับจ้างทั่วไป / ผู้ใช้แรงงาน,ธนาคารออมสินภาค 11,สินเชื่อเคหะ,DCO2026,2026-08-28 09:00:00,marketing.gsb,GSB_final_lead_list_2026-08-28.xlsx
TL002333,41 - 50,"04. 20,001-30,000",ข้าราชการและลูกจ้างในหน่วยงานของรัฐ,ธนาคารออมสินภาค 10,สินเชื่อเคหะ,DCO2026,2026-08-28 09:00:00,marketing.gsb,GSB_final_lead_list_2026-08-28.xlsx
TL002334,31 - 40,"03. 10,001-20,000",พนักงานและลูกจ้างในหน่วยงานรัฐวิสาหกิจ,ธนาคารออมสินภาค 10,สินเชื่อเคหะ,DCO2026,2026-08-28 09:00:00,marketing.gsb,GSB_final_lead_list_2026-08-28.xlsx
TL002335,41 - 50,"03. 10,001-20,000",ข้าราชการและลูกจ้างในหน่วยงานของรัฐ,ธนาคารออมสินภาค 1,สินเชื่อเคหะ,DCO2026,2026-08-28 09:00:00,marketing.gsb,GSB_final_lead_list_2026-08-28.xlsx
TL002336,20 - 30,"07. >50,000",ผู้รับจ้างทั่วไป / ผู้ใช้แรงงาน,ธนาคารออมสินภาค 11,สินเชื่อเคหะ,DCO2026,2026-08-28 09:00:00,marketing.gsb,GSB_final_lead_list_2026-08-28.xlsx
TL002337,51 - 60,"05. 30,001-40,000",ผู้รับจ้างทั่วไป / ผู้ใช้แรงงาน,ธนาคารออมสินภาค 13,สินเชื่อเคหะ,DCO2026,2026-08-28 09:00:00,marketing.gsb,GSB_final_lead_list_2026-08-28.xlsx
TL002338,51 - 60,"05. 30,001-40,000",ประกอบอาชีพอิสระ,ธนาคารออมสินภาค 10,สินเชื่อเคหะ,DCO2026,2026-08-28 09:00:00,marketing.gsb,GSB_final_lead_list_2026-08-28.xlsx
TL002339,51 - 60,"04. 20,001-30,000",ประกอบอาชีพอิสระ,ธนาคารออมสินภาค 11,สินเชื่อเคหะ,DCO2026,2026-08-28 09:00:00,marketing.gsb,GSB_final_lead_list_2026-08-28.xlsx
TL002340,31 - 40,"02. 5,001-10,000",พนักงานและลูกจ้างในบริษัท,ธนาคารออมสินภาค 11,สินเชื่อเคหะ,DCO2026,2026-08-28 09:00:00,marketing.gsb,GSB_final_lead_list_2026-08-28.xlsx
TL002341,65 Up,"06. 40,001-50,000",ผู้ประกอบธุรกิจ / เจ้าของกิจการ,ธนาคารออมสินภาค 1,สินเชื่อเคหะ,DCO2026,2026-08-28 09:00:00,marketing.gsb,GSB_final_lead_list_2026-08-28.xlsx
TL002342,20 - 30,"03. 10,001-20,000",ประกอบอาชีพอิสระ,ธนาคารออมสินภาค 10,สินเชื่อเคหะ,DCO2026,2026-08-28 09:00:00,marketing.gsb,GSB_final_lead_list_2026-08-28.xlsx
TL002343,51 - 60,"05. 30,001-40,000",พนักงานและลูกจ้างในหน่วยงานรัฐวิสาหกิจ,ธนาคารออมสินภาค 11,สินเชื่อเคหะ,DCO2026,2026-08-28 09:00:00,marketing.gsb,GSB_final_lead_list_2026-08-28.xlsx
TL002344,31 - 40,"03. 10,001-20,000",ประกอบวิชาชีพเฉพาะ,ธนาคารออมสินภาค 1,สินเชื่อเคหะ,DCO2026,2026-08-28 09:00:00,marketing.gsb,GSB_final_lead_list_2026-08-28.xlsx
TL002345,20 - 30,"05. 30,001-40,000",ข้าราชการและลูกจ้างในหน่วยงานของรัฐ,ธนาคารออมสินภาค 10,สินเชื่อเคหะ,DCO2026,2026-08-28 09:00:00,marketing.gsb,GSB_final_lead_list_2026-08-28.xlsx
TL002346,31 - 40,"01. 0-5,000",พนักงานและลูกจ้างในบริษัท,ธนาคารออมสินภาค 12,สินเชื่อเคหะ,DCO2026,2026-08-28 09:00:00,marketing.gsb,GSB_final_lead_list_2026-08-28.xlsx
TL002347,51 - 60,"06. 40,001-50,000",ข้าราชการและลูกจ้างในหน่วยงานของรัฐ,ธนาคารออมสินภาค 13,สินเชื่อเคหะ,DCO2026,2026-08-28 09:00:00,marketing.gsb,GSB_final_lead_list_2026-08-28.xlsx
TL002348,20 - 30,"06. 40,001-50,000",ผู้ประกอบธุรกิจ / เจ้าของกิจการ,ธนาคารออมสินภาค 12,สินเชื่อเคหะ,DCO2026,2026-08-28 09:00:00,marketing.gsb,GSB_final_lead_list_2026-08-28.xlsx
TL002349,Under 20,"05. 30,001-40,000",ข้าราชการและลูกจ้างในหน่วยงานของรัฐ,ธนาคารออมสินภาค 11,สินเชื่อเคหะ,DCO2026,2026-08-28 09:00:00,marketing.gsb,GSB_final_lead_list_2026-08-28.xlsx
TL002350,31 - 40,"06. 40,001-50,000",ผู้ประกอบธุรกิจ / เจ้าของกิจการ,ธนาคารออมสินภาค 13,สินเชื่อเคหะ,DCO2026,2026-08-28 09:00:00,marketing.gsb,GSB_final_lead_list_2026-08-28.xlsx
TL002351,20 - 30,"04. 20,001-30,000",ผู้ประกอบธุรกิจ / เจ้าของกิจการ,ธนาคารออมสินภาค 12,สินเชื่อเคหะ,DCO2026,2026-08-28 09:00:00,marketing.gsb,GSB_final_lead_list_2026-08-28.xlsx
TL002352,41 - 50,"04. 20,001-30,000",ผู้รับจ้างทั่วไป / ผู้ใช้แรงงาน,ธนาคารออมสินภาค 13,สินเชื่อเคหะ,DCO2026,2026-08-28 09:00:00,marketing.gsb,GSB_final_lead_list_2026-08-28.xlsx
TL002353,41 - 50,"03. 10,001-20,000",ประกอบอาชีพอิสระ,ธนาคารออมสินภาค 11,สินเชื่อเคหะ,DCO2026,2026-08-28 09:00:00,marketing.gsb,GSB_final_lead_list_2026-08-28.xlsx
TL002354,31 - 40,"02. 5,001-10,000",ประกอบวิชาชีพเฉพาะ,ธนาคารออมสินภาค 12,สินเชื่อเคหะ,DCO2026,2026-08-28 09:00:00,marketing.gsb,GSB_final_lead_list_2026-08-28.xlsx
TL002355,41 - 50,"06. 40,001-50,000",ข้าราชการและลูกจ้างในหน่วยงานของรัฐ,ธนาคารออมสินภาค 10,สินเชื่อเคหะ,DCO2026,2026-08-28 09:00:00,marketing.gsb,GSB_final_lead_list_2026-08-28.xlsx
TL002356,31 - 40,"06. 40,001-50,000",ประกอบอาชีพอิสระ,ธนาคารออมสินภาค 1,สินเชื่อเคหะ,DCO2026,2026-08-28 09:00:00,marketing.gsb,GSB_final_lead_list_2026-08-28.xlsx
TL002357,20 - 30,"03. 10,001-20,000",ข้าราชการและลูกจ้างในหน่วยงานของรัฐ,ธนาคารออมสินภาค 10,สินเชื่อเคหะ,DCO2026,2026-08-28 09:00:00,marketing.gsb,GSB_final_lead_list_2026-08-28.xlsx
TL002358,31 - 40,"05. 30,001-40,000",ประกอบอาชีพอิสระ,ธนาคารออมสินภาค 13,สินเชื่อเคหะ,DCO2026,2026-08-28 09:00:00,marketing.gsb,GSB_final_lead_list_2026-08-28.xlsx
TL002359,65 Up,"02. 5,001-10,000",ข้าราชการและลูกจ้างในหน่วยงานของรัฐ,ธนาคารออมสินภาค 11,สินเชื่อเคหะ,DCO2026,2026-08-28 09:00:00,marketing.gsb,GSB_final_lead_list_2026-08-28.xlsx
TL002360,41 - 50,"03. 10,001-20,000",ผู้รับจ้างทั่วไป / ผู้ใช้แรงงาน,ธนาคารออมสินภาค 12,สินเชื่อเคหะ,DCO2026,2026-08-28 09:00:00,marketing.gsb,GSB_final_lead_list_2026-08-28.xlsx
TL002361,Under 20,"05. 30,001-40,000",ประกอบวิชาชีพเฉพาะ,ธนาคารออมสินภาค 11,สินเชื่อเคหะ,DCO2026,2026-08-28 09:00:00,marketing.gsb,GSB_final_lead_list_2026-08-28.xlsx
TL002362,20 - 30,"07. >50,000",ผู้ประกอบธุรกิจ / เจ้าของกิจการ,ธนาคารออมสินภาค 11,สินเชื่อเคหะ,DCO2026,2026-08-28 09:00:00,marketing.gsb,GSB_final_lead_list_2026-08-28.xlsx
TL002363,31 - 40,"01. 0-5,000",ประกอบวิชาชีพเฉพาะ,ธนาคารออมสินภาค 11,สินเชื่อเคหะ,DCO2026,2026-08-28 09:00:00,marketing.gsb,GSB_final_lead_list_2026-08-28.xlsx
TL002364,31 - 40,"01. 0-5,000",ประกอบวิชาชีพเฉพาะ,ธนาคารออมสินภาค 1,สินเชื่อเคหะ,DCO2026,2026-08-28 09:00:00,marketing.gsb,GSB_final_lead_list_2026-08-28.xlsx
TL002365,31 - 40,"05. 30,001-40,000",ประกอบอาชีพอิสระ,ธนาคารออมสินภาค 12,สินเชื่อเคหะ,DCO2026,2026-08-28 09:00:00,marketing.gsb,GSB_final_lead_list_2026-08-28.xlsx
TL002366,51 - 60,"07. >50,000",ข้าราชการและลูกจ้างในหน่วยงานของรัฐ,ธนาคารออมสินภาค 11,สินเชื่อเคหะ,DCO2026,2026-08-28 09:00:00,marketing.gsb,GSB_final_lead_list_2026-08-28.xlsx
TL002367,41 - 50,"04. 20,001-30,000",พนักงานและลูกจ้างในบริษัท,ธนาคารออมสินภาค 11,สินเชื่อเคหะ,DCO2026,2026-08-28 09:00:00,marketing.gsb,GSB_final_lead_list_2026-08-28.xlsx
TL002368,20 - 30,"04. 20,001-30,000",พนักงานและลูกจ้างในบริษัท,ธนาคารออมสินภาค 11,สินเชื่อเคหะ,DCO2026,2026-08-28 09:00:00,marketing.gsb,GSB_final_lead_list_2026-08-28.xlsx
TL002369,31 - 40,"04. 20,001-30,000",ประกอบอาชีพอิสระ,ธนาคารออมสินภาค 1,สินเชื่อเคหะ,DCO2026,2026-08-28 09:00:00,marketing.gsb,GSB_final_lead_list_2026-08-28.xlsx
TL002370,20 - 30,"05. 30,001-40,000",ผู้รับจ้างทั่วไป / ผู้ใช้แรงงาน,ธนาคารออมสินภาค 1,สินเชื่อเคหะ,DCO2026,2026-08-28 09:00:00,marketing.gsb,GSB_final_lead_list_2026-08-28.xlsx
TL002371,Under 20,"02. 5,001-10,000",ผู้ประกอบธุรกิจ / เจ้าของกิจการ,ธนาคารออมสินภาค 10,สินเชื่อเคหะ,DCO2026,2026-08-28 09:00:00,marketing.gsb,GSB_final_lead_list_2026-08-28.xlsx
TL002372,20 - 30,"04. 20,001-30,000",พนักงานและลูกจ้างในบริษัท,ธนาคารออมสินภาค 12,สินเชื่อเคหะ,DCO2026,2026-08-28 09:00:00,marketing.gsb,GSB_final_lead_list_2026-08-28.xlsx
TL002373,41 - 50,"06. 40,001-50,000",ข้าราชการและลูกจ้างในหน่วยงานของรัฐ,ธนาคารออมสินภาค 1,สินเชื่อเคหะ,DCO2026,2026-08-28 09:00:00,marketing.gsb,GSB_final_lead_list_2026-08-28.xlsx
TL002374,61 - 65,"06. 40,001-50,000",ประกอบอาชีพอิสระ,ธนาคารออมสินภาค 13,สินเชื่อเคหะ,DCO2026,2026-08-28 09:00:00,marketing.gsb,GSB_final_lead_list_2026-08-28.xlsx
TL002375,31 - 40,"06. 40,001-50,000",ผู้ประกอบธุรกิจ / เจ้าของกิจการ,ธนาคารออมสินภาค 13,สินเชื่อเคหะ,DCO2026,2026-08-28 09:00:00,marketing.gsb,GSB_final_lead_list_2026-08-28.xlsx
TL002376,65 Up,"05. 30,001-40,000",ข้าราชการและลูกจ้างในหน่วยงานของรัฐ,ธนาคารออมสินภาค 1,สินเชื่อเคหะ,DCO2026,2026-08-28 09:00:00,marketing.gsb,GSB_final_lead_list_2026-08-28.xlsx
TL002377,20 - 30,"01. 0-5,000",พนักงานและลูกจ้างในหน่วยงานรัฐวิสาหกิจ,ธนาคารออมสินภาค 13,สินเชื่อเคหะ,DCO2026,2026-08-28 09:00:00,marketing.gsb,GSB_final_lead_list_2026-08-28.xlsx
TL002378,31 - 40,"06. 40,001-50,000",พนักงานและลูกจ้างในบริษัท,ธนาคารออมสินภาค 1,สินเชื่อเคหะ,DCO2026,2026-08-28 09:00:00,marketing.gsb,GSB_final_lead_list_2026-08-28.xlsx
TL002379,41 - 50,"05. 30,001-40,000",ผู้รับจ้างทั่วไป / ผู้ใช้แรงงาน,ธนาคารออมสินภาค 13,สินเชื่อเคหะ,DCO2026,2026-08-28 09:00:00,marketing.gsb,GSB_final_lead_list_2026-08-28.xlsx
TL002380,31 - 40,"06. 40,001-50,000",พนักงานและลูกจ้างในหน่วยงานรัฐวิสาหกิจ,ธนาคารออมสินภาค 12,สินเชื่อเคหะ,DCO2026,2026-08-28 09:00:00,marketing.gsb,GSB_final_lead_list_2026-08-28.xlsx
TL002381,41 - 50,"04. 20,001-30,000",พนักงานและลูกจ้างในบริษัท,ธนาคารออมสินภาค 12,สินเชื่อเคหะ,DCO2026,2026-08-28 09:00:00,marketing.gsb,GSB_final_lead_list_2026-08-28.xlsx
TL002382,31 - 40,"05. 30,001-40,000",ประกอบอาชีพอิสระ,ธนาคารออมสินภาค 10,สินเชื่อเคหะ,DCO2026,2026-08-28 09:00:00,marketing.gsb,GSB_final_lead_list_2026-08-28.xlsx
TL002383,41 - 50,"02. 5,001-10,000",ประกอบวิชาชีพเฉพาะ,ธนาคารออมสินภาค 13,สินเชื่อเคหะ,DCO2026,2026-08-28 09:00:00,marketing.gsb,GSB_final_lead_list_2026-08-28.xlsx
TL002384,51 - 60,"04. 20,001-30,000",ผู้รับจ้างทั่วไป / ผู้ใช้แรงงาน,ธนาคารออมสินภาค 1,สินเชื่อเคหะ,DCO2026,2026-08-28 09:00:00,marketing.gsb,GSB_final_lead_list_2026-08-28.xlsx
TL002385,20 - 30,"03. 10,001-20,000",ข้าราชการและลูกจ้างในหน่วยงานของรัฐ,ธนาคารออมสินภาค 13,สินเชื่อเคหะ,DCO2026,2026-08-28 09:00:00,marketing.gsb,GSB_final_lead_list_2026-08-28.xlsx
TL002386,41 - 50,"05. 30,001-40,000",ประกอบอาชีพอิสระ,ธนาคารออมสินภาค 10,สินเชื่อเคหะ,DCO2026,2026-08-28 09:00:00,marketing.gsb,GSB_final_lead_list_2026-08-28.xlsx
TL002387,31 - 40,"06. 40,001-50,000",ผู้รับจ้างทั่วไป / ผู้ใช้แรงงาน,ธนาคารออมสินภาค 1,สินเชื่อเคหะ,DCO2026,2026-08-28 09:00:00,marketing.gsb,GSB_final_lead_list_2026-08-28.xlsx
TL002388,Under 20,"02. 5,001-10,000",ผู้ประกอบธุรกิจ / เจ้าของกิจการ,ธนาคารออมสินภาค 13,สินเชื่อเคหะ,DCO2026,2026-08-28 09:00:00,marketing.gsb,GSB_final_lead_list_2026-08-28.xlsx
TL002389,51 - 60,"01. 0-5,000",พนักงานและลูกจ้างในบริษัท,ธนาคารออมสินภาค 12,สินเชื่อเคหะ,DCO2026,2026-08-28 09:00:00,marketing.gsb,GSB_final_lead_list_2026-08-28.xlsx
TL002390,51 - 60,"06. 40,001-50,000",พนักงานและลูกจ้างในบริษัท,ธนาคารออมสินภาค 1,สินเชื่อเคหะ,DCO2026,2026-08-28 09:00:00,marketing.gsb,GSB_final_lead_list_2026-08-28.xlsx
TL002391,31 - 40,"02. 5,001-10,000",ผู้รับจ้างทั่วไป / ผู้ใช้แรงงาน,ธนาคารออมสินภาค 12,สินเชื่อเคหะ,DCO2026,2026-08-28 09:00:00,marketing.gsb,GSB_final_lead_list_2026-08-28.xlsx
TL002392,31 - 40,"05. 30,001-40,000",ข้าราชการและลูกจ้างในหน่วยงานของรัฐ,ธนาคารออมสินภาค 12,สินเชื่อเคหะ,DCO2026,2026-08-28 09:00:00,marketing.gsb,GSB_final_lead_list_2026-08-28.xlsx
TL002393,31 - 40,"06. 40,001-50,000",ประกอบอาชีพอิสระ,ธนาคารออมสินภาค 11,สินเชื่อเคหะ,DCO2026,2026-08-28 09:00:00,marketing.gsb,GSB_final_lead_list_2026-08-28.xlsx
TL002394,51 - 60,"06. 40,001-50,000",ประกอบอาชีพอิสระ,ธนาคารออมสินภาค 12,สินเชื่อเคหะ,DCO2026,2026-08-28 09:00:00,marketing.gsb,GSB_final_lead_list_2026-08-28.xlsx
TL002395,61 - 65,"04. 20,001-30,000",ประกอบอาชีพอิสระ,ธนาคารออมสินภาค 10,สินเชื่อเคหะ,DCO2026,2026-08-28 09:00:00,marketing.gsb,GSB_final_lead_list_2026-08-28.xlsx
TL002396,51 - 60,"04. 20,001-30,000",ผู้รับจ้างทั่วไป / ผู้ใช้แรงงาน,ธนาคารออมสินภาค 1,สินเชื่อเคหะ,DCO2026,2026-08-28 09:00:00,marketing.gsb,GSB_final_lead_list_2026-08-28.xlsx
TL002397,31 - 40,"05. 30,001-40,000",ประกอบวิชาชีพเฉพาะ,ธนาคารออมสินภาค 11,สินเชื่อเคหะ,DCO2026,2026-08-28 09:00:00,marketing.gsb,GSB_final_lead_list_2026-08-28.xlsx
TL002398,31 - 40,"01. 0-5,000",ประกอบอาชีพอิสระ,ธนาคารออมสินภาค 10,สินเชื่อเคหะ,DCO2026,2026-08-28 09:00:00,marketing.gsb,GSB_final_lead_list_2026-08-28.xlsx
TL002399,61 - 65,"03. 10,001-20,000",ผู้รับจ้างทั่วไป / ผู้ใช้แรงงาน,ธนาคารออมสินภาค 12,สินเชื่อเคหะ,DCO2026,2026-08-28 09:00:00,marketing.gsb,GSB_final_lead_list_2026-08-28.xlsx
TL002400,20 - 30,"04. 20,001-30,000",พนักงานและลูกจ้างในหน่วยงานรัฐวิสาหกิจ,ธนาคารออมสินภาค 12,สินเชื่อเคหะ,DCO2026,2026-08-28 09:00:00,marketing.gsb,GSB_final_lead_list_2026-08-28.xlsx
TL002401,41 - 50,"04. 20,001-30,000",พนักงานและลูกจ้างในบริษัท,ธนาคารออมสินภาค 12,สินเชื่อเคหะ,DCO2026,2026-08-28 09:00:00,marketing.gsb,GSB_final_lead_list_2026-08-28.xlsx
TL002402,61 - 65,"06. 40,001-50,000",พนักงานและลูกจ้างในหน่วยงานรัฐวิสาหกิจ,ธนาคารออมสินภาค 1,สินเชื่อเคหะ,DCO2026,2026-08-28 09:00:00,marketing.gsb,GSB_final_lead_list_2026-08-28.xlsx
TL002403,51 - 60,"05. 30,001-40,000",ผู้ประกอบธุรกิจ / เจ้าของกิจการ,ธนาคารออมสินภาค 13,สินเชื่อเคหะ,DCO2026,2026-08-28 09:00:00,marketing.gsb,GSB_final_lead_list_2026-08-28.xlsx
TL002404,20 - 30,"05. 30,001-40,000",ประกอบอาชีพอิสระ,ธนาคารออมสินภาค 1,สินเชื่อเคหะ,DCO2026,2026-08-28 09:00:00,marketing.gsb,GSB_final_lead_list_2026-08-28.xlsx
TL002405,Under 20,"05. 30,001-40,000",ประกอบวิชาชีพเฉพาะ,ธนาคารออมสินภาค 11,สินเชื่อเคหะ,DCO2026,2026-08-28 09:00:00,marketing.gsb,GSB_final_lead_list_2026-08-28.xlsx
TL002406,20 - 30,"03. 10,001-20,000",ข้าราชการและลูกจ้างในหน่วยงานของรัฐ,ธนาคารออมสินภาค 11,สินเชื่อเคหะ,DCO2026,2026-08-28 09:00:00,marketing.gsb,GSB_final_lead_list_2026-08-28.xlsx
TL002407,31 - 40,"01. 0-5,000",ข้าราชการและลูกจ้างในหน่วยงานของรัฐ,ธนาคารออมสินภาค 13,สินเชื่อเคหะ,DCO2026,2026-08-28 09:00:00,marketing.gsb,GSB_final_lead_list_2026-08-28.xlsx
TL002408,41 - 50,"02. 5,001-10,000",ข้าราชการและลูกจ้างในหน่วยงานของรัฐ,ธนาคารออมสินภาค 13,สินเชื่อเคหะ,DCO2026,2026-08-28 09:00:00,marketing.gsb,GSB_final_lead_list_2026-08-28.xlsx
TL002409,20 - 30,"05. 30,001-40,000",ประกอบอาชีพอิสระ,ธนาคารออมสินภาค 11,สินเชื่อเคหะ,DCO2026,2026-08-28 09:00:00,marketing.gsb,GSB_final_lead_list_2026-08-28.xlsx
TL002410,31 - 40,"02. 5,001-10,000",พนักงานและลูกจ้างในบริษัท,ธนาคารออมสินภาค 10,สินเชื่อเคหะ,DCO2026,2026-08-28 09:00:00,marketing.gsb,GSB_final_lead_list_2026-08-28.xlsx
TL002411,20 - 30,"05. 30,001-40,000",ข้าราชการและลูกจ้างในหน่วยงานของรัฐ,ธนาคารออมสินภาค 12,สินเชื่อเคหะ,DCO2026,2026-08-28 09:00:00,marketing.gsb,GSB_final_lead_list_2026-08-28.xlsx
TL002412,61 - 65,"03. 10,001-20,000",ประกอบอาชีพอิสระ,ธนาคารออมสินภาค 13,สินเชื่อเคหะ,DCO2026,2026-08-28 09:00:00,marketing.gsb,GSB_final_lead_list_2026-08-28.xlsx
TL002413,51 - 60,"06. 40,001-50,000",ผู้รับจ้างทั่วไป / ผู้ใช้แรงงาน,ธนาคารออมสินภาค 12,สินเชื่อเคหะ,DCO2026,2026-08-28 09:00:00,marketing.gsb,GSB_final_lead_list_2026-08-28.xlsx
TL002414,20 - 30,"01. 0-5,000",ประกอบอาชีพอิสระ,ธนาคารออมสินภาค 11,สินเชื่อเคหะ,DCO2026,2026-08-28 09:00:00,marketing.gsb,GSB_final_lead_list_2026-08-28.xlsx
TL002415,20 - 30,"06. 40,001-50,000",ข้าราชการและลูกจ้างในหน่วยงานของรัฐ,ธนาคารออมสินภาค 11,สินเชื่อเคหะ,DCO2026,2026-08-28 09:00:00,marketing.gsb,GSB_final_lead_list_2026-08-28.xlsx
TL002416,41 - 50,"03. 10,001-20,000",พนักงานและลูกจ้างในหน่วยงานรัฐวิสาหกิจ,ธนาคารออมสินภาค 10,สินเชื่อเคหะ,DCO2026,2026-08-28 09:00:00,marketing.gsb,GSB_final_lead_list_2026-08-28.xlsx
TL002417,31 - 40,"02. 5,001-10,000",ผู้รับจ้างทั่วไป / ผู้ใช้แรงงาน,ธนาคารออมสินภาค 11,สินเชื่อเคหะ,DCO2026,2026-08-28 09:00:00,marketing.gsb,GSB_final_lead_list_2026-08-28.xlsx
TL002418,20 - 30,"05. 30,001-40,000",ผู้ประกอบธุรกิจ / เจ้าของกิจการ,ธนาคารออมสินภาค 12,สินเชื่อเคหะ,DCO2026,2026-08-28 09:00:00,marketing.gsb,GSB_final_lead_list_2026-08-28.xlsx
TL002419,31 - 40,"06. 40,001-50,000",ผู้ประกอบธุรกิจ / เจ้าของกิจการ,ธนาคารออมสินภาค 1,สินเชื่อเคหะ,DCO2026,2026-08-28 09:00:00,marketing.gsb,GSB_final_lead_list_2026-08-28.xlsx
TL002420,20 - 30,"01. 0-5,000",พนักงานและลูกจ้างในบริษัท,ธนาคารออมสินภาค 10,สินเชื่อเคหะ,DCO2026,2026-08-28 09:00:00,marketing.gsb,GSB_final_lead_list_2026-08-28.xlsx
TL002421,20 - 30,"04. 20,001-30,000",พนักงานและลูกจ้างในบริษัท,ธนาคารออมสินภาค 10,สินเชื่อเคหะ,DCO2026,2026-08-28 09:00:00,marketing.gsb,GSB_final_lead_list_2026-08-28.xlsx
TL002422,41 - 50,"05. 30,001-40,000",ผู้ประกอบธุรกิจ / เจ้าของกิจการ,ธนาคารออมสินภาค 11,สินเชื่อเคหะ,DCO2026,2026-08-28 09:00:00,marketing.gsb,GSB_final_lead_list_2026-08-28.xlsx
TL002423,31 - 40,"03. 10,001-20,000",ประกอบวิชาชีพเฉพาะ,ธนาคารออมสินภาค 10,สินเชื่อเคหะ,DCO2026,2026-08-28 09:00:00,marketing.gsb,GSB_final_lead_list_2026-08-28.xlsx
TL002424,31 - 40,"02. 5,001-10,000",ผู้ประกอบธุรกิจ / เจ้าของกิจการ,ธนาคารออมสินภาค 11,สินเชื่อเคหะ,DCO2026,2026-08-28 09:00:00,marketing.gsb,GSB_final_lead_list_2026-08-28.xlsx
TL002425,41 - 50,"02. 5,001-10,000",ผู้ประกอบธุรกิจ / เจ้าของกิจการ,ธนาคารออมสินภาค 1,สินเชื่อเคหะ,DCO2026,2026-08-28 09:00:00,marketing.gsb,GSB_final_lead_list_2026-08-28.xlsx
TL002426,20 - 30,"06. 40,001-50,000",พนักงานและลูกจ้างในหน่วยงานรัฐวิสาหกิจ,ธนาคารออมสินภาค 11,สินเชื่อเคหะ,DCO2026,2026-08-28 09:00:00,marketing.gsb,GSB_final_lead_list_2026-08-28.xlsx
TL002427,41 - 50,"02. 5,001-10,000",พนักงานและลูกจ้างในบริษัท,ธนาคารออมสินภาค 10,สินเชื่อเคหะ,DCO2026,2026-08-28 09:00:00,marketing.gsb,GSB_final_lead_list_2026-08-28.xlsx
TL002428,20 - 30,"04. 20,001-30,000",ประกอบวิชาชีพเฉพาะ,ธนาคารออมสินภาค 13,สินเชื่อเคหะ,DCO2026,2026-08-28 09:00:00,marketing.gsb,GSB_final_lead_list_2026-08-28.xlsx
TL002429,41 - 50,"04. 20,001-30,000",พนักงานและลูกจ้างในหน่วยงานรัฐวิสาหกิจ,ธนาคารออมสินภาค 11,สินเชื่อเคหะ,DCO2026,2026-08-28 09:00:00,marketing.gsb,GSB_final_lead_list_2026-08-28.xlsx
TL002430,31 - 40,"05. 30,001-40,000",ประกอบอาชีพอิสระ,ธนาคารออมสินภาค 12,สินเชื่อเคหะ,DCO2026,2026-08-28 09:00:00,marketing.gsb,GSB_final_lead_list_2026-08-28.xlsx
TL002431,31 - 40,"04. 20,001-30,000",ผู้รับจ้างทั่วไป / ผู้ใช้แรงงาน,ธนาคารออมสินภาค 12,สินเชื่อเคหะ,DCO2026,2026-08-28 09:00:00,marketing.gsb,GSB_final_lead_list_2026-08-28.xlsx
TL002432,31 - 40,"04. 20,001-30,000",ข้าราชการและลูกจ้างในหน่วยงานของรัฐ,ธนาคารออมสินภาค 11,สินเชื่อเคหะ,DCO2026,2026-08-28 09:00:00,marketing.gsb,GSB_final_lead_list_2026-08-28.xlsx
TL002433,20 - 30,"06. 40,001-50,000",พนักงานและลูกจ้างในหน่วยงานรัฐวิสาหกิจ,ธนาคารออมสินภาค 13,สินเชื่อเคหะ,DCO2026,2026-08-28 09:00:00,marketing.gsb,GSB_final_lead_list_2026-08-28.xlsx
TL002434,31 - 40,"04. 20,001-30,000",ผู้ประกอบธุรกิจ / เจ้าของกิจการ,ธนาคารออมสินภาค 10,สินเชื่อเคหะ,DCO2026,2026-08-28 09:00:00,marketing.gsb,GSB_final_lead_list_2026-08-28.xlsx
TL002435,20 - 30,"07. >50,000",ประกอบวิชาชีพเฉพาะ,ธนาคารออมสินภาค 13,สินเชื่อเคหะ,DCO2026,2026-08-28 09:00:00,marketing.gsb,GSB_final_lead_list_2026-08-28.xlsx
TL002436,41 - 50,"02. 5,001-10,000",ประกอบอาชีพอิสระ,ธนาคารออมสินภาค 12,สินเชื่อเคหะ,DCO2026,2026-08-28 09:00:00,marketing.gsb,GSB_final_lead_list_2026-08-28.xlsx
TL002437,41 - 50,"01. 0-5,000",พนักงานและลูกจ้างในบริษัท,ธนาคารออมสินภาค 10,สินเชื่อเคหะ,DCO2026,2026-08-28 09:00:00,marketing.gsb,GSB_final_lead_list_2026-08-28.xlsx
TL002438,31 - 40,"03. 10,001-20,000",ประกอบอาชีพอิสระ,ธนาคารออมสินภาค 10,สินเชื่อเคหะ,DCO2026,2026-08-28 09:00:00,marketing.gsb,GSB_final_lead_list_2026-08-28.xlsx
TL002439,31 - 40,"05. 30,001-40,000",พนักงานและลูกจ้างในบริษัท,ธนาคารออมสินภาค 13,สินเชื่อเคหะ,DCO2026,2026-08-28 09:00:00,marketing.gsb,GSB_final_lead_list_2026-08-28.xlsx
TL002440,61 - 65,"06. 40,001-50,000",ผู้ประกอบธุรกิจ / เจ้าของกิจการ,ธนาคารออมสินภาค 12,สินเชื่อเคหะ,DCO2026,2026-08-28 09:00:00,marketing.gsb,GSB_final_lead_list_2026-08-28.xlsx
TL002441,20 - 30,"07. >50,000",พนักงานและลูกจ้างในบริษัท,ธนาคารออมสินภาค 1,สินเชื่อเคหะ,DCO2026,2026-08-28 09:00:00,marketing.gsb,GSB_final_lead_list_2026-08-28.xlsx
TL002442,20 - 30,"04. 20,001-30,000",ประกอบอาชีพอิสระ,ธนาคารออมสินภาค 12,สินเชื่อเคหะ,DCO2026,2026-08-28 09:00:00,marketing.gsb,GSB_final_lead_list_2026-08-28.xlsx
TL002443,31 - 40,"05. 30,001-40,000",ข้าราชการและลูกจ้างในหน่วยงานของรัฐ,ธนาคารออมสินภาค 1,สินเชื่อเคหะ,DCO2026,2026-08-28 09:00:00,marketing.gsb,GSB_final_lead_list_2026-08-28.xlsx
TL002444,20 - 30,"04. 20,001-30,000",พนักงานและลูกจ้างในหน่วยงานรัฐวิสาหกิจ,ธนาคารออมสินภาค 12,สินเชื่อเคหะ,DCO2026,2026-08-28 09:00:00,marketing.gsb,GSB_final_lead_list_2026-08-28.xlsx
TL002445,20 - 30,"05. 30,001-40,000",พนักงานและลูกจ้างในหน่วยงานรัฐวิสาหกิจ,ธนาคารออมสินภาค 12,สินเชื่อเคหะ,DCO2026,2026-08-28 09:00:00,marketing.gsb,GSB_final_lead_list_2026-08-28.xlsx
TL002446,31 - 40,"05. 30,001-40,000",ผู้รับจ้างทั่วไป / ผู้ใช้แรงงาน,ธนาคารออมสินภาค 13,สินเชื่อเคหะ,DCO2026,2026-08-28 09:00:00,marketing.gsb,GSB_final_lead_list_2026-08-28.xlsx
TL002447,20 - 30,"03. 10,001-20,000",พนักงานและลูกจ้างในบริษัท,ธนาคารออมสินภาค 12,สินเชื่อเคหะ,DCO2026,2026-08-28 09:00:00,marketing.gsb,GSB_final_lead_list_2026-08-28.xlsx
TL002448,51 - 60,"05. 30,001-40,000",พนักงานและลูกจ้างในบริษัท,ธนาคารออมสินภาค 11,สินเชื่อเคหะ,DCO2026,2026-08-28 09:00:00,marketing.gsb,GSB_final_lead_list_2026-08-28.xlsx
TL002449,31 - 40,"05. 30,001-40,000",ประกอบอาชีพอิสระ,ธนาคารออมสินภาค 12,สินเชื่อเคหะ,DCO2026,2026-08-28 09:00:00,marketing.gsb,GSB_final_lead_list_2026-08-28.xlsx
TL002450,20 - 30,"06. 40,001-50,000",ประกอบอาชีพอิสระ,ธนาคารออมสินภาค 1,สินเชื่อเคหะ,DCO2026,2026-08-28 09:00:00,marketing.gsb,GSB_final_lead_list_2026-08-28.xlsx
TL002451,20 - 30,"05. 30,001-40,000",ผู้รับจ้างทั่วไป / ผู้ใช้แรงงาน,ธนาคารออมสินภาค 1,สินเชื่อเคหะ,DCO2026,2026-08-28 09:00:00,marketing.gsb,GSB_final_lead_list_2026-08-28.xlsx
TL002452,41 - 50,"05. 30,001-40,000",ประกอบอาชีพอิสระ,ธนาคารออมสินภาค 11,สินเชื่อเคหะ,DCO2026,2026-08-28 09:00:00,marketing.gsb,GSB_final_lead_list_2026-08-28.xlsx
TL002453,41 - 50,"05. 30,001-40,000",ประกอบวิชาชีพเฉพาะ,ธนาคารออมสินภาค 1,สินเชื่อเคหะ,DCO2026,2026-08-28 09:00:00,marketing.gsb,GSB_final_lead_list_2026-08-28.xlsx
TL002454,20 - 30,"04. 20,001-30,000",ผู้รับจ้างทั่วไป / ผู้ใช้แรงงาน,ธนาคารออมสินภาค 12,สินเชื่อเคหะ,DCO2026,2026-08-28 09:00:00,marketing.gsb,GSB_final_lead_list_2026-08-28.xlsx
TL002455,20 - 30,"06. 40,001-50,000",ข้าราชการและลูกจ้างในหน่วยงานของรัฐ,ธนาคารออมสินภาค 12,สินเชื่อเคหะ,DCO2026,2026-08-28 09:00:00,marketing.gsb,GSB_final_lead_list_2026-08-28.xlsx
TL002456,61 - 65,"04. 20,001-30,000",พนักงานและลูกจ้างในบริษัท,ธนาคารออมสินภาค 1,สินเชื่อเคหะ,DCO2026,2026-08-28 09:00:00,marketing.gsb,GSB_final_lead_list_2026-08-28.xlsx
TL002457,41 - 50,"05. 30,001-40,000",ผู้รับจ้างทั่วไป / ผู้ใช้แรงงาน,ธนาคารออมสินภาค 11,สินเชื่อเคหะ,DCO2026,2026-08-28 09:00:00,marketing.gsb,GSB_final_lead_list_2026-08-28.xlsx
TL002458,20 - 30,"01. 0-5,000",พนักงานและลูกจ้างในบริษัท,ธนาคารออมสินภาค 11,สินเชื่อเคหะ,DCO2026,2026-08-28 09:00:00,marketing.gsb,GSB_final_lead_list_2026-08-28.xlsx
TL002459,41 - 50,"01. 0-5,000",ข้าราชการและลูกจ้างในหน่วยงานของรัฐ,ธนาคารออมสินภาค 1,สินเชื่อเคหะ,DCO2026,2026-08-28 09:00:00,marketing.gsb,GSB_final_lead_list_2026-08-28.xlsx
TL002460,20 - 30,"03. 10,001-20,000",ประกอบวิชาชีพเฉพาะ,ธนาคารออมสินภาค 13,สินเชื่อเคหะ,DCO2026,2026-08-28 09:00:00,marketing.gsb,GSB_final_lead_list_2026-08-28.xlsx
TL002461,31 - 40,"04. 20,001-30,000",ข้าราชการและลูกจ้างในหน่วยงานของรัฐ,ธนาคารออมสินภาค 1,สินเชื่อเคหะ,DCO2026,2026-08-28 09:00:00,marketing.gsb,GSB_final_lead_list_2026-08-28.xlsx
TL002462,41 - 50,"01. 0-5,000",ผู้รับจ้างทั่วไป / ผู้ใช้แรงงาน,ธนาคารออมสินภาค 1,สินเชื่อเคหะ,DCO2026,2026-08-28 09:00:00,marketing.gsb,GSB_final_lead_list_2026-08-28.xlsx
TL002463,31 - 40,"06. 40,001-50,000",พนักงานและลูกจ้างในบริษัท,ธนาคารออมสินภาค 12,สินเชื่อเคหะ,DCO2026,2026-08-28 09:00:00,marketing.gsb,GSB_final_lead_list_2026-08-28.xlsx
TL002464,31 - 40,"06. 40,001-50,000",พนักงานและลูกจ้างในบริษัท,ธนาคารออมสินภาค 11,สินเชื่อเคหะ,DCO2026,2026-08-28 09:00:00,marketing.gsb,GSB_final_lead_list_2026-08-28.xlsx
TL002465,31 - 40,"04. 20,001-30,000",ผู้ประกอบธุรกิจ / เจ้าของกิจการ,ธนาคารออมสินภาค 13,สินเชื่อเคหะ,DCO2026,2026-08-28 09:00:00,marketing.gsb,GSB_final_lead_list_2026-08-28.xlsx
TL002466,61 - 65,"05. 30,001-40,000",พนักงานและลูกจ้างในบริษัท,ธนาคารออมสินภาค 12,สินเชื่อเคหะ,DCO2026,2026-08-28 09:00:00,marketing.gsb,GSB_final_lead_list_2026-08-28.xlsx
TL002467,20 - 30,"03. 10,001-20,000",ประกอบวิชาชีพเฉพาะ,ธนาคารออมสินภาค 1,สินเชื่อเคหะ,DCO2026,2026-08-28 09:00:00,marketing.gsb,GSB_final_lead_list_2026-08-28.xlsx
TL002468,61 - 65,"05. 30,001-40,000",พนักงานและลูกจ้างในบริษัท,ธนาคารออมสินภาค 1,สินเชื่อเคหะ,DCO2026,2026-08-28 09:00:00,marketing.gsb,GSB_final_lead_list_2026-08-28.xlsx
TL002469,41 - 50,"06. 40,001-50,000",ประกอบอาชีพอิสระ,ธนาคารออมสินภาค 1,สินเชื่อเคหะ,DCO2026,2026-08-28 09:00:00,marketing.gsb,GSB_final_lead_list_2026-08-28.xlsx
TL002470,51 - 60,"03. 10,001-20,000",ประกอบอาชีพอิสระ,ธนาคารออมสินภาค 1,สินเชื่อเคหะ,DCO2026,2026-08-28 09:00:00,marketing.gsb,GSB_final_lead_list_2026-08-28.xlsx
TL002471,65 Up,"03. 10,001-20,000",ผู้รับจ้างทั่วไป / ผู้ใช้แรงงาน,ธนาคารออมสินภาค 13,สินเชื่อเคหะ,DCO2026,2026-08-28 09:00:00,marketing.gsb,GSB_final_lead_list_2026-08-28.xlsx
TL002472,41 - 50,"02. 5,001-10,000",ผู้ประกอบธุรกิจ / เจ้าของกิจการ,ธนาคารออมสินภาค 10,สินเชื่อเคหะ,DCO2026,2026-08-28 09:00:00,marketing.gsb,GSB_final_lead_list_2026-08-28.xlsx
TL002473,41 - 50,"06. 40,001-50,000",พนักงานและลูกจ้างในหน่วยงานรัฐวิสาหกิจ,ธนาคารออมสินภาค 12,สินเชื่อเคหะ,DCO2026,2026-08-28 09:00:00,marketing.gsb,GSB_final_lead_list_2026-08-28.xlsx
TL002474,20 - 30,"02. 5,001-10,000",ประกอบอาชีพอิสระ,ธนาคารออมสินภาค 10,สินเชื่อเคหะ,DCO2026,2026-08-28 09:00:00,marketing.gsb,GSB_final_lead_list_2026-08-28.xlsx
TL002475,20 - 30,"05. 30,001-40,000",ผู้รับจ้างทั่วไป / ผู้ใช้แรงงาน,ธนาคารออมสินภาค 1,สินเชื่อเคหะ,DCO2026,2026-08-28 09:00:00,marketing.gsb,GSB_final_lead_list_2026-08-28.xlsx
TL002476,41 - 50,"04. 20,001-30,000",ประกอบอาชีพอิสระ,ธนาคารออมสินภาค 13,สินเชื่อเคหะ,DCO2026,2026-08-28 09:00:00,marketing.gsb,GSB_final_lead_list_2026-08-28.xlsx
TL002477,31 - 40,"03. 10,001-20,000",ข้าราชการและลูกจ้างในหน่วยงานของรัฐ,ธนาคารออมสินภาค 12,สินเชื่อเคหะ,DCO2026,2026-08-28 09:00:00,marketing.gsb,GSB_final_lead_list_2026-08-28.xlsx
TL002478,41 - 50,"06. 40,001-50,000",ข้าราชการและลูกจ้างในหน่วยงานของรัฐ,ธนาคารออมสินภาค 1,สินเชื่อเคหะ,DCO2026,2026-08-28 09:00:00,marketing.gsb,GSB_final_lead_list_2026-08-28.xlsx
TL002479,20 - 30,"04. 20,001-30,000",ประกอบอาชีพอิสระ,ธนาคารออมสินภาค 12,สินเชื่อเคหะ,DCO2026,2026-08-28 09:00:00,marketing.gsb,GSB_final_lead_list_2026-08-28.xlsx
TL002480,41 - 50,"04. 20,001-30,000",ผู้ประกอบธุรกิจ / เจ้าของกิจการ,ธนาคารออมสินภาค 1,สินเชื่อเคหะ,DCO2026,2026-08-28 09:00:00,marketing.gsb,GSB_final_lead_list_2026-08-28.xlsx
TL002481,Under 20,"04. 20,001-30,000",ประกอบอาชีพอิสระ,ธนาคารออมสินภาค 13,สินเชื่อเคหะ,DCO2026,2026-08-28 09:00:00,marketing.gsb,GSB_final_lead_list_2026-08-28.xlsx
TL002482,51 - 60,"06. 40,001-50,000",ข้าราชการและลูกจ้างในหน่วยงานของรัฐ,ธนาคารออมสินภาค 13,สินเชื่อเคหะ,DCO2026,2026-08-28 09:00:00,marketing.gsb,GSB_final_lead_list_2026-08-28.xlsx
TL002483,51 - 60,"06. 40,001-50,000",ประกอบอาชีพอิสระ,ธนาคารออมสินภาค 10,สินเชื่อเคหะ,DCO2026,2026-08-28 09:00:00,marketing.gsb,GSB_final_lead_list_2026-08-28.xlsx
TL002484,20 - 30,"05. 30,001-40,000",ผู้รับจ้างทั่วไป / ผู้ใช้แรงงาน,ธนาคารออมสินภาค 10,สินเชื่อเคหะ,DCO2026,2026-08-28 09:00:00,marketing.gsb,GSB_final_lead_list_2026-08-28.xlsx
TL002485,31 - 40,"01. 0-5,000",พนักงานและลูกจ้างในหน่วยงานรัฐวิสาหกิจ,ธนาคารออมสินภาค 12,สินเชื่อเคหะ,DCO2026,2026-08-28 09:00:00,marketing.gsb,GSB_final_lead_list_2026-08-28.xlsx
TL002486,31 - 40,"05. 30,001-40,000",ประกอบวิชาชีพเฉพาะ,ธนาคารออมสินภาค 13,สินเชื่อเคหะ,DCO2026,2026-08-28 09:00:00,marketing.gsb,GSB_final_lead_list_2026-08-28.xlsx
TL002487,51 - 60,"01. 0-5,000",ผู้รับจ้างทั่วไป / ผู้ใช้แรงงาน,ธนาคารออมสินภาค 10,สินเชื่อเคหะ,DCO2026,2026-08-28 09:00:00,marketing.gsb,GSB_final_lead_list_2026-08-28.xlsx
TL002488,20 - 30,"05. 30,001-40,000",พนักงานและลูกจ้างในหน่วยงานรัฐวิสาหกิจ,ธนาคารออมสินภาค 10,สินเชื่อเคหะ,DCO2026,2026-08-28 09:00:00,marketing.gsb,GSB_final_lead_list_2026-08-28.xlsx
TL002489,20 - 30,"04. 20,001-30,000",พนักงานและลูกจ้างในบริษัท,ธนาคารออมสินภาค 12,สินเชื่อเคหะ,DCO2026,2026-08-28 09:00:00,marketing.gsb,GSB_final_lead_list_2026-08-28.xlsx
TL002490,20 - 30,"05. 30,001-40,000",ผู้รับจ้างทั่วไป / ผู้ใช้แรงงาน,ธนาคารออมสินภาค 1,สินเชื่อเคหะ,DCO2026,2026-08-28 09:00:00,marketing.gsb,GSB_final_lead_list_2026-08-28.xlsx
TL002491,51 - 60,"02. 5,001-10,000",พนักงานและลูกจ้างในบริษัท,ธนาคารออมสินภาค 1,สินเชื่อเคหะ,DCO2026,2026-08-28 09:00:00,marketing.gsb,GSB_final_lead_list_2026-08-28.xlsx
TL002492,31 - 40,"05. 30,001-40,000",ประกอบวิชาชีพเฉพาะ,ธนาคารออมสินภาค 1,สินเชื่อเคหะ,DCO2026,2026-08-28 09:00:00,marketing.gsb,GSB_final_lead_list_2026-08-28.xlsx
TL002493,31 - 40,"01. 0-5,000",ประกอบอาชีพอิสระ,ธนาคารออมสินภาค 11,สินเชื่อเคหะ,DCO2026,2026-08-28 09:00:00,marketing.gsb,GSB_final_lead_list_2026-08-28.xlsx
TL002494,41 - 50,"06. 40,001-50,000",ประกอบวิชาชีพเฉพาะ,ธนาคารออมสินภาค 11,สินเชื่อเคหะ,DCO2026,2026-08-28 09:00:00,marketing.gsb,GSB_final_lead_list_2026-08-28.xlsx
TL002495,20 - 30,"06. 40,001-50,000",พนักงานและลูกจ้างในหน่วยงานรัฐวิสาหกิจ,ธนาคารออมสินภาค 12,สินเชื่อเคหะ,DCO2026,2026-08-28 09:00:00,marketing.gsb,GSB_final_lead_list_2026-08-28.xlsx
TL002496,20 - 30,"06. 40,001-50,000",ข้าราชการและลูกจ้างในหน่วยงานของรัฐ,ธนาคารออมสินภาค 1,สินเชื่อเคหะ,DCO2026,2026-08-28 09:00:00,marketing.gsb,GSB_final_lead_list_2026-08-28.xlsx
TL002497,31 - 40,"06. 40,001-50,000",พนักงานและลูกจ้างในบริษัท,ธนาคารออมสินภาค 12,สินเชื่อเคหะ,DCO2026,2026-08-28 09:00:00,marketing.gsb,GSB_final_lead_list_2026-08-28.xlsx
TL002498,20 - 30,"04. 20,001-30,000",ข้าราชการและลูกจ้างในหน่วยงานของรัฐ,ธนาคารออมสินภาค 10,สินเชื่อเคหะ,DCO2026,2026-08-28 09:00:00,marketing.gsb,GSB_final_lead_list_2026-08-28.xlsx
TL002499,51 - 60,"05. 30,001-40,000",ประกอบวิชาชีพเฉพาะ,ธนาคารออมสินภาค 12,สินเชื่อเคหะ,DCO2026,2026-08-28 09:00:00,marketing.gsb,GSB_final_lead_list_2026-08-28.xlsx
TL002500,61 - 65,"01. 0-5,000",ประกอบวิชาชีพเฉพาะ,ธนาคารออมสินภาค 13,สินเชื่อเคหะ,DCO2026,2026-08-28 09:00:00,marketing.gsb,GSB_final_lead_list_2026-08-28.xlsx
TL002501,51 - 60,"01. 0-5,000",พนักงานและลูกจ้างในหน่วยงานรัฐวิสาหกิจ,ธนาคารออมสินภาค 1,สินเชื่อเคหะ,DCO2026,2026-08-28 09:00:00,marketing.gsb,GSB_final_lead_list_2026-08-28.xlsx
TL002502,51 - 60,"06. 40,001-50,000",ผู้รับจ้างทั่วไป / ผู้ใช้แรงงาน,ธนาคารออมสินภาค 1,สินเชื่อเคหะ,DCO2026,2026-08-28 09:00:00,marketing.gsb,GSB_final_lead_list_2026-08-28.xlsx
TL002503,41 - 50,"05. 30,001-40,000",พนักงานและลูกจ้างในหน่วยงานรัฐวิสาหกิจ,ธนาคารออมสินภาค 11,สินเชื่อเคหะ,DCO2026,2026-08-28 09:00:00,marketing.gsb,GSB_final_lead_list_2026-08-28.xlsx
TL002504,51 - 60,"05. 30,001-40,000",ผู้ประกอบธุรกิจ / เจ้าของกิจการ,ธนาคารออมสินภาค 13,สินเชื่อเคหะ,DCO2026,2026-08-28 09:00:00,marketing.gsb,GSB_final_lead_list_2026-08-28.xlsx
TL002505,51 - 60,"07. >50,000",ผู้ประกอบธุรกิจ / เจ้าของกิจการ,ธนาคารออมสินภาค 10,สินเชื่อเคหะ,DCO2026,2026-08-28 09:00:00,marketing.gsb,GSB_final_lead_list_2026-08-28.xlsx
TL002506,31 - 40,"02. 5,001-10,000",ผู้ประกอบธุรกิจ / เจ้าของกิจการ,ธนาคารออมสินภาค 10,สินเชื่อเคหะ,DCO2026,2026-08-28 09:00:00,marketing.gsb,GSB_final_lead_list_2026-08-28.xlsx
TL002507,51 - 60,"01. 0-5,000",ประกอบอาชีพอิสระ,ธนาคารออมสินภาค 11,สินเชื่อเคหะ,DCO2026,2026-08-28 09:00:00,marketing.gsb,GSB_final_lead_list_2026-08-28.xlsx
TL002508,31 - 40,"04. 20,001-30,000",ประกอบวิชาชีพเฉพาะ,ธนาคารออมสินภาค 11,สินเชื่อเคหะ,DCO2026,2026-08-28 09:00:00,marketing.gsb,GSB_final_lead_list_2026-08-28.xlsx
TL002509,31 - 40,"04. 20,001-30,000",ประกอบอาชีพอิสระ,ธนาคารออมสินภาค 11,สินเชื่อเคหะ,DCO2026,2026-08-28 09:00:00,marketing.gsb,GSB_final_lead_list_2026-08-28.xlsx
TL002510,41 - 50,"05. 30,001-40,000",พนักงานและลูกจ้างในบริษัท,ธนาคารออมสินภาค 1,สินเชื่อเคหะ,DCO2026,2026-08-28 09:00:00,marketing.gsb,GSB_final_lead_list_2026-08-28.xlsx
TL002511,31 - 40,"04. 20,001-30,000",ประกอบอาชีพอิสระ,ธนาคารออมสินภาค 12,สินเชื่อเคหะ,DCO2026,2026-08-28 09:00:00,marketing.gsb,GSB_final_lead_list_2026-08-28.xlsx
TL002512,51 - 60,"07. >50,000",พนักงานและลูกจ้างในบริษัท,ธนาคารออมสินภาค 13,สินเชื่อเคหะ,DCO2026,2026-08-28 09:00:00,marketing.gsb,GSB_final_lead_list_2026-08-28.xlsx
TL002513,51 - 60,"05. 30,001-40,000",ผู้รับจ้างทั่วไป / ผู้ใช้แรงงาน,ธนาคารออมสินภาค 13,สินเชื่อเคหะ,DCO2026,2026-08-28 09:00:00,marketing.gsb,GSB_final_lead_list_2026-08-28.xlsx
TL002514,20 - 30,"06. 40,001-50,000",ประกอบอาชีพอิสระ,ธนาคารออมสินภาค 1,สินเชื่อเคหะ,DCO2026,2026-08-28 09:00:00,marketing.gsb,GSB_final_lead_list_2026-08-28.xlsx
TL002515,31 - 40,"01. 0-5,000",พนักงานและลูกจ้างในบริษัท,ธนาคารออมสินภาค 13,สินเชื่อเคหะ,DCO2026,2026-08-28 09:00:00,marketing.gsb,GSB_final_lead_list_2026-08-28.xlsx
TL002516,20 - 30,"02. 5,001-10,000",ข้าราชการและลูกจ้างในหน่วยงานของรัฐ,ธนาคารออมสินภาค 1,สินเชื่อเคหะ,DCO2026,2026-08-28 09:00:00,marketing.gsb,GSB_final_lead_list_2026-08-28.xlsx
TL002517,31 - 40,"04. 20,001-30,000",พนักงานและลูกจ้างในบริษัท,ธนาคารออมสินภาค 10,สินเชื่อเคหะ,DCO2026,2026-08-28 09:00:00,marketing.gsb,GSB_final_lead_list_2026-08-28.xlsx
TL002518,20 - 30,"05. 30,001-40,000",ข้าราชการและลูกจ้างในหน่วยงานของรัฐ,ธนาคารออมสินภาค 1,สินเชื่อเคหะ,DCO2026,2026-08-28 09:00:00,marketing.gsb,GSB_final_lead_list_2026-08-28.xlsx
TL002519,20 - 30,"05. 30,001-40,000",ผู้ประกอบธุรกิจ / เจ้าของกิจการ,ธนาคารออมสินภาค 10,สินเชื่อเคหะ,DCO2026,2026-08-28 09:00:00,marketing.gsb,GSB_final_lead_list_2026-08-28.xlsx
TL002520,20 - 30,"02. 5,001-10,000",ข้าราชการและลูกจ้างในหน่วยงานของรัฐ,ธนาคารออมสินภาค 1,สินเชื่อเคหะ,DCO2026,2026-08-28 09:00:00,marketing.gsb,GSB_final_lead_list_2026-08-28.xlsx
TL002521,31 - 40,"04. 20,001-30,000",ประกอบอาชีพอิสระ,ธนาคารออมสินภาค 12,สินเชื่อเคหะ,DCO2026,2026-08-28 09:00:00,marketing.gsb,GSB_final_lead_list_2026-08-28.xlsx
TL002522,Under 20,"06. 40,001-50,000",ผู้ประกอบธุรกิจ / เจ้าของกิจการ,ธนาคารออมสินภาค 12,สินเชื่อเคหะ,DCO2026,2026-08-28 09:00:00,marketing.gsb,GSB_final_lead_list_2026-08-28.xlsx
TL002523,31 - 40,"05. 30,001-40,000",ข้าราชการและลูกจ้างในหน่วยงานของรัฐ,ธนาคารออมสินภาค 1,สินเชื่อเคหะ,DCO2026,2026-08-28 09:00:00,marketing.gsb,GSB_final_lead_list_2026-08-28.xlsx
TL002524,41 - 50,"04. 20,001-30,000",พนักงานและลูกจ้างในบริษัท,ธนาคารออมสินภาค 11,สินเชื่อเคหะ,DCO2026,2026-08-28 09:00:00,marketing.gsb,GSB_final_lead_list_2026-08-28.xlsx
TL002525,41 - 50,"04. 20,001-30,000",ผู้ประกอบธุรกิจ / เจ้าของกิจการ,ธนาคารออมสินภาค 12,สินเชื่อเคหะ,DCO2026,2026-08-28 09:00:00,marketing.gsb,GSB_final_lead_list_2026-08-28.xlsx
TL002526,Under 20,"03. 10,001-20,000",ประกอบอาชีพอิสระ,ธนาคารออมสินภาค 1,สินเชื่อเคหะ,DCO2026,2026-08-28 09:00:00,marketing.gsb,GSB_final_lead_list_2026-08-28.xlsx
TL002527,41 - 50,"04. 20,001-30,000",พนักงานและลูกจ้างในบริษัท,ธนาคารออมสินภาค 12,สินเชื่อเคหะ,DCO2026,2026-08-28 09:00:00,marketing.gsb,GSB_final_lead_list_2026-08-28.xlsx
TL002528,31 - 40,"05. 30,001-40,000",ผู้ประกอบธุรกิจ / เจ้าของกิจการ,ธนาคารออมสินภาค 10,สินเชื่อเคหะ,DCO2026,2026-08-28 09:00:00,marketing.gsb,GSB_final_lead_list_2026-08-28.xlsx
TL002529,20 - 30,"05. 30,001-40,000",ประกอบอาชีพอิสระ,ธนาคารออมสินภาค 10,สินเชื่อเคหะ,DCO2026,2026-08-28 09:00:00,marketing.gsb,GSB_final_lead_list_2026-08-28.xlsx
TL002530,20 - 30,"03. 10,001-20,000",ผู้รับจ้างทั่วไป / ผู้ใช้แรงงาน,ธนาคารออมสินภาค 1,สินเชื่อเคหะ,DCO2026,2026-08-28 09:00:00,marketing.gsb,GSB_final_lead_list_2026-08-28.xlsx
TL002531,41 - 50,"05. 30,001-40,000",ประกอบวิชาชีพเฉพาะ,ธนาคารออมสินภาค 10,สินเชื่อเคหะ,DCO2026,2026-08-28 09:00:00,marketing.gsb,GSB_final_lead_list_2026-08-28.xlsx
TL002532,51 - 60,"02. 5,001-10,000",ประกอบอาชีพอิสระ,ธนาคารออมสินภาค 10,สินเชื่อเคหะ,DCO2026,2026-08-28 09:00:00,marketing.gsb,GSB_final_lead_list_2026-08-28.xlsx
TL002533,31 - 40,"06. 40,001-50,000",ผู้รับจ้างทั่วไป / ผู้ใช้แรงงาน,ธนาคารออมสินภาค 12,สินเชื่อเคหะ,DCO2026,2026-08-28 09:00:00,marketing.gsb,GSB_final_lead_list_2026-08-28.xlsx
TL002534,41 - 50,"01. 0-5,000",พนักงานและลูกจ้างในหน่วยงานรัฐวิสาหกิจ,ธนาคารออมสินภาค 1,สินเชื่อเคหะ,DCO2026,2026-08-28 09:00:00,marketing.gsb,GSB_final_lead_list_2026-08-28.xlsx
TL002535,31 - 40,"04. 20,001-30,000",พนักงานและลูกจ้างในหน่วยงานรัฐวิสาหกิจ,ธนาคารออมสินภาค 1,สินเชื่อเคหะ,DCO2026,2026-08-28 09:00:00,marketing.gsb,GSB_final_lead_list_2026-08-28.xlsx
TL002536,31 - 40,"02. 5,001-10,000",พนักงานและลูกจ้างในบริษัท,ธนาคารออมสินภาค 12,สินเชื่อเคหะ,DCO2026,2026-08-28 09:00:00,marketing.gsb,GSB_final_lead_list_2026-08-28.xlsx
TL002537,51 - 60,"03. 10,001-20,000",ผู้ประกอบธุรกิจ / เจ้าของกิจการ,ธนาคารออมสินภาค 10,สินเชื่อเคหะ,DCO2026,2026-08-28 09:00:00,marketing.gsb,GSB_final_lead_list_2026-08-28.xlsx
TL002538,41 - 50,"01. 0-5,000",ผู้ประกอบธุรกิจ / เจ้าของกิจการ,ธนาคารออมสินภาค 13,สินเชื่อเคหะ,DCO2026,2026-08-28 09:00:00,marketing.gsb,GSB_final_lead_list_2026-08-28.xlsx
TL002539,20 - 30,"05. 30,001-40,000",พนักงานและลูกจ้างในหน่วยงานรัฐวิสาหกิจ,ธนาคารออมสินภาค 12,สินเชื่อเคหะ,DCO2026,2026-08-28 09:00:00,marketing.gsb,GSB_final_lead_list_2026-08-28.xlsx
TL002540,51 - 60,"05. 30,001-40,000",ข้าราชการและลูกจ้างในหน่วยงานของรัฐ,ธนาคารออมสินภาค 10,สินเชื่อเคหะ,DCO2026,2026-08-28 09:00:00,marketing.gsb,GSB_final_lead_list_2026-08-28.xlsx
TL002541,20 - 30,"04. 20,001-30,000",พนักงานและลูกจ้างในหน่วยงานรัฐวิสาหกิจ,ธนาคารออมสินภาค 13,สินเชื่อเคหะ,DCO2026,2026-08-28 09:00:00,marketing.gsb,GSB_final_lead_list_2026-08-28.xlsx
TL002542,31 - 40,"04. 20,001-30,000",พนักงานและลูกจ้างในบริษัท,ธนาคารออมสินภาค 12,สินเชื่อเคหะ,DCO2026,2026-08-28 09:00:00,marketing.gsb,GSB_final_lead_list_2026-08-28.xlsx
TL002543,41 - 50,"05. 30,001-40,000",ประกอบวิชาชีพเฉพาะ,ธนาคารออมสินภาค 11,สินเชื่อเคหะ,DCO2026,2026-08-28 09:00:00,marketing.gsb,GSB_final_lead_list_2026-08-28.xlsx
TL002544,Under 20,"05. 30,001-40,000",พนักงานและลูกจ้างในหน่วยงานรัฐวิสาหกิจ,ธนาคารออมสินภาค 11,สินเชื่อเคหะ,DCO2026,2026-08-28 09:00:00,marketing.gsb,GSB_final_lead_list_2026-08-28.xlsx
TL002545,20 - 30,"01. 0-5,000",ประกอบอาชีพอิสระ,ธนาคารออมสินภาค 13,สินเชื่อเคหะ,DCO2026,2026-08-28 09:00:00,marketing.gsb,GSB_final_lead_list_2026-08-28.xlsx
TL002546,31 - 40,"04. 20,001-30,000",ผู้รับจ้างทั่วไป / ผู้ใช้แรงงาน,ธนาคารออมสินภาค 10,สินเชื่อเคหะ,DCO2026,2026-08-28 09:00:00,marketing.gsb,GSB_final_lead_list_2026-08-28.xlsx
TL002547,41 - 50,"02. 5,001-10,000",ผู้ประกอบธุรกิจ / เจ้าของกิจการ,ธนาคารออมสินภาค 12,สินเชื่อเคหะ,DCO2026,2026-08-28 09:00:00,marketing.gsb,GSB_final_lead_list_2026-08-28.xlsx
TL002548,31 - 40,"04. 20,001-30,000",ข้าราชการและลูกจ้างในหน่วยงานของรัฐ,ธนาคารออมสินภาค 13,สินเชื่อเคหะ,DCO2026,2026-08-28 09:00:00,marketing.gsb,GSB_final_lead_list_2026-08-28.xlsx
TL002549,Under 20,"01. 0-5,000",ประกอบวิชาชีพเฉพาะ,ธนาคารออมสินภาค 12,สินเชื่อเคหะ,DCO2026,2026-08-28 09:00:00,marketing.gsb,GSB_final_lead_list_2026-08-28.xlsx
TL002550,65 Up,"06. 40,001-50,000",ข้าราชการและลูกจ้างในหน่วยงานของรัฐ,ธนาคารออมสินภาค 1,สินเชื่อเคหะ,DCO2026,2026-08-28 09:00:00,marketing.gsb,GSB_final_lead_list_2026-08-28.xlsx
TL002551,51 - 60,"04. 20,001-30,000",ผู้รับจ้างทั่วไป / ผู้ใช้แรงงาน,ธนาคารออมสินภาค 12,สินเชื่อเคหะ,DCO2026,2026-08-28 09:00:00,marketing.gsb,GSB_final_lead_list_2026-08-28.xlsx
TL002552,31 - 40,"05. 30,001-40,000",ข้าราชการและลูกจ้างในหน่วยงานของรัฐ,ธนาคารออมสินภาค 12,สินเชื่อเคหะ,DCO2026,2026-08-28 09:00:00,marketing.gsb,GSB_final_lead_list_2026-08-28.xlsx
TL002553,51 - 60,"06. 40,001-50,000",ประกอบวิชาชีพเฉพาะ,ธนาคารออมสินภาค 11,สินเชื่อเคหะ,DCO2026,2026-08-28 09:00:00,marketing.gsb,GSB_final_lead_list_2026-08-28.xlsx
TL002554,20 - 30,"06. 40,001-50,000",ประกอบอาชีพอิสระ,ธนาคารออมสินภาค 12,สินเชื่อเคหะ,DCO2026,2026-08-28 09:00:00,marketing.gsb,GSB_final_lead_list_2026-08-28.xlsx
TL002555,Under 20,"06. 40,001-50,000",ผู้ประกอบธุรกิจ / เจ้าของกิจการ,ธนาคารออมสินภาค 1,สินเชื่อเคหะ,DCO2026,2026-08-28 09:00:00,marketing.gsb,GSB_final_lead_list_2026-08-28.xlsx
TL002556,41 - 50,"03. 10,001-20,000",พนักงานและลูกจ้างในบริษัท,ธนาคารออมสินภาค 11,สินเชื่อเคหะ,DCO2026,2026-08-28 09:00:00,marketing.gsb,GSB_final_lead_list_2026-08-28.xlsx
TL002557,20 - 30,"07. >50,000",ข้าราชการและลูกจ้างในหน่วยงานของรัฐ,ธนาคารออมสินภาค 11,สินเชื่อเคหะ,DCO2026,2026-08-28 09:00:00,marketing.gsb,GSB_final_lead_list_2026-08-28.xlsx
TL002558,31 - 40,"06. 40,001-50,000",ประกอบอาชีพอิสระ,ธนาคารออมสินภาค 11,สินเชื่อเคหะ,DCO2026,2026-08-28 09:00:00,marketing.gsb,GSB_final_lead_list_2026-08-28.xlsx
TL002559,31 - 40,"06. 40,001-50,000",ข้าราชการและลูกจ้างในหน่วยงานของรัฐ,ธนาคารออมสินภาค 10,สินเชื่อเคหะ,DCO2026,2026-08-28 09:00:00,marketing.gsb,GSB_final_lead_list_2026-08-28.xlsx
TL002560,20 - 30,"02. 5,001-10,000",ประกอบวิชาชีพเฉพาะ,ธนาคารออมสินภาค 12,สินเชื่อเคหะ,DCO2026,2026-08-28 09:00:00,marketing.gsb,GSB_final_lead_list_2026-08-28.xlsx
TL002561,31 - 40,"06. 40,001-50,000",ผู้ประกอบธุรกิจ / เจ้าของกิจการ,ธนาคารออมสินภาค 1,สินเชื่อเคหะ,DCO2026,2026-08-28 09:00:00,marketing.gsb,GSB_final_lead_list_2026-08-28.xlsx
TL002562,31 - 40,"05. 30,001-40,000",ประกอบอาชีพอิสระ,ธนาคารออมสินภาค 1,สินเชื่อเคหะ,DCO2026,2026-08-28 09:00:00,marketing.gsb,GSB_final_lead_list_2026-08-28.xlsx
TL002563,Under 20,"06. 40,001-50,000",ผู้รับจ้างทั่วไป / ผู้ใช้แรงงาน,ธนาคารออมสินภาค 11,สินเชื่อเคหะ,DCO2026,2026-08-28 09:00:00,marketing.gsb,GSB_final_lead_list_2026-08-28.xlsx
TL002564,31 - 40,"04. 20,001-30,000",ผู้รับจ้างทั่วไป / ผู้ใช้แรงงาน,ธนาคารออมสินภาค 1,สินเชื่อเคหะ,DCO2026,2026-08-28 09:00:00,marketing.gsb,GSB_final_lead_list_2026-08-28.xlsx
TL002565,41 - 50,"02. 5,001-10,000",พนักงานและลูกจ้างในบริษัท,ธนาคารออมสินภาค 12,สินเชื่อเคหะ,DCO2026,2026-08-28 09:00:00,marketing.gsb,GSB_final_lead_list_2026-08-28.xlsx
TL002566,Under 20,"05. 30,001-40,000",ประกอบวิชาชีพเฉพาะ,ธนาคารออมสินภาค 1,สินเชื่อเคหะ,DCO2026,2026-08-28 09:00:00,marketing.gsb,GSB_final_lead_list_2026-08-28.xlsx
TL002567,31 - 40,"02. 5,001-10,000",ประกอบวิชาชีพเฉพาะ,ธนาคารออมสินภาค 12,สินเชื่อเคหะ,DCO2026,2026-08-28 09:00:00,marketing.gsb,GSB_final_lead_list_2026-08-28.xlsx
TL002568,20 - 30,"06. 40,001-50,000",ประกอบอาชีพอิสระ,ธนาคารออมสินภาค 10,สินเชื่อเคหะ,DCO2026,2026-08-28 09:00:00,marketing.gsb,GSB_final_lead_list_2026-08-28.xlsx
TL002569,31 - 40,"07. >50,000",ประกอบอาชีพอิสระ,ธนาคารออมสินภาค 11,สินเชื่อเคหะ,DCO2026,2026-08-28 09:00:00,marketing.gsb,GSB_final_lead_list_2026-08-28.xlsx
TL002570,41 - 50,"06. 40,001-50,000",พนักงานและลูกจ้างในหน่วยงานรัฐวิสาหกิจ,ธนาคารออมสินภาค 13,สินเชื่อเคหะ,DCO2026,2026-08-28 09:00:00,marketing.gsb,GSB_final_lead_list_2026-08-28.xlsx
TL002571,31 - 40,"05. 30,001-40,000",ข้าราชการและลูกจ้างในหน่วยงานของรัฐ,ธนาคารออมสินภาค 13,สินเชื่อเคหะ,DCO2026,2026-08-28 09:00:00,marketing.gsb,GSB_final_lead_list_2026-08-28.xlsx
TL002572,20 - 30,"03. 10,001-20,000",ประกอบอาชีพอิสระ,ธนาคารออมสินภาค 1,สินเชื่อเคหะ,DCO2026,2026-08-28 09:00:00,marketing.gsb,GSB_final_lead_list_2026-08-28.xlsx
TL002573,Under 20,"03. 10,001-20,000",ข้าราชการและลูกจ้างในหน่วยงานของรัฐ,ธนาคารออมสินภาค 12,สินเชื่อเคหะ,DCO2026,2026-08-28 09:00:00,marketing.gsb,GSB_final_lead_list_2026-08-28.xlsx
TL002574,61 - 65,"04. 20,001-30,000",ผู้รับจ้างทั่วไป / ผู้ใช้แรงงาน,ธนาคารออมสินภาค 10,สินเชื่อเคหะ,DCO2026,2026-08-28 09:00:00,marketing.gsb,GSB_final_lead_list_2026-08-28.xlsx
TL002575,20 - 30,"04. 20,001-30,000",ข้าราชการและลูกจ้างในหน่วยงานของรัฐ,ธนาคารออมสินภาค 13,สินเชื่อเคหะ,DCO2026,2026-08-28 09:00:00,marketing.gsb,GSB_final_lead_list_2026-08-28.xlsx
TL002576,20 - 30,"03. 10,001-20,000",ผู้ประกอบธุรกิจ / เจ้าของกิจการ,ธนาคารออมสินภาค 10,สินเชื่อเคหะ,DCO2026,2026-08-28 09:00:00,marketing.gsb,GSB_final_lead_list_2026-08-28.xlsx
TL002577,31 - 40,"01. 0-5,000",ประกอบอาชีพอิสระ,ธนาคารออมสินภาค 1,สินเชื่อเคหะ,DCO2026,2026-08-28 09:00:00,marketing.gsb,GSB_final_lead_list_2026-08-28.xlsx
TL002578,61 - 65,"04. 20,001-30,000",ประกอบวิชาชีพเฉพาะ,ธนาคารออมสินภาค 12,สินเชื่อเคหะ,DCO2026,2026-08-28 09:00:00,marketing.gsb,GSB_final_lead_list_2026-08-28.xlsx
TL002579,31 - 40,"06. 40,001-50,000",ประกอบอาชีพอิสระ,ธนาคารออมสินภาค 13,สินเชื่อเคหะ,DCO2026,2026-08-28 09:00:00,marketing.gsb,GSB_final_lead_list_2026-08-28.xlsx
TL002580,20 - 30,"07. >50,000",ผู้รับจ้างทั่วไป / ผู้ใช้แรงงาน,ธนาคารออมสินภาค 10,สินเชื่อเคหะ,DCO2026,2026-08-28 09:00:00,marketing.gsb,GSB_final_lead_list_2026-08-28.xlsx
TL002581,41 - 50,"06. 40,001-50,000",ผู้รับจ้างทั่วไป / ผู้ใช้แรงงาน,ธนาคารออมสินภาค 13,สินเชื่อเคหะ,DCO2026,2026-08-28 09:00:00,marketing.gsb,GSB_final_lead_list_2026-08-28.xlsx
TL002582,41 - 50,"03. 10,001-20,000",ผู้รับจ้างทั่วไป / ผู้ใช้แรงงาน,ธนาคารออมสินภาค 10,สินเชื่อเคหะ,DCO2026,2026-08-28 09:00:00,marketing.gsb,GSB_final_lead_list_2026-08-28.xlsx
TL002583,Under 20,"04. 20,001-30,000",ประกอบวิชาชีพเฉพาะ,ธนาคารออมสินภาค 13,สินเชื่อเคหะ,DCO2026,2026-08-28 09:00:00,marketing.gsb,GSB_final_lead_list_2026-08-28.xlsx
TL002584,Under 20,"04. 20,001-30,000",ประกอบวิชาชีพเฉพาะ,ธนาคารออมสินภาค 10,สินเชื่อเคหะ,DCO2026,2026-08-28 09:00:00,marketing.gsb,GSB_final_lead_list_2026-08-28.xlsx
TL002585,31 - 40,"02. 5,001-10,000",พนักงานและลูกจ้างในหน่วยงานรัฐวิสาหกิจ,ธนาคารออมสินภาค 11,สินเชื่อเคหะ,DCO2026,2026-08-28 09:00:00,marketing.gsb,GSB_final_lead_list_2026-08-28.xlsx
TL002586,31 - 40,"05. 30,001-40,000",ประกอบอาชีพอิสระ,ธนาคารออมสินภาค 11,สินเชื่อเคหะ,DCO2026,2026-08-28 09:00:00,marketing.gsb,GSB_final_lead_list_2026-08-28.xlsx
TL002587,61 - 65,"05. 30,001-40,000",ผู้รับจ้างทั่วไป / ผู้ใช้แรงงาน,ธนาคารออมสินภาค 13,สินเชื่อเคหะ,DCO2026,2026-08-28 09:00:00,marketing.gsb,GSB_final_lead_list_2026-08-28.xlsx
TL002588,41 - 50,"02. 5,001-10,000",ผู้ประกอบธุรกิจ / เจ้าของกิจการ,ธนาคารออมสินภาค 11,สินเชื่อเคหะ,DCO2026,2026-08-28 09:00:00,marketing.gsb,GSB_final_lead_list_2026-08-28.xlsx
TL002589,41 - 50,"04. 20,001-30,000",ประกอบอาชีพอิสระ,ธนาคารออมสินภาค 11,สินเชื่อเคหะ,DCO2026,2026-08-28 09:00:00,marketing.gsb,GSB_final_lead_list_2026-08-28.xlsx
TL002590,41 - 50,"05. 30,001-40,000",ประกอบอาชีพอิสระ,ธนาคารออมสินภาค 1,สินเชื่อเคหะ,DCO2026,2026-08-28 09:00:00,marketing.gsb,GSB_final_lead_list_2026-08-28.xlsx
TL002591,51 - 60,"03. 10,001-20,000",ประกอบวิชาชีพเฉพาะ,ธนาคารออมสินภาค 11,สินเชื่อเคหะ,DCO2026,2026-08-28 09:00:00,marketing.gsb,GSB_final_lead_list_2026-08-28.xlsx
TL002592,51 - 60,"02. 5,001-10,000",พนักงานและลูกจ้างในบริษัท,ธนาคารออมสินภาค 1,สินเชื่อเคหะ,DCO2026,2026-08-28 09:00:00,marketing.gsb,GSB_final_lead_list_2026-08-28.xlsx
TL002593,Under 20,"05. 30,001-40,000",พนักงานและลูกจ้างในบริษัท,ธนาคารออมสินภาค 11,สินเชื่อเคหะ,DCO2026,2026-08-28 09:00:00,marketing.gsb,GSB_final_lead_list_2026-08-28.xlsx
TL002594,31 - 40,"01. 0-5,000",ผู้ประกอบธุรกิจ / เจ้าของกิจการ,ธนาคารออมสินภาค 10,สินเชื่อเคหะ,DCO2026,2026-08-28 09:00:00,marketing.gsb,GSB_final_lead_list_2026-08-28.xlsx
TL002595,20 - 30,"06. 40,001-50,000",ประกอบอาชีพอิสระ,ธนาคารออมสินภาค 1,สินเชื่อเคหะ,DCO2026,2026-08-28 09:00:00,marketing.gsb,GSB_final_lead_list_2026-08-28.xlsx
TL002596,Under 20,"05. 30,001-40,000",ข้าราชการและลูกจ้างในหน่วยงานของรัฐ,ธนาคารออมสินภาค 1,สินเชื่อเคหะ,DCO2026,2026-08-28 09:00:00,marketing.gsb,GSB_final_lead_list_2026-08-28.xlsx
TL002597,20 - 30,"06. 40,001-50,000",ผู้ประกอบธุรกิจ / เจ้าของกิจการ,ธนาคารออมสินภาค 10,สินเชื่อเคหะ,DCO2026,2026-08-28 09:00:00,marketing.gsb,GSB_final_lead_list_2026-08-28.xlsx
TL002598,20 - 30,"03. 10,001-20,000",ข้าราชการและลูกจ้างในหน่วยงานของรัฐ,ธนาคารออมสินภาค 11,สินเชื่อเคหะ,DCO2026,2026-08-28 09:00:00,marketing.gsb,GSB_final_lead_list_2026-08-28.xlsx
TL002599,65 Up,"05. 30,001-40,000",ประกอบอาชีพอิสระ,ธนาคารออมสินภาค 10,สินเชื่อเคหะ,DCO2026,2026-08-28 09:00:00,marketing.gsb,GSB_final_lead_list_2026-08-28.xlsx
TL002600,41 - 50,"05. 30,001-40,000",พนักงานและลูกจ้างในหน่วยงานรัฐวิสาหกิจ,ธนาคารออมสินภาค 11,สินเชื่อเคหะ,DCO2026,2026-08-28 09:00:00,marketing.gsb,GSB_final_lead_list_2026-08-28.xlsx
TL002601,20 - 30,"04. 20,001-30,000",ประกอบอาชีพอิสระ,ธนาคารออมสินภาค 11,สินเชื่อเคหะ,DCO2026,2026-08-28 09:00:00,marketing.gsb,GSB_final_lead_list_2026-08-28.xlsx
TL002602,20 - 30,"06. 40,001-50,000",ประกอบอาชีพอิสระ,ธนาคารออมสินภาค 12,สินเชื่อเคหะ,DCO2026,2026-08-28 09:00:00,marketing.gsb,GSB_final_lead_list_2026-08-28.xlsx
TL002603,31 - 40,"04. 20,001-30,000",ประกอบอาชีพอิสระ,ธนาคารออมสินภาค 11,สินเชื่อเคหะ,DCO2026,2026-08-28 09:00:00,marketing.gsb,GSB_final_lead_list_2026-08-28.xlsx
TL002604,41 - 50,"04. 20,001-30,000",ประกอบอาชีพอิสระ,ธนาคารออมสินภาค 12,สินเชื่อเคหะ,DCO2026,2026-08-28 09:00:00,marketing.gsb,GSB_final_lead_list_2026-08-28.xlsx
TL002605,41 - 50,"06. 40,001-50,000",ผู้รับจ้างทั่วไป / ผู้ใช้แรงงาน,ธนาคารออมสินภาค 1,สินเชื่อเคหะ,DCO2026,2026-08-28 09:00:00,marketing.gsb,GSB_final_lead_list_2026-08-28.xlsx
TL002606,20 - 30,"01. 0-5,000",ประกอบวิชาชีพเฉพาะ,ธนาคารออมสินภาค 13,สินเชื่อเคหะ,DCO2026,2026-08-28 09:00:00,marketing.gsb,GSB_final_lead_list_2026-08-28.xlsx
TL002607,31 - 40,"07. >50,000",ประกอบวิชาชีพเฉพาะ,ธนาคารออมสินภาค 10,สินเชื่อเคหะ,DCO2026,2026-08-28 09:00:00,marketing.gsb,GSB_final_lead_list_2026-08-28.xlsx
TL002608,20 - 30,"06. 40,001-50,000",ประกอบวิชาชีพเฉพาะ,ธนาคารออมสินภาค 1,สินเชื่อเคหะ,DCO2026,2026-08-28 09:00:00,marketing.gsb,GSB_final_lead_list_2026-08-28.xlsx
TL002609,31 - 40,"04. 20,001-30,000",ผู้รับจ้างทั่วไป / ผู้ใช้แรงงาน,ธนาคารออมสินภาค 13,สินเชื่อเคหะ,DCO2026,2026-08-28 09:00:00,marketing.gsb,GSB_final_lead_list_2026-08-28.xlsx
TL002610,41 - 50,"06. 40,001-50,000",พนักงานและลูกจ้างในหน่วยงานรัฐวิสาหกิจ,ธนาคารออมสินภาค 13,สินเชื่อเคหะ,DCO2026,2026-08-28 09:00:00,marketing.gsb,GSB_final_lead_list_2026-08-28.xlsx
TL002611,41 - 50,"02. 5,001-10,000",พนักงานและลูกจ้างในหน่วยงานรัฐวิสาหกิจ,ธนาคารออมสินภาค 12,สินเชื่อเคหะ,DCO2026,2026-08-28 09:00:00,marketing.gsb,GSB_final_lead_list_2026-08-28.xlsx
TL002612,20 - 30,"05. 30,001-40,000",ข้าราชการและลูกจ้างในหน่วยงานของรัฐ,ธนาคารออมสินภาค 1,สินเชื่อเคหะ,DCO2026,2026-08-28 09:00:00,marketing.gsb,GSB_final_lead_list_2026-08-28.xlsx
TL002613,41 - 50,"06. 40,001-50,000",พนักงานและลูกจ้างในหน่วยงานรัฐวิสาหกิจ,ธนาคารออมสินภาค 12,สินเชื่อเคหะ,DCO2026,2026-08-28 09:00:00,marketing.gsb,GSB_final_lead_list_2026-08-28.xlsx
TL002614,31 - 40,"06. 40,001-50,000",พนักงานและลูกจ้างในหน่วยงานรัฐวิสาหกิจ,ธนาคารออมสินภาค 13,สินเชื่อเคหะ,DCO2026,2026-08-28 09:00:00,marketing.gsb,GSB_final_lead_list_2026-08-28.xlsx
TL002615,31 - 40,"06. 40,001-50,000",ผู้ประกอบธุรกิจ / เจ้าของกิจการ,ธนาคารออมสินภาค 10,สินเชื่อเคหะ,DCO2026,2026-08-28 09:00:00,marketing.gsb,GSB_final_lead_list_2026-08-28.xlsx
TL002616,41 - 50,"05. 30,001-40,000",พนักงานและลูกจ้างในหน่วยงานรัฐวิสาหกิจ,ธนาคารออมสินภาค 13,สินเชื่อเคหะ,DCO2026,2026-08-28 09:00:00,marketing.gsb,GSB_final_lead_list_2026-08-28.xlsx
TL002617,41 - 50,"05. 30,001-40,000",ผู้รับจ้างทั่วไป / ผู้ใช้แรงงาน,ธนาคารออมสินภาค 12,สินเชื่อเคหะ,DCO2026,2026-08-28 09:00:00,marketing.gsb,GSB_final_lead_list_2026-08-28.xlsx
TL002618,20 - 30,"01. 0-5,000",ผู้ประกอบธุรกิจ / เจ้าของกิจการ,ธนาคารออมสินภาค 11,สินเชื่อเคหะ,DCO2026,2026-08-28 09:00:00,marketing.gsb,GSB_final_lead_list_2026-08-28.xlsx
TL002619,20 - 30,"06. 40,001-50,000",ประกอบวิชาชีพเฉพาะ,ธนาคารออมสินภาค 13,สินเชื่อเคหะ,DCO2026,2026-08-28 09:00:00,marketing.gsb,GSB_final_lead_list_2026-08-28.xlsx
TL002620,31 - 40,"06. 40,001-50,000",พนักงานและลูกจ้างในหน่วยงานรัฐวิสาหกิจ,ธนาคารออมสินภาค 1,สินเชื่อเคหะ,DCO2026,2026-08-28 09:00:00,marketing.gsb,GSB_final_lead_list_2026-08-28.xlsx
TL002621,51 - 60,"06. 40,001-50,000",พนักงานและลูกจ้างในบริษัท,ธนาคารออมสินภาค 12,สินเชื่อเคหะ,DCO2026,2026-08-28 09:00:00,marketing.gsb,GSB_final_lead_list_2026-08-28.xlsx
TL002622,31 - 40,"01. 0-5,000",ผู้รับจ้างทั่วไป / ผู้ใช้แรงงาน,ธนาคารออมสินภาค 12,สินเชื่อเคหะ,DCO2026,2026-08-28 09:00:00,marketing.gsb,GSB_final_lead_list_2026-08-28.xlsx
TL002623,31 - 40,"06. 40,001-50,000",พนักงานและลูกจ้างในหน่วยงานรัฐวิสาหกิจ,ธนาคารออมสินภาค 13,สินเชื่อเคหะ,DCO2026,2026-08-28 09:00:00,marketing.gsb,GSB_final_lead_list_2026-08-28.xlsx
TL002624,51 - 60,"01. 0-5,000",ประกอบอาชีพอิสระ,ธนาคารออมสินภาค 11,สินเชื่อเคหะ,DCO2026,2026-08-28 09:00:00,marketing.gsb,GSB_final_lead_list_2026-08-28.xlsx
TL002625,51 - 60,"02. 5,001-10,000",พนักงานและลูกจ้างในหน่วยงานรัฐวิสาหกิจ,ธนาคารออมสินภาค 11,สินเชื่อเคหะ,DCO2026,2026-08-28 09:00:00,marketing.gsb,GSB_final_lead_list_2026-08-28.xlsx
TL002626,20 - 30,"04. 20,001-30,000",ประกอบอาชีพอิสระ,ธนาคารออมสินภาค 13,สินเชื่อเคหะ,DCO2026,2026-08-28 09:00:00,marketing.gsb,GSB_final_lead_list_2026-08-28.xlsx
TL002627,31 - 40,"04. 20,001-30,000",พนักงานและลูกจ้างในบริษัท,ธนาคารออมสินภาค 13,สินเชื่อเคหะ,DCO2026,2026-08-28 09:00:00,marketing.gsb,GSB_final_lead_list_2026-08-28.xlsx
TL002628,41 - 50,"05. 30,001-40,000",ประกอบอาชีพอิสระ,ธนาคารออมสินภาค 1,สินเชื่อเคหะ,DCO2026,2026-08-28 09:00:00,marketing.gsb,GSB_final_lead_list_2026-08-28.xlsx
TL002629,51 - 60,"04. 20,001-30,000",พนักงานและลูกจ้างในหน่วยงานรัฐวิสาหกิจ,ธนาคารออมสินภาค 10,สินเชื่อเคหะ,DCO2026,2026-08-28 09:00:00,marketing.gsb,GSB_final_lead_list_2026-08-28.xlsx
TL002630,41 - 50,"05. 30,001-40,000",ประกอบวิชาชีพเฉพาะ,ธนาคารออมสินภาค 11,สินเชื่อเคหะ,DCO2026,2026-08-28 09:00:00,marketing.gsb,GSB_final_lead_list_2026-08-28.xlsx
TL002631,41 - 50,"05. 30,001-40,000",ผู้รับจ้างทั่วไป / ผู้ใช้แรงงาน,ธนาคารออมสินภาค 10,สินเชื่อเคหะ,DCO2026,2026-08-28 09:00:00,marketing.gsb,GSB_final_lead_list_2026-08-28.xlsx
TL002632,31 - 40,"04. 20,001-30,000",ผู้ประกอบธุรกิจ / เจ้าของกิจการ,ธนาคารออมสินภาค 11,สินเชื่อเคหะ,DCO2026,2026-08-28 09:00:00,marketing.gsb,GSB_final_lead_list_2026-08-28.xlsx
TL002633,31 - 40,"05. 30,001-40,000",ประกอบอาชีพอิสระ,ธนาคารออมสินภาค 12,สินเชื่อเคหะ,DCO2026,2026-08-28 09:00:00,marketing.gsb,GSB_final_lead_list_2026-08-28.xlsx
TL002634,51 - 60,"04. 20,001-30,000",ข้าราชการและลูกจ้างในหน่วยงานของรัฐ,ธนาคารออมสินภาค 12,สินเชื่อเคหะ,DCO2026,2026-08-28 09:00:00,marketing.gsb,GSB_final_lead_list_2026-08-28.xlsx
TL002635,51 - 60,"05. 30,001-40,000",ผู้ประกอบธุรกิจ / เจ้าของกิจการ,ธนาคารออมสินภาค 12,สินเชื่อเคหะ,DCO2026,2026-08-28 09:00:00,marketing.gsb,GSB_final_lead_list_2026-08-28.xlsx
TL002636,31 - 40,"05. 30,001-40,000",ประกอบวิชาชีพเฉพาะ,ธนาคารออมสินภาค 11,สินเชื่อเคหะ,DCO2026,2026-08-28 09:00:00,marketing.gsb,GSB_final_lead_list_2026-08-28.xlsx
TL002637,51 - 60,"06. 40,001-50,000",ผู้ประกอบธุรกิจ / เจ้าของกิจการ,ธนาคารออมสินภาค 10,สินเชื่อเคหะ,DCO2026,2026-08-28 09:00:00,marketing.gsb,GSB_final_lead_list_2026-08-28.xlsx
TL002638,51 - 60,"03. 10,001-20,000",ประกอบวิชาชีพเฉพาะ,ธนาคารออมสินภาค 13,สินเชื่อเคหะ,DCO2026,2026-08-28 09:00:00,marketing.gsb,GSB_final_lead_list_2026-08-28.xlsx
TL002639,31 - 40,"04. 20,001-30,000",ประกอบอาชีพอิสระ,ธนาคารออมสินภาค 13,สินเชื่อเคหะ,DCO2026,2026-08-28 09:00:00,marketing.gsb,GSB_final_lead_list_2026-08-28.xlsx
TL002640,31 - 40,"05. 30,001-40,000",ข้าราชการและลูกจ้างในหน่วยงานของรัฐ,ธนาคารออมสินภาค 12,สินเชื่อเคหะ,DCO2026,2026-08-28 09:00:00,marketing.gsb,GSB_final_lead_list_2026-08-28.xlsx
TL002641,31 - 40,"04. 20,001-30,000",ประกอบอาชีพอิสระ,ธนาคารออมสินภาค 12,สินเชื่อเคหะ,DCO2026,2026-08-28 09:00:00,marketing.gsb,GSB_final_lead_list_2026-08-28.xlsx
TL002642,41 - 50,"04. 20,001-30,000",ประกอบอาชีพอิสระ,ธนาคารออมสินภาค 10,สินเชื่อเคหะ,DCO2026,2026-08-28 09:00:00,marketing.gsb,GSB_final_lead_list_2026-08-28.xlsx
TL002643,31 - 40,"05. 30,001-40,000",ข้าราชการและลูกจ้างในหน่วยงานของรัฐ,ธนาคารออมสินภาค 12,สินเชื่อเคหะ,DCO2026,2026-08-28 09:00:00,marketing.gsb,GSB_final_lead_list_2026-08-28.xlsx
TL002644,51 - 60,"05. 30,001-40,000",ผู้รับจ้างทั่วไป / ผู้ใช้แรงงาน,ธนาคารออมสินภาค 11,สินเชื่อเคหะ,DCO2026,2026-08-28 09:00:00,marketing.gsb,GSB_final_lead_list_2026-08-28.xlsx
TL002645,41 - 50,"05. 30,001-40,000",ประกอบวิชาชีพเฉพาะ,ธนาคารออมสินภาค 13,สินเชื่อเคหะ,DCO2026,2026-08-28 09:00:00,marketing.gsb,GSB_final_lead_list_2026-08-28.xlsx
TL002646,31 - 40,"02. 5,001-10,000",ผู้รับจ้างทั่วไป / ผู้ใช้แรงงาน,ธนาคารออมสินภาค 1,สินเชื่อเคหะ,DCO2026,2026-08-28 09:00:00,marketing.gsb,GSB_final_lead_list_2026-08-28.xlsx
TL002647,31 - 40,"05. 30,001-40,000",ประกอบอาชีพอิสระ,ธนาคารออมสินภาค 11,สินเชื่อเคหะ,DCO2026,2026-08-28 09:00:00,marketing.gsb,GSB_final_lead_list_2026-08-28.xlsx
TL002648,31 - 40,"02. 5,001-10,000",พนักงานและลูกจ้างในหน่วยงานรัฐวิสาหกิจ,ธนาคารออมสินภาค 11,สินเชื่อเคหะ,DCO2026,2026-08-28 09:00:00,marketing.gsb,GSB_final_lead_list_2026-08-28.xlsx
TL002649,41 - 50,"05. 30,001-40,000",ประกอบอาชีพอิสระ,ธนาคารออมสินภาค 11,สินเชื่อเคหะ,DCO2026,2026-08-28 09:00:00,marketing.gsb,GSB_final_lead_list_2026-08-28.xlsx
TL002650,31 - 40,"06. 40,001-50,000",ผู้ประกอบธุรกิจ / เจ้าของกิจการ,ธนาคารออมสินภาค 11,สินเชื่อเคหะ,DCO2026,2026-08-28 09:00:00,marketing.gsb,GSB_final_lead_list_2026-08-28.xlsx
TL002651,31 - 40,"06. 40,001-50,000",ประกอบอาชีพอิสระ,ธนาคารออมสินภาค 13,สินเชื่อเคหะ,DCO2026,2026-08-28 09:00:00,marketing.gsb,GSB_final_lead_list_2026-08-28.xlsx
TL002652,41 - 50,"04. 20,001-30,000",ผู้ประกอบธุรกิจ / เจ้าของกิจการ,ธนาคารออมสินภาค 1,สินเชื่อเคหะ,DCO2026,2026-08-28 09:00:00,marketing.gsb,GSB_final_lead_list_2026-08-28.xlsx
TL002653,31 - 40,"04. 20,001-30,000",พนักงานและลูกจ้างในบริษัท,ธนาคารออมสินภาค 1,สินเชื่อเคหะ,DCO2026,2026-08-28 09:00:00,marketing.gsb,GSB_final_lead_list_2026-08-28.xlsx
TL002654,41 - 50,"04. 20,001-30,000",ประกอบวิชาชีพเฉพาะ,ธนาคารออมสินภาค 1,สินเชื่อเคหะ,DCO2026,2026-08-28 09:00:00,marketing.gsb,GSB_final_lead_list_2026-08-28.xlsx
TL002655,31 - 40,"05. 30,001-40,000",ประกอบวิชาชีพเฉพาะ,ธนาคารออมสินภาค 11,สินเชื่อเคหะ,DCO2026,2026-08-28 09:00:00,marketing.gsb,GSB_final_lead_list_2026-08-28.xlsx
TL002656,20 - 30,"05. 30,001-40,000",ข้าราชการและลูกจ้างในหน่วยงานของรัฐ,ธนาคารออมสินภาค 10,สินเชื่อเคหะ,DCO2026,2026-08-28 09:00:00,marketing.gsb,GSB_final_lead_list_2026-08-28.xlsx
TL002657,51 - 60,"06. 40,001-50,000",ผู้รับจ้างทั่วไป / ผู้ใช้แรงงาน,ธนาคารออมสินภาค 1,สินเชื่อเคหะ,DCO2026,2026-08-28 09:00:00,marketing.gsb,GSB_final_lead_list_2026-08-28.xlsx
TL002658,41 - 50,"04. 20,001-30,000",พนักงานและลูกจ้างในบริษัท,ธนาคารออมสินภาค 1,สินเชื่อเคหะ,DCO2026,2026-08-28 09:00:00,marketing.gsb,GSB_final_lead_list_2026-08-28.xlsx
TL002659,51 - 60,"04. 20,001-30,000",ประกอบวิชาชีพเฉพาะ,ธนาคารออมสินภาค 11,สินเชื่อเคหะ,DCO2026,2026-08-28 09:00:00,marketing.gsb,GSB_final_lead_list_2026-08-28.xlsx
TL002660,20 - 30,"03. 10,001-20,000",ผู้ประกอบธุรกิจ / เจ้าของกิจการ,ธนาคารออมสินภาค 1,สินเชื่อเคหะ,DCO2026,2026-08-28 09:00:00,marketing.gsb,GSB_final_lead_list_2026-08-28.xlsx
TL002661,41 - 50,"06. 40,001-50,000",ผู้ประกอบธุรกิจ / เจ้าของกิจการ,ธนาคารออมสินภาค 1,สินเชื่อเคหะ,DCO2026,2026-08-28 09:00:00,marketing.gsb,GSB_final_lead_list_2026-08-28.xlsx
TL002662,20 - 30,"01. 0-5,000",พนักงานและลูกจ้างในบริษัท,ธนาคารออมสินภาค 12,สินเชื่อเคหะ,DCO2026,2026-08-28 09:00:00,marketing.gsb,GSB_final_lead_list_2026-08-28.xlsx
TL002663,41 - 50,"05. 30,001-40,000",ประกอบอาชีพอิสระ,ธนาคารออมสินภาค 13,สินเชื่อเคหะ,DCO2026,2026-08-28 09:00:00,marketing.gsb,GSB_final_lead_list_2026-08-28.xlsx
TL002664,51 - 60,"05. 30,001-40,000",ผู้รับจ้างทั่วไป / ผู้ใช้แรงงาน,ธนาคารออมสินภาค 1,สินเชื่อเคหะ,DCO2026,2026-08-28 09:00:00,marketing.gsb,GSB_final_lead_list_2026-08-28.xlsx
TL002665,41 - 50,"04. 20,001-30,000",พนักงานและลูกจ้างในหน่วยงานรัฐวิสาหกิจ,ธนาคารออมสินภาค 12,สินเชื่อเคหะ,DCO2026,2026-08-28 09:00:00,marketing.gsb,GSB_final_lead_list_2026-08-28.xlsx
TL002666,31 - 40,"07. >50,000",ประกอบอาชีพอิสระ,ธนาคารออมสินภาค 12,สินเชื่อเคหะ,DCO2026,2026-08-28 09:00:00,marketing.gsb,GSB_final_lead_list_2026-08-28.xlsx
TL002667,51 - 60,"06. 40,001-50,000",ผู้รับจ้างทั่วไป / ผู้ใช้แรงงาน,ธนาคารออมสินภาค 12,สินเชื่อเคหะ,DCO2026,2026-08-28 09:00:00,marketing.gsb,GSB_final_lead_list_2026-08-28.xlsx
TL002668,51 - 60,"05. 30,001-40,000",พนักงานและลูกจ้างในบริษัท,ธนาคารออมสินภาค 12,สินเชื่อเคหะ,DCO2026,2026-08-28 09:00:00,marketing.gsb,GSB_final_lead_list_2026-08-28.xlsx
TL002669,20 - 30,"06. 40,001-50,000",ผู้รับจ้างทั่วไป / ผู้ใช้แรงงาน,ธนาคารออมสินภาค 1,สินเชื่อเคหะ,DCO2026,2026-08-28 09:00:00,marketing.gsb,GSB_final_lead_list_2026-08-28.xlsx
TL002670,31 - 40,"05. 30,001-40,000",พนักงานและลูกจ้างในบริษัท,ธนาคารออมสินภาค 11,สินเชื่อเคหะ,DCO2026,2026-08-28 09:00:00,marketing.gsb,GSB_final_lead_list_2026-08-28.xlsx
TL002671,20 - 30,"06. 40,001-50,000",ข้าราชการและลูกจ้างในหน่วยงานของรัฐ,ธนาคารออมสินภาค 13,สินเชื่อเคหะ,DCO2026,2026-08-28 09:00:00,marketing.gsb,GSB_final_lead_list_2026-08-28.xlsx
TL002672,20 - 30,"02. 5,001-10,000",ข้าราชการและลูกจ้างในหน่วยงานของรัฐ,ธนาคารออมสินภาค 10,สินเชื่อเคหะ,DCO2026,2026-08-28 09:00:00,marketing.gsb,GSB_final_lead_list_2026-08-28.xlsx
TL002673,31 - 40,"04. 20,001-30,000",ผู้ประกอบธุรกิจ / เจ้าของกิจการ,ธนาคารออมสินภาค 1,สินเชื่อเคหะ,DCO2026,2026-08-28 09:00:00,marketing.gsb,GSB_final_lead_list_2026-08-28.xlsx
TL002674,41 - 50,"04. 20,001-30,000",ข้าราชการและลูกจ้างในหน่วยงานของรัฐ,ธนาคารออมสินภาค 10,สินเชื่อเคหะ,DCO2026,2026-08-28 09:00:00,marketing.gsb,GSB_final_lead_list_2026-08-28.xlsx
TL002675,31 - 40,"05. 30,001-40,000",ประกอบอาชีพอิสระ,ธนาคารออมสินภาค 11,สินเชื่อเคหะ,DCO2026,2026-08-28 09:00:00,marketing.gsb,GSB_final_lead_list_2026-08-28.xlsx
TL002676,31 - 40,"05. 30,001-40,000",ประกอบอาชีพอิสระ,ธนาคารออมสินภาค 10,สินเชื่อเคหะ,DCO2026,2026-08-28 09:00:00,marketing.gsb,GSB_final_lead_list_2026-08-28.xlsx
TL002677,61 - 65,"02. 5,001-10,000",ข้าราชการและลูกจ้างในหน่วยงานของรัฐ,ธนาคารออมสินภาค 1,สินเชื่อเคหะ,DCO2026,2026-08-28 09:00:00,marketing.gsb,GSB_final_lead_list_2026-08-28.xlsx
TL002678,20 - 30,"03. 10,001-20,000",ประกอบอาชีพอิสระ,ธนาคารออมสินภาค 13,สินเชื่อเคหะ,DCO2026,2026-08-28 09:00:00,marketing.gsb,GSB_final_lead_list_2026-08-28.xlsx
TL002679,20 - 30,"06. 40,001-50,000",พนักงานและลูกจ้างในหน่วยงานรัฐวิสาหกิจ,ธนาคารออมสินภาค 1,สินเชื่อเคหะ,DCO2026,2026-08-28 09:00:00,marketing.gsb,GSB_final_lead_list_2026-08-28.xlsx
TL002680,65 Up,"03. 10,001-20,000",พนักงานและลูกจ้างในบริษัท,ธนาคารออมสินภาค 13,สินเชื่อเคหะ,DCO2026,2026-08-28 09:00:00,marketing.gsb,GSB_final_lead_list_2026-08-28.xlsx
TL002681,41 - 50,"03. 10,001-20,000",ประกอบอาชีพอิสระ,ธนาคารออมสินภาค 13,สินเชื่อเคหะ,DCO2026,2026-08-28 09:00:00,marketing.gsb,GSB_final_lead_list_2026-08-28.xlsx
TL002682,20 - 30,"01. 0-5,000",พนักงานและลูกจ้างในบริษัท,ธนาคารออมสินภาค 10,สินเชื่อเคหะ,DCO2026,2026-08-28 09:00:00,marketing.gsb,GSB_final_lead_list_2026-08-28.xlsx
TL002683,20 - 30,"05. 30,001-40,000",ผู้ประกอบธุรกิจ / เจ้าของกิจการ,ธนาคารออมสินภาค 10,สินเชื่อเคหะ,DCO2026,2026-08-28 09:00:00,marketing.gsb,GSB_final_lead_list_2026-08-28.xlsx
TL002684,41 - 50,"05. 30,001-40,000",ประกอบอาชีพอิสระ,ธนาคารออมสินภาค 1,สินเชื่อเคหะ,DCO2026,2026-08-28 09:00:00,marketing.gsb,GSB_final_lead_list_2026-08-28.xlsx
TL002685,31 - 40,"02. 5,001-10,000",ประกอบอาชีพอิสระ,ธนาคารออมสินภาค 11,สินเชื่อเคหะ,DCO2026,2026-08-28 09:00:00,marketing.gsb,GSB_final_lead_list_2026-08-28.xlsx
TL002686,20 - 30,"03. 10,001-20,000",ประกอบวิชาชีพเฉพาะ,ธนาคารออมสินภาค 10,สินเชื่อเคหะ,DCO2026,2026-08-28 09:00:00,marketing.gsb,GSB_final_lead_list_2026-08-28.xlsx
TL002687,51 - 60,"03. 10,001-20,000",พนักงานและลูกจ้างในบริษัท,ธนาคารออมสินภาค 10,สินเชื่อเคหะ,DCO2026,2026-08-28 09:00:00,marketing.gsb,GSB_final_lead_list_2026-08-28.xlsx
TL002688,31 - 40,"02. 5,001-10,000",ประกอบอาชีพอิสระ,ธนาคารออมสินภาค 1,สินเชื่อเคหะ,DCO2026,2026-08-28 09:00:00,marketing.gsb,GSB_final_lead_list_2026-08-28.xlsx
TL002689,31 - 40,"04. 20,001-30,000",พนักงานและลูกจ้างในหน่วยงานรัฐวิสาหกิจ,ธนาคารออมสินภาค 12,สินเชื่อเคหะ,DCO2026,2026-08-28 09:00:00,marketing.gsb,GSB_final_lead_list_2026-08-28.xlsx
TL002690,41 - 50,"06. 40,001-50,000",ข้าราชการและลูกจ้างในหน่วยงานของรัฐ,ธนาคารออมสินภาค 13,สินเชื่อเคหะ,DCO2026,2026-08-28 09:00:00,marketing.gsb,GSB_final_lead_list_2026-08-28.xlsx
TL002691,20 - 30,"06. 40,001-50,000",ประกอบวิชาชีพเฉพาะ,ธนาคารออมสินภาค 11,สินเชื่อเคหะ,DCO2026,2026-08-28 09:00:00,marketing.gsb,GSB_final_lead_list_2026-08-28.xlsx
TL002692,31 - 40,"01. 0-5,000",ประกอบวิชาชีพเฉพาะ,ธนาคารออมสินภาค 1,สินเชื่อเคหะ,DCO2026,2026-08-28 09:00:00,marketing.gsb,GSB_final_lead_list_2026-08-28.xlsx
TL002693,31 - 40,"05. 30,001-40,000",พนักงานและลูกจ้างในบริษัท,ธนาคารออมสินภาค 10,สินเชื่อเคหะ,DCO2026,2026-08-28 09:00:00,marketing.gsb,GSB_final_lead_list_2026-08-28.xlsx
TL002694,20 - 30,"05. 30,001-40,000",พนักงานและลูกจ้างในบริษัท,ธนาคารออมสินภาค 1,สินเชื่อเคหะ,DCO2026,2026-08-28 09:00:00,marketing.gsb,GSB_final_lead_list_2026-08-28.xlsx
TL002695,41 - 50,"02. 5,001-10,000",ประกอบอาชีพอิสระ,ธนาคารออมสินภาค 12,สินเชื่อเคหะ,DCO2026,2026-08-28 09:00:00,marketing.gsb,GSB_final_lead_list_2026-08-28.xlsx
TL002696,20 - 30,"06. 40,001-50,000",ผู้รับจ้างทั่วไป / ผู้ใช้แรงงาน,ธนาคารออมสินภาค 13,สินเชื่อเคหะ,DCO2026,2026-08-28 09:00:00,marketing.gsb,GSB_final_lead_list_2026-08-28.xlsx
TL002697,20 - 30,"05. 30,001-40,000",ข้าราชการและลูกจ้างในหน่วยงานของรัฐ,ธนาคารออมสินภาค 11,สินเชื่อเคหะ,DCO2026,2026-08-28 09:00:00,marketing.gsb,GSB_final_lead_list_2026-08-28.xlsx
TL002698,41 - 50,"06. 40,001-50,000",พนักงานและลูกจ้างในหน่วยงานรัฐวิสาหกิจ,ธนาคารออมสินภาค 13,สินเชื่อเคหะ,DCO2026,2026-08-28 09:00:00,marketing.gsb,GSB_final_lead_list_2026-08-28.xlsx
TL002699,41 - 50,"06. 40,001-50,000",ประกอบวิชาชีพเฉพาะ,ธนาคารออมสินภาค 1,สินเชื่อเคหะ,DCO2026,2026-08-28 09:00:00,marketing.gsb,GSB_final_lead_list_2026-08-28.xlsx
TL002700,31 - 40,"05. 30,001-40,000",พนักงานและลูกจ้างในบริษัท,ธนาคารออมสินภาค 11,สินเชื่อเคหะ,DCO2026,2026-08-28 09:00:00,marketing.gsb,GSB_final_lead_list_2026-08-28.xlsx
TL002701,41 - 50,"05. 30,001-40,000",พนักงานและลูกจ้างในบริษัท,ธนาคารออมสินภาค 1,สินเชื่อเคหะ,DCO2026,2026-08-28 09:00:00,marketing.gsb,GSB_final_lead_list_2026-08-28.xlsx
TL002702,51 - 60,"02. 5,001-10,000",ผู้ประกอบธุรกิจ / เจ้าของกิจการ,ธนาคารออมสินภาค 12,สินเชื่อเคหะ,DCO2026,2026-08-28 09:00:00,marketing.gsb,GSB_final_lead_list_2026-08-28.xlsx
TL002703,20 - 30,"01. 0-5,000",พนักงานและลูกจ้างในบริษัท,ธนาคารออมสินภาค 13,สินเชื่อเคหะ,DCO2026,2026-08-28 09:00:00,marketing.gsb,GSB_final_lead_list_2026-08-28.xlsx
TL002704,41 - 50,"06. 40,001-50,000",ประกอบอาชีพอิสระ,ธนาคารออมสินภาค 1,สินเชื่อเคหะ,DCO2026,2026-08-28 09:00:00,marketing.gsb,GSB_final_lead_list_2026-08-28.xlsx
TL002705,51 - 60,"03. 10,001-20,000",ข้าราชการและลูกจ้างในหน่วยงานของรัฐ,ธนาคารออมสินภาค 13,สินเชื่อเคหะ,DCO2026,2026-08-28 09:00:00,marketing.gsb,GSB_final_lead_list_2026-08-28.xlsx
TL002706,Under 20,"06. 40,001-50,000",ประกอบวิชาชีพเฉพาะ,ธนาคารออมสินภาค 13,สินเชื่อเคหะ,DCO2026,2026-08-28 09:00:00,marketing.gsb,GSB_final_lead_list_2026-08-28.xlsx
TL002707,31 - 40,"05. 30,001-40,000",ข้าราชการและลูกจ้างในหน่วยงานของรัฐ,ธนาคารออมสินภาค 13,สินเชื่อเคหะ,DCO2026,2026-08-28 09:00:00,marketing.gsb,GSB_final_lead_list_2026-08-28.xlsx
TL002708,41 - 50,"05. 30,001-40,000",ประกอบวิชาชีพเฉพาะ,ธนาคารออมสินภาค 11,สินเชื่อเคหะ,DCO2026,2026-08-28 09:00:00,marketing.gsb,GSB_final_lead_list_2026-08-28.xlsx
TL002709,20 - 30,"02. 5,001-10,000",ประกอบวิชาชีพเฉพาะ,ธนาคารออมสินภาค 12,สินเชื่อเคหะ,DCO2026,2026-08-28 09:00:00,marketing.gsb,GSB_final_lead_list_2026-08-28.xlsx
TL002710,20 - 30,"05. 30,001-40,000",พนักงานและลูกจ้างในหน่วยงานรัฐวิสาหกิจ,ธนาคารออมสินภาค 1,สินเชื่อเคหะ,DCO2026,2026-08-28 09:00:00,marketing.gsb,GSB_final_lead_list_2026-08-28.xlsx
TL002711,20 - 30,"05. 30,001-40,000",ประกอบอาชีพอิสระ,ธนาคารออมสินภาค 11,สินเชื่อเคหะ,DCO2026,2026-08-28 09:00:00,marketing.gsb,GSB_final_lead_list_2026-08-28.xlsx
TL002712,31 - 40,"04. 20,001-30,000",ผู้ประกอบธุรกิจ / เจ้าของกิจการ,ธนาคารออมสินภาค 12,สินเชื่อเคหะ,DCO2026,2026-08-28 09:00:00,marketing.gsb,GSB_final_lead_list_2026-08-28.xlsx
TL002713,41 - 50,"01. 0-5,000",ประกอบอาชีพอิสระ,ธนาคารออมสินภาค 13,สินเชื่อเคหะ,DCO2026,2026-08-28 09:00:00,marketing.gsb,GSB_final_lead_list_2026-08-28.xlsx
TL002714,31 - 40,"06. 40,001-50,000",ข้าราชการและลูกจ้างในหน่วยงานของรัฐ,ธนาคารออมสินภาค 10,สินเชื่อเคหะ,DCO2026,2026-08-28 09:00:00,marketing.gsb,GSB_final_lead_list_2026-08-28.xlsx
TL002715,41 - 50,"02. 5,001-10,000",พนักงานและลูกจ้างในบริษัท,ธนาคารออมสินภาค 10,สินเชื่อเคหะ,DCO2026,2026-08-28 09:00:00,marketing.gsb,GSB_final_lead_list_2026-08-28.xlsx
TL002716,20 - 30,"04. 20,001-30,000",ผู้รับจ้างทั่วไป / ผู้ใช้แรงงาน,ธนาคารออมสินภาค 13,สินเชื่อเคหะ,DCO2026,2026-08-28 09:00:00,marketing.gsb,GSB_final_lead_list_2026-08-28.xlsx
TL002717,51 - 60,"06. 40,001-50,000",ประกอบอาชีพอิสระ,ธนาคารออมสินภาค 11,สินเชื่อเคหะ,DCO2026,2026-08-28 09:00:00,marketing.gsb,GSB_final_lead_list_2026-08-28.xlsx
TL002718,20 - 30,"06. 40,001-50,000",พนักงานและลูกจ้างในหน่วยงานรัฐวิสาหกิจ,ธนาคารออมสินภาค 11,สินเชื่อเคหะ,DCO2026,2026-08-28 09:00:00,marketing.gsb,GSB_final_lead_list_2026-08-28.xlsx
TL002719,31 - 40,"06. 40,001-50,000",ผู้รับจ้างทั่วไป / ผู้ใช้แรงงาน,ธนาคารออมสินภาค 12,สินเชื่อเคหะ,DCO2026,2026-08-28 09:00:00,marketing.gsb,GSB_final_lead_list_2026-08-28.xlsx
TL002720,31 - 40,"05. 30,001-40,000",ประกอบวิชาชีพเฉพาะ,ธนาคารออมสินภาค 1,สินเชื่อเคหะ,DCO2026,2026-08-28 09:00:00,marketing.gsb,GSB_final_lead_list_2026-08-28.xlsx
TL002721,41 - 50,"05. 30,001-40,000",ข้าราชการและลูกจ้างในหน่วยงานของรัฐ,ธนาคารออมสินภาค 12,สินเชื่อเคหะ,DCO2026,2026-08-28 09:00:00,marketing.gsb,GSB_final_lead_list_2026-08-28.xlsx
TL002722,20 - 30,"02. 5,001-10,000",ผู้ประกอบธุรกิจ / เจ้าของกิจการ,ธนาคารออมสินภาค 11,สินเชื่อเคหะ,DCO2026,2026-08-28 09:00:00,marketing.gsb,GSB_final_lead_list_2026-08-28.xlsx
TL002723,31 - 40,"07. >50,000",ข้าราชการและลูกจ้างในหน่วยงานของรัฐ,ธนาคารออมสินภาค 10,สินเชื่อเคหะ,DCO2026,2026-08-28 09:00:00,marketing.gsb,GSB_final_lead_list_2026-08-28.xlsx
TL002724,31 - 40,"05. 30,001-40,000",พนักงานและลูกจ้างในบริษัท,ธนาคารออมสินภาค 11,สินเชื่อเคหะ,DCO2026,2026-08-28 09:00:00,marketing.gsb,GSB_final_lead_list_2026-08-28.xlsx
TL002725,41 - 50,"05. 30,001-40,000",ผู้ประกอบธุรกิจ / เจ้าของกิจการ,ธนาคารออมสินภาค 12,สินเชื่อเคหะ,DCO2026,2026-08-28 09:00:00,marketing.gsb,GSB_final_lead_list_2026-08-28.xlsx
TL002726,31 - 40,"05. 30,001-40,000",ประกอบอาชีพอิสระ,ธนาคารออมสินภาค 1,สินเชื่อเคหะ,DCO2026,2026-08-28 09:00:00,marketing.gsb,GSB_final_lead_list_2026-08-28.xlsx
TL002727,41 - 50,"04. 20,001-30,000",ประกอบวิชาชีพเฉพาะ,ธนาคารออมสินภาค 1,สินเชื่อเคหะ,DCO2026,2026-08-28 09:00:00,marketing.gsb,GSB_final_lead_list_2026-08-28.xlsx
TL002728,31 - 40,"05. 30,001-40,000",ข้าราชการและลูกจ้างในหน่วยงานของรัฐ,ธนาคารออมสินภาค 10,สินเชื่อเคหะ,DCO2026,2026-08-28 09:00:00,marketing.gsb,GSB_final_lead_list_2026-08-28.xlsx
TL002729,20 - 30,"04. 20,001-30,000",ประกอบวิชาชีพเฉพาะ,ธนาคารออมสินภาค 10,สินเชื่อเคหะ,DCO2026,2026-08-28 09:00:00,marketing.gsb,GSB_final_lead_list_2026-08-28.xlsx
TL002730,41 - 50,"05. 30,001-40,000",ข้าราชการและลูกจ้างในหน่วยงานของรัฐ,ธนาคารออมสินภาค 13,สินเชื่อเคหะ,DCO2026,2026-08-28 09:00:00,marketing.gsb,GSB_final_lead_list_2026-08-28.xlsx
TL002731,31 - 40,"05. 30,001-40,000",ผู้ประกอบธุรกิจ / เจ้าของกิจการ,ธนาคารออมสินภาค 13,สินเชื่อเคหะ,DCO2026,2026-08-28 09:00:00,marketing.gsb,GSB_final_lead_list_2026-08-28.xlsx
TL002732,20 - 30,"05. 30,001-40,000",ผู้ประกอบธุรกิจ / เจ้าของกิจการ,ธนาคารออมสินภาค 13,สินเชื่อเคหะ,DCO2026,2026-08-28 09:00:00,marketing.gsb,GSB_final_lead_list_2026-08-28.xlsx
TL002733,20 - 30,"06. 40,001-50,000",ผู้รับจ้างทั่วไป / ผู้ใช้แรงงาน,ธนาคารออมสินภาค 11,สินเชื่อเคหะ,DCO2026,2026-08-28 09:00:00,marketing.gsb,GSB_final_lead_list_2026-08-28.xlsx
TL002734,31 - 40,"05. 30,001-40,000",ประกอบอาชีพอิสระ,ธนาคารออมสินภาค 12,สินเชื่อเคหะ,DCO2026,2026-08-28 09:00:00,marketing.gsb,GSB_final_lead_list_2026-08-28.xlsx
TL002735,41 - 50,"05. 30,001-40,000",ข้าราชการและลูกจ้างในหน่วยงานของรัฐ,ธนาคารออมสินภาค 10,สินเชื่อเคหะ,DCO2026,2026-08-28 09:00:00,marketing.gsb,GSB_final_lead_list_2026-08-28.xlsx
TL002736,20 - 30,"05. 30,001-40,000",ข้าราชการและลูกจ้างในหน่วยงานของรัฐ,ธนาคารออมสินภาค 11,สินเชื่อเคหะ,DCO2026,2026-08-28 09:00:00,marketing.gsb,GSB_final_lead_list_2026-08-28.xlsx
TL002737,41 - 50,"04. 20,001-30,000",พนักงานและลูกจ้างในบริษัท,ธนาคารออมสินภาค 10,สินเชื่อเคหะ,DCO2026,2026-08-28 09:00:00,marketing.gsb,GSB_final_lead_list_2026-08-28.xlsx
TL002738,41 - 50,"06. 40,001-50,000",ประกอบอาชีพอิสระ,ธนาคารออมสินภาค 10,สินเชื่อเคหะ,DCO2026,2026-08-28 09:00:00,marketing.gsb,GSB_final_lead_list_2026-08-28.xlsx
TL002739,20 - 30,"07. >50,000",ประกอบอาชีพอิสระ,ธนาคารออมสินภาค 10,สินเชื่อเคหะ,DCO2026,2026-08-28 09:00:00,marketing.gsb,GSB_final_lead_list_2026-08-28.xlsx
TL002740,51 - 60,"01. 0-5,000",พนักงานและลูกจ้างในหน่วยงานรัฐวิสาหกิจ,ธนาคารออมสินภาค 10,สินเชื่อเคหะ,DCO2026,2026-08-28 09:00:00,marketing.gsb,GSB_final_lead_list_2026-08-28.xlsx
TL002741,20 - 30,"05. 30,001-40,000",ประกอบวิชาชีพเฉพาะ,ธนาคารออมสินภาค 13,สินเชื่อเคหะ,DCO2026,2026-08-28 09:00:00,marketing.gsb,GSB_final_lead_list_2026-08-28.xlsx
TL002742,20 - 30,"06. 40,001-50,000",ประกอบอาชีพอิสระ,ธนาคารออมสินภาค 1,สินเชื่อเคหะ,DCO2026,2026-08-28 09:00:00,marketing.gsb,GSB_final_lead_list_2026-08-28.xlsx
TL002743,20 - 30,"02. 5,001-10,000",พนักงานและลูกจ้างในหน่วยงานรัฐวิสาหกิจ,ธนาคารออมสินภาค 10,สินเชื่อเคหะ,DCO2026,2026-08-28 09:00:00,marketing.gsb,GSB_final_lead_list_2026-08-28.xlsx
TL002744,61 - 65,"02. 5,001-10,000",พนักงานและลูกจ้างในหน่วยงานรัฐวิสาหกิจ,ธนาคารออมสินภาค 1,สินเชื่อเคหะ,DCO2026,2026-08-28 09:00:00,marketing.gsb,GSB_final_lead_list_2026-08-28.xlsx
TL002745,41 - 50,"01. 0-5,000",ผู้ประกอบธุรกิจ / เจ้าของกิจการ,ธนาคารออมสินภาค 1,สินเชื่อเคหะ,DCO2026,2026-08-28 09:00:00,marketing.gsb,GSB_final_lead_list_2026-08-28.xlsx
TL002746,20 - 30,"01. 0-5,000",พนักงานและลูกจ้างในหน่วยงานรัฐวิสาหกิจ,ธนาคารออมสินภาค 12,สินเชื่อเคหะ,DCO2026,2026-08-28 09:00:00,marketing.gsb,GSB_final_lead_list_2026-08-28.xlsx
TL002747,41 - 50,"01. 0-5,000",พนักงานและลูกจ้างในบริษัท,ธนาคารออมสินภาค 12,สินเชื่อเคหะ,DCO2026,2026-08-28 09:00:00,marketing.gsb,GSB_final_lead_list_2026-08-28.xlsx
TL002748,31 - 40,"05. 30,001-40,000",พนักงานและลูกจ้างในหน่วยงานรัฐวิสาหกิจ,ธนาคารออมสินภาค 13,สินเชื่อเคหะ,DCO2026,2026-08-28 09:00:00,marketing.gsb,GSB_final_lead_list_2026-08-28.xlsx
TL002749,41 - 50,"01. 0-5,000",ข้าราชการและลูกจ้างในหน่วยงานของรัฐ,ธนาคารออมสินภาค 10,สินเชื่อเคหะ,DCO2026,2026-08-28 09:00:00,marketing.gsb,GSB_final_lead_list_2026-08-28.xlsx
TL002750,20 - 30,"05. 30,001-40,000",พนักงานและลูกจ้างในบริษัท,ธนาคารออมสินภาค 1,สินเชื่อเคหะ,DCO2026,2026-08-28 09:00:00,marketing.gsb,GSB_final_lead_list_2026-08-28.xlsx
TL002751,41 - 50,"04. 20,001-30,000",ประกอบอาชีพอิสระ,ธนาคารออมสินภาค 10,สินเชื่อเคหะ,DCO2026,2026-08-28 09:00:00,marketing.gsb,GSB_final_lead_list_2026-08-28.xlsx
TL002752,20 - 30,"06. 40,001-50,000",ข้าราชการและลูกจ้างในหน่วยงานของรัฐ,ธนาคารออมสินภาค 12,สินเชื่อเคหะ,DCO2026,2026-08-28 09:00:00,marketing.gsb,GSB_final_lead_list_2026-08-28.xlsx
TL002753,31 - 40,"04. 20,001-30,000",ประกอบอาชีพอิสระ,ธนาคารออมสินภาค 10,สินเชื่อเคหะ,DCO2026,2026-08-28 09:00:00,marketing.gsb,GSB_final_lead_list_2026-08-28.xlsx
TL002754,20 - 30,"06. 40,001-50,000",ผู้ประกอบธุรกิจ / เจ้าของกิจการ,ธนาคารออมสินภาค 12,สินเชื่อเคหะ,DCO2026,2026-08-28 09:00:00,marketing.gsb,GSB_final_lead_list_2026-08-28.xlsx
TL002755,61 - 65,"05. 30,001-40,000",ผู้รับจ้างทั่วไป / ผู้ใช้แรงงาน,ธนาคารออมสินภาค 10,สินเชื่อเคหะ,DCO2026,2026-08-28 09:00:00,marketing.gsb,GSB_final_lead_list_2026-08-28.xlsx
TL002756,31 - 40,"05. 30,001-40,000",ประกอบอาชีพอิสระ,ธนาคารออมสินภาค 1,สินเชื่อเคหะ,DCO2026,2026-08-28 09:00:00,marketing.gsb,GSB_final_lead_list_2026-08-28.xlsx
TL002757,20 - 30,"02. 5,001-10,000",พนักงานและลูกจ้างในบริษัท,ธนาคารออมสินภาค 13,สินเชื่อเคหะ,DCO2026,2026-08-28 09:00:00,marketing.gsb,GSB_final_lead_list_2026-08-28.xlsx
TL002758,41 - 50,"04. 20,001-30,000",พนักงานและลูกจ้างในบริษัท,ธนาคารออมสินภาค 13,สินเชื่อเคหะ,DCO2026,2026-08-28 09:00:00,marketing.gsb,GSB_final_lead_list_2026-08-28.xlsx
TL002759,51 - 60,"06. 40,001-50,000",ประกอบวิชาชีพเฉพาะ,ธนาคารออมสินภาค 1,สินเชื่อเคหะ,DCO2026,2026-08-28 09:00:00,marketing.gsb,GSB_final_lead_list_2026-08-28.xlsx
TL002760,31 - 40,"06. 40,001-50,000",ผู้รับจ้างทั่วไป / ผู้ใช้แรงงาน,ธนาคารออมสินภาค 10,สินเชื่อเคหะ,DCO2026,2026-08-28 09:00:00,marketing.gsb,GSB_final_lead_list_2026-08-28.xlsx
TL002761,51 - 60,"03. 10,001-20,000",ผู้ประกอบธุรกิจ / เจ้าของกิจการ,ธนาคารออมสินภาค 13,สินเชื่อเคหะ,DCO2026,2026-08-28 09:00:00,marketing.gsb,GSB_final_lead_list_2026-08-28.xlsx
TL002762,20 - 30,"03. 10,001-20,000",ผู้ประกอบธุรกิจ / เจ้าของกิจการ,ธนาคารออมสินภาค 11,สินเชื่อเคหะ,DCO2026,2026-08-28 09:00:00,marketing.gsb,GSB_final_lead_list_2026-08-28.xlsx
TL002763,20 - 30,"06. 40,001-50,000",ประกอบวิชาชีพเฉพาะ,ธนาคารออมสินภาค 11,สินเชื่อเคหะ,DCO2026,2026-08-28 09:00:00,marketing.gsb,GSB_final_lead_list_2026-08-28.xlsx
TL002764,31 - 40,"05. 30,001-40,000",ผู้ประกอบธุรกิจ / เจ้าของกิจการ,ธนาคารออมสินภาค 10,สินเชื่อเคหะ,DCO2026,2026-08-28 09:00:00,marketing.gsb,GSB_final_lead_list_2026-08-28.xlsx
TL002765,65 Up,"05. 30,001-40,000",พนักงานและลูกจ้างในบริษัท,ธนาคารออมสินภาค 1,สินเชื่อเคหะ,DCO2026,2026-08-28 09:00:00,marketing.gsb,GSB_final_lead_list_2026-08-28.xlsx
TL002766,41 - 50,"06. 40,001-50,000",ผู้รับจ้างทั่วไป / ผู้ใช้แรงงาน,ธนาคารออมสินภาค 10,สินเชื่อเคหะ,DCO2026,2026-08-28 09:00:00,marketing.gsb,GSB_final_lead_list_2026-08-28.xlsx
TL002767,41 - 50,"02. 5,001-10,000",ผู้รับจ้างทั่วไป / ผู้ใช้แรงงาน,ธนาคารออมสินภาค 1,สินเชื่อเคหะ,DCO2026,2026-08-28 09:00:00,marketing.gsb,GSB_final_lead_list_2026-08-28.xlsx
TL002768,31 - 40,"05. 30,001-40,000",ประกอบอาชีพอิสระ,ธนาคารออมสินภาค 12,สินเชื่อเคหะ,DCO2026,2026-08-28 09:00:00,marketing.gsb,GSB_final_lead_list_2026-08-28.xlsx
TL002769,31 - 40,"03. 10,001-20,000",พนักงานและลูกจ้างในบริษัท,ธนาคารออมสินภาค 11,สินเชื่อเคหะ,DCO2026,2026-08-28 09:00:00,marketing.gsb,GSB_final_lead_list_2026-08-28.xlsx
TL002770,31 - 40,"06. 40,001-50,000",ข้าราชการและลูกจ้างในหน่วยงานของรัฐ,ธนาคารออมสินภาค 11,สินเชื่อเคหะ,DCO2026,2026-08-28 09:00:00,marketing.gsb,GSB_final_lead_list_2026-08-28.xlsx
TL002771,31 - 40,"05. 30,001-40,000",ผู้รับจ้างทั่วไป / ผู้ใช้แรงงาน,ธนาคารออมสินภาค 12,สินเชื่อเคหะ,DCO2026,2026-08-28 09:00:00,marketing.gsb,GSB_final_lead_list_2026-08-28.xlsx
TL002772,31 - 40,"06. 40,001-50,000",ผู้รับจ้างทั่วไป / ผู้ใช้แรงงาน,ธนาคารออมสินภาค 1,สินเชื่อเคหะ,DCO2026,2026-08-28 09:00:00,marketing.gsb,GSB_final_lead_list_2026-08-28.xlsx
TL002773,41 - 50,"02. 5,001-10,000",พนักงานและลูกจ้างในบริษัท,ธนาคารออมสินภาค 13,สินเชื่อเคหะ,DCO2026,2026-08-28 09:00:00,marketing.gsb,GSB_final_lead_list_2026-08-28.xlsx
TL002774,51 - 60,"04. 20,001-30,000",ประกอบวิชาชีพเฉพาะ,ธนาคารออมสินภาค 1,สินเชื่อเคหะ,DCO2026,2026-08-28 09:00:00,marketing.gsb,GSB_final_lead_list_2026-08-28.xlsx
TL002775,41 - 50,"01. 0-5,000",ผู้รับจ้างทั่วไป / ผู้ใช้แรงงาน,ธนาคารออมสินภาค 12,สินเชื่อเคหะ,DCO2026,2026-08-28 09:00:00,marketing.gsb,GSB_final_lead_list_2026-08-28.xlsx
TL002776,51 - 60,"04. 20,001-30,000",พนักงานและลูกจ้างในบริษัท,ธนาคารออมสินภาค 11,สินเชื่อเคหะ,DCO2026,2026-08-28 09:00:00,marketing.gsb,GSB_final_lead_list_2026-08-28.xlsx
TL002777,Under 20,"03. 10,001-20,000",ผู้รับจ้างทั่วไป / ผู้ใช้แรงงาน,ธนาคารออมสินภาค 12,สินเชื่อเคหะ,DCO2026,2026-08-28 09:00:00,marketing.gsb,GSB_final_lead_list_2026-08-28.xlsx
TL002778,41 - 50,"04. 20,001-30,000",พนักงานและลูกจ้างในบริษัท,ธนาคารออมสินภาค 1,สินเชื่อเคหะ,DCO2026,2026-08-28 09:00:00,marketing.gsb,GSB_final_lead_list_2026-08-28.xlsx
TL002779,31 - 40,"06. 40,001-50,000",ประกอบวิชาชีพเฉพาะ,ธนาคารออมสินภาค 1,สินเชื่อเคหะ,DCO2026,2026-08-28 09:00:00,marketing.gsb,GSB_final_lead_list_2026-08-28.xlsx
TL002780,31 - 40,"06. 40,001-50,000",ผู้ประกอบธุรกิจ / เจ้าของกิจการ,ธนาคารออมสินภาค 1,สินเชื่อเคหะ,DCO2026,2026-08-28 09:00:00,marketing.gsb,GSB_final_lead_list_2026-08-28.xlsx
TL002781,61 - 65,"01. 0-5,000",ผู้ประกอบธุรกิจ / เจ้าของกิจการ,ธนาคารออมสินภาค 11,สินเชื่อเคหะ,DCO2026,2026-08-28 09:00:00,marketing.gsb,GSB_final_lead_list_2026-08-28.xlsx
TL002782,Under 20,"02. 5,001-10,000",ประกอบอาชีพอิสระ,ธนาคารออมสินภาค 12,สินเชื่อเคหะ,DCO2026,2026-08-28 09:00:00,marketing.gsb,GSB_final_lead_list_2026-08-28.xlsx
TL002783,Under 20,"02. 5,001-10,000",ประกอบอาชีพอิสระ,ธนาคารออมสินภาค 1,สินเชื่อเคหะ,DCO2026,2026-08-28 09:00:00,marketing.gsb,GSB_final_lead_list_2026-08-28.xlsx
TL002784,51 - 60,"04. 20,001-30,000",ผู้รับจ้างทั่วไป / ผู้ใช้แรงงาน,ธนาคารออมสินภาค 10,สินเชื่อเคหะ,DCO2026,2026-08-28 09:00:00,marketing.gsb,GSB_final_lead_list_2026-08-28.xlsx
TL002785,61 - 65,"04. 20,001-30,000",ประกอบวิชาชีพเฉพาะ,ธนาคารออมสินภาค 10,สินเชื่อเคหะ,DCO2026,2026-08-28 09:00:00,marketing.gsb,GSB_final_lead_list_2026-08-28.xlsx
TL002786,20 - 30,"04. 20,001-30,000",ผู้ประกอบธุรกิจ / เจ้าของกิจการ,ธนาคารออมสินภาค 1,สินเชื่อเคหะ,DCO2026,2026-08-28 09:00:00,marketing.gsb,GSB_final_lead_list_2026-08-28.xlsx
TL002787,31 - 40,"05. 30,001-40,000",พนักงานและลูกจ้างในบริษัท,ธนาคารออมสินภาค 10,สินเชื่อเคหะ,DCO2026,2026-08-28 09:00:00,marketing.gsb,GSB_final_lead_list_2026-08-28.xlsx
TL002788,31 - 40,"07. >50,000",ผู้รับจ้างทั่วไป / ผู้ใช้แรงงาน,ธนาคารออมสินภาค 11,สินเชื่อเคหะ,DCO2026,2026-08-28 09:00:00,marketing.gsb,GSB_final_lead_list_2026-08-28.xlsx
TL002789,61 - 65,"05. 30,001-40,000",ผู้รับจ้างทั่วไป / ผู้ใช้แรงงาน,ธนาคารออมสินภาค 13,สินเชื่อเคหะ,DCO2026,2026-08-28 09:00:00,marketing.gsb,GSB_final_lead_list_2026-08-28.xlsx
TL002790,20 - 30,"04. 20,001-30,000",ประกอบอาชีพอิสระ,ธนาคารออมสินภาค 1,สินเชื่อเคหะ,DCO2026,2026-08-28 09:00:00,marketing.gsb,GSB_final_lead_list_2026-08-28.xlsx
TL002791,41 - 50,"05. 30,001-40,000",ข้าราชการและลูกจ้างในหน่วยงานของรัฐ,ธนาคารออมสินภาค 11,สินเชื่อเคหะ,DCO2026,2026-08-28 09:00:00,marketing.gsb,GSB_final_lead_list_2026-08-28.xlsx
TL002792,Under 20,"05. 30,001-40,000",ประกอบอาชีพอิสระ,ธนาคารออมสินภาค 10,สินเชื่อเคหะ,DCO2026,2026-08-28 09:00:00,marketing.gsb,GSB_final_lead_list_2026-08-28.xlsx
TL002793,61 - 65,"01. 0-5,000",ประกอบอาชีพอิสระ,ธนาคารออมสินภาค 1,สินเชื่อเคหะ,DCO2026,2026-08-28 09:00:00,marketing.gsb,GSB_final_lead_list_2026-08-28.xlsx
TL002794,31 - 40,"04. 20,001-30,000",ข้าราชการและลูกจ้างในหน่วยงานของรัฐ,ธนาคารออมสินภาค 10,สินเชื่อเคหะ,DCO2026,2026-08-28 09:00:00,marketing.gsb,GSB_final_lead_list_2026-08-28.xlsx
TL002795,61 - 65,"05. 30,001-40,000",ประกอบอาชีพอิสระ,ธนาคารออมสินภาค 1,สินเชื่อเคหะ,DCO2026,2026-08-28 09:00:00,marketing.gsb,GSB_final_lead_list_2026-08-28.xlsx
TL002796,51 - 60,"02. 5,001-10,000",ประกอบอาชีพอิสระ,ธนาคารออมสินภาค 10,สินเชื่อเคหะ,DCO2026,2026-08-28 09:00:00,marketing.gsb,GSB_final_lead_list_2026-08-28.xlsx
TL002797,20 - 30,"02. 5,001-10,000",ข้าราชการและลูกจ้างในหน่วยงานของรัฐ,ธนาคารออมสินภาค 11,สินเชื่อเคหะ,DCO2026,2026-08-28 09:00:00,marketing.gsb,GSB_final_lead_list_2026-08-28.xlsx
TL002798,31 - 40,"02. 5,001-10,000",พนักงานและลูกจ้างในหน่วยงานรัฐวิสาหกิจ,ธนาคารออมสินภาค 1,สินเชื่อเคหะ,DCO2026,2026-08-28 09:00:00,marketing.gsb,GSB_final_lead_list_2026-08-28.xlsx
TL002799,20 - 30,"04. 20,001-30,000",ประกอบวิชาชีพเฉพาะ,ธนาคารออมสินภาค 12,สินเชื่อเคหะ,DCO2026,2026-08-28 09:00:00,marketing.gsb,GSB_final_lead_list_2026-08-28.xlsx
TL002800,31 - 40,"02. 5,001-10,000",ผู้รับจ้างทั่วไป / ผู้ใช้แรงงาน,ธนาคารออมสินภาค 1,สินเชื่อเคหะ,DCO2026,2026-08-28 09:00:00,marketing.gsb,GSB_final_lead_list_2026-08-28.xlsx
TL002801,41 - 50,"02. 5,001-10,000",พนักงานและลูกจ้างในบริษัท,ธนาคารออมสินภาค 10,สินเชื่อเคหะ,DCO2026,2026-08-28 09:00:00,marketing.gsb,GSB_final_lead_list_2026-08-28.xlsx
TL002802,31 - 40,"02. 5,001-10,000",ข้าราชการและลูกจ้างในหน่วยงานของรัฐ,ธนาคารออมสินภาค 13,สินเชื่อเคหะ,DCO2026,2026-08-28 09:00:00,marketing.gsb,GSB_final_lead_list_2026-08-28.xlsx
TL002803,31 - 40,"05. 30,001-40,000",พนักงานและลูกจ้างในหน่วยงานรัฐวิสาหกิจ,ธนาคารออมสินภาค 11,สินเชื่อเคหะ,DCO2026,2026-08-28 09:00:00,marketing.gsb,GSB_final_lead_list_2026-08-28.xlsx
TL002804,41 - 50,"04. 20,001-30,000",พนักงานและลูกจ้างในบริษัท,ธนาคารออมสินภาค 12,สินเชื่อเคหะ,DCO2026,2026-08-28 09:00:00,marketing.gsb,GSB_final_lead_list_2026-08-28.xlsx
TL002805,20 - 30,"05. 30,001-40,000",ข้าราชการและลูกจ้างในหน่วยงานของรัฐ,ธนาคารออมสินภาค 13,สินเชื่อเคหะ,DCO2026,2026-08-28 09:00:00,marketing.gsb,GSB_final_lead_list_2026-08-28.xlsx
TL002806,31 - 40,"05. 30,001-40,000",ผู้ประกอบธุรกิจ / เจ้าของกิจการ,ธนาคารออมสินภาค 10,สินเชื่อเคหะ,DCO2026,2026-08-28 09:00:00,marketing.gsb,GSB_final_lead_list_2026-08-28.xlsx
TL002807,Under 20,"06. 40,001-50,000",ประกอบวิชาชีพเฉพาะ,ธนาคารออมสินภาค 12,สินเชื่อเคหะ,DCO2026,2026-08-28 09:00:00,marketing.gsb,GSB_final_lead_list_2026-08-28.xlsx
TL002808,51 - 60,"04. 20,001-30,000",ประกอบอาชีพอิสระ,ธนาคารออมสินภาค 10,สินเชื่อเคหะ,DCO2026,2026-08-28 09:00:00,marketing.gsb,GSB_final_lead_list_2026-08-28.xlsx
TL002809,51 - 60,"03. 10,001-20,000",ประกอบอาชีพอิสระ,ธนาคารออมสินภาค 13,สินเชื่อเคหะ,DCO2026,2026-08-28 09:00:00,marketing.gsb,GSB_final_lead_list_2026-08-28.xlsx
TL002810,Under 20,"06. 40,001-50,000",ผู้รับจ้างทั่วไป / ผู้ใช้แรงงาน,ธนาคารออมสินภาค 10,สินเชื่อเคหะ,DCO2026,2026-08-28 09:00:00,marketing.gsb,GSB_final_lead_list_2026-08-28.xlsx
TL002811,31 - 40,"07. >50,000",ผู้รับจ้างทั่วไป / ผู้ใช้แรงงาน,ธนาคารออมสินภาค 11,สินเชื่อเคหะ,DCO2026,2026-08-28 09:00:00,marketing.gsb,GSB_final_lead_list_2026-08-28.xlsx
TL002812,51 - 60,"03. 10,001-20,000",พนักงานและลูกจ้างในบริษัท,ธนาคารออมสินภาค 13,สินเชื่อเคหะ,DCO2026,2026-08-28 09:00:00,marketing.gsb,GSB_final_lead_list_2026-08-28.xlsx
TL002813,51 - 60,"04. 20,001-30,000",ประกอบวิชาชีพเฉพาะ,ธนาคารออมสินภาค 12,สินเชื่อเคหะ,DCO2026,2026-08-28 09:00:00,marketing.gsb,GSB_final_lead_list_2026-08-28.xlsx
TL002814,Under 20,"03. 10,001-20,000",พนักงานและลูกจ้างในบริษัท,ธนาคารออมสินภาค 13,สินเชื่อเคหะ,DCO2026,2026-08-28 09:00:00,marketing.gsb,GSB_final_lead_list_2026-08-28.xlsx
TL002815,31 - 40,"05. 30,001-40,000",ประกอบอาชีพอิสระ,ธนาคารออมสินภาค 11,สินเชื่อเคหะ,DCO2026,2026-08-28 09:00:00,marketing.gsb,GSB_final_lead_list_2026-08-28.xlsx
TL002816,20 - 30,"06. 40,001-50,000",ข้าราชการและลูกจ้างในหน่วยงานของรัฐ,ธนาคารออมสินภาค 10,สินเชื่อเคหะ,DCO2026,2026-08-28 09:00:00,marketing.gsb,GSB_final_lead_list_2026-08-28.xlsx
TL002817,51 - 60,"04. 20,001-30,000",พนักงานและลูกจ้างในหน่วยงานรัฐวิสาหกิจ,ธนาคารออมสินภาค 12,สินเชื่อเคหะ,DCO2026,2026-08-28 09:00:00,marketing.gsb,GSB_final_lead_list_2026-08-28.xlsx
TL002818,41 - 50,"01. 0-5,000",ผู้ประกอบธุรกิจ / เจ้าของกิจการ,ธนาคารออมสินภาค 11,สินเชื่อเคหะ,DCO2026,2026-08-28 09:00:00,marketing.gsb,GSB_final_lead_list_2026-08-28.xlsx
TL002819,41 - 50,"04. 20,001-30,000",พนักงานและลูกจ้างในบริษัท,ธนาคารออมสินภาค 11,สินเชื่อเคหะ,DCO2026,2026-08-28 09:00:00,marketing.gsb,GSB_final_lead_list_2026-08-28.xlsx
TL002820,41 - 50,"01. 0-5,000",ผู้ประกอบธุรกิจ / เจ้าของกิจการ,ธนาคารออมสินภาค 1,สินเชื่อเคหะ,DCO2026,2026-08-28 09:00:00,marketing.gsb,GSB_final_lead_list_2026-08-28.xlsx
TL002821,65 Up,"03. 10,001-20,000",พนักงานและลูกจ้างในหน่วยงานรัฐวิสาหกิจ,ธนาคารออมสินภาค 13,สินเชื่อเคหะ,DCO2026,2026-08-28 09:00:00,marketing.gsb,GSB_final_lead_list_2026-08-28.xlsx
TL002822,51 - 60,"06. 40,001-50,000",ผู้รับจ้างทั่วไป / ผู้ใช้แรงงาน,ธนาคารออมสินภาค 1,สินเชื่อเคหะ,DCO2026,2026-08-28 09:00:00,marketing.gsb,GSB_final_lead_list_2026-08-28.xlsx
TL002823,31 - 40,"05. 30,001-40,000",ประกอบวิชาชีพเฉพาะ,ธนาคารออมสินภาค 13,สินเชื่อเคหะ,DCO2026,2026-08-28 09:00:00,marketing.gsb,GSB_final_lead_list_2026-08-28.xlsx
TL002824,51 - 60,"02. 5,001-10,000",ประกอบวิชาชีพเฉพาะ,ธนาคารออมสินภาค 13,สินเชื่อเคหะ,DCO2026,2026-08-28 09:00:00,marketing.gsb,GSB_final_lead_list_2026-08-28.xlsx
TL002825,20 - 30,"04. 20,001-30,000",ประกอบอาชีพอิสระ,ธนาคารออมสินภาค 11,สินเชื่อเคหะ,DCO2026,2026-08-28 09:00:00,marketing.gsb,GSB_final_lead_list_2026-08-28.xlsx
TL002826,41 - 50,"05. 30,001-40,000",ประกอบวิชาชีพเฉพาะ,ธนาคารออมสินภาค 13,สินเชื่อเคหะ,DCO2026,2026-08-28 09:00:00,marketing.gsb,GSB_final_lead_list_2026-08-28.xlsx
TL002827,51 - 60,"01. 0-5,000",พนักงานและลูกจ้างในหน่วยงานรัฐวิสาหกิจ,ธนาคารออมสินภาค 10,สินเชื่อเคหะ,DCO2026,2026-08-28 09:00:00,marketing.gsb,GSB_final_lead_list_2026-08-28.xlsx
TL002828,41 - 50,"04. 20,001-30,000",ผู้ประกอบธุรกิจ / เจ้าของกิจการ,ธนาคารออมสินภาค 10,สินเชื่อเคหะ,DCO2026,2026-08-28 09:00:00,marketing.gsb,GSB_final_lead_list_2026-08-28.xlsx
TL002829,31 - 40,"03. 10,001-20,000",ข้าราชการและลูกจ้างในหน่วยงานของรัฐ,ธนาคารออมสินภาค 1,สินเชื่อเคหะ,DCO2026,2026-08-28 09:00:00,marketing.gsb,GSB_final_lead_list_2026-08-28.xlsx
TL002830,31 - 40,"01. 0-5,000",ผู้ประกอบธุรกิจ / เจ้าของกิจการ,ธนาคารออมสินภาค 1,สินเชื่อเคหะ,DCO2026,2026-08-28 09:00:00,marketing.gsb,GSB_final_lead_list_2026-08-28.xlsx
TL002831,51 - 60,"05. 30,001-40,000",ประกอบวิชาชีพเฉพาะ,ธนาคารออมสินภาค 10,สินเชื่อเคหะ,DCO2026,2026-08-28 09:00:00,marketing.gsb,GSB_final_lead_list_2026-08-28.xlsx
TL002832,41 - 50,"02. 5,001-10,000",พนักงานและลูกจ้างในบริษัท,ธนาคารออมสินภาค 13,สินเชื่อเคหะ,DCO2026,2026-08-28 09:00:00,marketing.gsb,GSB_final_lead_list_2026-08-28.xlsx
TL002833,31 - 40,"05. 30,001-40,000",พนักงานและลูกจ้างในหน่วยงานรัฐวิสาหกิจ,ธนาคารออมสินภาค 10,สินเชื่อเคหะ,DCO2026,2026-08-28 09:00:00,marketing.gsb,GSB_final_lead_list_2026-08-28.xlsx
TL002834,31 - 40,"05. 30,001-40,000",พนักงานและลูกจ้างในบริษัท,ธนาคารออมสินภาค 12,สินเชื่อเคหะ,DCO2026,2026-08-28 09:00:00,marketing.gsb,GSB_final_lead_list_2026-08-28.xlsx
TL002835,20 - 30,"05. 30,001-40,000",พนักงานและลูกจ้างในหน่วยงานรัฐวิสาหกิจ,ธนาคารออมสินภาค 10,สินเชื่อเคหะ,DCO2026,2026-08-28 09:00:00,marketing.gsb,GSB_final_lead_list_2026-08-28.xlsx
TL002836,31 - 40,"05. 30,001-40,000",ผู้รับจ้างทั่วไป / ผู้ใช้แรงงาน,ธนาคารออมสินภาค 12,สินเชื่อเคหะ,DCO2026,2026-08-28 09:00:00,marketing.gsb,GSB_final_lead_list_2026-08-28.xlsx
TL002837,41 - 50,"06. 40,001-50,000",ผู้รับจ้างทั่วไป / ผู้ใช้แรงงาน,ธนาคารออมสินภาค 1,สินเชื่อเคหะ,DCO2026,2026-08-28 09:00:00,marketing.gsb,GSB_final_lead_list_2026-08-28.xlsx
TL002838,20 - 30,"07. >50,000",พนักงานและลูกจ้างในหน่วยงานรัฐวิสาหกิจ,ธนาคารออมสินภาค 1,สินเชื่อเคหะ,DCO2026,2026-08-28 09:00:00,marketing.gsb,GSB_final_lead_list_2026-08-28.xlsx
TL002839,51 - 60,"05. 30,001-40,000",ผู้ประกอบธุรกิจ / เจ้าของกิจการ,ธนาคารออมสินภาค 13,สินเชื่อเคหะ,DCO2026,2026-08-28 09:00:00,marketing.gsb,GSB_final_lead_list_2026-08-28.xlsx
TL002840,20 - 30,"03. 10,001-20,000",พนักงานและลูกจ้างในบริษัท,ธนาคารออมสินภาค 1,สินเชื่อเคหะ,DCO2026,2026-08-28 09:00:00,marketing.gsb,GSB_final_lead_list_2026-08-28.xlsx
TL002841,31 - 40,"05. 30,001-40,000",ผู้รับจ้างทั่วไป / ผู้ใช้แรงงาน,ธนาคารออมสินภาค 13,สินเชื่อเคหะ,DCO2026,2026-08-28 09:00:00,marketing.gsb,GSB_final_lead_list_2026-08-28.xlsx
TL002842,20 - 30,"05. 30,001-40,000",ข้าราชการและลูกจ้างในหน่วยงานของรัฐ,ธนาคารออมสินภาค 1,สินเชื่อเคหะ,DCO2026,2026-08-28 09:00:00,marketing.gsb,GSB_final_lead_list_2026-08-28.xlsx
TL002843,41 - 50,"04. 20,001-30,000",ประกอบวิชาชีพเฉพาะ,ธนาคารออมสินภาค 1,สินเชื่อเคหะ,DCO2026,2026-08-28 09:00:00,marketing.gsb,GSB_final_lead_list_2026-08-28.xlsx
TL002844,31 - 40,"06. 40,001-50,000",ประกอบอาชีพอิสระ,ธนาคารออมสินภาค 10,สินเชื่อเคหะ,DCO2026,2026-08-28 09:00:00,marketing.gsb,GSB_final_lead_list_2026-08-28.xlsx
TL002845,31 - 40,"04. 20,001-30,000",ข้าราชการและลูกจ้างในหน่วยงานของรัฐ,ธนาคารออมสินภาค 13,สินเชื่อเคหะ,DCO2026,2026-08-28 09:00:00,marketing.gsb,GSB_final_lead_list_2026-08-28.xlsx
TL002846,31 - 40,"02. 5,001-10,000",ประกอบวิชาชีพเฉพาะ,ธนาคารออมสินภาค 12,สินเชื่อเคหะ,DCO2026,2026-08-28 09:00:00,marketing.gsb,GSB_final_lead_list_2026-08-28.xlsx
TL002847,51 - 60,"05. 30,001-40,000",ข้าราชการและลูกจ้างในหน่วยงานของรัฐ,ธนาคารออมสินภาค 10,สินเชื่อเคหะ,DCO2026,2026-08-28 09:00:00,marketing.gsb,GSB_final_lead_list_2026-08-28.xlsx
TL002848,61 - 65,"03. 10,001-20,000",พนักงานและลูกจ้างในหน่วยงานรัฐวิสาหกิจ,ธนาคารออมสินภาค 12,สินเชื่อเคหะ,DCO2026,2026-08-28 09:00:00,marketing.gsb,GSB_final_lead_list_2026-08-28.xlsx
TL002849,41 - 50,"05. 30,001-40,000",พนักงานและลูกจ้างในบริษัท,ธนาคารออมสินภาค 10,สินเชื่อเคหะ,DCO2026,2026-08-28 09:00:00,marketing.gsb,GSB_final_lead_list_2026-08-28.xlsx
TL002850,Under 20,"05. 30,001-40,000",ประกอบวิชาชีพเฉพาะ,ธนาคารออมสินภาค 10,สินเชื่อเคหะ,DCO2026,2026-08-28 09:00:00,marketing.gsb,GSB_final_lead_list_2026-08-28.xlsx
TL002851,31 - 40,"03. 10,001-20,000",ผู้ประกอบธุรกิจ / เจ้าของกิจการ,ธนาคารออมสินภาค 12,สินเชื่อเคหะ,DCO2026,2026-08-28 09:00:00,marketing.gsb,GSB_final_lead_list_2026-08-28.xlsx
TL002852,20 - 30,"05. 30,001-40,000",พนักงานและลูกจ้างในหน่วยงานรัฐวิสาหกิจ,ธนาคารออมสินภาค 10,สินเชื่อเคหะ,DCO2026,2026-08-28 09:00:00,marketing.gsb,GSB_final_lead_list_2026-08-28.xlsx
TL002853,31 - 40,"05. 30,001-40,000",ผู้รับจ้างทั่วไป / ผู้ใช้แรงงาน,ธนาคารออมสินภาค 10,สินเชื่อเคหะ,DCO2026,2026-08-28 09:00:00,marketing.gsb,GSB_final_lead_list_2026-08-28.xlsx
TL002854,41 - 50,"05. 30,001-40,000",ผู้รับจ้างทั่วไป / ผู้ใช้แรงงาน,ธนาคารออมสินภาค 11,สินเชื่อเคหะ,DCO2026,2026-08-28 09:00:00,marketing.gsb,GSB_final_lead_list_2026-08-28.xlsx
TL002855,41 - 50,"02. 5,001-10,000",ผู้รับจ้างทั่วไป / ผู้ใช้แรงงาน,ธนาคารออมสินภาค 12,สินเชื่อเคหะ,DCO2026,2026-08-28 09:00:00,marketing.gsb,GSB_final_lead_list_2026-08-28.xlsx
TL002856,20 - 30,"06. 40,001-50,000",ผู้รับจ้างทั่วไป / ผู้ใช้แรงงาน,ธนาคารออมสินภาค 12,สินเชื่อเคหะ,DCO2026,2026-08-28 09:00:00,marketing.gsb,GSB_final_lead_list_2026-08-28.xlsx
TL002857,31 - 40,"05. 30,001-40,000",ผู้รับจ้างทั่วไป / ผู้ใช้แรงงาน,ธนาคารออมสินภาค 1,สินเชื่อเคหะ,DCO2026,2026-08-28 09:00:00,marketing.gsb,GSB_final_lead_list_2026-08-28.xlsx
TL002858,20 - 30,"02. 5,001-10,000",ข้าราชการและลูกจ้างในหน่วยงานของรัฐ,ธนาคารออมสินภาค 1,สินเชื่อเคหะ,DCO2026,2026-08-28 09:00:00,marketing.gsb,GSB_final_lead_list_2026-08-28.xlsx
TL002859,51 - 60,"03. 10,001-20,000",ประกอบวิชาชีพเฉพาะ,ธนาคารออมสินภาค 13,สินเชื่อเคหะ,DCO2026,2026-08-28 09:00:00,marketing.gsb,GSB_final_lead_list_2026-08-28.xlsx
TL002860,41 - 50,"02. 5,001-10,000",พนักงานและลูกจ้างในบริษัท,ธนาคารออมสินภาค 12,สินเชื่อเคหะ,DCO2026,2026-08-28 09:00:00,marketing.gsb,GSB_final_lead_list_2026-08-28.xlsx
TL002861,51 - 60,"02. 5,001-10,000",ผู้ประกอบธุรกิจ / เจ้าของกิจการ,ธนาคารออมสินภาค 12,สินเชื่อเคหะ,DCO2026,2026-08-28 09:00:00,marketing.gsb,GSB_final_lead_list_2026-08-28.xlsx
TL002862,41 - 50,"02. 5,001-10,000",พนักงานและลูกจ้างในบริษัท,ธนาคารออมสินภาค 13,สินเชื่อเคหะ,DCO2026,2026-08-28 09:00:00,marketing.gsb,GSB_final_lead_list_2026-08-28.xlsx
TL002863,Under 20,"01. 0-5,000",ข้าราชการและลูกจ้างในหน่วยงานของรัฐ,ธนาคารออมสินภาค 1,สินเชื่อเคหะ,DCO2026,2026-08-28 09:00:00,marketing.gsb,GSB_final_lead_list_2026-08-28.xlsx
TL002864,20 - 30,"04. 20,001-30,000",พนักงานและลูกจ้างในบริษัท,ธนาคารออมสินภาค 10,สินเชื่อเคหะ,DCO2026,2026-08-28 09:00:00,marketing.gsb,GSB_final_lead_list_2026-08-28.xlsx
TL002865,51 - 60,"03. 10,001-20,000",ประกอบวิชาชีพเฉพาะ,ธนาคารออมสินภาค 10,สินเชื่อเคหะ,DCO2026,2026-08-28 09:00:00,marketing.gsb,GSB_final_lead_list_2026-08-28.xlsx
TL002866,20 - 30,"02. 5,001-10,000",ผู้ประกอบธุรกิจ / เจ้าของกิจการ,ธนาคารออมสินภาค 1,สินเชื่อเคหะ,DCO2026,2026-08-28 09:00:00,marketing.gsb,GSB_final_lead_list_2026-08-28.xlsx
TL002867,41 - 50,"02. 5,001-10,000",ประกอบอาชีพอิสระ,ธนาคารออมสินภาค 13,สินเชื่อเคหะ,DCO2026,2026-08-28 09:00:00,marketing.gsb,GSB_final_lead_list_2026-08-28.xlsx
TL002868,20 - 30,"05. 30,001-40,000",ประกอบวิชาชีพเฉพาะ,ธนาคารออมสินภาค 10,สินเชื่อเคหะ,DCO2026,2026-08-28 09:00:00,marketing.gsb,GSB_final_lead_list_2026-08-28.xlsx
TL002869,20 - 30,"05. 30,001-40,000",ผู้รับจ้างทั่วไป / ผู้ใช้แรงงาน,ธนาคารออมสินภาค 11,สินเชื่อเคหะ,DCO2026,2026-08-28 09:00:00,marketing.gsb,GSB_final_lead_list_2026-08-28.xlsx
TL002870,Under 20,"05. 30,001-40,000",ประกอบอาชีพอิสระ,ธนาคารออมสินภาค 11,สินเชื่อเคหะ,DCO2026,2026-08-28 09:00:00,marketing.gsb,GSB_final_lead_list_2026-08-28.xlsx
TL002871,31 - 40,"07. >50,000",ผู้ประกอบธุรกิจ / เจ้าของกิจการ,ธนาคารออมสินภาค 1,สินเชื่อเคหะ,DCO2026,2026-08-28 09:00:00,marketing.gsb,GSB_final_lead_list_2026-08-28.xlsx
TL002872,20 - 30,"02. 5,001-10,000",ผู้ประกอบธุรกิจ / เจ้าของกิจการ,ธนาคารออมสินภาค 12,สินเชื่อเคหะ,DCO2026,2026-08-28 09:00:00,marketing.gsb,GSB_final_lead_list_2026-08-28.xlsx
TL002873,41 - 50,"02. 5,001-10,000",ผู้รับจ้างทั่วไป / ผู้ใช้แรงงาน,ธนาคารออมสินภาค 11,สินเชื่อเคหะ,DCO2026,2026-08-28 09:00:00,marketing.gsb,GSB_final_lead_list_2026-08-28.xlsx
TL002874,51 - 60,"02. 5,001-10,000",ประกอบวิชาชีพเฉพาะ,ธนาคารออมสินภาค 12,สินเชื่อเคหะ,DCO2026,2026-08-28 09:00:00,marketing.gsb,GSB_final_lead_list_2026-08-28.xlsx
TL002875,51 - 60,"05. 30,001-40,000",ผู้รับจ้างทั่วไป / ผู้ใช้แรงงาน,ธนาคารออมสินภาค 1,สินเชื่อเคหะ,DCO2026,2026-08-28 09:00:00,marketing.gsb,GSB_final_lead_list_2026-08-28.xlsx
TL002876,51 - 60,"04. 20,001-30,000",ผู้รับจ้างทั่วไป / ผู้ใช้แรงงาน,ธนาคารออมสินภาค 11,สินเชื่อเคหะ,DCO2026,2026-08-28 09:00:00,marketing.gsb,GSB_final_lead_list_2026-08-28.xlsx
TL002877,31 - 40,"02. 5,001-10,000",ประกอบอาชีพอิสระ,ธนาคารออมสินภาค 11,สินเชื่อเคหะ,DCO2026,2026-08-28 09:00:00,marketing.gsb,GSB_final_lead_list_2026-08-28.xlsx
TL002878,61 - 65,"04. 20,001-30,000",ประกอบอาชีพอิสระ,ธนาคารออมสินภาค 1,สินเชื่อเคหะ,DCO2026,2026-08-28 09:00:00,marketing.gsb,GSB_final_lead_list_2026-08-28.xlsx
TL002879,31 - 40,"05. 30,001-40,000",ประกอบวิชาชีพเฉพาะ,ธนาคารออมสินภาค 10,สินเชื่อเคหะ,DCO2026,2026-08-28 09:00:00,marketing.gsb,GSB_final_lead_list_2026-08-28.xlsx
TL002880,20 - 30,"04. 20,001-30,000",ผู้รับจ้างทั่วไป / ผู้ใช้แรงงาน,ธนาคารออมสินภาค 10,สินเชื่อเคหะ,DCO2026,2026-08-28 09:00:00,marketing.gsb,GSB_final_lead_list_2026-08-28.xlsx
TL002881,31 - 40,"05. 30,001-40,000",ประกอบอาชีพอิสระ,ธนาคารออมสินภาค 11,สินเชื่อเคหะ,DCO2026,2026-08-28 09:00:00,marketing.gsb,GSB_final_lead_list_2026-08-28.xlsx
TL002882,31 - 40,"06. 40,001-50,000",ผู้ประกอบธุรกิจ / เจ้าของกิจการ,ธนาคารออมสินภาค 10,สินเชื่อเคหะ,DCO2026,2026-08-28 09:00:00,marketing.gsb,GSB_final_lead_list_2026-08-28.xlsx
TL002883,41 - 50,"03. 10,001-20,000",ข้าราชการและลูกจ้างในหน่วยงานของรัฐ,ธนาคารออมสินภาค 1,สินเชื่อเคหะ,DCO2026,2026-08-28 09:00:00,marketing.gsb,GSB_final_lead_list_2026-08-28.xlsx
TL002884,31 - 40,"04. 20,001-30,000",ผู้ประกอบธุรกิจ / เจ้าของกิจการ,ธนาคารออมสินภาค 10,สินเชื่อเคหะ,DCO2026,2026-08-28 09:00:00,marketing.gsb,GSB_final_lead_list_2026-08-28.xlsx
TL002885,41 - 50,"03. 10,001-20,000",ผู้รับจ้างทั่วไป / ผู้ใช้แรงงาน,ธนาคารออมสินภาค 10,สินเชื่อเคหะ,DCO2026,2026-08-28 09:00:00,marketing.gsb,GSB_final_lead_list_2026-08-28.xlsx
TL002886,51 - 60,"05. 30,001-40,000",ประกอบอาชีพอิสระ,ธนาคารออมสินภาค 11,สินเชื่อเคหะ,DCO2026,2026-08-28 09:00:00,marketing.gsb,GSB_final_lead_list_2026-08-28.xlsx
TL002887,41 - 50,"07. >50,000",พนักงานและลูกจ้างในหน่วยงานรัฐวิสาหกิจ,ธนาคารออมสินภาค 11,สินเชื่อเคหะ,DCO2026,2026-08-28 09:00:00,marketing.gsb,GSB_final_lead_list_2026-08-28.xlsx
TL002888,41 - 50,"04. 20,001-30,000",พนักงานและลูกจ้างในบริษัท,ธนาคารออมสินภาค 11,สินเชื่อเคหะ,DCO2026,2026-08-28 09:00:00,marketing.gsb,GSB_final_lead_list_2026-08-28.xlsx
TL002889,31 - 40,"04. 20,001-30,000",ประกอบอาชีพอิสระ,ธนาคารออมสินภาค 12,สินเชื่อเคหะ,DCO2026,2026-08-28 09:00:00,marketing.gsb,GSB_final_lead_list_2026-08-28.xlsx
TL002890,Under 20,"04. 20,001-30,000",พนักงานและลูกจ้างในบริษัท,ธนาคารออมสินภาค 10,สินเชื่อเคหะ,DCO2026,2026-08-28 09:00:00,marketing.gsb,GSB_final_lead_list_2026-08-28.xlsx
TL002891,31 - 40,"05. 30,001-40,000",พนักงานและลูกจ้างในหน่วยงานรัฐวิสาหกิจ,ธนาคารออมสินภาค 11,สินเชื่อเคหะ,DCO2026,2026-08-28 09:00:00,marketing.gsb,GSB_final_lead_list_2026-08-28.xlsx
TL002892,51 - 60,"01. 0-5,000",ประกอบวิชาชีพเฉพาะ,ธนาคารออมสินภาค 1,สินเชื่อเคหะ,DCO2026,2026-08-28 09:00:00,marketing.gsb,GSB_final_lead_list_2026-08-28.xlsx
TL002893,51 - 60,"06. 40,001-50,000",ผู้รับจ้างทั่วไป / ผู้ใช้แรงงาน,ธนาคารออมสินภาค 1,สินเชื่อเคหะ,DCO2026,2026-08-28 09:00:00,marketing.gsb,GSB_final_lead_list_2026-08-28.xlsx
TL002894,20 - 30,"01. 0-5,000",ประกอบอาชีพอิสระ,ธนาคารออมสินภาค 1,สินเชื่อเคหะ,DCO2026,2026-08-28 09:00:00,marketing.gsb,GSB_final_lead_list_2026-08-28.xlsx
TL002895,61 - 65,"06. 40,001-50,000",ประกอบอาชีพอิสระ,ธนาคารออมสินภาค 13,สินเชื่อเคหะ,DCO2026,2026-08-28 09:00:00,marketing.gsb,GSB_final_lead_list_2026-08-28.xlsx
TL002896,51 - 60,"06. 40,001-50,000",ข้าราชการและลูกจ้างในหน่วยงานของรัฐ,ธนาคารออมสินภาค 11,สินเชื่อเคหะ,DCO2026,2026-08-28 09:00:00,marketing.gsb,GSB_final_lead_list_2026-08-28.xlsx
TL002897,41 - 50,"01. 0-5,000",ประกอบวิชาชีพเฉพาะ,ธนาคารออมสินภาค 10,สินเชื่อเคหะ,DCO2026,2026-08-28 09:00:00,marketing.gsb,GSB_final_lead_list_2026-08-28.xlsx
TL002898,Under 20,"04. 20,001-30,000",ประกอบวิชาชีพเฉพาะ,ธนาคารออมสินภาค 13,สินเชื่อเคหะ,DCO2026,2026-08-28 09:00:00,marketing.gsb,GSB_final_lead_list_2026-08-28.xlsx
TL002899,20 - 30,"02. 5,001-10,000",ผู้ประกอบธุรกิจ / เจ้าของกิจการ,ธนาคารออมสินภาค 1,สินเชื่อเคหะ,DCO2026,2026-08-28 09:00:00,marketing.gsb,GSB_final_lead_list_2026-08-28.xlsx
TL002900,31 - 40,"05. 30,001-40,000",ประกอบอาชีพอิสระ,ธนาคารออมสินภาค 13,สินเชื่อเคหะ,DCO2026,2026-08-28 09:00:00,marketing.gsb,GSB_final_lead_list_2026-08-28.xlsx
TL002901,31 - 40,"03. 10,001-20,000",ประกอบอาชีพอิสระ,ธนาคารออมสินภาค 13,สินเชื่อเคหะ,DCO2026,2026-08-28 09:00:00,marketing.gsb,GSB_final_lead_list_2026-08-28.xlsx
TL002902,41 - 50,"03. 10,001-20,000",ข้าราชการและลูกจ้างในหน่วยงานของรัฐ,ธนาคารออมสินภาค 11,สินเชื่อเคหะ,DCO2026,2026-08-28 09:00:00,marketing.gsb,GSB_final_lead_list_2026-08-28.xlsx
TL002903,41 - 50,"04. 20,001-30,000",ผู้ประกอบธุรกิจ / เจ้าของกิจการ,ธนาคารออมสินภาค 12,สินเชื่อเคหะ,DCO2026,2026-08-28 09:00:00,marketing.gsb,GSB_final_lead_list_2026-08-28.xlsx
TL002904,65 Up,"05. 30,001-40,000",ข้าราชการและลูกจ้างในหน่วยงานของรัฐ,ธนาคารออมสินภาค 12,สินเชื่อเคหะ,DCO2026,2026-08-28 09:00:00,marketing.gsb,GSB_final_lead_list_2026-08-28.xlsx
TL002905,41 - 50,"04. 20,001-30,000",พนักงานและลูกจ้างในหน่วยงานรัฐวิสาหกิจ,ธนาคารออมสินภาค 1,สินเชื่อเคหะ,DCO2026,2026-08-28 09:00:00,marketing.gsb,GSB_final_lead_list_2026-08-28.xlsx
TL002906,31 - 40,"05. 30,001-40,000",ผู้ประกอบธุรกิจ / เจ้าของกิจการ,ธนาคารออมสินภาค 13,สินเชื่อเคหะ,DCO2026,2026-08-28 09:00:00,marketing.gsb,GSB_final_lead_list_2026-08-28.xlsx
TL002907,20 - 30,"06. 40,001-50,000",ประกอบวิชาชีพเฉพาะ,ธนาคารออมสินภาค 12,สินเชื่อเคหะ,DCO2026,2026-08-28 09:00:00,marketing.gsb,GSB_final_lead_list_2026-08-28.xlsx
TL002908,20 - 30,"06. 40,001-50,000",ผู้รับจ้างทั่วไป / ผู้ใช้แรงงาน,ธนาคารออมสินภาค 1,สินเชื่อเคหะ,DCO2026,2026-08-28 09:00:00,marketing.gsb,GSB_final_lead_list_2026-08-28.xlsx
TL002909,Under 20,"04. 20,001-30,000",ผู้รับจ้างทั่วไป / ผู้ใช้แรงงาน,ธนาคารออมสินภาค 10,สินเชื่อเคหะ,DCO2026,2026-08-28 09:00:00,marketing.gsb,GSB_final_lead_list_2026-08-28.xlsx
TL002910,20 - 30,"01. 0-5,000",ประกอบวิชาชีพเฉพาะ,ธนาคารออมสินภาค 11,สินเชื่อเคหะ,DCO2026,2026-08-28 09:00:00,marketing.gsb,GSB_final_lead_list_2026-08-28.xlsx
TL002911,20 - 30,"05. 30,001-40,000",ผู้ประกอบธุรกิจ / เจ้าของกิจการ,ธนาคารออมสินภาค 10,สินเชื่อเคหะ,DCO2026,2026-08-28 09:00:00,marketing.gsb,GSB_final_lead_list_2026-08-28.xlsx
TL002912,20 - 30,"05. 30,001-40,000",ผู้รับจ้างทั่วไป / ผู้ใช้แรงงาน,ธนาคารออมสินภาค 1,สินเชื่อเคหะ,DCO2026,2026-08-28 09:00:00,marketing.gsb,GSB_final_lead_list_2026-08-28.xlsx
TL002913,31 - 40,"04. 20,001-30,000",ประกอบอาชีพอิสระ,ธนาคารออมสินภาค 10,สินเชื่อเคหะ,DCO2026,2026-08-28 09:00:00,marketing.gsb,GSB_final_lead_list_2026-08-28.xlsx
TL002914,65 Up,"05. 30,001-40,000",ประกอบอาชีพอิสระ,ธนาคารออมสินภาค 13,สินเชื่อเคหะ,DCO2026,2026-08-28 09:00:00,marketing.gsb,GSB_final_lead_list_2026-08-28.xlsx
TL002915,31 - 40,"04. 20,001-30,000",ผู้รับจ้างทั่วไป / ผู้ใช้แรงงาน,ธนาคารออมสินภาค 11,สินเชื่อเคหะ,DCO2026,2026-08-28 09:00:00,marketing.gsb,GSB_final_lead_list_2026-08-28.xlsx
TL002916,51 - 60,"05. 30,001-40,000",พนักงานและลูกจ้างในบริษัท,ธนาคารออมสินภาค 1,สินเชื่อเคหะ,DCO2026,2026-08-28 09:00:00,marketing.gsb,GSB_final_lead_list_2026-08-28.xlsx
TL002917,51 - 60,"03. 10,001-20,000",พนักงานและลูกจ้างในหน่วยงานรัฐวิสาหกิจ,ธนาคารออมสินภาค 11,สินเชื่อเคหะ,DCO2026,2026-08-28 09:00:00,marketing.gsb,GSB_final_lead_list_2026-08-28.xlsx
TL002918,20 - 30,"06. 40,001-50,000",ผู้รับจ้างทั่วไป / ผู้ใช้แรงงาน,ธนาคารออมสินภาค 12,สินเชื่อเคหะ,DCO2026,2026-08-28 09:00:00,marketing.gsb,GSB_final_lead_list_2026-08-28.xlsx
TL002919,31 - 40,"05. 30,001-40,000",ประกอบอาชีพอิสระ,ธนาคารออมสินภาค 10,สินเชื่อเคหะ,DCO2026,2026-08-28 09:00:00,marketing.gsb,GSB_final_lead_list_2026-08-28.xlsx
TL002920,51 - 60,"05. 30,001-40,000",ประกอบวิชาชีพเฉพาะ,ธนาคารออมสินภาค 13,สินเชื่อเคหะ,DCO2026,2026-08-28 09:00:00,marketing.gsb,GSB_final_lead_list_2026-08-28.xlsx
TL002921,31 - 40,"05. 30,001-40,000",ผู้รับจ้างทั่วไป / ผู้ใช้แรงงาน,ธนาคารออมสินภาค 1,สินเชื่อเคหะ,DCO2026,2026-08-28 09:00:00,marketing.gsb,GSB_final_lead_list_2026-08-28.xlsx
TL002922,31 - 40,"02. 5,001-10,000",ผู้รับจ้างทั่วไป / ผู้ใช้แรงงาน,ธนาคารออมสินภาค 12,สินเชื่อเคหะ,DCO2026,2026-08-28 09:00:00,marketing.gsb,GSB_final_lead_list_2026-08-28.xlsx
TL002923,20 - 30,"04. 20,001-30,000",ประกอบวิชาชีพเฉพาะ,ธนาคารออมสินภาค 12,สินเชื่อเคหะ,DCO2026,2026-08-28 09:00:00,marketing.gsb,GSB_final_lead_list_2026-08-28.xlsx
TL002924,41 - 50,"06. 40,001-50,000",ผู้รับจ้างทั่วไป / ผู้ใช้แรงงาน,ธนาคารออมสินภาค 13,สินเชื่อเคหะ,DCO2026,2026-08-28 09:00:00,marketing.gsb,GSB_final_lead_list_2026-08-28.xlsx
TL002925,20 - 30,"04. 20,001-30,000",ประกอบวิชาชีพเฉพาะ,ธนาคารออมสินภาค 11,สินเชื่อเคหะ,DCO2026,2026-08-28 09:00:00,marketing.gsb,GSB_final_lead_list_2026-08-28.xlsx
TL002926,41 - 50,"01. 0-5,000",พนักงานและลูกจ้างในหน่วยงานรัฐวิสาหกิจ,ธนาคารออมสินภาค 12,สินเชื่อเคหะ,DCO2026,2026-08-28 09:00:00,marketing.gsb,GSB_final_lead_list_2026-08-28.xlsx
TL002927,20 - 30,"06. 40,001-50,000",ข้าราชการและลูกจ้างในหน่วยงานของรัฐ,ธนาคารออมสินภาค 1,สินเชื่อเคหะ,DCO2026,2026-08-28 09:00:00,marketing.gsb,GSB_final_lead_list_2026-08-28.xlsx
TL002928,31 - 40,"04. 20,001-30,000",พนักงานและลูกจ้างในหน่วยงานรัฐวิสาหกิจ,ธนาคารออมสินภาค 10,สินเชื่อเคหะ,DCO2026,2026-08-28 09:00:00,marketing.gsb,GSB_final_lead_list_2026-08-28.xlsx
TL002929,51 - 60,"05. 30,001-40,000",ประกอบวิชาชีพเฉพาะ,ธนาคารออมสินภาค 11,สินเชื่อเคหะ,DCO2026,2026-08-28 09:00:00,marketing.gsb,GSB_final_lead_list_2026-08-28.xlsx
TL002930,41 - 50,"07. >50,000",ผู้ประกอบธุรกิจ / เจ้าของกิจการ,ธนาคารออมสินภาค 11,สินเชื่อเคหะ,DCO2026,2026-08-28 09:00:00,marketing.gsb,GSB_final_lead_list_2026-08-28.xlsx
TL002931,51 - 60,"02. 5,001-10,000",ประกอบวิชาชีพเฉพาะ,ธนาคารออมสินภาค 12,สินเชื่อเคหะ,DCO2026,2026-08-28 09:00:00,marketing.gsb,GSB_final_lead_list_2026-08-28.xlsx
TL002932,31 - 40,"05. 30,001-40,000",ประกอบวิชาชีพเฉพาะ,ธนาคารออมสินภาค 1,สินเชื่อเคหะ,DCO2026,2026-08-28 09:00:00,marketing.gsb,GSB_final_lead_list_2026-08-28.xlsx
TL002933,31 - 40,"06. 40,001-50,000",ประกอบอาชีพอิสระ,ธนาคารออมสินภาค 1,สินเชื่อเคหะ,DCO2026,2026-08-28 09:00:00,marketing.gsb,GSB_final_lead_list_2026-08-28.xlsx
TL002934,20 - 30,"06. 40,001-50,000",ข้าราชการและลูกจ้างในหน่วยงานของรัฐ,ธนาคารออมสินภาค 11,สินเชื่อเคหะ,DCO2026,2026-08-28 09:00:00,marketing.gsb,GSB_final_lead_list_2026-08-28.xlsx
TL002935,41 - 50,"06. 40,001-50,000",ประกอบวิชาชีพเฉพาะ,ธนาคารออมสินภาค 11,สินเชื่อเคหะ,DCO2026,2026-08-28 09:00:00,marketing.gsb,GSB_final_lead_list_2026-08-28.xlsx
TL002936,20 - 30,"03. 10,001-20,000",ผู้รับจ้างทั่วไป / ผู้ใช้แรงงาน,ธนาคารออมสินภาค 1,สินเชื่อเคหะ,DCO2026,2026-08-28 09:00:00,marketing.gsb,GSB_final_lead_list_2026-08-28.xlsx
TL002937,20 - 30,"02. 5,001-10,000",ผู้รับจ้างทั่วไป / ผู้ใช้แรงงาน,ธนาคารออมสินภาค 10,สินเชื่อเคหะ,DCO2026,2026-08-28 09:00:00,marketing.gsb,GSB_final_lead_list_2026-08-28.xlsx
TL002938,31 - 40,"06. 40,001-50,000",ผู้ประกอบธุรกิจ / เจ้าของกิจการ,ธนาคารออมสินภาค 1,สินเชื่อเคหะ,DCO2026,2026-08-28 09:00:00,marketing.gsb,GSB_final_lead_list_2026-08-28.xlsx
TL002939,20 - 30,"03. 10,001-20,000",พนักงานและลูกจ้างในบริษัท,ธนาคารออมสินภาค 10,สินเชื่อเคหะ,DCO2026,2026-08-28 09:00:00,marketing.gsb,GSB_final_lead_list_2026-08-28.xlsx
TL002940,31 - 40,"04. 20,001-30,000",พนักงานและลูกจ้างในบริษัท,ธนาคารออมสินภาค 12,สินเชื่อเคหะ,DCO2026,2026-08-28 09:00:00,marketing.gsb,GSB_final_lead_list_2026-08-28.xlsx
TL002941,31 - 40,"04. 20,001-30,000",ประกอบอาชีพอิสระ,ธนาคารออมสินภาค 13,สินเชื่อเคหะ,DCO2026,2026-08-28 09:00:00,marketing.gsb,GSB_final_lead_list_2026-08-28.xlsx
TL002942,61 - 65,"04. 20,001-30,000",ประกอบวิชาชีพเฉพาะ,ธนาคารออมสินภาค 10,สินเชื่อเคหะ,DCO2026,2026-08-28 09:00:00,marketing.gsb,GSB_final_lead_list_2026-08-28.xlsx
TL002943,20 - 30,"01. 0-5,000",ข้าราชการและลูกจ้างในหน่วยงานของรัฐ,ธนาคารออมสินภาค 1,สินเชื่อเคหะ,DCO2026,2026-08-28 09:00:00,marketing.gsb,GSB_final_lead_list_2026-08-28.xlsx
TL002944,31 - 40,"07. >50,000",ประกอบอาชีพอิสระ,ธนาคารออมสินภาค 13,สินเชื่อเคหะ,DCO2026,2026-08-28 09:00:00,marketing.gsb,GSB_final_lead_list_2026-08-28.xlsx
TL002945,41 - 50,"03. 10,001-20,000",ข้าราชการและลูกจ้างในหน่วยงานของรัฐ,ธนาคารออมสินภาค 12,สินเชื่อเคหะ,DCO2026,2026-08-28 09:00:00,marketing.gsb,GSB_final_lead_list_2026-08-28.xlsx
TL002946,41 - 50,"02. 5,001-10,000",ประกอบวิชาชีพเฉพาะ,ธนาคารออมสินภาค 13,สินเชื่อเคหะ,DCO2026,2026-08-28 09:00:00,marketing.gsb,GSB_final_lead_list_2026-08-28.xlsx
TL002947,Under 20,"04. 20,001-30,000",ผู้รับจ้างทั่วไป / ผู้ใช้แรงงาน,ธนาคารออมสินภาค 11,สินเชื่อเคหะ,DCO2026,2026-08-28 09:00:00,marketing.gsb,GSB_final_lead_list_2026-08-28.xlsx
TL002948,65 Up,"05. 30,001-40,000",ประกอบวิชาชีพเฉพาะ,ธนาคารออมสินภาค 13,สินเชื่อเคหะ,DCO2026,2026-08-28 09:00:00,marketing.gsb,GSB_final_lead_list_2026-08-28.xlsx
TL002949,51 - 60,"04. 20,001-30,000",พนักงานและลูกจ้างในหน่วยงานรัฐวิสาหกิจ,ธนาคารออมสินภาค 11,สินเชื่อเคหะ,DCO2026,2026-08-28 09:00:00,marketing.gsb,GSB_final_lead_list_2026-08-28.xlsx
TL002950,20 - 30,"05. 30,001-40,000",ข้าราชการและลูกจ้างในหน่วยงานของรัฐ,ธนาคารออมสินภาค 12,สินเชื่อเคหะ,DCO2026,2026-08-28 09:00:00,marketing.gsb,GSB_final_lead_list_2026-08-28.xlsx
TL002951,41 - 50,"05. 30,001-40,000",พนักงานและลูกจ้างในบริษัท,ธนาคารออมสินภาค 13,สินเชื่อเคหะ,DCO2026,2026-08-28 09:00:00,marketing.gsb,GSB_final_lead_list_2026-08-28.xlsx
TL002952,41 - 50,"04. 20,001-30,000",ประกอบวิชาชีพเฉพาะ,ธนาคารออมสินภาค 1,สินเชื่อเคหะ,DCO2026,2026-08-28 09:00:00,marketing.gsb,GSB_final_lead_list_2026-08-28.xlsx
TL002953,41 - 50,"06. 40,001-50,000",ผู้รับจ้างทั่วไป / ผู้ใช้แรงงาน,ธนาคารออมสินภาค 1,สินเชื่อเคหะ,DCO2026,2026-08-28 09:00:00,marketing.gsb,GSB_final_lead_list_2026-08-28.xlsx
TL002954,41 - 50,"02. 5,001-10,000",พนักงานและลูกจ้างในหน่วยงานรัฐวิสาหกิจ,ธนาคารออมสินภาค 13,สินเชื่อเคหะ,DCO2026,2026-08-28 09:00:00,marketing.gsb,GSB_final_lead_list_2026-08-28.xlsx
TL002955,20 - 30,"04. 20,001-30,000",ผู้ประกอบธุรกิจ / เจ้าของกิจการ,ธนาคารออมสินภาค 13,สินเชื่อเคหะ,DCO2026,2026-08-28 09:00:00,marketing.gsb,GSB_final_lead_list_2026-08-28.xlsx
TL002956,31 - 40,"05. 30,001-40,000",ข้าราชการและลูกจ้างในหน่วยงานของรัฐ,ธนาคารออมสินภาค 1,สินเชื่อเคหะ,DCO2026,2026-08-28 09:00:00,marketing.gsb,GSB_final_lead_list_2026-08-28.xlsx
TL002957,31 - 40,"05. 30,001-40,000",ผู้รับจ้างทั่วไป / ผู้ใช้แรงงาน,ธนาคารออมสินภาค 1,สินเชื่อเคหะ,DCO2026,2026-08-28 09:00:00,marketing.gsb,GSB_final_lead_list_2026-08-28.xlsx
TL002958,31 - 40,"02. 5,001-10,000",ผู้รับจ้างทั่วไป / ผู้ใช้แรงงาน,ธนาคารออมสินภาค 12,สินเชื่อเคหะ,DCO2026,2026-08-28 09:00:00,marketing.gsb,GSB_final_lead_list_2026-08-28.xlsx
TL002959,61 - 65,"05. 30,001-40,000",ประกอบอาชีพอิสระ,ธนาคารออมสินภาค 12,สินเชื่อเคหะ,DCO2026,2026-08-28 09:00:00,marketing.gsb,GSB_final_lead_list_2026-08-28.xlsx
TL002960,31 - 40,"05. 30,001-40,000",ประกอบอาชีพอิสระ,ธนาคารออมสินภาค 1,สินเชื่อเคหะ,DCO2026,2026-08-28 09:00:00,marketing.gsb,GSB_final_lead_list_2026-08-28.xlsx
TL002961,51 - 60,"05. 30,001-40,000",ประกอบวิชาชีพเฉพาะ,ธนาคารออมสินภาค 1,สินเชื่อเคหะ,DCO2026,2026-08-28 09:00:00,marketing.gsb,GSB_final_lead_list_2026-08-28.xlsx
TL002962,51 - 60,"02. 5,001-10,000",ข้าราชการและลูกจ้างในหน่วยงานของรัฐ,ธนาคารออมสินภาค 11,สินเชื่อเคหะ,DCO2026,2026-08-28 09:00:00,marketing.gsb,GSB_final_lead_list_2026-08-28.xlsx
TL002963,20 - 30,"02. 5,001-10,000",ประกอบอาชีพอิสระ,ธนาคารออมสินภาค 1,สินเชื่อเคหะ,DCO2026,2026-08-28 09:00:00,marketing.gsb,GSB_final_lead_list_2026-08-28.xlsx
TL002964,41 - 50,"04. 20,001-30,000",ผู้ประกอบธุรกิจ / เจ้าของกิจการ,ธนาคารออมสินภาค 1,สินเชื่อเคหะ,DCO2026,2026-08-28 09:00:00,marketing.gsb,GSB_final_lead_list_2026-08-28.xlsx
TL002965,51 - 60,"07. >50,000",พนักงานและลูกจ้างในหน่วยงานรัฐวิสาหกิจ,ธนาคารออมสินภาค 11,สินเชื่อเคหะ,DCO2026,2026-08-28 09:00:00,marketing.gsb,GSB_final_lead_list_2026-08-28.xlsx
TL002966,31 - 40,"02. 5,001-10,000",ประกอบวิชาชีพเฉพาะ,ธนาคารออมสินภาค 12,สินเชื่อเคหะ,DCO2026,2026-08-28 09:00:00,marketing.gsb,GSB_final_lead_list_2026-08-28.xlsx
TL002967,31 - 40,"04. 20,001-30,000",ผู้ประกอบธุรกิจ / เจ้าของกิจการ,ธนาคารออมสินภาค 12,สินเชื่อเคหะ,DCO2026,2026-08-28 09:00:00,marketing.gsb,GSB_final_lead_list_2026-08-28.xlsx
TL002968,51 - 60,"05. 30,001-40,000",ข้าราชการและลูกจ้างในหน่วยงานของรัฐ,ธนาคารออมสินภาค 13,สินเชื่อเคหะ,DCO2026,2026-08-28 09:00:00,marketing.gsb,GSB_final_lead_list_2026-08-28.xlsx
TL002969,20 - 30,"06. 40,001-50,000",ประกอบอาชีพอิสระ,ธนาคารออมสินภาค 11,สินเชื่อเคหะ,DCO2026,2026-08-28 09:00:00,marketing.gsb,GSB_final_lead_list_2026-08-28.xlsx
TL002970,20 - 30,"05. 30,001-40,000",ประกอบวิชาชีพเฉพาะ,ธนาคารออมสินภาค 1,สินเชื่อเคหะ,DCO2026,2026-08-28 09:00:00,marketing.gsb,GSB_final_lead_list_2026-08-28.xlsx
TL002971,61 - 65,"06. 40,001-50,000",พนักงานและลูกจ้างในหน่วยงานรัฐวิสาหกิจ,ธนาคารออมสินภาค 13,สินเชื่อเคหะ,DCO2026,2026-08-28 09:00:00,marketing.gsb,GSB_final_lead_list_2026-08-28.xlsx
TL002972,65 Up,"06. 40,001-50,000",ข้าราชการและลูกจ้างในหน่วยงานของรัฐ,ธนาคารออมสินภาค 10,สินเชื่อเคหะ,DCO2026,2026-08-28 09:00:00,marketing.gsb,GSB_final_lead_list_2026-08-28.xlsx
TL002973,20 - 30,"05. 30,001-40,000",ข้าราชการและลูกจ้างในหน่วยงานของรัฐ,ธนาคารออมสินภาค 13,สินเชื่อเคหะ,DCO2026,2026-08-28 09:00:00,marketing.gsb,GSB_final_lead_list_2026-08-28.xlsx
TL002974,41 - 50,"03. 10,001-20,000",ผู้ประกอบธุรกิจ / เจ้าของกิจการ,ธนาคารออมสินภาค 11,สินเชื่อเคหะ,DCO2026,2026-08-28 09:00:00,marketing.gsb,GSB_final_lead_list_2026-08-28.xlsx
TL002975,41 - 50,"03. 10,001-20,000",ประกอบวิชาชีพเฉพาะ,ธนาคารออมสินภาค 1,สินเชื่อเคหะ,DCO2026,2026-08-28 09:00:00,marketing.gsb,GSB_final_lead_list_2026-08-28.xlsx
TL002976,61 - 65,"05. 30,001-40,000",ผู้รับจ้างทั่วไป / ผู้ใช้แรงงาน,ธนาคารออมสินภาค 11,สินเชื่อเคหะ,DCO2026,2026-08-28 09:00:00,marketing.gsb,GSB_final_lead_list_2026-08-28.xlsx
TL002977,20 - 30,"05. 30,001-40,000",ประกอบอาชีพอิสระ,ธนาคารออมสินภาค 11,สินเชื่อเคหะ,DCO2026,2026-08-28 09:00:00,marketing.gsb,GSB_final_lead_list_2026-08-28.xlsx
TL002978,31 - 40,"04. 20,001-30,000",ประกอบอาชีพอิสระ,ธนาคารออมสินภาค 13,สินเชื่อเคหะ,DCO2026,2026-08-28 09:00:00,marketing.gsb,GSB_final_lead_list_2026-08-28.xlsx
TL002979,31 - 40,"05. 30,001-40,000",พนักงานและลูกจ้างในบริษัท,ธนาคารออมสินภาค 1,สินเชื่อเคหะ,DCO2026,2026-08-28 09:00:00,marketing.gsb,GSB_final_lead_list_2026-08-28.xlsx
TL002980,61 - 65,"04. 20,001-30,000",ประกอบวิชาชีพเฉพาะ,ธนาคารออมสินภาค 11,สินเชื่อเคหะ,DCO2026,2026-08-28 09:00:00,marketing.gsb,GSB_final_lead_list_2026-08-28.xlsx
TL002981,41 - 50,"05. 30,001-40,000",ประกอบอาชีพอิสระ,ธนาคารออมสินภาค 10,สินเชื่อเคหะ,DCO2026,2026-08-28 09:00:00,marketing.gsb,GSB_final_lead_list_2026-08-28.xlsx
TL002982,51 - 60,"05. 30,001-40,000",ประกอบอาชีพอิสระ,ธนาคารออมสินภาค 11,สินเชื่อเคหะ,DCO2026,2026-08-28 09:00:00,marketing.gsb,GSB_final_lead_list_2026-08-28.xlsx
TL002983,31 - 40,"04. 20,001-30,000",ข้าราชการและลูกจ้างในหน่วยงานของรัฐ,ธนาคารออมสินภาค 13,สินเชื่อเคหะ,DCO2026,2026-08-28 09:00:00,marketing.gsb,GSB_final_lead_list_2026-08-28.xlsx
TL002984,31 - 40,"05. 30,001-40,000",ประกอบวิชาชีพเฉพาะ,ธนาคารออมสินภาค 12,สินเชื่อเคหะ,DCO2026,2026-08-28 09:00:00,marketing.gsb,GSB_final_lead_list_2026-08-28.xlsx
TL002985,31 - 40,"04. 20,001-30,000",พนักงานและลูกจ้างในบริษัท,ธนาคารออมสินภาค 12,สินเชื่อเคหะ,DCO2026,2026-08-28 09:00:00,marketing.gsb,GSB_final_lead_list_2026-08-28.xlsx
TL002986,31 - 40,"02. 5,001-10,000",พนักงานและลูกจ้างในบริษัท,ธนาคารออมสินภาค 11,สินเชื่อเคหะ,DCO2026,2026-08-28 09:00:00,marketing.gsb,GSB_final_lead_list_2026-08-28.xlsx
TL002987,20 - 30,"03. 10,001-20,000",ข้าราชการและลูกจ้างในหน่วยงานของรัฐ,ธนาคารออมสินภาค 13,สินเชื่อเคหะ,DCO2026,2026-08-28 09:00:00,marketing.gsb,GSB_final_lead_list_2026-08-28.xlsx
TL002988,20 - 30,"06. 40,001-50,000",ประกอบวิชาชีพเฉพาะ,ธนาคารออมสินภาค 10,สินเชื่อเคหะ,DCO2026,2026-08-28 09:00:00,marketing.gsb,GSB_final_lead_list_2026-08-28.xlsx
TL002989,41 - 50,"06. 40,001-50,000",พนักงานและลูกจ้างในบริษัท,ธนาคารออมสินภาค 1,สินเชื่อเคหะ,DCO2026,2026-08-28 09:00:00,marketing.gsb,GSB_final_lead_list_2026-08-28.xlsx
TL002990,31 - 40,"04. 20,001-30,000",ประกอบอาชีพอิสระ,ธนาคารออมสินภาค 12,สินเชื่อเคหะ,DCO2026,2026-08-28 09:00:00,marketing.gsb,GSB_final_lead_list_2026-08-28.xlsx
TL002991,Under 20,"06. 40,001-50,000",พนักงานและลูกจ้างในหน่วยงานรัฐวิสาหกิจ,ธนาคารออมสินภาค 10,สินเชื่อเคหะ,DCO2026,2026-08-28 09:00:00,marketing.gsb,GSB_final_lead_list_2026-08-28.xlsx
TL002992,20 - 30,"06. 40,001-50,000",ผู้รับจ้างทั่วไป / ผู้ใช้แรงงาน,ธนาคารออมสินภาค 1,สินเชื่อเคหะ,DCO2026,2026-08-28 09:00:00,marketing.gsb,GSB_final_lead_list_2026-08-28.xlsx
TL002993,41 - 50,"02. 5,001-10,000",ผู้ประกอบธุรกิจ / เจ้าของกิจการ,ธนาคารออมสินภาค 11,สินเชื่อเคหะ,DCO2026,2026-08-28 09:00:00,marketing.gsb,GSB_final_lead_list_2026-08-28.xlsx
TL002994,41 - 50,"02. 5,001-10,000",ผู้ประกอบธุรกิจ / เจ้าของกิจการ,ธนาคารออมสินภาค 11,สินเชื่อเคหะ,DCO2026,2026-08-28 09:00:00,marketing.gsb,GSB_final_lead_list_2026-08-28.xlsx
TL002995,20 - 30,"04. 20,001-30,000",ผู้รับจ้างทั่วไป / ผู้ใช้แรงงาน,ธนาคารออมสินภาค 13,สินเชื่อเคหะ,DCO2026,2026-08-28 09:00:00,marketing.gsb,GSB_final_lead_list_2026-08-28.xlsx
TL002996,20 - 30,"04. 20,001-30,000",พนักงานและลูกจ้างในบริษัท,ธนาคารออมสินภาค 1,สินเชื่อเคหะ,DCO2026,2026-08-28 09:00:00,marketing.gsb,GSB_final_lead_list_2026-08-28.xlsx
TL002997,51 - 60,"05. 30,001-40,000",พนักงานและลูกจ้างในบริษัท,ธนาคารออมสินภาค 11,สินเชื่อเคหะ,DCO2026,2026-08-28 09:00:00,marketing.gsb,GSB_final_lead_list_2026-08-28.xlsx
TL002998,Under 20,"06. 40,001-50,000",พนักงานและลูกจ้างในบริษัท,ธนาคารออมสินภาค 13,สินเชื่อเคหะ,DCO2026,2026-08-28 09:00:00,marketing.gsb,GSB_final_lead_list_2026-08-28.xlsx
TL002999,31 - 40,"01. 0-5,000",ผู้ประกอบธุรกิจ / เจ้าของกิจการ,ธนาคารออมสินภาค 11,สินเชื่อเคหะ,DCO2026,2026-08-28 09:00:00,marketing.gsb,GSB_final_lead_list_2026-08-28.xlsx
TL003000,31 - 40,"03. 10,001-20,000",ประกอบวิชาชีพเฉพาะ,ธนาคารออมสินภาค 12,สินเชื่อเคหะ,DCO2026,2026-08-28 09:00:00,marketing.gsb,GSB_final_lead_list_2026-08-28.xlsx
TL003001,41 - 50,"02. 5,001-10,000",ผู้รับจ้างทั่วไป / ผู้ใช้แรงงาน,ธนาคารออมสินภาค 12,สินเชื่อเคหะ,DCO2026,2026-08-28 09:00:00,marketing.gsb,GSB_final_lead_list_2026-08-28.xlsx
TL003002,41 - 50,"03. 10,001-20,000",พนักงานและลูกจ้างในบริษัท,ธนาคารออมสินภาค 13,สินเชื่อเคหะ,DCO2026,2026-08-28 09:00:00,marketing.gsb,GSB_final_lead_list_2026-08-28.xlsx
TL003003,51 - 60,"05. 30,001-40,000",พนักงานและลูกจ้างในหน่วยงานรัฐวิสาหกิจ,ธนาคารออมสินภาค 10,สินเชื่อเคหะ,DCO2026,2026-08-28 09:00:00,marketing.gsb,GSB_final_lead_list_2026-08-28.xlsx
TL003004,31 - 40,"04. 20,001-30,000",พนักงานและลูกจ้างในบริษัท,ธนาคารออมสินภาค 10,สินเชื่อเคหะ,DCO2026,2026-08-28 09:00:00,marketing.gsb,GSB_final_lead_list_2026-08-28.xlsx
TL003005,20 - 30,"06. 40,001-50,000",พนักงานและลูกจ้างในหน่วยงานรัฐวิสาหกิจ,ธนาคารออมสินภาค 12,สินเชื่อเคหะ,DCO2026,2026-08-28 09:00:00,marketing.gsb,GSB_final_lead_list_2026-08-28.xlsx
TL003006,41 - 50,"03. 10,001-20,000",ข้าราชการและลูกจ้างในหน่วยงานของรัฐ,ธนาคารออมสินภาค 1,สินเชื่อเคหะ,DCO2026,2026-08-28 09:00:00,marketing.gsb,GSB_final_lead_list_2026-08-28.xlsx
TL003007,41 - 50,"04. 20,001-30,000",ประกอบอาชีพอิสระ,ธนาคารออมสินภาค 13,สินเชื่อเคหะ,DCO2026,2026-08-28 09:00:00,marketing.gsb,GSB_final_lead_list_2026-08-28.xlsx
TL003008,31 - 40,"05. 30,001-40,000",พนักงานและลูกจ้างในหน่วยงานรัฐวิสาหกิจ,ธนาคารออมสินภาค 11,สินเชื่อเคหะ,DCO2026,2026-08-28 09:00:00,marketing.gsb,GSB_final_lead_list_2026-08-28.xlsx
TL003009,31 - 40,"04. 20,001-30,000",พนักงานและลูกจ้างในหน่วยงานรัฐวิสาหกิจ,ธนาคารออมสินภาค 11,สินเชื่อเคหะ,DCO2026,2026-08-28 09:00:00,marketing.gsb,GSB_final_lead_list_2026-08-28.xlsx
TL003010,31 - 40,"06. 40,001-50,000",พนักงานและลูกจ้างในหน่วยงานรัฐวิสาหกิจ,ธนาคารออมสินภาค 1,สินเชื่อเคหะ,DCO2026,2026-08-28 09:00:00,marketing.gsb,GSB_final_lead_list_2026-08-28.xlsx
TL003011,41 - 50,"05. 30,001-40,000",ประกอบอาชีพอิสระ,ธนาคารออมสินภาค 10,สินเชื่อเคหะ,DCO2026,2026-08-28 09:00:00,marketing.gsb,GSB_final_lead_list_2026-08-28.xlsx
TL003012,41 - 50,"01. 0-5,000",ข้าราชการและลูกจ้างในหน่วยงานของรัฐ,ธนาคารออมสินภาค 12,สินเชื่อเคหะ,DCO2026,2026-08-28 09:00:00,marketing.gsb,GSB_final_lead_list_2026-08-28.xlsx
TL003013,20 - 30,"04. 20,001-30,000",ผู้ประกอบธุรกิจ / เจ้าของกิจการ,ธนาคารออมสินภาค 10,สินเชื่อเคหะ,DCO2026,2026-08-28 09:00:00,marketing.gsb,GSB_final_lead_list_2026-08-28.xlsx
TL003014,20 - 30,"02. 5,001-10,000",ผู้รับจ้างทั่วไป / ผู้ใช้แรงงาน,ธนาคารออมสินภาค 11,สินเชื่อเคหะ,DCO2026,2026-08-28 09:00:00,marketing.gsb,GSB_final_lead_list_2026-08-28.xlsx
TL003015,51 - 60,"02. 5,001-10,000",ประกอบอาชีพอิสระ,ธนาคารออมสินภาค 11,สินเชื่อเคหะ,DCO2026,2026-08-28 09:00:00,marketing.gsb,GSB_final_lead_list_2026-08-28.xlsx
TL003016,41 - 50,"04. 20,001-30,000",ข้าราชการและลูกจ้างในหน่วยงานของรัฐ,ธนาคารออมสินภาค 12,สินเชื่อเคหะ,DCO2026,2026-08-28 09:00:00,marketing.gsb,GSB_final_lead_list_2026-08-28.xlsx
TL003017,41 - 50,"06. 40,001-50,000",ข้าราชการและลูกจ้างในหน่วยงานของรัฐ,ธนาคารออมสินภาค 10,สินเชื่อเคหะ,DCO2026,2026-08-28 09:00:00,marketing.gsb,GSB_final_lead_list_2026-08-28.xlsx
TL003018,31 - 40,"02. 5,001-10,000",ข้าราชการและลูกจ้างในหน่วยงานของรัฐ,ธนาคารออมสินภาค 10,สินเชื่อเคหะ,DCO2026,2026-08-28 09:00:00,marketing.gsb,GSB_final_lead_list_2026-08-28.xlsx
TL003019,31 - 40,"02. 5,001-10,000",ผู้รับจ้างทั่วไป / ผู้ใช้แรงงาน,ธนาคารออมสินภาค 11,สินเชื่อเคหะ,DCO2026,2026-08-28 09:00:00,marketing.gsb,GSB_final_lead_list_2026-08-28.xlsx
TL003020,20 - 30,"03. 10,001-20,000",ผู้รับจ้างทั่วไป / ผู้ใช้แรงงาน,ธนาคารออมสินภาค 1,สินเชื่อเคหะ,DCO2026,2026-08-28 09:00:00,marketing.gsb,GSB_final_lead_list_2026-08-28.xlsx
TL003021,31 - 40,"03. 10,001-20,000",ผู้รับจ้างทั่วไป / ผู้ใช้แรงงาน,ธนาคารออมสินภาค 11,สินเชื่อเคหะ,DCO2026,2026-08-28 09:00:00,marketing.gsb,GSB_final_lead_list_2026-08-28.xlsx
TL003022,41 - 50,"06. 40,001-50,000",ประกอบอาชีพอิสระ,ธนาคารออมสินภาค 11,สินเชื่อเคหะ,DCO2026,2026-08-28 09:00:00,marketing.gsb,GSB_final_lead_list_2026-08-28.xlsx
TL003023,51 - 60,"07. >50,000",พนักงานและลูกจ้างในหน่วยงานรัฐวิสาหกิจ,ธนาคารออมสินภาค 13,สินเชื่อเคหะ,DCO2026,2026-08-28 09:00:00,marketing.gsb,GSB_final_lead_list_2026-08-28.xlsx
TL003024,31 - 40,"06. 40,001-50,000",ผู้รับจ้างทั่วไป / ผู้ใช้แรงงาน,ธนาคารออมสินภาค 11,สินเชื่อเคหะ,DCO2026,2026-08-28 09:00:00,marketing.gsb,GSB_final_lead_list_2026-08-28.xlsx
TL003025,61 - 65,"05. 30,001-40,000",ประกอบวิชาชีพเฉพาะ,ธนาคารออมสินภาค 13,สินเชื่อเคหะ,DCO2026,2026-08-28 09:00:00,marketing.gsb,GSB_final_lead_list_2026-08-28.xlsx
TL003026,41 - 50,"04. 20,001-30,000",ผู้ประกอบธุรกิจ / เจ้าของกิจการ,ธนาคารออมสินภาค 10,สินเชื่อเคหะ,DCO2026,2026-08-28 09:00:00,marketing.gsb,GSB_final_lead_list_2026-08-28.xlsx
TL003027,20 - 30,"04. 20,001-30,000",พนักงานและลูกจ้างในหน่วยงานรัฐวิสาหกิจ,ธนาคารออมสินภาค 11,สินเชื่อเคหะ,DCO2026,2026-08-28 09:00:00,marketing.gsb,GSB_final_lead_list_2026-08-28.xlsx
TL003028,61 - 65,"04. 20,001-30,000",ประกอบวิชาชีพเฉพาะ,ธนาคารออมสินภาค 13,สินเชื่อเคหะ,DCO2026,2026-08-28 09:00:00,marketing.gsb,GSB_final_lead_list_2026-08-28.xlsx
TL003029,20 - 30,"04. 20,001-30,000",ประกอบวิชาชีพเฉพาะ,ธนาคารออมสินภาค 12,สินเชื่อเคหะ,DCO2026,2026-08-28 09:00:00,marketing.gsb,GSB_final_lead_list_2026-08-28.xlsx
TL003030,20 - 30,"04. 20,001-30,000",ประกอบอาชีพอิสระ,ธนาคารออมสินภาค 12,สินเชื่อเคหะ,DCO2026,2026-08-28 09:00:00,marketing.gsb,GSB_final_lead_list_2026-08-28.xlsx
TL003031,61 - 65,"05. 30,001-40,000",ประกอบอาชีพอิสระ,ธนาคารออมสินภาค 12,สินเชื่อเคหะ,DCO2026,2026-08-28 09:00:00,marketing.gsb,GSB_final_lead_list_2026-08-28.xlsx
TL003032,41 - 50,"06. 40,001-50,000",ประกอบวิชาชีพเฉพาะ,ธนาคารออมสินภาค 1,สินเชื่อเคหะ,DCO2026,2026-08-28 09:00:00,marketing.gsb,GSB_final_lead_list_2026-08-28.xlsx
TL003033,20 - 30,"05. 30,001-40,000",ผู้ประกอบธุรกิจ / เจ้าของกิจการ,ธนาคารออมสินภาค 13,สินเชื่อเคหะ,DCO2026,2026-08-28 09:00:00,marketing.gsb,GSB_final_lead_list_2026-08-28.xlsx
TL003034,51 - 60,"01. 0-5,000",พนักงานและลูกจ้างในหน่วยงานรัฐวิสาหกิจ,ธนาคารออมสินภาค 1,สินเชื่อเคหะ,DCO2026,2026-08-28 09:00:00,marketing.gsb,GSB_final_lead_list_2026-08-28.xlsx
TL003035,31 - 40,"03. 10,001-20,000",ข้าราชการและลูกจ้างในหน่วยงานของรัฐ,ธนาคารออมสินภาค 11,สินเชื่อเคหะ,DCO2026,2026-08-28 09:00:00,marketing.gsb,GSB_final_lead_list_2026-08-28.xlsx
TL003036,61 - 65,"05. 30,001-40,000",ผู้ประกอบธุรกิจ / เจ้าของกิจการ,ธนาคารออมสินภาค 1,สินเชื่อเคหะ,DCO2026,2026-08-28 09:00:00,marketing.gsb,GSB_final_lead_list_2026-08-28.xlsx
TL003037,51 - 60,"04. 20,001-30,000",ประกอบวิชาชีพเฉพาะ,ธนาคารออมสินภาค 11,สินเชื่อเคหะ,DCO2026,2026-08-28 09:00:00,marketing.gsb,GSB_final_lead_list_2026-08-28.xlsx
TL003038,51 - 60,"02. 5,001-10,000",ข้าราชการและลูกจ้างในหน่วยงานของรัฐ,ธนาคารออมสินภาค 12,สินเชื่อเคหะ,DCO2026,2026-08-28 09:00:00,marketing.gsb,GSB_final_lead_list_2026-08-28.xlsx
TL003039,20 - 30,"05. 30,001-40,000",ข้าราชการและลูกจ้างในหน่วยงานของรัฐ,ธนาคารออมสินภาค 1,สินเชื่อเคหะ,DCO2026,2026-08-28 09:00:00,marketing.gsb,GSB_final_lead_list_2026-08-28.xlsx
TL003040,20 - 30,"06. 40,001-50,000",พนักงานและลูกจ้างในบริษัท,ธนาคารออมสินภาค 12,สินเชื่อเคหะ,DCO2026,2026-08-28 09:00:00,marketing.gsb,GSB_final_lead_list_2026-08-28.xlsx
TL003041,51 - 60,"03. 10,001-20,000",ข้าราชการและลูกจ้างในหน่วยงานของรัฐ,ธนาคารออมสินภาค 12,สินเชื่อเคหะ,DCO2026,2026-08-28 09:00:00,marketing.gsb,GSB_final_lead_list_2026-08-28.xlsx
TL003042,31 - 40,"06. 40,001-50,000",ประกอบอาชีพอิสระ,ธนาคารออมสินภาค 13,สินเชื่อเคหะ,DCO2026,2026-08-28 09:00:00,marketing.gsb,GSB_final_lead_list_2026-08-28.xlsx
TL003043,31 - 40,"07. >50,000",ข้าราชการและลูกจ้างในหน่วยงานของรัฐ,ธนาคารออมสินภาค 12,สินเชื่อเคหะ,DCO2026,2026-08-28 09:00:00,marketing.gsb,GSB_final_lead_list_2026-08-28.xlsx
TL003044,20 - 30,"03. 10,001-20,000",ประกอบวิชาชีพเฉพาะ,ธนาคารออมสินภาค 11,สินเชื่อเคหะ,DCO2026,2026-08-28 09:00:00,marketing.gsb,GSB_final_lead_list_2026-08-28.xlsx
TL003045,31 - 40,"01. 0-5,000",พนักงานและลูกจ้างในบริษัท,ธนาคารออมสินภาค 12,สินเชื่อเคหะ,DCO2026,2026-08-28 09:00:00,marketing.gsb,GSB_final_lead_list_2026-08-28.xlsx
TL003046,41 - 50,"02. 5,001-10,000",ผู้ประกอบธุรกิจ / เจ้าของกิจการ,ธนาคารออมสินภาค 12,สินเชื่อเคหะ,DCO2026,2026-08-28 09:00:00,marketing.gsb,GSB_final_lead_list_2026-08-28.xlsx
TL003047,51 - 60,"04. 20,001-30,000",ผู้ประกอบธุรกิจ / เจ้าของกิจการ,ธนาคารออมสินภาค 12,สินเชื่อเคหะ,DCO2026,2026-08-28 09:00:00,marketing.gsb,GSB_final_lead_list_2026-08-28.xlsx
TL003048,31 - 40,"05. 30,001-40,000",ผู้รับจ้างทั่วไป / ผู้ใช้แรงงาน,ธนาคารออมสินภาค 12,สินเชื่อเคหะ,DCO2026,2026-08-28 09:00:00,marketing.gsb,GSB_final_lead_list_2026-08-28.xlsx
TL003049,Under 20,"04. 20,001-30,000",ประกอบอาชีพอิสระ,ธนาคารออมสินภาค 12,สินเชื่อเคหะ,DCO2026,2026-08-28 09:00:00,marketing.gsb,GSB_final_lead_list_2026-08-28.xlsx
TL003050,41 - 50,"03. 10,001-20,000",พนักงานและลูกจ้างในหน่วยงานรัฐวิสาหกิจ,ธนาคารออมสินภาค 1,สินเชื่อเคหะ,DCO2026,2026-08-28 09:00:00,marketing.gsb,GSB_final_lead_list_2026-08-28.xlsx
TL003051,31 - 40,"01. 0-5,000",พนักงานและลูกจ้างในบริษัท,ธนาคารออมสินภาค 1,สินเชื่อเคหะ,DCO2026,2026-08-28 09:00:00,marketing.gsb,GSB_final_lead_list_2026-08-28.xlsx
TL003052,20 - 30,"04. 20,001-30,000",ข้าราชการและลูกจ้างในหน่วยงานของรัฐ,ธนาคารออมสินภาค 11,สินเชื่อเคหะ,DCO2026,2026-08-28 09:00:00,marketing.gsb,GSB_final_lead_list_2026-08-28.xlsx
TL003053,20 - 30,"04. 20,001-30,000",พนักงานและลูกจ้างในบริษัท,ธนาคารออมสินภาค 10,สินเชื่อเคหะ,DCO2026,2026-08-28 09:00:00,marketing.gsb,GSB_final_lead_list_2026-08-28.xlsx
TL003054,20 - 30,"05. 30,001-40,000",ผู้รับจ้างทั่วไป / ผู้ใช้แรงงาน,ธนาคารออมสินภาค 10,สินเชื่อเคหะ,DCO2026,2026-08-28 09:00:00,marketing.gsb,GSB_final_lead_list_2026-08-28.xlsx
TL003055,41 - 50,"06. 40,001-50,000",ข้าราชการและลูกจ้างในหน่วยงานของรัฐ,ธนาคารออมสินภาค 1,สินเชื่อเคหะ,DCO2026,2026-08-28 09:00:00,marketing.gsb,GSB_final_lead_list_2026-08-28.xlsx
TL003056,51 - 60,"06. 40,001-50,000",ผู้ประกอบธุรกิจ / เจ้าของกิจการ,ธนาคารออมสินภาค 10,สินเชื่อเคหะ,DCO2026,2026-08-28 09:00:00,marketing.gsb,GSB_final_lead_list_2026-08-28.xlsx
TL003057,41 - 50,"04. 20,001-30,000",ผู้รับจ้างทั่วไป / ผู้ใช้แรงงาน,ธนาคารออมสินภาค 12,สินเชื่อเคหะ,DCO2026,2026-08-28 09:00:00,marketing.gsb,GSB_final_lead_list_2026-08-28.xlsx
TL003058,61 - 65,"05. 30,001-40,000",พนักงานและลูกจ้างในบริษัท,ธนาคารออมสินภาค 10,สินเชื่อเคหะ,DCO2026,2026-08-28 09:00:00,marketing.gsb,GSB_final_lead_list_2026-08-28.xlsx
TL003059,51 - 60,"06. 40,001-50,000",พนักงานและลูกจ้างในหน่วยงานรัฐวิสาหกิจ,ธนาคารออมสินภาค 13,สินเชื่อเคหะ,DCO2026,2026-08-28 09:00:00,marketing.gsb,GSB_final_lead_list_2026-08-28.xlsx
TL003060,Under 20,"06. 40,001-50,000",พนักงานและลูกจ้างในหน่วยงานรัฐวิสาหกิจ,ธนาคารออมสินภาค 1,สินเชื่อเคหะ,DCO2026,2026-08-28 09:00:00,marketing.gsb,GSB_final_lead_list_2026-08-28.xlsx
TL003061,20 - 30,"06. 40,001-50,000",ผู้ประกอบธุรกิจ / เจ้าของกิจการ,ธนาคารออมสินภาค 1,สินเชื่อเคหะ,DCO2026,2026-08-28 09:00:00,marketing.gsb,GSB_final_lead_list_2026-08-28.xlsx
TL003062,31 - 40,"03. 10,001-20,000",ผู้รับจ้างทั่วไป / ผู้ใช้แรงงาน,ธนาคารออมสินภาค 10,สินเชื่อเคหะ,DCO2026,2026-08-28 09:00:00,marketing.gsb,GSB_final_lead_list_2026-08-28.xlsx
TL003063,31 - 40,"04. 20,001-30,000",ประกอบวิชาชีพเฉพาะ,ธนาคารออมสินภาค 11,สินเชื่อเคหะ,DCO2026,2026-08-28 09:00:00,marketing.gsb,GSB_final_lead_list_2026-08-28.xlsx
TL003064,41 - 50,"01. 0-5,000",พนักงานและลูกจ้างในบริษัท,ธนาคารออมสินภาค 11,สินเชื่อเคหะ,DCO2026,2026-08-28 09:00:00,marketing.gsb,GSB_final_lead_list_2026-08-28.xlsx
TL003065,20 - 30,"06. 40,001-50,000",ผู้รับจ้างทั่วไป / ผู้ใช้แรงงาน,ธนาคารออมสินภาค 10,สินเชื่อเคหะ,DCO2026,2026-08-28 09:00:00,marketing.gsb,GSB_final_lead_list_2026-08-28.xlsx
TL003066,31 - 40,"05. 30,001-40,000",พนักงานและลูกจ้างในบริษัท,ธนาคารออมสินภาค 11,สินเชื่อเคหะ,DCO2026,2026-08-28 09:00:00,marketing.gsb,GSB_final_lead_list_2026-08-28.xlsx
TL003067,51 - 60,"05. 30,001-40,000",พนักงานและลูกจ้างในบริษัท,ธนาคารออมสินภาค 10,สินเชื่อเคหะ,DCO2026,2026-08-28 09:00:00,marketing.gsb,GSB_final_lead_list_2026-08-28.xlsx
TL003068,51 - 60,"06. 40,001-50,000",ข้าราชการและลูกจ้างในหน่วยงานของรัฐ,ธนาคารออมสินภาค 1,สินเชื่อเคหะ,DCO2026,2026-08-28 09:00:00,marketing.gsb,GSB_final_lead_list_2026-08-28.xlsx
TL003069,61 - 65,"05. 30,001-40,000",ผู้ประกอบธุรกิจ / เจ้าของกิจการ,ธนาคารออมสินภาค 11,สินเชื่อเคหะ,DCO2026,2026-08-28 09:00:00,marketing.gsb,GSB_final_lead_list_2026-08-28.xlsx
TL003070,41 - 50,"06. 40,001-50,000",ประกอบอาชีพอิสระ,ธนาคารออมสินภาค 13,สินเชื่อเคหะ,DCO2026,2026-08-28 09:00:00,marketing.gsb,GSB_final_lead_list_2026-08-28.xlsx
TL003071,61 - 65,"02. 5,001-10,000",ประกอบวิชาชีพเฉพาะ,ธนาคารออมสินภาค 13,สินเชื่อเคหะ,DCO2026,2026-08-28 09:00:00,marketing.gsb,GSB_final_lead_list_2026-08-28.xlsx
TL003072,Under 20,"05. 30,001-40,000",ข้าราชการและลูกจ้างในหน่วยงานของรัฐ,ธนาคารออมสินภาค 13,สินเชื่อเคหะ,DCO2026,2026-08-28 09:00:00,marketing.gsb,GSB_final_lead_list_2026-08-28.xlsx
TL003073,20 - 30,"01. 0-5,000",ผู้ประกอบธุรกิจ / เจ้าของกิจการ,ธนาคารออมสินภาค 11,สินเชื่อเคหะ,DCO2026,2026-08-28 09:00:00,marketing.gsb,GSB_final_lead_list_2026-08-28.xlsx
TL003074,41 - 50,"02. 5,001-10,000",ประกอบอาชีพอิสระ,ธนาคารออมสินภาค 12,สินเชื่อเคหะ,DCO2026,2026-08-28 09:00:00,marketing.gsb,GSB_final_lead_list_2026-08-28.xlsx
TL003075,Under 20,"02. 5,001-10,000",พนักงานและลูกจ้างในบริษัท,ธนาคารออมสินภาค 13,สินเชื่อเคหะ,DCO2026,2026-08-28 09:00:00,marketing.gsb,GSB_final_lead_list_2026-08-28.xlsx
TL003076,Under 20,"06. 40,001-50,000",ประกอบวิชาชีพเฉพาะ,ธนาคารออมสินภาค 11,สินเชื่อเคหะ,DCO2026,2026-08-28 09:00:00,marketing.gsb,GSB_final_lead_list_2026-08-28.xlsx
TL003077,31 - 40,"06. 40,001-50,000",ข้าราชการและลูกจ้างในหน่วยงานของรัฐ,ธนาคารออมสินภาค 11,สินเชื่อเคหะ,DCO2026,2026-08-28 09:00:00,marketing.gsb,GSB_final_lead_list_2026-08-28.xlsx
TL003078,20 - 30,"03. 10,001-20,000",ประกอบอาชีพอิสระ,ธนาคารออมสินภาค 12,สินเชื่อเคหะ,DCO2026,2026-08-28 09:00:00,marketing.gsb,GSB_final_lead_list_2026-08-28.xlsx
TL003079,51 - 60,"05. 30,001-40,000",พนักงานและลูกจ้างในบริษัท,ธนาคารออมสินภาค 1,สินเชื่อเคหะ,DCO2026,2026-08-28 09:00:00,marketing.gsb,GSB_final_lead_list_2026-08-28.xlsx
TL003080,51 - 60,"03. 10,001-20,000",ผู้รับจ้างทั่วไป / ผู้ใช้แรงงาน,ธนาคารออมสินภาค 1,สินเชื่อเคหะ,DCO2026,2026-08-28 09:00:00,marketing.gsb,GSB_final_lead_list_2026-08-28.xlsx
TL003081,61 - 65,"02. 5,001-10,000",ผู้ประกอบธุรกิจ / เจ้าของกิจการ,ธนาคารออมสินภาค 1,สินเชื่อเคหะ,DCO2026,2026-08-28 09:00:00,marketing.gsb,GSB_final_lead_list_2026-08-28.xlsx
TL003082,61 - 65,"02. 5,001-10,000",ผู้รับจ้างทั่วไป / ผู้ใช้แรงงาน,ธนาคารออมสินภาค 10,สินเชื่อเคหะ,DCO2026,2026-08-28 09:00:00,marketing.gsb,GSB_final_lead_list_2026-08-28.xlsx
TL003083,31 - 40,"05. 30,001-40,000",ผู้ประกอบธุรกิจ / เจ้าของกิจการ,ธนาคารออมสินภาค 11,สินเชื่อเคหะ,DCO2026,2026-08-28 09:00:00,marketing.gsb,GSB_final_lead_list_2026-08-28.xlsx
TL003084,20 - 30,"05. 30,001-40,000",ผู้รับจ้างทั่วไป / ผู้ใช้แรงงาน,ธนาคารออมสินภาค 13,สินเชื่อเคหะ,DCO2026,2026-08-28 09:00:00,marketing.gsb,GSB_final_lead_list_2026-08-28.xlsx
TL003085,31 - 40,"06. 40,001-50,000",ผู้ประกอบธุรกิจ / เจ้าของกิจการ,ธนาคารออมสินภาค 12,สินเชื่อเคหะ,DCO2026,2026-08-28 09:00:00,marketing.gsb,GSB_final_lead_list_2026-08-28.xlsx
TL003086,31 - 40,"04. 20,001-30,000",พนักงานและลูกจ้างในหน่วยงานรัฐวิสาหกิจ,ธนาคารออมสินภาค 13,สินเชื่อเคหะ,DCO2026,2026-08-28 09:00:00,marketing.gsb,GSB_final_lead_list_2026-08-28.xlsx
TL003087,31 - 40,"05. 30,001-40,000",ข้าราชการและลูกจ้างในหน่วยงานของรัฐ,ธนาคารออมสินภาค 11,สินเชื่อเคหะ,DCO2026,2026-08-28 09:00:00,marketing.gsb,GSB_final_lead_list_2026-08-28.xlsx
TL003088,61 - 65,"06. 40,001-50,000",ผู้รับจ้างทั่วไป / ผู้ใช้แรงงาน,ธนาคารออมสินภาค 12,สินเชื่อเคหะ,DCO2026,2026-08-28 09:00:00,marketing.gsb,GSB_final_lead_list_2026-08-28.xlsx
TL003089,31 - 40,"06. 40,001-50,000",ข้าราชการและลูกจ้างในหน่วยงานของรัฐ,ธนาคารออมสินภาค 11,สินเชื่อเคหะ,DCO2026,2026-08-28 09:00:00,marketing.gsb,GSB_final_lead_list_2026-08-28.xlsx
TL003090,51 - 60,"05. 30,001-40,000",ประกอบวิชาชีพเฉพาะ,ธนาคารออมสินภาค 1,สินเชื่อเคหะ,DCO2026,2026-08-28 09:00:00,marketing.gsb,GSB_final_lead_list_2026-08-28.xlsx
TL003091,65 Up,"05. 30,001-40,000",ข้าราชการและลูกจ้างในหน่วยงานของรัฐ,ธนาคารออมสินภาค 1,สินเชื่อเคหะ,DCO2026,2026-08-28 09:00:00,marketing.gsb,GSB_final_lead_list_2026-08-28.xlsx
TL003092,61 - 65,"01. 0-5,000",พนักงานและลูกจ้างในบริษัท,ธนาคารออมสินภาค 10,สินเชื่อเคหะ,DCO2026,2026-08-28 09:00:00,marketing.gsb,GSB_final_lead_list_2026-08-28.xlsx
TL003093,20 - 30,"05. 30,001-40,000",พนักงานและลูกจ้างในหน่วยงานรัฐวิสาหกิจ,ธนาคารออมสินภาค 11,สินเชื่อเคหะ,DCO2026,2026-08-28 09:00:00,marketing.gsb,GSB_final_lead_list_2026-08-28.xlsx
TL003094,51 - 60,"06. 40,001-50,000",ประกอบอาชีพอิสระ,ธนาคารออมสินภาค 13,สินเชื่อเคหะ,DCO2026,2026-08-28 09:00:00,marketing.gsb,GSB_final_lead_list_2026-08-28.xlsx
TL003095,51 - 60,"06. 40,001-50,000",พนักงานและลูกจ้างในหน่วยงานรัฐวิสาหกิจ,ธนาคารออมสินภาค 13,สินเชื่อเคหะ,DCO2026,2026-08-28 09:00:00,marketing.gsb,GSB_final_lead_list_2026-08-28.xlsx
TL003096,20 - 30,"04. 20,001-30,000",ผู้ประกอบธุรกิจ / เจ้าของกิจการ,ธนาคารออมสินภาค 10,สินเชื่อเคหะ,DCO2026,2026-08-28 09:00:00,marketing.gsb,GSB_final_lead_list_2026-08-28.xlsx
TL003097,31 - 40,"03. 10,001-20,000",ผู้รับจ้างทั่วไป / ผู้ใช้แรงงาน,ธนาคารออมสินภาค 10,สินเชื่อเคหะ,DCO2026,2026-08-28 09:00:00,marketing.gsb,GSB_final_lead_list_2026-08-28.xlsx
TL003098,41 - 50,"06. 40,001-50,000",ประกอบอาชีพอิสระ,ธนาคารออมสินภาค 11,สินเชื่อเคหะ,DCO2026,2026-08-28 09:00:00,marketing.gsb,GSB_final_lead_list_2026-08-28.xlsx
TL003099,51 - 60,"04. 20,001-30,000",ประกอบวิชาชีพเฉพาะ,ธนาคารออมสินภาค 1,สินเชื่อเคหะ,DCO2026,2026-08-28 09:00:00,marketing.gsb,GSB_final_lead_list_2026-08-28.xlsx
TL003100,20 - 30,"02. 5,001-10,000",ข้าราชการและลูกจ้างในหน่วยงานของรัฐ,ธนาคารออมสินภาค 10,สินเชื่อเคหะ,DCO2026,2026-08-28 09:00:00,marketing.gsb,GSB_final_lead_list_2026-08-28.xlsx
TL003101,41 - 50,"06. 40,001-50,000",ผู้ประกอบธุรกิจ / เจ้าของกิจการ,ธนาคารออมสินภาค 13,สินเชื่อเคหะ,DCO2026,2026-08-28 09:00:00,marketing.gsb,GSB_final_lead_list_2026-08-28.xlsx
TL003102,20 - 30,"05. 30,001-40,000",ข้าราชการและลูกจ้างในหน่วยงานของรัฐ,ธนาคารออมสินภาค 12,สินเชื่อเคหะ,DCO2026,2026-08-28 09:00:00,marketing.gsb,GSB_final_lead_list_2026-08-28.xlsx
TL003103,41 - 50,"02. 5,001-10,000",ผู้ประกอบธุรกิจ / เจ้าของกิจการ,ธนาคารออมสินภาค 11,สินเชื่อเคหะ,DCO2026,2026-08-28 09:00:00,marketing.gsb,GSB_final_lead_list_2026-08-28.xlsx
TL003104,31 - 40,"04. 20,001-30,000",พนักงานและลูกจ้างในบริษัท,ธนาคารออมสินภาค 13,สินเชื่อเคหะ,DCO2026,2026-08-28 09:00:00,marketing.gsb,GSB_final_lead_list_2026-08-28.xlsx
TL003105,41 - 50,"05. 30,001-40,000",ผู้ประกอบธุรกิจ / เจ้าของกิจการ,ธนาคารออมสินภาค 10,สินเชื่อเคหะ,DCO2026,2026-08-28 09:00:00,marketing.gsb,GSB_final_lead_list_2026-08-28.xlsx
TL003106,41 - 50,"03. 10,001-20,000",ข้าราชการและลูกจ้างในหน่วยงานของรัฐ,ธนาคารออมสินภาค 1,สินเชื่อเคหะ,DCO2026,2026-08-28 09:00:00,marketing.gsb,GSB_final_lead_list_2026-08-28.xlsx
TL003107,51 - 60,"05. 30,001-40,000",พนักงานและลูกจ้างในบริษัท,ธนาคารออมสินภาค 13,สินเชื่อเคหะ,DCO2026,2026-08-28 09:00:00,marketing.gsb,GSB_final_lead_list_2026-08-28.xlsx
TL003108,20 - 30,"05. 30,001-40,000",ข้าราชการและลูกจ้างในหน่วยงานของรัฐ,ธนาคารออมสินภาค 10,สินเชื่อเคหะ,DCO2026,2026-08-28 09:00:00,marketing.gsb,GSB_final_lead_list_2026-08-28.xlsx
TL003109,31 - 40,"05. 30,001-40,000",ข้าราชการและลูกจ้างในหน่วยงานของรัฐ,ธนาคารออมสินภาค 13,สินเชื่อเคหะ,DCO2026,2026-08-28 09:00:00,marketing.gsb,GSB_final_lead_list_2026-08-28.xlsx
TL003110,20 - 30,"05. 30,001-40,000",ประกอบวิชาชีพเฉพาะ,ธนาคารออมสินภาค 12,สินเชื่อเคหะ,DCO2026,2026-08-28 09:00:00,marketing.gsb,GSB_final_lead_list_2026-08-28.xlsx
TL003111,Under 20,"02. 5,001-10,000",ประกอบวิชาชีพเฉพาะ,ธนาคารออมสินภาค 10,สินเชื่อเคหะ,DCO2026,2026-08-28 09:00:00,marketing.gsb,GSB_final_lead_list_2026-08-28.xlsx
TL003112,31 - 40,"06. 40,001-50,000",ผู้รับจ้างทั่วไป / ผู้ใช้แรงงาน,ธนาคารออมสินภาค 11,สินเชื่อเคหะ,DCO2026,2026-08-28 09:00:00,marketing.gsb,GSB_final_lead_list_2026-08-28.xlsx
TL003113,51 - 60,"06. 40,001-50,000",ผู้ประกอบธุรกิจ / เจ้าของกิจการ,ธนาคารออมสินภาค 13,สินเชื่อเคหะ,DCO2026,2026-08-28 09:00:00,marketing.gsb,GSB_final_lead_list_2026-08-28.xlsx
TL003114,41 - 50,"06. 40,001-50,000",ประกอบอาชีพอิสระ,ธนาคารออมสินภาค 1,สินเชื่อเคหะ,DCO2026,2026-08-28 09:00:00,marketing.gsb,GSB_final_lead_list_2026-08-28.xlsx
TL003115,31 - 40,"06. 40,001-50,000",ประกอบวิชาชีพเฉพาะ,ธนาคารออมสินภาค 13,สินเชื่อเคหะ,DCO2026,2026-08-28 09:00:00,marketing.gsb,GSB_final_lead_list_2026-08-28.xlsx
TL003116,61 - 65,"06. 40,001-50,000",ข้าราชการและลูกจ้างในหน่วยงานของรัฐ,ธนาคารออมสินภาค 13,สินเชื่อเคหะ,DCO2026,2026-08-28 09:00:00,marketing.gsb,GSB_final_lead_list_2026-08-28.xlsx
TL003117,65 Up,"04. 20,001-30,000",ผู้ประกอบธุรกิจ / เจ้าของกิจการ,ธนาคารออมสินภาค 12,สินเชื่อเคหะ,DCO2026,2026-08-28 09:00:00,marketing.gsb,GSB_final_lead_list_2026-08-28.xlsx
TL003118,20 - 30,"02. 5,001-10,000",ประกอบอาชีพอิสระ,ธนาคารออมสินภาค 13,สินเชื่อเคหะ,DCO2026,2026-08-28 09:00:00,marketing.gsb,GSB_final_lead_list_2026-08-28.xlsx
TL003119,51 - 60,"04. 20,001-30,000",ผู้รับจ้างทั่วไป / ผู้ใช้แรงงาน,ธนาคารออมสินภาค 1,สินเชื่อเคหะ,DCO2026,2026-08-28 09:00:00,marketing.gsb,GSB_final_lead_list_2026-08-28.xlsx
TL003120,31 - 40,"05. 30,001-40,000",ประกอบอาชีพอิสระ,ธนาคารออมสินภาค 12,สินเชื่อเคหะ,DCO2026,2026-08-28 09:00:00,marketing.gsb,GSB_final_lead_list_2026-08-28.xlsx
TL003121,61 - 65,"06. 40,001-50,000",ข้าราชการและลูกจ้างในหน่วยงานของรัฐ,ธนาคารออมสินภาค 10,สินเชื่อเคหะ,DCO2026,2026-08-28 09:00:00,marketing.gsb,GSB_final_lead_list_2026-08-28.xlsx
TL003122,41 - 50,"05. 30,001-40,000",ข้าราชการและลูกจ้างในหน่วยงานของรัฐ,ธนาคารออมสินภาค 13,สินเชื่อเคหะ,DCO2026,2026-08-28 09:00:00,marketing.gsb,GSB_final_lead_list_2026-08-28.xlsx
TL003123,20 - 30,"02. 5,001-10,000",พนักงานและลูกจ้างในบริษัท,ธนาคารออมสินภาค 11,สินเชื่อเคหะ,DCO2026,2026-08-28 09:00:00,marketing.gsb,GSB_final_lead_list_2026-08-28.xlsx
TL003124,31 - 40,"06. 40,001-50,000",ข้าราชการและลูกจ้างในหน่วยงานของรัฐ,ธนาคารออมสินภาค 12,สินเชื่อเคหะ,DCO2026,2026-08-28 09:00:00,marketing.gsb,GSB_final_lead_list_2026-08-28.xlsx
TL003125,41 - 50,"04. 20,001-30,000",พนักงานและลูกจ้างในหน่วยงานรัฐวิสาหกิจ,ธนาคารออมสินภาค 11,สินเชื่อเคหะ,DCO2026,2026-08-28 09:00:00,marketing.gsb,GSB_final_lead_list_2026-08-28.xlsx
TL003126,41 - 50,"06. 40,001-50,000",ข้าราชการและลูกจ้างในหน่วยงานของรัฐ,ธนาคารออมสินภาค 10,สินเชื่อเคหะ,DCO2026,2026-08-28 09:00:00,marketing.gsb,GSB_final_lead_list_2026-08-28.xlsx
TL003127,51 - 60,"07. >50,000",ประกอบวิชาชีพเฉพาะ,ธนาคารออมสินภาค 12,สินเชื่อเคหะ,DCO2026,2026-08-28 09:00:00,marketing.gsb,GSB_final_lead_list_2026-08-28.xlsx
TL003128,41 - 50,"01. 0-5,000",ประกอบวิชาชีพเฉพาะ,ธนาคารออมสินภาค 1,สินเชื่อเคหะ,DCO2026,2026-08-28 09:00:00,marketing.gsb,GSB_final_lead_list_2026-08-28.xlsx
TL003129,20 - 30,"05. 30,001-40,000",ประกอบวิชาชีพเฉพาะ,ธนาคารออมสินภาค 13,สินเชื่อเคหะ,DCO2026,2026-08-28 09:00:00,marketing.gsb,GSB_final_lead_list_2026-08-28.xlsx
TL003130,51 - 60,"02. 5,001-10,000",ประกอบอาชีพอิสระ,ธนาคารออมสินภาค 11,สินเชื่อเคหะ,DCO2026,2026-08-28 09:00:00,marketing.gsb,GSB_final_lead_list_2026-08-28.xlsx
TL003131,31 - 40,"05. 30,001-40,000",ผู้รับจ้างทั่วไป / ผู้ใช้แรงงาน,ธนาคารออมสินภาค 1,สินเชื่อเคหะ,DCO2026,2026-08-28 09:00:00,marketing.gsb,GSB_final_lead_list_2026-08-28.xlsx
TL003132,31 - 40,"02. 5,001-10,000",ผู้รับจ้างทั่วไป / ผู้ใช้แรงงาน,ธนาคารออมสินภาค 11,สินเชื่อเคหะ,DCO2026,2026-08-28 09:00:00,marketing.gsb,GSB_final_lead_list_2026-08-28.xlsx
TL003133,31 - 40,"04. 20,001-30,000",พนักงานและลูกจ้างในบริษัท,ธนาคารออมสินภาค 11,สินเชื่อเคหะ,DCO2026,2026-08-28 09:00:00,marketing.gsb,GSB_final_lead_list_2026-08-28.xlsx
TL003134,31 - 40,"01. 0-5,000",พนักงานและลูกจ้างในบริษัท,ธนาคารออมสินภาค 10,สินเชื่อเคหะ,DCO2026,2026-08-28 09:00:00,marketing.gsb,GSB_final_lead_list_2026-08-28.xlsx
TL003135,61 - 65,"04. 20,001-30,000",ข้าราชการและลูกจ้างในหน่วยงานของรัฐ,ธนาคารออมสินภาค 1,สินเชื่อเคหะ,DCO2026,2026-08-28 09:00:00,marketing.gsb,GSB_final_lead_list_2026-08-28.xlsx
TL003136,41 - 50,"05. 30,001-40,000",ผู้รับจ้างทั่วไป / ผู้ใช้แรงงาน,ธนาคารออมสินภาค 13,สินเชื่อเคหะ,DCO2026,2026-08-28 09:00:00,marketing.gsb,GSB_final_lead_list_2026-08-28.xlsx
TL003137,31 - 40,"06. 40,001-50,000",ประกอบอาชีพอิสระ,ธนาคารออมสินภาค 12,สินเชื่อเคหะ,DCO2026,2026-08-28 09:00:00,marketing.gsb,GSB_final_lead_list_2026-08-28.xlsx
TL003138,20 - 30,"04. 20,001-30,000",ผู้ประกอบธุรกิจ / เจ้าของกิจการ,ธนาคารออมสินภาค 1,สินเชื่อเคหะ,DCO2026,2026-08-28 09:00:00,marketing.gsb,GSB_final_lead_list_2026-08-28.xlsx
TL003139,31 - 40,"06. 40,001-50,000",พนักงานและลูกจ้างในหน่วยงานรัฐวิสาหกิจ,ธนาคารออมสินภาค 11,สินเชื่อเคหะ,DCO2026,2026-08-28 09:00:00,marketing.gsb,GSB_final_lead_list_2026-08-28.xlsx
TL003140,31 - 40,"07. >50,000",ผู้รับจ้างทั่วไป / ผู้ใช้แรงงาน,ธนาคารออมสินภาค 1,สินเชื่อเคหะ,DCO2026,2026-08-28 09:00:00,marketing.gsb,GSB_final_lead_list_2026-08-28.xlsx
TL003141,20 - 30,"04. 20,001-30,000",พนักงานและลูกจ้างในบริษัท,ธนาคารออมสินภาค 11,สินเชื่อเคหะ,DCO2026,2026-08-28 09:00:00,marketing.gsb,GSB_final_lead_list_2026-08-28.xlsx
TL003142,20 - 30,"02. 5,001-10,000",ประกอบวิชาชีพเฉพาะ,ธนาคารออมสินภาค 13,สินเชื่อเคหะ,DCO2026,2026-08-28 09:00:00,marketing.gsb,GSB_final_lead_list_2026-08-28.xlsx
TL003143,20 - 30,"06. 40,001-50,000",ประกอบอาชีพอิสระ,ธนาคารออมสินภาค 12,สินเชื่อเคหะ,DCO2026,2026-08-28 09:00:00,marketing.gsb,GSB_final_lead_list_2026-08-28.xlsx
TL003144,41 - 50,"05. 30,001-40,000",ประกอบอาชีพอิสระ,ธนาคารออมสินภาค 13,สินเชื่อเคหะ,DCO2026,2026-08-28 09:00:00,marketing.gsb,GSB_final_lead_list_2026-08-28.xlsx
TL003145,Under 20,"03. 10,001-20,000",ผู้ประกอบธุรกิจ / เจ้าของกิจการ,ธนาคารออมสินภาค 13,สินเชื่อเคหะ,DCO2026,2026-08-28 09:00:00,marketing.gsb,GSB_final_lead_list_2026-08-28.xlsx
TL003146,51 - 60,"01. 0-5,000",พนักงานและลูกจ้างในหน่วยงานรัฐวิสาหกิจ,ธนาคารออมสินภาค 1,สินเชื่อเคหะ,DCO2026,2026-08-28 09:00:00,marketing.gsb,GSB_final_lead_list_2026-08-28.xlsx
TL003147,20 - 30,"01. 0-5,000",ประกอบวิชาชีพเฉพาะ,ธนาคารออมสินภาค 12,สินเชื่อเคหะ,DCO2026,2026-08-28 09:00:00,marketing.gsb,GSB_final_lead_list_2026-08-28.xlsx
TL003148,41 - 50,"04. 20,001-30,000",ข้าราชการและลูกจ้างในหน่วยงานของรัฐ,ธนาคารออมสินภาค 1,สินเชื่อเคหะ,DCO2026,2026-08-28 09:00:00,marketing.gsb,GSB_final_lead_list_2026-08-28.xlsx
TL003149,41 - 50,"06. 40,001-50,000",ผู้รับจ้างทั่วไป / ผู้ใช้แรงงาน,ธนาคารออมสินภาค 13,สินเชื่อเคหะ,DCO2026,2026-08-28 09:00:00,marketing.gsb,GSB_final_lead_list_2026-08-28.xlsx
TL003150,41 - 50,"04. 20,001-30,000",พนักงานและลูกจ้างในหน่วยงานรัฐวิสาหกิจ,ธนาคารออมสินภาค 11,สินเชื่อเคหะ,DCO2026,2026-08-28 09:00:00,marketing.gsb,GSB_final_lead_list_2026-08-28.xlsx
TL003151,20 - 30,"02. 5,001-10,000",ผู้ประกอบธุรกิจ / เจ้าของกิจการ,ธนาคารออมสินภาค 13,สินเชื่อเคหะ,DCO2026,2026-08-28 09:00:00,marketing.gsb,GSB_final_lead_list_2026-08-28.xlsx
TL003152,20 - 30,"04. 20,001-30,000",ประกอบวิชาชีพเฉพาะ,ธนาคารออมสินภาค 13,สินเชื่อเคหะ,DCO2026,2026-08-28 09:00:00,marketing.gsb,GSB_final_lead_list_2026-08-28.xlsx
TL003153,Under 20,"04. 20,001-30,000",ประกอบวิชาชีพเฉพาะ,ธนาคารออมสินภาค 11,สินเชื่อเคหะ,DCO2026,2026-08-28 09:00:00,marketing.gsb,GSB_final_lead_list_2026-08-28.xlsx
TL003154,65 Up,"02. 5,001-10,000",ข้าราชการและลูกจ้างในหน่วยงานของรัฐ,ธนาคารออมสินภาค 13,สินเชื่อเคหะ,DCO2026,2026-08-28 09:00:00,marketing.gsb,GSB_final_lead_list_2026-08-28.xlsx
TL003155,61 - 65,"06. 40,001-50,000",ผู้รับจ้างทั่วไป / ผู้ใช้แรงงาน,ธนาคารออมสินภาค 12,สินเชื่อเคหะ,DCO2026,2026-08-28 09:00:00,marketing.gsb,GSB_final_lead_list_2026-08-28.xlsx
TL003156,31 - 40,"04. 20,001-30,000",ผู้ประกอบธุรกิจ / เจ้าของกิจการ,ธนาคารออมสินภาค 13,สินเชื่อเคหะ,DCO2026,2026-08-28 09:00:00,marketing.gsb,GSB_final_lead_list_2026-08-28.xlsx
TL003157,20 - 30,"05. 30,001-40,000",ประกอบอาชีพอิสระ,ธนาคารออมสินภาค 10,สินเชื่อเคหะ,DCO2026,2026-08-28 09:00:00,marketing.gsb,GSB_final_lead_list_2026-08-28.xlsx
TL003158,31 - 40,"05. 30,001-40,000",พนักงานและลูกจ้างในบริษัท,ธนาคารออมสินภาค 11,สินเชื่อเคหะ,DCO2026,2026-08-28 09:00:00,marketing.gsb,GSB_final_lead_list_2026-08-28.xlsx
TL003159,51 - 60,"04. 20,001-30,000",ผู้รับจ้างทั่วไป / ผู้ใช้แรงงาน,ธนาคารออมสินภาค 13,สินเชื่อเคหะ,DCO2026,2026-08-28 09:00:00,marketing.gsb,GSB_final_lead_list_2026-08-28.xlsx
TL003160,41 - 50,"05. 30,001-40,000",ประกอบวิชาชีพเฉพาะ,ธนาคารออมสินภาค 13,สินเชื่อเคหะ,DCO2026,2026-08-28 09:00:00,marketing.gsb,GSB_final_lead_list_2026-08-28.xlsx
TL003161,51 - 60,"04. 20,001-30,000",พนักงานและลูกจ้างในหน่วยงานรัฐวิสาหกิจ,ธนาคารออมสินภาค 12,สินเชื่อเคหะ,DCO2026,2026-08-28 09:00:00,marketing.gsb,GSB_final_lead_list_2026-08-28.xlsx
TL003162,20 - 30,"02. 5,001-10,000",ประกอบวิชาชีพเฉพาะ,ธนาคารออมสินภาค 11,สินเชื่อเคหะ,DCO2026,2026-08-28 09:00:00,marketing.gsb,GSB_final_lead_list_2026-08-28.xlsx
TL003163,31 - 40,"06. 40,001-50,000",ประกอบวิชาชีพเฉพาะ,ธนาคารออมสินภาค 11,สินเชื่อเคหะ,DCO2026,2026-08-28 09:00:00,marketing.gsb,GSB_final_lead_list_2026-08-28.xlsx
TL003164,20 - 30,"01. 0-5,000",ผู้รับจ้างทั่วไป / ผู้ใช้แรงงาน,ธนาคารออมสินภาค 13,สินเชื่อเคหะ,DCO2026,2026-08-28 09:00:00,marketing.gsb,GSB_final_lead_list_2026-08-28.xlsx
TL003165,51 - 60,"03. 10,001-20,000",ประกอบอาชีพอิสระ,ธนาคารออมสินภาค 12,สินเชื่อเคหะ,DCO2026,2026-08-28 09:00:00,marketing.gsb,GSB_final_lead_list_2026-08-28.xlsx
TL003166,31 - 40,"05. 30,001-40,000",ประกอบอาชีพอิสระ,ธนาคารออมสินภาค 12,สินเชื่อเคหะ,DCO2026,2026-08-28 09:00:00,marketing.gsb,GSB_final_lead_list_2026-08-28.xlsx
TL003167,20 - 30,"06. 40,001-50,000",ประกอบอาชีพอิสระ,ธนาคารออมสินภาค 11,สินเชื่อเคหะ,DCO2026,2026-08-28 09:00:00,marketing.gsb,GSB_final_lead_list_2026-08-28.xlsx
TL003168,20 - 30,"05. 30,001-40,000",ผู้รับจ้างทั่วไป / ผู้ใช้แรงงาน,ธนาคารออมสินภาค 12,สินเชื่อเคหะ,DCO2026,2026-08-28 09:00:00,marketing.gsb,GSB_final_lead_list_2026-08-28.xlsx
TL003169,31 - 40,"05. 30,001-40,000",ข้าราชการและลูกจ้างในหน่วยงานของรัฐ,ธนาคารออมสินภาค 12,สินเชื่อเคหะ,DCO2026,2026-08-28 09:00:00,marketing.gsb,GSB_final_lead_list_2026-08-28.xlsx
TL003170,31 - 40,"04. 20,001-30,000",ผู้ประกอบธุรกิจ / เจ้าของกิจการ,ธนาคารออมสินภาค 11,สินเชื่อเคหะ,DCO2026,2026-08-28 09:00:00,marketing.gsb,GSB_final_lead_list_2026-08-28.xlsx
TL003171,41 - 50,"03. 10,001-20,000",พนักงานและลูกจ้างในบริษัท,ธนาคารออมสินภาค 12,สินเชื่อเคหะ,DCO2026,2026-08-28 09:00:00,marketing.gsb,GSB_final_lead_list_2026-08-28.xlsx
TL003172,61 - 65,"06. 40,001-50,000",ผู้รับจ้างทั่วไป / ผู้ใช้แรงงาน,ธนาคารออมสินภาค 10,สินเชื่อเคหะ,DCO2026,2026-08-28 09:00:00,marketing.gsb,GSB_final_lead_list_2026-08-28.xlsx
TL003173,41 - 50,"06. 40,001-50,000",พนักงานและลูกจ้างในหน่วยงานรัฐวิสาหกิจ,ธนาคารออมสินภาค 1,สินเชื่อเคหะ,DCO2026,2026-08-28 09:00:00,marketing.gsb,GSB_final_lead_list_2026-08-28.xlsx
TL003174,41 - 50,"01. 0-5,000",ประกอบวิชาชีพเฉพาะ,ธนาคารออมสินภาค 11,สินเชื่อเคหะ,DCO2026,2026-08-28 09:00:00,marketing.gsb,GSB_final_lead_list_2026-08-28.xlsx
TL003175,41 - 50,"05. 30,001-40,000",พนักงานและลูกจ้างในบริษัท,ธนาคารออมสินภาค 12,สินเชื่อเคหะ,DCO2026,2026-08-28 09:00:00,marketing.gsb,GSB_final_lead_list_2026-08-28.xlsx
TL003176,41 - 50,"06. 40,001-50,000",พนักงานและลูกจ้างในบริษัท,ธนาคารออมสินภาค 12,สินเชื่อเคหะ,DCO2026,2026-08-28 09:00:00,marketing.gsb,GSB_final_lead_list_2026-08-28.xlsx
TL003177,20 - 30,"01. 0-5,000",ประกอบอาชีพอิสระ,ธนาคารออมสินภาค 13,สินเชื่อเคหะ,DCO2026,2026-08-28 09:00:00,marketing.gsb,GSB_final_lead_list_2026-08-28.xlsx
TL003178,20 - 30,"02. 5,001-10,000",ประกอบวิชาชีพเฉพาะ,ธนาคารออมสินภาค 13,สินเชื่อเคหะ,DCO2026,2026-08-28 09:00:00,marketing.gsb,GSB_final_lead_list_2026-08-28.xlsx
TL003179,41 - 50,"06. 40,001-50,000",ประกอบอาชีพอิสระ,ธนาคารออมสินภาค 13,สินเชื่อเคหะ,DCO2026,2026-08-28 09:00:00,marketing.gsb,GSB_final_lead_list_2026-08-28.xlsx
TL003180,31 - 40,"04. 20,001-30,000",พนักงานและลูกจ้างในบริษัท,ธนาคารออมสินภาค 11,สินเชื่อเคหะ,DCO2026,2026-08-28 09:00:00,marketing.gsb,GSB_final_lead_list_2026-08-28.xlsx
TL003181,41 - 50,"06. 40,001-50,000",ผู้ประกอบธุรกิจ / เจ้าของกิจการ,ธนาคารออมสินภาค 13,สินเชื่อเคหะ,DCO2026,2026-08-28 09:00:00,marketing.gsb,GSB_final_lead_list_2026-08-28.xlsx
TL003182,31 - 40,"04. 20,001-30,000",พนักงานและลูกจ้างในบริษัท,ธนาคารออมสินภาค 1,สินเชื่อเคหะ,DCO2026,2026-08-28 09:00:00,marketing.gsb,GSB_final_lead_list_2026-08-28.xlsx
TL003183,41 - 50,"01. 0-5,000",พนักงานและลูกจ้างในบริษัท,ธนาคารออมสินภาค 11,สินเชื่อเคหะ,DCO2026,2026-08-28 09:00:00,marketing.gsb,GSB_final_lead_list_2026-08-28.xlsx
TL003184,41 - 50,"05. 30,001-40,000",ประกอบวิชาชีพเฉพาะ,ธนาคารออมสินภาค 12,สินเชื่อเคหะ,DCO2026,2026-08-28 09:00:00,marketing.gsb,GSB_final_lead_list_2026-08-28.xlsx
TL003185,31 - 40,"04. 20,001-30,000",ข้าราชการและลูกจ้างในหน่วยงานของรัฐ,ธนาคารออมสินภาค 10,สินเชื่อเคหะ,DCO2026,2026-08-28 09:00:00,marketing.gsb,GSB_final_lead_list_2026-08-28.xlsx
TL003186,41 - 50,"04. 20,001-30,000",ประกอบอาชีพอิสระ,ธนาคารออมสินภาค 1,สินเชื่อเคหะ,DCO2026,2026-08-28 09:00:00,marketing.gsb,GSB_final_lead_list_2026-08-28.xlsx
TL003187,51 - 60,"02. 5,001-10,000",พนักงานและลูกจ้างในหน่วยงานรัฐวิสาหกิจ,ธนาคารออมสินภาค 1,สินเชื่อเคหะ,DCO2026,2026-08-28 09:00:00,marketing.gsb,GSB_final_lead_list_2026-08-28.xlsx
TL003188,61 - 65,"05. 30,001-40,000",ประกอบอาชีพอิสระ,ธนาคารออมสินภาค 13,สินเชื่อเคหะ,DCO2026,2026-08-28 09:00:00,marketing.gsb,GSB_final_lead_list_2026-08-28.xlsx
TL003189,20 - 30,"05. 30,001-40,000",ผู้ประกอบธุรกิจ / เจ้าของกิจการ,ธนาคารออมสินภาค 11,สินเชื่อเคหะ,DCO2026,2026-08-28 09:00:00,marketing.gsb,GSB_final_lead_list_2026-08-28.xlsx
TL003190,20 - 30,"06. 40,001-50,000",ข้าราชการและลูกจ้างในหน่วยงานของรัฐ,ธนาคารออมสินภาค 10,สินเชื่อเคหะ,DCO2026,2026-08-28 09:00:00,marketing.gsb,GSB_final_lead_list_2026-08-28.xlsx
TL003191,51 - 60,"06. 40,001-50,000",ผู้ประกอบธุรกิจ / เจ้าของกิจการ,ธนาคารออมสินภาค 12,สินเชื่อเคหะ,DCO2026,2026-08-28 09:00:00,marketing.gsb,GSB_final_lead_list_2026-08-28.xlsx
TL003192,41 - 50,"06. 40,001-50,000",ประกอบอาชีพอิสระ,ธนาคารออมสินภาค 12,สินเชื่อเคหะ,DCO2026,2026-08-28 09:00:00,marketing.gsb,GSB_final_lead_list_2026-08-28.xlsx
TL003193,65 Up,"06. 40,001-50,000",ข้าราชการและลูกจ้างในหน่วยงานของรัฐ,ธนาคารออมสินภาค 12,สินเชื่อเคหะ,DCO2026,2026-08-28 09:00:00,marketing.gsb,GSB_final_lead_list_2026-08-28.xlsx
TL003194,Under 20,"05. 30,001-40,000",ประกอบวิชาชีพเฉพาะ,ธนาคารออมสินภาค 11,สินเชื่อเคหะ,DCO2026,2026-08-28 09:00:00,marketing.gsb,GSB_final_lead_list_2026-08-28.xlsx
TL003195,31 - 40,"01. 0-5,000",ข้าราชการและลูกจ้างในหน่วยงานของรัฐ,ธนาคารออมสินภาค 13,สินเชื่อเคหะ,DCO2026,2026-08-28 09:00:00,marketing.gsb,GSB_final_lead_list_2026-08-28.xlsx
TL003196,20 - 30,"06. 40,001-50,000",พนักงานและลูกจ้างในหน่วยงานรัฐวิสาหกิจ,ธนาคารออมสินภาค 11,สินเชื่อเคหะ,DCO2026,2026-08-28 09:00:00,marketing.gsb,GSB_final_lead_list_2026-08-28.xlsx
TL003197,65 Up,"02. 5,001-10,000",ผู้ประกอบธุรกิจ / เจ้าของกิจการ,ธนาคารออมสินภาค 13,สินเชื่อเคหะ,DCO2026,2026-08-28 09:00:00,marketing.gsb,GSB_final_lead_list_2026-08-28.xlsx
TL003198,51 - 60,"05. 30,001-40,000",ผู้ประกอบธุรกิจ / เจ้าของกิจการ,ธนาคารออมสินภาค 13,สินเชื่อเคหะ,DCO2026,2026-08-28 09:00:00,marketing.gsb,GSB_final_lead_list_2026-08-28.xlsx
TL003199,20 - 30,"02. 5,001-10,000",ผู้ประกอบธุรกิจ / เจ้าของกิจการ,ธนาคารออมสินภาค 13,สินเชื่อเคหะ,DCO2026,2026-08-28 09:00:00,marketing.gsb,GSB_final_lead_list_2026-08-28.xlsx
TL003200,31 - 40,"03. 10,001-20,000",พนักงานและลูกจ้างในหน่วยงานรัฐวิสาหกิจ,ธนาคารออมสินภาค 12,สินเชื่อเคหะ,DCO2026,2026-08-28 09:00:00,marketing.gsb,GSB_final_lead_list_2026-08-28.xlsx
TL003201,20 - 30,"07. >50,000",ผู้ประกอบธุรกิจ / เจ้าของกิจการ,ธนาคารออมสินภาค 10,สินเชื่อเคหะ,DCO2026,2026-08-28 09:00:00,marketing.gsb,GSB_final_lead_list_2026-08-28.xlsx
TL003202,41 - 50,"06. 40,001-50,000",ข้าราชการและลูกจ้างในหน่วยงานของรัฐ,ธนาคารออมสินภาค 13,สินเชื่อเคหะ,DCO2026,2026-08-28 09:00:00,marketing.gsb,GSB_final_lead_list_2026-08-28.xlsx
TL003203,20 - 30,"06. 40,001-50,000",ประกอบวิชาชีพเฉพาะ,ธนาคารออมสินภาค 10,สินเชื่อเคหะ,DCO2026,2026-08-28 09:00:00,marketing.gsb,GSB_final_lead_list_2026-08-28.xlsx
TL003204,20 - 30,"06. 40,001-50,000",พนักงานและลูกจ้างในหน่วยงานรัฐวิสาหกิจ,ธนาคารออมสินภาค 1,สินเชื่อเคหะ,DCO2026,2026-08-28 09:00:00,marketing.gsb,GSB_final_lead_list_2026-08-28.xlsx
TL003205,41 - 50,"05. 30,001-40,000",พนักงานและลูกจ้างในหน่วยงานรัฐวิสาหกิจ,ธนาคารออมสินภาค 10,สินเชื่อเคหะ,DCO2026,2026-08-28 09:00:00,marketing.gsb,GSB_final_lead_list_2026-08-28.xlsx
TL003206,31 - 40,"04. 20,001-30,000",ผู้รับจ้างทั่วไป / ผู้ใช้แรงงาน,ธนาคารออมสินภาค 11,สินเชื่อเคหะ,DCO2026,2026-08-28 09:00:00,marketing.gsb,GSB_final_lead_list_2026-08-28.xlsx
TL003207,20 - 30,"06. 40,001-50,000",ประกอบวิชาชีพเฉพาะ,ธนาคารออมสินภาค 11,สินเชื่อเคหะ,DCO2026,2026-08-28 09:00:00,marketing.gsb,GSB_final_lead_list_2026-08-28.xlsx
TL003208,31 - 40,"04. 20,001-30,000",ผู้รับจ้างทั่วไป / ผู้ใช้แรงงาน,ธนาคารออมสินภาค 12,สินเชื่อเคหะ,DCO2026,2026-08-28 09:00:00,marketing.gsb,GSB_final_lead_list_2026-08-28.xlsx
TL003209,31 - 40,"06. 40,001-50,000",ประกอบอาชีพอิสระ,ธนาคารออมสินภาค 1,สินเชื่อเคหะ,DCO2026,2026-08-28 09:00:00,marketing.gsb,GSB_final_lead_list_2026-08-28.xlsx
TL003210,20 - 30,"05. 30,001-40,000",ผู้รับจ้างทั่วไป / ผู้ใช้แรงงาน,ธนาคารออมสินภาค 13,สินเชื่อเคหะ,DCO2026,2026-08-28 09:00:00,marketing.gsb,GSB_final_lead_list_2026-08-28.xlsx
TL003211,20 - 30,"02. 5,001-10,000",พนักงานและลูกจ้างในบริษัท,ธนาคารออมสินภาค 1,สินเชื่อเคหะ,DCO2026,2026-08-28 09:00:00,marketing.gsb,GSB_final_lead_list_2026-08-28.xlsx
TL003212,20 - 30,"05. 30,001-40,000",ข้าราชการและลูกจ้างในหน่วยงานของรัฐ,ธนาคารออมสินภาค 12,สินเชื่อเคหะ,DCO2026,2026-08-28 09:00:00,marketing.gsb,GSB_final_lead_list_2026-08-28.xlsx
TL003213,51 - 60,"05. 30,001-40,000",พนักงานและลูกจ้างในหน่วยงานรัฐวิสาหกิจ,ธนาคารออมสินภาค 1,สินเชื่อเคหะ,DCO2026,2026-08-28 09:00:00,marketing.gsb,GSB_final_lead_list_2026-08-28.xlsx
TL003214,51 - 60,"05. 30,001-40,000",ผู้ประกอบธุรกิจ / เจ้าของกิจการ,ธนาคารออมสินภาค 12,สินเชื่อเคหะ,DCO2026,2026-08-28 09:00:00,marketing.gsb,GSB_final_lead_list_2026-08-28.xlsx
TL003215,31 - 40,"06. 40,001-50,000",ผู้ประกอบธุรกิจ / เจ้าของกิจการ,ธนาคารออมสินภาค 13,สินเชื่อเคหะ,DCO2026,2026-08-28 09:00:00,marketing.gsb,GSB_final_lead_list_2026-08-28.xlsx
TL003216,31 - 40,"05. 30,001-40,000",ประกอบวิชาชีพเฉพาะ,ธนาคารออมสินภาค 1,สินเชื่อเคหะ,DCO2026,2026-08-28 09:00:00,marketing.gsb,GSB_final_lead_list_2026-08-28.xlsx
TL003217,51 - 60,"06. 40,001-50,000",ประกอบอาชีพอิสระ,ธนาคารออมสินภาค 12,สินเชื่อเคหะ,DCO2026,2026-08-28 09:00:00,marketing.gsb,GSB_final_lead_list_2026-08-28.xlsx
TL003218,61 - 65,"03. 10,001-20,000",ประกอบวิชาชีพเฉพาะ,ธนาคารออมสินภาค 10,สินเชื่อเคหะ,DCO2026,2026-08-28 09:00:00,marketing.gsb,GSB_final_lead_list_2026-08-28.xlsx
TL003219,20 - 30,"02. 5,001-10,000",ข้าราชการและลูกจ้างในหน่วยงานของรัฐ,ธนาคารออมสินภาค 10,สินเชื่อเคหะ,DCO2026,2026-08-28 09:00:00,marketing.gsb,GSB_final_lead_list_2026-08-28.xlsx
TL003220,31 - 40,"01. 0-5,000",ผู้รับจ้างทั่วไป / ผู้ใช้แรงงาน,ธนาคารออมสินภาค 1,สินเชื่อเคหะ,DCO2026,2026-08-28 09:00:00,marketing.gsb,GSB_final_lead_list_2026-08-28.xlsx
TL003221,61 - 65,"06. 40,001-50,000",ผู้ประกอบธุรกิจ / เจ้าของกิจการ,ธนาคารออมสินภาค 11,สินเชื่อเคหะ,DCO2026,2026-08-28 09:00:00,marketing.gsb,GSB_final_lead_list_2026-08-28.xlsx
TL003222,31 - 40,"04. 20,001-30,000",ประกอบอาชีพอิสระ,ธนาคารออมสินภาค 10,สินเชื่อเคหะ,DCO2026,2026-08-28 09:00:00,marketing.gsb,GSB_final_lead_list_2026-08-28.xlsx
TL003223,31 - 40,"07. >50,000",ประกอบอาชีพอิสระ,ธนาคารออมสินภาค 1,สินเชื่อเคหะ,DCO2026,2026-08-28 09:00:00,marketing.gsb,GSB_final_lead_list_2026-08-28.xlsx
TL003224,20 - 30,"02. 5,001-10,000",ผู้รับจ้างทั่วไป / ผู้ใช้แรงงาน,ธนาคารออมสินภาค 12,สินเชื่อเคหะ,DCO2026,2026-08-28 09:00:00,marketing.gsb,GSB_final_lead_list_2026-08-28.xlsx
TL003225,31 - 40,"06. 40,001-50,000",ผู้รับจ้างทั่วไป / ผู้ใช้แรงงาน,ธนาคารออมสินภาค 12,สินเชื่อเคหะ,DCO2026,2026-08-28 09:00:00,marketing.gsb,GSB_final_lead_list_2026-08-28.xlsx
TL003226,41 - 50,"05. 30,001-40,000",ประกอบวิชาชีพเฉพาะ,ธนาคารออมสินภาค 11,สินเชื่อเคหะ,DCO2026,2026-08-28 09:00:00,marketing.gsb,GSB_final_lead_list_2026-08-28.xlsx
TL003227,31 - 40,"05. 30,001-40,000",ผู้รับจ้างทั่วไป / ผู้ใช้แรงงาน,ธนาคารออมสินภาค 1,สินเชื่อเคหะ,DCO2026,2026-08-28 09:00:00,marketing.gsb,GSB_final_lead_list_2026-08-28.xlsx
TL003228,20 - 30,"04. 20,001-30,000",ผู้รับจ้างทั่วไป / ผู้ใช้แรงงาน,ธนาคารออมสินภาค 1,สินเชื่อเคหะ,DCO2026,2026-08-28 09:00:00,marketing.gsb,GSB_final_lead_list_2026-08-28.xlsx
TL003229,Under 20,"02. 5,001-10,000",ผู้รับจ้างทั่วไป / ผู้ใช้แรงงาน,ธนาคารออมสินภาค 12,สินเชื่อเคหะ,DCO2026,2026-08-28 09:00:00,marketing.gsb,GSB_final_lead_list_2026-08-28.xlsx
TL003230,31 - 40,"04. 20,001-30,000",ผู้ประกอบธุรกิจ / เจ้าของกิจการ,ธนาคารออมสินภาค 11,สินเชื่อเคหะ,DCO2026,2026-08-28 09:00:00,marketing.gsb,GSB_final_lead_list_2026-08-28.xlsx
TL003231,31 - 40,"02. 5,001-10,000",ประกอบอาชีพอิสระ,ธนาคารออมสินภาค 11,สินเชื่อเคหะ,DCO2026,2026-08-28 09:00:00,marketing.gsb,GSB_final_lead_list_2026-08-28.xlsx
TL003232,31 - 40,"04. 20,001-30,000",ประกอบวิชาชีพเฉพาะ,ธนาคารออมสินภาค 10,สินเชื่อเคหะ,DCO2026,2026-08-28 09:00:00,marketing.gsb,GSB_final_lead_list_2026-08-28.xlsx
TL003233,20 - 30,"04. 20,001-30,000",ผู้ประกอบธุรกิจ / เจ้าของกิจการ,ธนาคารออมสินภาค 11,สินเชื่อเคหะ,DCO2026,2026-08-28 09:00:00,marketing.gsb,GSB_final_lead_list_2026-08-28.xlsx
TL003234,31 - 40,"05. 30,001-40,000",ผู้ประกอบธุรกิจ / เจ้าของกิจการ,ธนาคารออมสินภาค 12,สินเชื่อเคหะ,DCO2026,2026-08-28 09:00:00,marketing.gsb,GSB_final_lead_list_2026-08-28.xlsx
TL003235,41 - 50,"04. 20,001-30,000",ผู้รับจ้างทั่วไป / ผู้ใช้แรงงาน,ธนาคารออมสินภาค 11,สินเชื่อเคหะ,DCO2026,2026-08-28 09:00:00,marketing.gsb,GSB_final_lead_list_2026-08-28.xlsx
TL003236,20 - 30,"06. 40,001-50,000",พนักงานและลูกจ้างในบริษัท,ธนาคารออมสินภาค 13,สินเชื่อเคหะ,DCO2026,2026-08-28 09:00:00,marketing.gsb,GSB_final_lead_list_2026-08-28.xlsx
TL003237,41 - 50,"05. 30,001-40,000",ผู้ประกอบธุรกิจ / เจ้าของกิจการ,ธนาคารออมสินภาค 12,สินเชื่อเคหะ,DCO2026,2026-08-28 09:00:00,marketing.gsb,GSB_final_lead_list_2026-08-28.xlsx
TL003238,41 - 50,"05. 30,001-40,000",ผู้รับจ้างทั่วไป / ผู้ใช้แรงงาน,ธนาคารออมสินภาค 11,สินเชื่อเคหะ,DCO2026,2026-08-28 09:00:00,marketing.gsb,GSB_final_lead_list_2026-08-28.xlsx
TL003239,31 - 40,"06. 40,001-50,000",ข้าราชการและลูกจ้างในหน่วยงานของรัฐ,ธนาคารออมสินภาค 11,สินเชื่อเคหะ,DCO2026,2026-08-28 09:00:00,marketing.gsb,GSB_final_lead_list_2026-08-28.xlsx
TL003240,31 - 40,"05. 30,001-40,000",พนักงานและลูกจ้างในบริษัท,ธนาคารออมสินภาค 1,สินเชื่อเคหะ,DCO2026,2026-08-28 09:00:00,marketing.gsb,GSB_final_lead_list_2026-08-28.xlsx
TL003241,Under 20,"04. 20,001-30,000",พนักงานและลูกจ้างในบริษัท,ธนาคารออมสินภาค 10,สินเชื่อเคหะ,DCO2026,2026-08-28 09:00:00,marketing.gsb,GSB_final_lead_list_2026-08-28.xlsx
TL003242,61 - 65,"06. 40,001-50,000",ผู้รับจ้างทั่วไป / ผู้ใช้แรงงาน,ธนาคารออมสินภาค 1,สินเชื่อเคหะ,DCO2026,2026-08-28 09:00:00,marketing.gsb,GSB_final_lead_list_2026-08-28.xlsx
TL003243,20 - 30,"05. 30,001-40,000",ประกอบวิชาชีพเฉพาะ,ธนาคารออมสินภาค 11,สินเชื่อเคหะ,DCO2026,2026-08-28 09:00:00,marketing.gsb,GSB_final_lead_list_2026-08-28.xlsx
TL003244,61 - 65,"07. >50,000",ประกอบอาชีพอิสระ,ธนาคารออมสินภาค 11,สินเชื่อเคหะ,DCO2026,2026-08-28 09:00:00,marketing.gsb,GSB_final_lead_list_2026-08-28.xlsx
TL003245,31 - 40,"07. >50,000",พนักงานและลูกจ้างในหน่วยงานรัฐวิสาหกิจ,ธนาคารออมสินภาค 10,สินเชื่อเคหะ,DCO2026,2026-08-28 09:00:00,marketing.gsb,GSB_final_lead_list_2026-08-28.xlsx
TL003246,20 - 30,"04. 20,001-30,000",ประกอบอาชีพอิสระ,ธนาคารออมสินภาค 13,สินเชื่อเคหะ,DCO2026,2026-08-28 09:00:00,marketing.gsb,GSB_final_lead_list_2026-08-28.xlsx
TL003247,41 - 50,"05. 30,001-40,000",ผู้รับจ้างทั่วไป / ผู้ใช้แรงงาน,ธนาคารออมสินภาค 13,สินเชื่อเคหะ,DCO2026,2026-08-28 09:00:00,marketing.gsb,GSB_final_lead_list_2026-08-28.xlsx
TL003248,41 - 50,"05. 30,001-40,000",ข้าราชการและลูกจ้างในหน่วยงานของรัฐ,ธนาคารออมสินภาค 12,สินเชื่อเคหะ,DCO2026,2026-08-28 09:00:00,marketing.gsb,GSB_final_lead_list_2026-08-28.xlsx
TL003249,20 - 30,"05. 30,001-40,000",พนักงานและลูกจ้างในบริษัท,ธนาคารออมสินภาค 11,สินเชื่อเคหะ,DCO2026,2026-08-28 09:00:00,marketing.gsb,GSB_final_lead_list_2026-08-28.xlsx
TL003250,61 - 65,"05. 30,001-40,000",พนักงานและลูกจ้างในหน่วยงานรัฐวิสาหกิจ,ธนาคารออมสินภาค 11,สินเชื่อเคหะ,DCO2026,2026-08-28 09:00:00,marketing.gsb,GSB_final_lead_list_2026-08-28.xlsx
TL003251,20 - 30,"04. 20,001-30,000",ผู้รับจ้างทั่วไป / ผู้ใช้แรงงาน,ธนาคารออมสินภาค 10,สินเชื่อเคหะ,DCO2026,2026-08-28 09:00:00,marketing.gsb,GSB_final_lead_list_2026-08-28.xlsx
TL003252,41 - 50,"01. 0-5,000",พนักงานและลูกจ้างในบริษัท,ธนาคารออมสินภาค 11,สินเชื่อเคหะ,DCO2026,2026-08-28 09:00:00,marketing.gsb,GSB_final_lead_list_2026-08-28.xlsx
TL003253,65 Up,"07. >50,000",ข้าราชการและลูกจ้างในหน่วยงานของรัฐ,ธนาคารออมสินภาค 12,สินเชื่อเคหะ,DCO2026,2026-08-28 09:00:00,marketing.gsb,GSB_final_lead_list_2026-08-28.xlsx
TL003254,31 - 40,"06. 40,001-50,000",ประกอบอาชีพอิสระ,ธนาคารออมสินภาค 11,สินเชื่อเคหะ,DCO2026,2026-08-28 09:00:00,marketing.gsb,GSB_final_lead_list_2026-08-28.xlsx
TL003255,20 - 30,"03. 10,001-20,000",ประกอบวิชาชีพเฉพาะ,ธนาคารออมสินภาค 12,สินเชื่อเคหะ,DCO2026,2026-08-28 09:00:00,marketing.gsb,GSB_final_lead_list_2026-08-28.xlsx
TL003256,31 - 40,"05. 30,001-40,000",ข้าราชการและลูกจ้างในหน่วยงานของรัฐ,ธนาคารออมสินภาค 12,สินเชื่อเคหะ,DCO2026,2026-08-28 09:00:00,marketing.gsb,GSB_final_lead_list_2026-08-28.xlsx
TL003257,51 - 60,"06. 40,001-50,000",ประกอบวิชาชีพเฉพาะ,ธนาคารออมสินภาค 13,สินเชื่อเคหะ,DCO2026,2026-08-28 09:00:00,marketing.gsb,GSB_final_lead_list_2026-08-28.xlsx
TL003258,31 - 40,"04. 20,001-30,000",พนักงานและลูกจ้างในหน่วยงานรัฐวิสาหกิจ,ธนาคารออมสินภาค 13,สินเชื่อเคหะ,DCO2026,2026-08-28 09:00:00,marketing.gsb,GSB_final_lead_list_2026-08-28.xlsx
TL003259,41 - 50,"01. 0-5,000",พนักงานและลูกจ้างในบริษัท,ธนาคารออมสินภาค 12,สินเชื่อเคหะ,DCO2026,2026-08-28 09:00:00,marketing.gsb,GSB_final_lead_list_2026-08-28.xlsx
TL003260,65 Up,"06. 40,001-50,000",ผู้รับจ้างทั่วไป / ผู้ใช้แรงงาน,ธนาคารออมสินภาค 12,สินเชื่อเคหะ,DCO2026,2026-08-28 09:00:00,marketing.gsb,GSB_final_lead_list_2026-08-28.xlsx
TL003261,20 - 30,"04. 20,001-30,000",ผู้ประกอบธุรกิจ / เจ้าของกิจการ,ธนาคารออมสินภาค 12,สินเชื่อเคหะ,DCO2026,2026-08-28 09:00:00,marketing.gsb,GSB_final_lead_list_2026-08-28.xlsx
TL003262,41 - 50,"03. 10,001-20,000",ประกอบอาชีพอิสระ,ธนาคารออมสินภาค 11,สินเชื่อเคหะ,DCO2026,2026-08-28 09:00:00,marketing.gsb,GSB_final_lead_list_2026-08-28.xlsx
TL003263,20 - 30,"06. 40,001-50,000",พนักงานและลูกจ้างในหน่วยงานรัฐวิสาหกิจ,ธนาคารออมสินภาค 10,สินเชื่อเคหะ,DCO2026,2026-08-28 09:00:00,marketing.gsb,GSB_final_lead_list_2026-08-28.xlsx
TL003264,51 - 60,"05. 30,001-40,000",พนักงานและลูกจ้างในบริษัท,ธนาคารออมสินภาค 1,สินเชื่อเคหะ,DCO2026,2026-08-28 09:00:00,marketing.gsb,GSB_final_lead_list_2026-08-28.xlsx
TL003265,41 - 50,"04. 20,001-30,000",ข้าราชการและลูกจ้างในหน่วยงานของรัฐ,ธนาคารออมสินภาค 10,สินเชื่อเคหะ,DCO2026,2026-08-28 09:00:00,marketing.gsb,GSB_final_lead_list_2026-08-28.xlsx
TL003266,20 - 30,"05. 30,001-40,000",ประกอบวิชาชีพเฉพาะ,ธนาคารออมสินภาค 13,สินเชื่อเคหะ,DCO2026,2026-08-28 09:00:00,marketing.gsb,GSB_final_lead_list_2026-08-28.xlsx
TL003267,31 - 40,"05. 30,001-40,000",พนักงานและลูกจ้างในบริษัท,ธนาคารออมสินภาค 10,สินเชื่อเคหะ,DCO2026,2026-08-28 09:00:00,marketing.gsb,GSB_final_lead_list_2026-08-28.xlsx
TL003268,31 - 40,"02. 5,001-10,000",ผู้รับจ้างทั่วไป / ผู้ใช้แรงงาน,ธนาคารออมสินภาค 12,สินเชื่อเคหะ,DCO2026,2026-08-28 09:00:00,marketing.gsb,GSB_final_lead_list_2026-08-28.xlsx
TL003269,20 - 30,"01. 0-5,000",พนักงานและลูกจ้างในหน่วยงานรัฐวิสาหกิจ,ธนาคารออมสินภาค 11,สินเชื่อเคหะ,DCO2026,2026-08-28 09:00:00,marketing.gsb,GSB_final_lead_list_2026-08-28.xlsx
TL003270,41 - 50,"02. 5,001-10,000",ประกอบวิชาชีพเฉพาะ,ธนาคารออมสินภาค 11,สินเชื่อเคหะ,DCO2026,2026-08-28 09:00:00,marketing.gsb,GSB_final_lead_list_2026-08-28.xlsx
TL003271,20 - 30,"05. 30,001-40,000",ข้าราชการและลูกจ้างในหน่วยงานของรัฐ,ธนาคารออมสินภาค 13,สินเชื่อเคหะ,DCO2026,2026-08-28 09:00:00,marketing.gsb,GSB_final_lead_list_2026-08-28.xlsx
TL003272,61 - 65,"01. 0-5,000",ประกอบอาชีพอิสระ,ธนาคารออมสินภาค 11,สินเชื่อเคหะ,DCO2026,2026-08-28 09:00:00,marketing.gsb,GSB_final_lead_list_2026-08-28.xlsx
TL003273,31 - 40,"05. 30,001-40,000",ประกอบอาชีพอิสระ,ธนาคารออมสินภาค 11,สินเชื่อเคหะ,DCO2026,2026-08-28 09:00:00,marketing.gsb,GSB_final_lead_list_2026-08-28.xlsx
TL003274,31 - 40,"04. 20,001-30,000",ผู้รับจ้างทั่วไป / ผู้ใช้แรงงาน,ธนาคารออมสินภาค 12,สินเชื่อเคหะ,DCO2026,2026-08-28 09:00:00,marketing.gsb,GSB_final_lead_list_2026-08-28.xlsx
TL003275,20 - 30,"04. 20,001-30,000",พนักงานและลูกจ้างในบริษัท,ธนาคารออมสินภาค 1,สินเชื่อเคหะ,DCO2026,2026-08-28 09:00:00,marketing.gsb,GSB_final_lead_list_2026-08-28.xlsx
TL003276,20 - 30,"05. 30,001-40,000",ผู้ประกอบธุรกิจ / เจ้าของกิจการ,ธนาคารออมสินภาค 10,สินเชื่อเคหะ,DCO2026,2026-08-28 09:00:00,marketing.gsb,GSB_final_lead_list_2026-08-28.xlsx
TL003277,31 - 40,"06. 40,001-50,000",ประกอบอาชีพอิสระ,ธนาคารออมสินภาค 12,สินเชื่อเคหะ,DCO2026,2026-08-28 09:00:00,marketing.gsb,GSB_final_lead_list_2026-08-28.xlsx
TL003278,20 - 30,"05. 30,001-40,000",ประกอบวิชาชีพเฉพาะ,ธนาคารออมสินภาค 10,สินเชื่อเคหะ,DCO2026,2026-08-28 09:00:00,marketing.gsb,GSB_final_lead_list_2026-08-28.xlsx
TL003279,20 - 30,"06. 40,001-50,000",ประกอบอาชีพอิสระ,ธนาคารออมสินภาค 10,สินเชื่อเคหะ,DCO2026,2026-08-28 09:00:00,marketing.gsb,GSB_final_lead_list_2026-08-28.xlsx
TL003280,41 - 50,"03. 10,001-20,000",ผู้ประกอบธุรกิจ / เจ้าของกิจการ,ธนาคารออมสินภาค 13,สินเชื่อเคหะ,DCO2026,2026-08-28 09:00:00,marketing.gsb,GSB_final_lead_list_2026-08-28.xlsx
TL003281,20 - 30,"02. 5,001-10,000",ผู้ประกอบธุรกิจ / เจ้าของกิจการ,ธนาคารออมสินภาค 11,สินเชื่อเคหะ,DCO2026,2026-08-28 09:00:00,marketing.gsb,GSB_final_lead_list_2026-08-28.xlsx
TL003282,51 - 60,"06. 40,001-50,000",ผู้รับจ้างทั่วไป / ผู้ใช้แรงงาน,ธนาคารออมสินภาค 11,สินเชื่อเคหะ,DCO2026,2026-08-28 09:00:00,marketing.gsb,GSB_final_lead_list_2026-08-28.xlsx
TL003283,20 - 30,"05. 30,001-40,000",พนักงานและลูกจ้างในหน่วยงานรัฐวิสาหกิจ,ธนาคารออมสินภาค 12,สินเชื่อเคหะ,DCO2026,2026-08-28 09:00:00,marketing.gsb,GSB_final_lead_list_2026-08-28.xlsx
TL003284,Under 20,"04. 20,001-30,000",ประกอบวิชาชีพเฉพาะ,ธนาคารออมสินภาค 1,สินเชื่อเคหะ,DCO2026,2026-08-28 09:00:00,marketing.gsb,GSB_final_lead_list_2026-08-28.xlsx
TL003285,20 - 30,"02. 5,001-10,000",ข้าราชการและลูกจ้างในหน่วยงานของรัฐ,ธนาคารออมสินภาค 11,สินเชื่อเคหะ,DCO2026,2026-08-28 09:00:00,marketing.gsb,GSB_final_lead_list_2026-08-28.xlsx
TL003286,41 - 50,"02. 5,001-10,000",ประกอบวิชาชีพเฉพาะ,ธนาคารออมสินภาค 10,สินเชื่อเคหะ,DCO2026,2026-08-28 09:00:00,marketing.gsb,GSB_final_lead_list_2026-08-28.xlsx
TL003287,51 - 60,"04. 20,001-30,000",พนักงานและลูกจ้างในบริษัท,ธนาคารออมสินภาค 12,สินเชื่อเคหะ,DCO2026,2026-08-28 09:00:00,marketing.gsb,GSB_final_lead_list_2026-08-28.xlsx
TL003288,Under 20,"07. >50,000",ผู้ประกอบธุรกิจ / เจ้าของกิจการ,ธนาคารออมสินภาค 1,สินเชื่อเคหะ,DCO2026,2026-08-28 09:00:00,marketing.gsb,GSB_final_lead_list_2026-08-28.xlsx
TL003289,41 - 50,"03. 10,001-20,000",ข้าราชการและลูกจ้างในหน่วยงานของรัฐ,ธนาคารออมสินภาค 13,สินเชื่อเคหะ,DCO2026,2026-08-28 09:00:00,marketing.gsb,GSB_final_lead_list_2026-08-28.xlsx
TL003290,31 - 40,"04. 20,001-30,000",ข้าราชการและลูกจ้างในหน่วยงานของรัฐ,ธนาคารออมสินภาค 13,สินเชื่อเคหะ,DCO2026,2026-08-28 09:00:00,marketing.gsb,GSB_final_lead_list_2026-08-28.xlsx
TL003291,Under 20,"04. 20,001-30,000",ประกอบอาชีพอิสระ,ธนาคารออมสินภาค 12,สินเชื่อเคหะ,DCO2026,2026-08-28 09:00:00,marketing.gsb,GSB_final_lead_list_2026-08-28.xlsx
TL003292,61 - 65,"01. 0-5,000",ประกอบอาชีพอิสระ,ธนาคารออมสินภาค 12,สินเชื่อเคหะ,DCO2026,2026-08-28 09:00:00,marketing.gsb,GSB_final_lead_list_2026-08-28.xlsx
TL003293,31 - 40,"03. 10,001-20,000",พนักงานและลูกจ้างในบริษัท,ธนาคารออมสินภาค 12,สินเชื่อเคหะ,DCO2026,2026-08-28 09:00:00,marketing.gsb,GSB_final_lead_list_2026-08-28.xlsx
TL003294,41 - 50,"04. 20,001-30,000",พนักงานและลูกจ้างในหน่วยงานรัฐวิสาหกิจ,ธนาคารออมสินภาค 10,สินเชื่อเคหะ,DCO2026,2026-08-28 09:00:00,marketing.gsb,GSB_final_lead_list_2026-08-28.xlsx
TL003295,31 - 40,"06. 40,001-50,000",พนักงานและลูกจ้างในหน่วยงานรัฐวิสาหกิจ,ธนาคารออมสินภาค 10,สินเชื่อเคหะ,DCO2026,2026-08-28 09:00:00,marketing.gsb,GSB_final_lead_list_2026-08-28.xlsx
TL003296,20 - 30,"01. 0-5,000",ผู้รับจ้างทั่วไป / ผู้ใช้แรงงาน,ธนาคารออมสินภาค 10,สินเชื่อเคหะ,DCO2026,2026-08-28 09:00:00,marketing.gsb,GSB_final_lead_list_2026-08-28.xlsx
TL003297,51 - 60,"06. 40,001-50,000",พนักงานและลูกจ้างในบริษัท,ธนาคารออมสินภาค 10,สินเชื่อเคหะ,DCO2026,2026-08-28 09:00:00,marketing.gsb,GSB_final_lead_list_2026-08-28.xlsx
TL003298,20 - 30,"05. 30,001-40,000",ผู้ประกอบธุรกิจ / เจ้าของกิจการ,ธนาคารออมสินภาค 1,สินเชื่อเคหะ,DCO2026,2026-08-28 09:00:00,marketing.gsb,GSB_final_lead_list_2026-08-28.xlsx
TL003299,31 - 40,"06. 40,001-50,000",ผู้ประกอบธุรกิจ / เจ้าของกิจการ,ธนาคารออมสินภาค 10,สินเชื่อเคหะ,DCO2026,2026-08-28 09:00:00,marketing.gsb,GSB_final_lead_list_2026-08-28.xlsx
TL003300,20 - 30,"02. 5,001-10,000",ผู้รับจ้างทั่วไป / ผู้ใช้แรงงาน,ธนาคารออมสินภาค 1,สินเชื่อเคหะ,DCO2026,2026-08-28 09:00:00,marketing.gsb,GSB_final_lead_list_2026-08-28.xlsx
TL003301,20 - 30,"05. 30,001-40,000",ผู้ประกอบธุรกิจ / เจ้าของกิจการ,ธนาคารออมสินภาค 11,สินเชื่อเคหะ,DCO2026,2026-08-28 09:00:00,marketing.gsb,GSB_final_lead_list_2026-08-28.xlsx
TL003302,61 - 65,"01. 0-5,000",ประกอบอาชีพอิสระ,ธนาคารออมสินภาค 10,สินเชื่อเคหะ,DCO2026,2026-08-28 09:00:00,marketing.gsb,GSB_final_lead_list_2026-08-28.xlsx
TL003303,31 - 40,"06. 40,001-50,000",พนักงานและลูกจ้างในบริษัท,ธนาคารออมสินภาค 10,สินเชื่อเคหะ,DCO2026,2026-08-28 09:00:00,marketing.gsb,GSB_final_lead_list_2026-08-28.xlsx
TL003304,61 - 65,"06. 40,001-50,000",ประกอบอาชีพอิสระ,ธนาคารออมสินภาค 12,สินเชื่อเคหะ,DCO2026,2026-08-28 09:00:00,marketing.gsb,GSB_final_lead_list_2026-08-28.xlsx
TL003305,20 - 30,"06. 40,001-50,000",ข้าราชการและลูกจ้างในหน่วยงานของรัฐ,ธนาคารออมสินภาค 10,สินเชื่อเคหะ,DCO2026,2026-08-28 09:00:00,marketing.gsb,GSB_final_lead_list_2026-08-28.xlsx
TL003306,31 - 40,"07. >50,000",พนักงานและลูกจ้างในหน่วยงานรัฐวิสาหกิจ,ธนาคารออมสินภาค 11,สินเชื่อเคหะ,DCO2026,2026-08-28 09:00:00,marketing.gsb,GSB_final_lead_list_2026-08-28.xlsx
TL003307,20 - 30,"02. 5,001-10,000",ประกอบอาชีพอิสระ,ธนาคารออมสินภาค 1,สินเชื่อเคหะ,DCO2026,2026-08-28 09:00:00,marketing.gsb,GSB_final_lead_list_2026-08-28.xlsx
TL003308,31 - 40,"05. 30,001-40,000",ข้าราชการและลูกจ้างในหน่วยงานของรัฐ,ธนาคารออมสินภาค 13,สินเชื่อเคหะ,DCO2026,2026-08-28 09:00:00,marketing.gsb,GSB_final_lead_list_2026-08-28.xlsx
TL003309,31 - 40,"04. 20,001-30,000",ผู้รับจ้างทั่วไป / ผู้ใช้แรงงาน,ธนาคารออมสินภาค 11,สินเชื่อเคหะ,DCO2026,2026-08-28 09:00:00,marketing.gsb,GSB_final_lead_list_2026-08-28.xlsx
TL003310,51 - 60,"06. 40,001-50,000",ข้าราชการและลูกจ้างในหน่วยงานของรัฐ,ธนาคารออมสินภาค 12,สินเชื่อเคหะ,DCO2026,2026-08-28 09:00:00,marketing.gsb,GSB_final_lead_list_2026-08-28.xlsx
TL003311,31 - 40,"05. 30,001-40,000",พนักงานและลูกจ้างในบริษัท,ธนาคารออมสินภาค 10,สินเชื่อเคหะ,DCO2026,2026-08-28 09:00:00,marketing.gsb,GSB_final_lead_list_2026-08-28.xlsx
TL003312,41 - 50,"05. 30,001-40,000",พนักงานและลูกจ้างในหน่วยงานรัฐวิสาหกิจ,ธนาคารออมสินภาค 1,สินเชื่อเคหะ,DCO2026,2026-08-28 09:00:00,marketing.gsb,GSB_final_lead_list_2026-08-28.xlsx
TL003313,20 - 30,"06. 40,001-50,000",พนักงานและลูกจ้างในหน่วยงานรัฐวิสาหกิจ,ธนาคารออมสินภาค 10,สินเชื่อเคหะ,DCO2026,2026-08-28 09:00:00,marketing.gsb,GSB_final_lead_list_2026-08-28.xlsx
TL003314,41 - 50,"04. 20,001-30,000",ผู้รับจ้างทั่วไป / ผู้ใช้แรงงาน,ธนาคารออมสินภาค 11,สินเชื่อเคหะ,DCO2026,2026-08-28 09:00:00,marketing.gsb,GSB_final_lead_list_2026-08-28.xlsx
TL003315,31 - 40,"05. 30,001-40,000",ประกอบอาชีพอิสระ,ธนาคารออมสินภาค 1,สินเชื่อเคหะ,DCO2026,2026-08-28 09:00:00,marketing.gsb,GSB_final_lead_list_2026-08-28.xlsx
TL003316,Under 20,"05. 30,001-40,000",ข้าราชการและลูกจ้างในหน่วยงานของรัฐ,ธนาคารออมสินภาค 10,สินเชื่อเคหะ,DCO2026,2026-08-28 09:00:00,marketing.gsb,GSB_final_lead_list_2026-08-28.xlsx
TL003317,20 - 30,"01. 0-5,000",ผู้ประกอบธุรกิจ / เจ้าของกิจการ,ธนาคารออมสินภาค 1,สินเชื่อเคหะ,DCO2026,2026-08-28 09:00:00,marketing.gsb,GSB_final_lead_list_2026-08-28.xlsx
TL003318,31 - 40,"02. 5,001-10,000",ข้าราชการและลูกจ้างในหน่วยงานของรัฐ,ธนาคารออมสินภาค 10,สินเชื่อเคหะ,DCO2026,2026-08-28 09:00:00,marketing.gsb,GSB_final_lead_list_2026-08-28.xlsx
TL003319,51 - 60,"05. 30,001-40,000",ผู้รับจ้างทั่วไป / ผู้ใช้แรงงาน,ธนาคารออมสินภาค 12,สินเชื่อเคหะ,DCO2026,2026-08-28 09:00:00,marketing.gsb,GSB_final_lead_list_2026-08-28.xlsx
TL003320,41 - 50,"05. 30,001-40,000",พนักงานและลูกจ้างในหน่วยงานรัฐวิสาหกิจ,ธนาคารออมสินภาค 13,สินเชื่อเคหะ,DCO2026,2026-08-28 09:00:00,marketing.gsb,GSB_final_lead_list_2026-08-28.xlsx
TL003321,51 - 60,"06. 40,001-50,000",พนักงานและลูกจ้างในหน่วยงานรัฐวิสาหกิจ,ธนาคารออมสินภาค 12,สินเชื่อเคหะ,DCO2026,2026-08-28 09:00:00,marketing.gsb,GSB_final_lead_list_2026-08-28.xlsx
TL003322,51 - 60,"04. 20,001-30,000",พนักงานและลูกจ้างในบริษัท,ธนาคารออมสินภาค 10,สินเชื่อเคหะ,DCO2026,2026-08-28 09:00:00,marketing.gsb,GSB_final_lead_list_2026-08-28.xlsx
TL003323,20 - 30,"05. 30,001-40,000",ประกอบวิชาชีพเฉพาะ,ธนาคารออมสินภาค 1,สินเชื่อเคหะ,DCO2026,2026-08-28 09:00:00,marketing.gsb,GSB_final_lead_list_2026-08-28.xlsx
TL003324,20 - 30,"01. 0-5,000",ผู้รับจ้างทั่วไป / ผู้ใช้แรงงาน,ธนาคารออมสินภาค 1,สินเชื่อเคหะ,DCO2026,2026-08-28 09:00:00,marketing.gsb,GSB_final_lead_list_2026-08-28.xlsx
TL003325,41 - 50,"05. 30,001-40,000",ประกอบวิชาชีพเฉพาะ,ธนาคารออมสินภาค 11,สินเชื่อเคหะ,DCO2026,2026-08-28 09:00:00,marketing.gsb,GSB_final_lead_list_2026-08-28.xlsx
TL003326,41 - 50,"04. 20,001-30,000",ข้าราชการและลูกจ้างในหน่วยงานของรัฐ,ธนาคารออมสินภาค 13,สินเชื่อเคหะ,DCO2026,2026-08-28 09:00:00,marketing.gsb,GSB_final_lead_list_2026-08-28.xlsx
TL003327,41 - 50,"06. 40,001-50,000",ข้าราชการและลูกจ้างในหน่วยงานของรัฐ,ธนาคารออมสินภาค 11,สินเชื่อเคหะ,DCO2026,2026-08-28 09:00:00,marketing.gsb,GSB_final_lead_list_2026-08-28.xlsx
TL003328,51 - 60,"02. 5,001-10,000",ผู้รับจ้างทั่วไป / ผู้ใช้แรงงาน,ธนาคารออมสินภาค 1,สินเชื่อเคหะ,DCO2026,2026-08-28 09:00:00,marketing.gsb,GSB_final_lead_list_2026-08-28.xlsx
TL003329,31 - 40,"06. 40,001-50,000",ผู้ประกอบธุรกิจ / เจ้าของกิจการ,ธนาคารออมสินภาค 11,สินเชื่อเคหะ,DCO2026,2026-08-28 09:00:00,marketing.gsb,GSB_final_lead_list_2026-08-28.xlsx
TL003330,51 - 60,"02. 5,001-10,000",พนักงานและลูกจ้างในบริษัท,ธนาคารออมสินภาค 10,สินเชื่อเคหะ,DCO2026,2026-08-28 09:00:00,marketing.gsb,GSB_final_lead_list_2026-08-28.xlsx
TL003331,41 - 50,"06. 40,001-50,000",ผู้ประกอบธุรกิจ / เจ้าของกิจการ,ธนาคารออมสินภาค 1,สินเชื่อเคหะ,DCO2026,2026-08-28 09:00:00,marketing.gsb,GSB_final_lead_list_2026-08-28.xlsx
TL003332,51 - 60,"02. 5,001-10,000",ข้าราชการและลูกจ้างในหน่วยงานของรัฐ,ธนาคารออมสินภาค 12,สินเชื่อเคหะ,DCO2026,2026-08-28 09:00:00,marketing.gsb,GSB_final_lead_list_2026-08-28.xlsx
TL003333,41 - 50,"03. 10,001-20,000",ผู้รับจ้างทั่วไป / ผู้ใช้แรงงาน,ธนาคารออมสินภาค 10,สินเชื่อเคหะ,DCO2026,2026-08-28 09:00:00,marketing.gsb,GSB_final_lead_list_2026-08-28.xlsx
TL003334,41 - 50,"02. 5,001-10,000",พนักงานและลูกจ้างในบริษัท,ธนาคารออมสินภาค 13,สินเชื่อเคหะ,DCO2026,2026-08-28 09:00:00,marketing.gsb,GSB_final_lead_list_2026-08-28.xlsx
TL003335,31 - 40,"01. 0-5,000",ประกอบวิชาชีพเฉพาะ,ธนาคารออมสินภาค 1,สินเชื่อเคหะ,DCO2026,2026-08-28 09:00:00,marketing.gsb,GSB_final_lead_list_2026-08-28.xlsx
TL003336,41 - 50,"07. >50,000",ข้าราชการและลูกจ้างในหน่วยงานของรัฐ,ธนาคารออมสินภาค 13,สินเชื่อเคหะ,DCO2026,2026-08-28 09:00:00,marketing.gsb,GSB_final_lead_list_2026-08-28.xlsx
TL003337,31 - 40,"03. 10,001-20,000",ผู้ประกอบธุรกิจ / เจ้าของกิจการ,ธนาคารออมสินภาค 10,สินเชื่อเคหะ,DCO2026,2026-08-28 09:00:00,marketing.gsb,GSB_final_lead_list_2026-08-28.xlsx
TL003338,20 - 30,"05. 30,001-40,000",ผู้ประกอบธุรกิจ / เจ้าของกิจการ,ธนาคารออมสินภาค 11,สินเชื่อเคหะ,DCO2026,2026-08-28 09:00:00,marketing.gsb,GSB_final_lead_list_2026-08-28.xlsx
TL003339,41 - 50,"05. 30,001-40,000",พนักงานและลูกจ้างในบริษัท,ธนาคารออมสินภาค 1,สินเชื่อเคหะ,DCO2026,2026-08-28 09:00:00,marketing.gsb,GSB_final_lead_list_2026-08-28.xlsx
TL003340,51 - 60,"06. 40,001-50,000",ผู้รับจ้างทั่วไป / ผู้ใช้แรงงาน,ธนาคารออมสินภาค 10,สินเชื่อเคหะ,DCO2026,2026-08-28 09:00:00,marketing.gsb,GSB_final_lead_list_2026-08-28.xlsx
TL003341,31 - 40,"03. 10,001-20,000",พนักงานและลูกจ้างในบริษัท,ธนาคารออมสินภาค 1,สินเชื่อเคหะ,DCO2026,2026-08-28 09:00:00,marketing.gsb,GSB_final_lead_list_2026-08-28.xlsx
TL003342,41 - 50,"06. 40,001-50,000",พนักงานและลูกจ้างในหน่วยงานรัฐวิสาหกิจ,ธนาคารออมสินภาค 12,สินเชื่อเคหะ,DCO2026,2026-08-28 09:00:00,marketing.gsb,GSB_final_lead_list_2026-08-28.xlsx
TL003343,20 - 30,"05. 30,001-40,000",พนักงานและลูกจ้างในบริษัท,ธนาคารออมสินภาค 10,สินเชื่อเคหะ,DCO2026,2026-08-28 09:00:00,marketing.gsb,GSB_final_lead_list_2026-08-28.xlsx
TL003344,51 - 60,"06. 40,001-50,000",ผู้ประกอบธุรกิจ / เจ้าของกิจการ,ธนาคารออมสินภาค 11,สินเชื่อเคหะ,DCO2026,2026-08-28 09:00:00,marketing.gsb,GSB_final_lead_list_2026-08-28.xlsx
TL003345,31 - 40,"06. 40,001-50,000",ผู้ประกอบธุรกิจ / เจ้าของกิจการ,ธนาคารออมสินภาค 10,สินเชื่อเคหะ,DCO2026,2026-08-28 09:00:00,marketing.gsb,GSB_final_lead_list_2026-08-28.xlsx
TL003346,41 - 50,"04. 20,001-30,000",ผู้รับจ้างทั่วไป / ผู้ใช้แรงงาน,ธนาคารออมสินภาค 10,สินเชื่อเคหะ,DCO2026,2026-08-28 09:00:00,marketing.gsb,GSB_final_lead_list_2026-08-28.xlsx
TL003347,31 - 40,"05. 30,001-40,000",พนักงานและลูกจ้างในบริษัท,ธนาคารออมสินภาค 12,สินเชื่อเคหะ,DCO2026,2026-08-28 09:00:00,marketing.gsb,GSB_final_lead_list_2026-08-28.xlsx
TL003348,41 - 50,"05. 30,001-40,000",ผู้รับจ้างทั่วไป / ผู้ใช้แรงงาน,ธนาคารออมสินภาค 12,สินเชื่อเคหะ,DCO2026,2026-08-28 09:00:00,marketing.gsb,GSB_final_lead_list_2026-08-28.xlsx
TL003349,31 - 40,"05. 30,001-40,000",ผู้รับจ้างทั่วไป / ผู้ใช้แรงงาน,ธนาคารออมสินภาค 11,สินเชื่อเคหะ,DCO2026,2026-08-28 09:00:00,marketing.gsb,GSB_final_lead_list_2026-08-28.xlsx
TL003350,31 - 40,"04. 20,001-30,000",ผู้รับจ้างทั่วไป / ผู้ใช้แรงงาน,ธนาคารออมสินภาค 11,สินเชื่อเคหะ,DCO2026,2026-08-28 09:00:00,marketing.gsb,GSB_final_lead_list_2026-08-28.xlsx
TL003351,20 - 30,"03. 10,001-20,000",ผู้ประกอบธุรกิจ / เจ้าของกิจการ,ธนาคารออมสินภาค 13,สินเชื่อเคหะ,DCO2026,2026-08-28 09:00:00,marketing.gsb,GSB_final_lead_list_2026-08-28.xlsx
TL003352,51 - 60,"06. 40,001-50,000",พนักงานและลูกจ้างในหน่วยงานรัฐวิสาหกิจ,ธนาคารออมสินภาค 11,สินเชื่อเคหะ,DCO2026,2026-08-28 09:00:00,marketing.gsb,GSB_final_lead_list_2026-08-28.xlsx
TL003353,20 - 30,"06. 40,001-50,000",ข้าราชการและลูกจ้างในหน่วยงานของรัฐ,ธนาคารออมสินภาค 13,สินเชื่อเคหะ,DCO2026,2026-08-28 09:00:00,marketing.gsb,GSB_final_lead_list_2026-08-28.xlsx
TL003354,41 - 50,"02. 5,001-10,000",พนักงานและลูกจ้างในบริษัท,ธนาคารออมสินภาค 13,สินเชื่อเคหะ,DCO2026,2026-08-28 09:00:00,marketing.gsb,GSB_final_lead_list_2026-08-28.xlsx
TL003355,61 - 65,"06. 40,001-50,000",ผู้รับจ้างทั่วไป / ผู้ใช้แรงงาน,ธนาคารออมสินภาค 1,สินเชื่อเคหะ,DCO2026,2026-08-28 09:00:00,marketing.gsb,GSB_final_lead_list_2026-08-28.xlsx
TL003356,31 - 40,"06. 40,001-50,000",พนักงานและลูกจ้างในหน่วยงานรัฐวิสาหกิจ,ธนาคารออมสินภาค 1,สินเชื่อเคหะ,DCO2026,2026-08-28 09:00:00,marketing.gsb,GSB_final_lead_list_2026-08-28.xlsx
TL003357,20 - 30,"06. 40,001-50,000",ข้าราชการและลูกจ้างในหน่วยงานของรัฐ,ธนาคารออมสินภาค 11,สินเชื่อเคหะ,DCO2026,2026-08-28 09:00:00,marketing.gsb,GSB_final_lead_list_2026-08-28.xlsx
TL003358,20 - 30,"06. 40,001-50,000",ผู้รับจ้างทั่วไป / ผู้ใช้แรงงาน,ธนาคารออมสินภาค 12,สินเชื่อเคหะ,DCO2026,2026-08-28 09:00:00,marketing.gsb,GSB_final_lead_list_2026-08-28.xlsx
TL003359,31 - 40,"05. 30,001-40,000",ประกอบวิชาชีพเฉพาะ,ธนาคารออมสินภาค 12,สินเชื่อเคหะ,DCO2026,2026-08-28 09:00:00,marketing.gsb,GSB_final_lead_list_2026-08-28.xlsx
TL003360,20 - 30,"06. 40,001-50,000",ข้าราชการและลูกจ้างในหน่วยงานของรัฐ,ธนาคารออมสินภาค 11,สินเชื่อเคหะ,DCO2026,2026-08-28 09:00:00,marketing.gsb,GSB_final_lead_list_2026-08-28.xlsx
TL003361,20 - 30,"05. 30,001-40,000",ประกอบอาชีพอิสระ,ธนาคารออมสินภาค 11,สินเชื่อเคหะ,DCO2026,2026-08-28 09:00:00,marketing.gsb,GSB_final_lead_list_2026-08-28.xlsx
TL003362,61 - 65,"04. 20,001-30,000",ผู้รับจ้างทั่วไป / ผู้ใช้แรงงาน,ธนาคารออมสินภาค 10,สินเชื่อเคหะ,DCO2026,2026-08-28 09:00:00,marketing.gsb,GSB_final_lead_list_2026-08-28.xlsx
TL003363,31 - 40,"06. 40,001-50,000",ผู้รับจ้างทั่วไป / ผู้ใช้แรงงาน,ธนาคารออมสินภาค 13,สินเชื่อเคหะ,DCO2026,2026-08-28 09:00:00,marketing.gsb,GSB_final_lead_list_2026-08-28.xlsx
TL003364,41 - 50,"04. 20,001-30,000",ประกอบวิชาชีพเฉพาะ,ธนาคารออมสินภาค 1,สินเชื่อเคหะ,DCO2026,2026-08-28 09:00:00,marketing.gsb,GSB_final_lead_list_2026-08-28.xlsx
TL003365,31 - 40,"03. 10,001-20,000",ประกอบวิชาชีพเฉพาะ,ธนาคารออมสินภาค 10,สินเชื่อเคหะ,DCO2026,2026-08-28 09:00:00,marketing.gsb,GSB_final_lead_list_2026-08-28.xlsx
TL003366,41 - 50,"01. 0-5,000",ข้าราชการและลูกจ้างในหน่วยงานของรัฐ,ธนาคารออมสินภาค 1,สินเชื่อเคหะ,DCO2026,2026-08-28 09:00:00,marketing.gsb,GSB_final_lead_list_2026-08-28.xlsx
TL003367,20 - 30,"04. 20,001-30,000",ประกอบอาชีพอิสระ,ธนาคารออมสินภาค 1,สินเชื่อเคหะ,DCO2026,2026-08-28 09:00:00,marketing.gsb,GSB_final_lead_list_2026-08-28.xlsx
TL003368,51 - 60,"06. 40,001-50,000",ผู้ประกอบธุรกิจ / เจ้าของกิจการ,ธนาคารออมสินภาค 10,สินเชื่อเคหะ,DCO2026,2026-08-28 09:00:00,marketing.gsb,GSB_final_lead_list_2026-08-28.xlsx
TL003369,65 Up,"04. 20,001-30,000",พนักงานและลูกจ้างในหน่วยงานรัฐวิสาหกิจ,ธนาคารออมสินภาค 10,สินเชื่อเคหะ,DCO2026,2026-08-28 09:00:00,marketing.gsb,GSB_final_lead_list_2026-08-28.xlsx
TL003370,51 - 60,"01. 0-5,000",ผู้รับจ้างทั่วไป / ผู้ใช้แรงงาน,ธนาคารออมสินภาค 11,สินเชื่อเคหะ,DCO2026,2026-08-28 09:00:00,marketing.gsb,GSB_final_lead_list_2026-08-28.xlsx
TL003371,31 - 40,"04. 20,001-30,000",พนักงานและลูกจ้างในหน่วยงานรัฐวิสาหกิจ,ธนาคารออมสินภาค 1,สินเชื่อเคหะ,DCO2026,2026-08-28 09:00:00,marketing.gsb,GSB_final_lead_list_2026-08-28.xlsx
TL003372,31 - 40,"05. 30,001-40,000",ผู้รับจ้างทั่วไป / ผู้ใช้แรงงาน,ธนาคารออมสินภาค 12,สินเชื่อเคหะ,DCO2026,2026-08-28 09:00:00,marketing.gsb,GSB_final_lead_list_2026-08-28.xlsx
TL003373,31 - 40,"04. 20,001-30,000",ผู้ประกอบธุรกิจ / เจ้าของกิจการ,ธนาคารออมสินภาค 13,สินเชื่อเคหะ,DCO2026,2026-08-28 09:00:00,marketing.gsb,GSB_final_lead_list_2026-08-28.xlsx
TL003374,31 - 40,"02. 5,001-10,000",พนักงานและลูกจ้างในหน่วยงานรัฐวิสาหกิจ,ธนาคารออมสินภาค 12,สินเชื่อเคหะ,DCO2026,2026-08-28 09:00:00,marketing.gsb,GSB_final_lead_list_2026-08-28.xlsx
TL003375,31 - 40,"03. 10,001-20,000",พนักงานและลูกจ้างในบริษัท,ธนาคารออมสินภาค 12,สินเชื่อเคหะ,DCO2026,2026-08-28 09:00:00,marketing.gsb,GSB_final_lead_list_2026-08-28.xlsx
TL003376,41 - 50,"02. 5,001-10,000",ประกอบอาชีพอิสระ,ธนาคารออมสินภาค 10,สินเชื่อเคหะ,DCO2026,2026-08-28 09:00:00,marketing.gsb,GSB_final_lead_list_2026-08-28.xlsx
TL003377,65 Up,"01. 0-5,000",ผู้ประกอบธุรกิจ / เจ้าของกิจการ,ธนาคารออมสินภาค 11,สินเชื่อเคหะ,DCO2026,2026-08-28 09:00:00,marketing.gsb,GSB_final_lead_list_2026-08-28.xlsx
TL003378,20 - 30,"06. 40,001-50,000",ผู้ประกอบธุรกิจ / เจ้าของกิจการ,ธนาคารออมสินภาค 10,สินเชื่อเคหะ,DCO2026,2026-08-28 09:00:00,marketing.gsb,GSB_final_lead_list_2026-08-28.xlsx
TL003379,31 - 40,"06. 40,001-50,000",ประกอบอาชีพอิสระ,ธนาคารออมสินภาค 13,สินเชื่อเคหะ,DCO2026,2026-08-28 09:00:00,marketing.gsb,GSB_final_lead_list_2026-08-28.xlsx
TL003380,41 - 50,"04. 20,001-30,000",ข้าราชการและลูกจ้างในหน่วยงานของรัฐ,ธนาคารออมสินภาค 1,สินเชื่อเคหะ,DCO2026,2026-08-28 09:00:00,marketing.gsb,GSB_final_lead_list_2026-08-28.xlsx
TL003381,31 - 40,"05. 30,001-40,000",พนักงานและลูกจ้างในบริษัท,ธนาคารออมสินภาค 1,สินเชื่อเคหะ,DCO2026,2026-08-28 09:00:00,marketing.gsb,GSB_final_lead_list_2026-08-28.xlsx
TL003382,31 - 40,"07. >50,000",พนักงานและลูกจ้างในหน่วยงานรัฐวิสาหกิจ,ธนาคารออมสินภาค 1,สินเชื่อเคหะ,DCO2026,2026-08-28 09:00:00,marketing.gsb,GSB_final_lead_list_2026-08-28.xlsx
TL003383,51 - 60,"06. 40,001-50,000",พนักงานและลูกจ้างในบริษัท,ธนาคารออมสินภาค 10,สินเชื่อเคหะ,DCO2026,2026-08-28 09:00:00,marketing.gsb,GSB_final_lead_list_2026-08-28.xlsx
TL003384,41 - 50,"05. 30,001-40,000",ผู้รับจ้างทั่วไป / ผู้ใช้แรงงาน,ธนาคารออมสินภาค 10,สินเชื่อเคหะ,DCO2026,2026-08-28 09:00:00,marketing.gsb,GSB_final_lead_list_2026-08-28.xlsx
TL003385,20 - 30,"06. 40,001-50,000",ข้าราชการและลูกจ้างในหน่วยงานของรัฐ,ธนาคารออมสินภาค 1,สินเชื่อเคหะ,DCO2026,2026-08-28 09:00:00,marketing.gsb,GSB_final_lead_list_2026-08-28.xlsx
TL003386,Under 20,"01. 0-5,000",พนักงานและลูกจ้างในหน่วยงานรัฐวิสาหกิจ,ธนาคารออมสินภาค 10,สินเชื่อเคหะ,DCO2026,2026-08-28 09:00:00,marketing.gsb,GSB_final_lead_list_2026-08-28.xlsx
TL003387,20 - 30,"05. 30,001-40,000",ผู้รับจ้างทั่วไป / ผู้ใช้แรงงาน,ธนาคารออมสินภาค 13,สินเชื่อเคหะ,DCO2026,2026-08-28 09:00:00,marketing.gsb,GSB_final_lead_list_2026-08-28.xlsx
TL003388,31 - 40,"07. >50,000",ผู้รับจ้างทั่วไป / ผู้ใช้แรงงาน,ธนาคารออมสินภาค 1,สินเชื่อเคหะ,DCO2026,2026-08-28 09:00:00,marketing.gsb,GSB_final_lead_list_2026-08-28.xlsx
TL003389,31 - 40,"04. 20,001-30,000",ประกอบวิชาชีพเฉพาะ,ธนาคารออมสินภาค 1,สินเชื่อเคหะ,DCO2026,2026-08-28 09:00:00,marketing.gsb,GSB_final_lead_list_2026-08-28.xlsx
TL003390,20 - 30,"04. 20,001-30,000",ผู้ประกอบธุรกิจ / เจ้าของกิจการ,ธนาคารออมสินภาค 10,สินเชื่อเคหะ,DCO2026,2026-08-28 09:00:00,marketing.gsb,GSB_final_lead_list_2026-08-28.xlsx
TL003391,51 - 60,"04. 20,001-30,000",ผู้รับจ้างทั่วไป / ผู้ใช้แรงงาน,ธนาคารออมสินภาค 10,สินเชื่อเคหะ,DCO2026,2026-08-28 09:00:00,marketing.gsb,GSB_final_lead_list_2026-08-28.xlsx
TL003392,31 - 40,"03. 10,001-20,000",ผู้ประกอบธุรกิจ / เจ้าของกิจการ,ธนาคารออมสินภาค 1,สินเชื่อเคหะ,DCO2026,2026-08-28 09:00:00,marketing.gsb,GSB_final_lead_list_2026-08-28.xlsx
TL003393,61 - 65,"07. >50,000",ประกอบวิชาชีพเฉพาะ,ธนาคารออมสินภาค 11,สินเชื่อเคหะ,DCO2026,2026-08-28 09:00:00,marketing.gsb,GSB_final_lead_list_2026-08-28.xlsx
TL003394,51 - 60,"02. 5,001-10,000",พนักงานและลูกจ้างในบริษัท,ธนาคารออมสินภาค 10,สินเชื่อเคหะ,DCO2026,2026-08-28 09:00:00,marketing.gsb,GSB_final_lead_list_2026-08-28.xlsx
TL003395,65 Up,"05. 30,001-40,000",พนักงานและลูกจ้างในหน่วยงานรัฐวิสาหกิจ,ธนาคารออมสินภาค 12,สินเชื่อเคหะ,DCO2026,2026-08-28 09:00:00,marketing.gsb,GSB_final_lead_list_2026-08-28.xlsx
TL003396,31 - 40,"06. 40,001-50,000",ผู้รับจ้างทั่วไป / ผู้ใช้แรงงาน,ธนาคารออมสินภาค 10,สินเชื่อเคหะ,DCO2026,2026-08-28 09:00:00,marketing.gsb,GSB_final_lead_list_2026-08-28.xlsx
TL003397,20 - 30,"05. 30,001-40,000",ประกอบอาชีพอิสระ,ธนาคารออมสินภาค 12,สินเชื่อเคหะ,DCO2026,2026-08-28 09:00:00,marketing.gsb,GSB_final_lead_list_2026-08-28.xlsx
TL003398,41 - 50,"01. 0-5,000",พนักงานและลูกจ้างในบริษัท,ธนาคารออมสินภาค 10,สินเชื่อเคหะ,DCO2026,2026-08-28 09:00:00,marketing.gsb,GSB_final_lead_list_2026-08-28.xlsx
TL003399,31 - 40,"03. 10,001-20,000",พนักงานและลูกจ้างในบริษัท,ธนาคารออมสินภาค 12,สินเชื่อเคหะ,DCO2026,2026-08-28 09:00:00,marketing.gsb,GSB_final_lead_list_2026-08-28.xlsx
TL003400,20 - 30,"04. 20,001-30,000",ประกอบวิชาชีพเฉพาะ,ธนาคารออมสินภาค 1,สินเชื่อเคหะ,DCO2026,2026-08-28 09:00:00,marketing.gsb,GSB_final_lead_list_2026-08-28.xlsx
TL003401,31 - 40,"06. 40,001-50,000",พนักงานและลูกจ้างในหน่วยงานรัฐวิสาหกิจ,ธนาคารออมสินภาค 10,สินเชื่อเคหะ,DCO2026,2026-08-28 09:00:00,marketing.gsb,GSB_final_lead_list_2026-08-28.xlsx
TL003402,51 - 60,"04. 20,001-30,000",ผู้ประกอบธุรกิจ / เจ้าของกิจการ,ธนาคารออมสินภาค 13,สินเชื่อเคหะ,DCO2026,2026-08-28 09:00:00,marketing.gsb,GSB_final_lead_list_2026-08-28.xlsx
TL003403,31 - 40,"05. 30,001-40,000",ประกอบอาชีพอิสระ,ธนาคารออมสินภาค 10,สินเชื่อเคหะ,DCO2026,2026-08-28 09:00:00,marketing.gsb,GSB_final_lead_list_2026-08-28.xlsx
TL003404,41 - 50,"06. 40,001-50,000",พนักงานและลูกจ้างในหน่วยงานรัฐวิสาหกิจ,ธนาคารออมสินภาค 13,สินเชื่อเคหะ,DCO2026,2026-08-28 09:00:00,marketing.gsb,GSB_final_lead_list_2026-08-28.xlsx
TL003405,31 - 40,"02. 5,001-10,000",ผู้ประกอบธุรกิจ / เจ้าของกิจการ,ธนาคารออมสินภาค 10,สินเชื่อเคหะ,DCO2026,2026-08-28 09:00:00,marketing.gsb,GSB_final_lead_list_2026-08-28.xlsx
TL003406,51 - 60,"03. 10,001-20,000",ผู้รับจ้างทั่วไป / ผู้ใช้แรงงาน,ธนาคารออมสินภาค 1,สินเชื่อเคหะ,DCO2026,2026-08-28 09:00:00,marketing.gsb,GSB_final_lead_list_2026-08-28.xlsx
TL003407,41 - 50,"05. 30,001-40,000",ประกอบอาชีพอิสระ,ธนาคารออมสินภาค 12,สินเชื่อเคหะ,DCO2026,2026-08-28 09:00:00,marketing.gsb,GSB_final_lead_list_2026-08-28.xlsx
TL003408,31 - 40,"03. 10,001-20,000",ประกอบวิชาชีพเฉพาะ,ธนาคารออมสินภาค 1,สินเชื่อเคหะ,DCO2026,2026-08-28 09:00:00,marketing.gsb,GSB_final_lead_list_2026-08-28.xlsx
TL003409,41 - 50,"06. 40,001-50,000",ประกอบวิชาชีพเฉพาะ,ธนาคารออมสินภาค 13,สินเชื่อเคหะ,DCO2026,2026-08-28 09:00:00,marketing.gsb,GSB_final_lead_list_2026-08-28.xlsx
TL003410,Under 20,"05. 30,001-40,000",พนักงานและลูกจ้างในหน่วยงานรัฐวิสาหกิจ,ธนาคารออมสินภาค 11,สินเชื่อเคหะ,DCO2026,2026-08-28 09:00:00,marketing.gsb,GSB_final_lead_list_2026-08-28.xlsx
TL003411,20 - 30,"01. 0-5,000",ประกอบอาชีพอิสระ,ธนาคารออมสินภาค 11,สินเชื่อเคหะ,DCO2026,2026-08-28 09:00:00,marketing.gsb,GSB_final_lead_list_2026-08-28.xlsx
TL003412,41 - 50,"02. 5,001-10,000",พนักงานและลูกจ้างในหน่วยงานรัฐวิสาหกิจ,ธนาคารออมสินภาค 11,สินเชื่อเคหะ,DCO2026,2026-08-28 09:00:00,marketing.gsb,GSB_final_lead_list_2026-08-28.xlsx
TL003413,Under 20,"04. 20,001-30,000",พนักงานและลูกจ้างในหน่วยงานรัฐวิสาหกิจ,ธนาคารออมสินภาค 10,สินเชื่อเคหะ,DCO2026,2026-08-28 09:00:00,marketing.gsb,GSB_final_lead_list_2026-08-28.xlsx
TL003414,20 - 30,"04. 20,001-30,000",พนักงานและลูกจ้างในบริษัท,ธนาคารออมสินภาค 12,สินเชื่อเคหะ,DCO2026,2026-08-28 09:00:00,marketing.gsb,GSB_final_lead_list_2026-08-28.xlsx
TL003415,20 - 30,"06. 40,001-50,000",พนักงานและลูกจ้างในหน่วยงานรัฐวิสาหกิจ,ธนาคารออมสินภาค 12,สินเชื่อเคหะ,DCO2026,2026-08-28 09:00:00,marketing.gsb,GSB_final_lead_list_2026-08-28.xlsx
TL003416,41 - 50,"05. 30,001-40,000",ผู้ประกอบธุรกิจ / เจ้าของกิจการ,ธนาคารออมสินภาค 1,สินเชื่อเคหะ,DCO2026,2026-08-28 09:00:00,marketing.gsb,GSB_final_lead_list_2026-08-28.xlsx
TL003417,20 - 30,"05. 30,001-40,000",ประกอบวิชาชีพเฉพาะ,ธนาคารออมสินภาค 13,สินเชื่อเคหะ,DCO2026,2026-08-28 09:00:00,marketing.gsb,GSB_final_lead_list_2026-08-28.xlsx
TL003418,41 - 50,"02. 5,001-10,000",ประกอบอาชีพอิสระ,ธนาคารออมสินภาค 11,สินเชื่อเคหะ,DCO2026,2026-08-28 09:00:00,marketing.gsb,GSB_final_lead_list_2026-08-28.xlsx
TL003419,31 - 40,"05. 30,001-40,000",ประกอบอาชีพอิสระ,ธนาคารออมสินภาค 10,สินเชื่อเคหะ,DCO2026,2026-08-28 09:00:00,marketing.gsb,GSB_final_lead_list_2026-08-28.xlsx
TL003420,31 - 40,"05. 30,001-40,000",ผู้ประกอบธุรกิจ / เจ้าของกิจการ,ธนาคารออมสินภาค 11,สินเชื่อเคหะ,DCO2026,2026-08-28 09:00:00,marketing.gsb,GSB_final_lead_list_2026-08-28.xlsx
TL003421,20 - 30,"03. 10,001-20,000",พนักงานและลูกจ้างในบริษัท,ธนาคารออมสินภาค 11,สินเชื่อเคหะ,DCO2026,2026-08-28 09:00:00,marketing.gsb,GSB_final_lead_list_2026-08-28.xlsx
TL003422,20 - 30,"06. 40,001-50,000",ประกอบวิชาชีพเฉพาะ,ธนาคารออมสินภาค 13,สินเชื่อเคหะ,DCO2026,2026-08-28 09:00:00,marketing.gsb,GSB_final_lead_list_2026-08-28.xlsx
TL003423,41 - 50,"05. 30,001-40,000",ประกอบอาชีพอิสระ,ธนาคารออมสินภาค 13,สินเชื่อเคหะ,DCO2026,2026-08-28 09:00:00,marketing.gsb,GSB_final_lead_list_2026-08-28.xlsx
TL003424,41 - 50,"02. 5,001-10,000",ผู้ประกอบธุรกิจ / เจ้าของกิจการ,ธนาคารออมสินภาค 1,สินเชื่อเคหะ,DCO2026,2026-08-28 09:00:00,marketing.gsb,GSB_final_lead_list_2026-08-28.xlsx
TL003425,31 - 40,"01. 0-5,000",ข้าราชการและลูกจ้างในหน่วยงานของรัฐ,ธนาคารออมสินภาค 10,สินเชื่อเคหะ,DCO2026,2026-08-28 09:00:00,marketing.gsb,GSB_final_lead_list_2026-08-28.xlsx
TL003426,20 - 30,"06. 40,001-50,000",ข้าราชการและลูกจ้างในหน่วยงานของรัฐ,ธนาคารออมสินภาค 1,สินเชื่อเคหะ,DCO2026,2026-08-28 09:00:00,marketing.gsb,GSB_final_lead_list_2026-08-28.xlsx
TL003427,31 - 40,"05. 30,001-40,000",ประกอบอาชีพอิสระ,ธนาคารออมสินภาค 1,สินเชื่อเคหะ,DCO2026,2026-08-28 09:00:00,marketing.gsb,GSB_final_lead_list_2026-08-28.xlsx
TL003428,20 - 30,"05. 30,001-40,000",ประกอบอาชีพอิสระ,ธนาคารออมสินภาค 11,สินเชื่อเคหะ,DCO2026,2026-08-28 09:00:00,marketing.gsb,GSB_final_lead_list_2026-08-28.xlsx
TL003429,31 - 40,"02. 5,001-10,000",ผู้ประกอบธุรกิจ / เจ้าของกิจการ,ธนาคารออมสินภาค 10,สินเชื่อเคหะ,DCO2026,2026-08-28 09:00:00,marketing.gsb,GSB_final_lead_list_2026-08-28.xlsx
TL003430,Under 20,"06. 40,001-50,000",พนักงานและลูกจ้างในหน่วยงานรัฐวิสาหกิจ,ธนาคารออมสินภาค 12,สินเชื่อเคหะ,DCO2026,2026-08-28 09:00:00,marketing.gsb,GSB_final_lead_list_2026-08-28.xlsx
TL003431,41 - 50,"07. >50,000",ข้าราชการและลูกจ้างในหน่วยงานของรัฐ,ธนาคารออมสินภาค 10,สินเชื่อเคหะ,DCO2026,2026-08-28 09:00:00,marketing.gsb,GSB_final_lead_list_2026-08-28.xlsx
TL003432,31 - 40,"05. 30,001-40,000",พนักงานและลูกจ้างในหน่วยงานรัฐวิสาหกิจ,ธนาคารออมสินภาค 10,สินเชื่อเคหะ,DCO2026,2026-08-28 09:00:00,marketing.gsb,GSB_final_lead_list_2026-08-28.xlsx
TL003433,41 - 50,"04. 20,001-30,000",ผู้ประกอบธุรกิจ / เจ้าของกิจการ,ธนาคารออมสินภาค 13,สินเชื่อเคหะ,DCO2026,2026-08-28 09:00:00,marketing.gsb,GSB_final_lead_list_2026-08-28.xlsx
TL003434,41 - 50,"04. 20,001-30,000",ประกอบวิชาชีพเฉพาะ,ธนาคารออมสินภาค 12,สินเชื่อเคหะ,DCO2026,2026-08-28 09:00:00,marketing.gsb,GSB_final_lead_list_2026-08-28.xlsx
TL003435,51 - 60,"06. 40,001-50,000",ข้าราชการและลูกจ้างในหน่วยงานของรัฐ,ธนาคารออมสินภาค 10,สินเชื่อเคหะ,DCO2026,2026-08-28 09:00:00,marketing.gsb,GSB_final_lead_list_2026-08-28.xlsx
TL003436,51 - 60,"04. 20,001-30,000",ประกอบอาชีพอิสระ,ธนาคารออมสินภาค 13,สินเชื่อเคหะ,DCO2026,2026-08-28 09:00:00,marketing.gsb,GSB_final_lead_list_2026-08-28.xlsx
TL003437,61 - 65,"05. 30,001-40,000",ผู้รับจ้างทั่วไป / ผู้ใช้แรงงาน,ธนาคารออมสินภาค 12,สินเชื่อเคหะ,DCO2026,2026-08-28 09:00:00,marketing.gsb,GSB_final_lead_list_2026-08-28.xlsx
TL003438,41 - 50,"04. 20,001-30,000",ประกอบวิชาชีพเฉพาะ,ธนาคารออมสินภาค 12,สินเชื่อเคหะ,DCO2026,2026-08-28 09:00:00,marketing.gsb,GSB_final_lead_list_2026-08-28.xlsx
TL003439,31 - 40,"03. 10,001-20,000",ประกอบอาชีพอิสระ,ธนาคารออมสินภาค 12,สินเชื่อเคหะ,DCO2026,2026-08-28 09:00:00,marketing.gsb,GSB_final_lead_list_2026-08-28.xlsx
TL003440,41 - 50,"05. 30,001-40,000",ผู้ประกอบธุรกิจ / เจ้าของกิจการ,ธนาคารออมสินภาค 13,สินเชื่อเคหะ,DCO2026,2026-08-28 09:00:00,marketing.gsb,GSB_final_lead_list_2026-08-28.xlsx
TL003441,20 - 30,"04. 20,001-30,000",พนักงานและลูกจ้างในบริษัท,ธนาคารออมสินภาค 11,สินเชื่อเคหะ,DCO2026,2026-08-28 09:00:00,marketing.gsb,GSB_final_lead_list_2026-08-28.xlsx
TL003442,31 - 40,"05. 30,001-40,000",ประกอบวิชาชีพเฉพาะ,ธนาคารออมสินภาค 12,สินเชื่อเคหะ,DCO2026,2026-08-28 09:00:00,marketing.gsb,GSB_final_lead_list_2026-08-28.xlsx
TL003443,31 - 40,"06. 40,001-50,000",ข้าราชการและลูกจ้างในหน่วยงานของรัฐ,ธนาคารออมสินภาค 12,สินเชื่อเคหะ,DCO2026,2026-08-28 09:00:00,marketing.gsb,GSB_final_lead_list_2026-08-28.xlsx
TL003444,31 - 40,"06. 40,001-50,000",ผู้ประกอบธุรกิจ / เจ้าของกิจการ,ธนาคารออมสินภาค 1,สินเชื่อเคหะ,DCO2026,2026-08-28 09:00:00,marketing.gsb,GSB_final_lead_list_2026-08-28.xlsx
TL003445,20 - 30,"05. 30,001-40,000",ประกอบวิชาชีพเฉพาะ,ธนาคารออมสินภาค 13,สินเชื่อเคหะ,DCO2026,2026-08-28 09:00:00,marketing.gsb,GSB_final_lead_list_2026-08-28.xlsx
TL003446,31 - 40,"05. 30,001-40,000",ประกอบวิชาชีพเฉพาะ,ธนาคารออมสินภาค 1,สินเชื่อเคหะ,DCO2026,2026-08-28 09:00:00,marketing.gsb,GSB_final_lead_list_2026-08-28.xlsx
TL003447,31 - 40,"03. 10,001-20,000",ประกอบอาชีพอิสระ,ธนาคารออมสินภาค 10,สินเชื่อเคหะ,DCO2026,2026-08-28 09:00:00,marketing.gsb,GSB_final_lead_list_2026-08-28.xlsx
TL003448,31 - 40,"04. 20,001-30,000",ประกอบอาชีพอิสระ,ธนาคารออมสินภาค 12,สินเชื่อเคหะ,DCO2026,2026-08-28 09:00:00,marketing.gsb,GSB_final_lead_list_2026-08-28.xlsx
TL003449,20 - 30,"02. 5,001-10,000",พนักงานและลูกจ้างในบริษัท,ธนาคารออมสินภาค 1,สินเชื่อเคหะ,DCO2026,2026-08-28 09:00:00,marketing.gsb,GSB_final_lead_list_2026-08-28.xlsx
TL003450,61 - 65,"02. 5,001-10,000",พนักงานและลูกจ้างในหน่วยงานรัฐวิสาหกิจ,ธนาคารออมสินภาค 12,สินเชื่อเคหะ,DCO2026,2026-08-28 09:00:00,marketing.gsb,GSB_final_lead_list_2026-08-28.xlsx
TL003451,31 - 40,"04. 20,001-30,000",พนักงานและลูกจ้างในบริษัท,ธนาคารออมสินภาค 11,สินเชื่อเคหะ,DCO2026,2026-08-28 09:00:00,marketing.gsb,GSB_final_lead_list_2026-08-28.xlsx
TL003452,Under 20,"05. 30,001-40,000",พนักงานและลูกจ้างในหน่วยงานรัฐวิสาหกิจ,ธนาคารออมสินภาค 12,สินเชื่อเคหะ,DCO2026,2026-08-28 09:00:00,marketing.gsb,GSB_final_lead_list_2026-08-28.xlsx
TL003453,41 - 50,"04. 20,001-30,000",พนักงานและลูกจ้างในหน่วยงานรัฐวิสาหกิจ,ธนาคารออมสินภาค 11,สินเชื่อเคหะ,DCO2026,2026-08-28 09:00:00,marketing.gsb,GSB_final_lead_list_2026-08-28.xlsx
TL003454,Under 20,"03. 10,001-20,000",ผู้ประกอบธุรกิจ / เจ้าของกิจการ,ธนาคารออมสินภาค 13,สินเชื่อเคหะ,DCO2026,2026-08-28 09:00:00,marketing.gsb,GSB_final_lead_list_2026-08-28.xlsx
TL003455,41 - 50,"02. 5,001-10,000",ประกอบวิชาชีพเฉพาะ,ธนาคารออมสินภาค 10,สินเชื่อเคหะ,DCO2026,2026-08-28 09:00:00,marketing.gsb,GSB_final_lead_list_2026-08-28.xlsx
TL003456,41 - 50,"05. 30,001-40,000",ผู้รับจ้างทั่วไป / ผู้ใช้แรงงาน,ธนาคารออมสินภาค 12,สินเชื่อเคหะ,DCO2026,2026-08-28 09:00:00,marketing.gsb,GSB_final_lead_list_2026-08-28.xlsx
TL003457,20 - 30,"05. 30,001-40,000",ผู้รับจ้างทั่วไป / ผู้ใช้แรงงาน,ธนาคารออมสินภาค 1,สินเชื่อเคหะ,DCO2026,2026-08-28 09:00:00,marketing.gsb,GSB_final_lead_list_2026-08-28.xlsx
TL003458,31 - 40,"04. 20,001-30,000",ประกอบอาชีพอิสระ,ธนาคารออมสินภาค 13,สินเชื่อเคหะ,DCO2026,2026-08-28 09:00:00,marketing.gsb,GSB_final_lead_list_2026-08-28.xlsx
TL003459,31 - 40,"05. 30,001-40,000",พนักงานและลูกจ้างในบริษัท,ธนาคารออมสินภาค 11,สินเชื่อเคหะ,DCO2026,2026-08-28 09:00:00,marketing.gsb,GSB_final_lead_list_2026-08-28.xlsx
TL003460,31 - 40,"05. 30,001-40,000",ข้าราชการและลูกจ้างในหน่วยงานของรัฐ,ธนาคารออมสินภาค 13,สินเชื่อเคหะ,DCO2026,2026-08-28 09:00:00,marketing.gsb,GSB_final_lead_list_2026-08-28.xlsx
TL003461,31 - 40,"06. 40,001-50,000",ข้าราชการและลูกจ้างในหน่วยงานของรัฐ,ธนาคารออมสินภาค 1,สินเชื่อเคหะ,DCO2026,2026-08-28 09:00:00,marketing.gsb,GSB_final_lead_list_2026-08-28.xlsx
TL003462,31 - 40,"06. 40,001-50,000",ผู้ประกอบธุรกิจ / เจ้าของกิจการ,ธนาคารออมสินภาค 12,สินเชื่อเคหะ,DCO2026,2026-08-28 09:00:00,marketing.gsb,GSB_final_lead_list_2026-08-28.xlsx
TL003463,20 - 30,"05. 30,001-40,000",ผู้ประกอบธุรกิจ / เจ้าของกิจการ,ธนาคารออมสินภาค 1,สินเชื่อเคหะ,DCO2026,2026-08-28 09:00:00,marketing.gsb,GSB_final_lead_list_2026-08-28.xlsx
TL003464,20 - 30,"02. 5,001-10,000",ข้าราชการและลูกจ้างในหน่วยงานของรัฐ,ธนาคารออมสินภาค 12,สินเชื่อเคหะ,DCO2026,2026-08-28 09:00:00,marketing.gsb,GSB_final_lead_list_2026-08-28.xlsx
TL003465,31 - 40,"04. 20,001-30,000",ประกอบวิชาชีพเฉพาะ,ธนาคารออมสินภาค 11,สินเชื่อเคหะ,DCO2026,2026-08-28 09:00:00,marketing.gsb,GSB_final_lead_list_2026-08-28.xlsx
TL003466,41 - 50,"04. 20,001-30,000",ผู้ประกอบธุรกิจ / เจ้าของกิจการ,ธนาคารออมสินภาค 1,สินเชื่อเคหะ,DCO2026,2026-08-28 09:00:00,marketing.gsb,GSB_final_lead_list_2026-08-28.xlsx
TL003467,41 - 50,"04. 20,001-30,000",ประกอบอาชีพอิสระ,ธนาคารออมสินภาค 10,สินเชื่อเคหะ,DCO2026,2026-08-28 09:00:00,marketing.gsb,GSB_final_lead_list_2026-08-28.xlsx
TL003468,20 - 30,"06. 40,001-50,000",ผู้รับจ้างทั่วไป / ผู้ใช้แรงงาน,ธนาคารออมสินภาค 11,สินเชื่อเคหะ,DCO2026,2026-08-28 09:00:00,marketing.gsb,GSB_final_lead_list_2026-08-28.xlsx
TL003469,61 - 65,"04. 20,001-30,000",ประกอบอาชีพอิสระ,ธนาคารออมสินภาค 1,สินเชื่อเคหะ,DCO2026,2026-08-28 09:00:00,marketing.gsb,GSB_final_lead_list_2026-08-28.xlsx
TL003470,20 - 30,"06. 40,001-50,000",พนักงานและลูกจ้างในหน่วยงานรัฐวิสาหกิจ,ธนาคารออมสินภาค 12,สินเชื่อเคหะ,DCO2026,2026-08-28 09:00:00,marketing.gsb,GSB_final_lead_list_2026-08-28.xlsx
TL003471,41 - 50,"05. 30,001-40,000",พนักงานและลูกจ้างในหน่วยงานรัฐวิสาหกิจ,ธนาคารออมสินภาค 10,สินเชื่อเคหะ,DCO2026,2026-08-28 09:00:00,marketing.gsb,GSB_final_lead_list_2026-08-28.xlsx
TL003472,41 - 50,"02. 5,001-10,000",ประกอบอาชีพอิสระ,ธนาคารออมสินภาค 1,สินเชื่อเคหะ,DCO2026,2026-08-28 09:00:00,marketing.gsb,GSB_final_lead_list_2026-08-28.xlsx
TL003473,51 - 60,"05. 30,001-40,000",พนักงานและลูกจ้างในหน่วยงานรัฐวิสาหกิจ,ธนาคารออมสินภาค 13,สินเชื่อเคหะ,DCO2026,2026-08-28 09:00:00,marketing.gsb,GSB_final_lead_list_2026-08-28.xlsx
TL003474,65 Up,"05. 30,001-40,000",พนักงานและลูกจ้างในบริษัท,ธนาคารออมสินภาค 11,สินเชื่อเคหะ,DCO2026,2026-08-28 09:00:00,marketing.gsb,GSB_final_lead_list_2026-08-28.xlsx
TL003475,Under 20,"04. 20,001-30,000",พนักงานและลูกจ้างในบริษัท,ธนาคารออมสินภาค 13,สินเชื่อเคหะ,DCO2026,2026-08-28 09:00:00,marketing.gsb,GSB_final_lead_list_2026-08-28.xlsx
TL003476,31 - 40,"06. 40,001-50,000",ผู้รับจ้างทั่วไป / ผู้ใช้แรงงาน,ธนาคารออมสินภาค 12,สินเชื่อเคหะ,DCO2026,2026-08-28 09:00:00,marketing.gsb,GSB_final_lead_list_2026-08-28.xlsx
TL003477,20 - 30,"03. 10,001-20,000",พนักงานและลูกจ้างในบริษัท,ธนาคารออมสินภาค 1,สินเชื่อเคหะ,DCO2026,2026-08-28 09:00:00,marketing.gsb,GSB_final_lead_list_2026-08-28.xlsx
TL003478,41 - 50,"04. 20,001-30,000",ประกอบวิชาชีพเฉพาะ,ธนาคารออมสินภาค 1,สินเชื่อเคหะ,DCO2026,2026-08-28 09:00:00,marketing.gsb,GSB_final_lead_list_2026-08-28.xlsx
TL003479,31 - 40,"06. 40,001-50,000",ประกอบอาชีพอิสระ,ธนาคารออมสินภาค 11,สินเชื่อเคหะ,DCO2026,2026-08-28 09:00:00,marketing.gsb,GSB_final_lead_list_2026-08-28.xlsx
TL003480,31 - 40,"01. 0-5,000",ผู้ประกอบธุรกิจ / เจ้าของกิจการ,ธนาคารออมสินภาค 11,สินเชื่อเคหะ,DCO2026,2026-08-28 09:00:00,marketing.gsb,GSB_final_lead_list_2026-08-28.xlsx
TL003481,31 - 40,"05. 30,001-40,000",พนักงานและลูกจ้างในหน่วยงานรัฐวิสาหกิจ,ธนาคารออมสินภาค 11,สินเชื่อเคหะ,DCO2026,2026-08-28 09:00:00,marketing.gsb,GSB_final_lead_list_2026-08-28.xlsx
TL003482,31 - 40,"02. 5,001-10,000",พนักงานและลูกจ้างในบริษัท,ธนาคารออมสินภาค 1,สินเชื่อเคหะ,DCO2026,2026-08-28 09:00:00,marketing.gsb,GSB_final_lead_list_2026-08-28.xlsx
TL003483,Under 20,"05. 30,001-40,000",ผู้ประกอบธุรกิจ / เจ้าของกิจการ,ธนาคารออมสินภาค 12,สินเชื่อเคหะ,DCO2026,2026-08-28 09:00:00,marketing.gsb,GSB_final_lead_list_2026-08-28.xlsx
TL003484,31 - 40,"06. 40,001-50,000",พนักงานและลูกจ้างในหน่วยงานรัฐวิสาหกิจ,ธนาคารออมสินภาค 12,สินเชื่อเคหะ,DCO2026,2026-08-28 09:00:00,marketing.gsb,GSB_final_lead_list_2026-08-28.xlsx
TL003485,20 - 30,"05. 30,001-40,000",ผู้ประกอบธุรกิจ / เจ้าของกิจการ,ธนาคารออมสินภาค 13,สินเชื่อเคหะ,DCO2026,2026-08-28 09:00:00,marketing.gsb,GSB_final_lead_list_2026-08-28.xlsx
TL003486,41 - 50,"01. 0-5,000",ผู้รับจ้างทั่วไป / ผู้ใช้แรงงาน,ธนาคารออมสินภาค 10,สินเชื่อเคหะ,DCO2026,2026-08-28 09:00:00,marketing.gsb,GSB_final_lead_list_2026-08-28.xlsx
TL003487,51 - 60,"04. 20,001-30,000",ประกอบวิชาชีพเฉพาะ,ธนาคารออมสินภาค 1,สินเชื่อเคหะ,DCO2026,2026-08-28 09:00:00,marketing.gsb,GSB_final_lead_list_2026-08-28.xlsx
TL003488,20 - 30,"05. 30,001-40,000",ข้าราชการและลูกจ้างในหน่วยงานของรัฐ,ธนาคารออมสินภาค 13,สินเชื่อเคหะ,DCO2026,2026-08-28 09:00:00,marketing.gsb,GSB_final_lead_list_2026-08-28.xlsx
TL003489,20 - 30,"01. 0-5,000",ผู้ประกอบธุรกิจ / เจ้าของกิจการ,ธนาคารออมสินภาค 10,สินเชื่อเคหะ,DCO2026,2026-08-28 09:00:00,marketing.gsb,GSB_final_lead_list_2026-08-28.xlsx
TL003490,31 - 40,"05. 30,001-40,000",ผู้รับจ้างทั่วไป / ผู้ใช้แรงงาน,ธนาคารออมสินภาค 13,สินเชื่อเคหะ,DCO2026,2026-08-28 09:00:00,marketing.gsb,GSB_final_lead_list_2026-08-28.xlsx
TL003491,20 - 30,"02. 5,001-10,000",ผู้ประกอบธุรกิจ / เจ้าของกิจการ,ธนาคารออมสินภาค 11,สินเชื่อเคหะ,DCO2026,2026-08-28 09:00:00,marketing.gsb,GSB_final_lead_list_2026-08-28.xlsx
TL003492,20 - 30,"04. 20,001-30,000",ผู้รับจ้างทั่วไป / ผู้ใช้แรงงาน,ธนาคารออมสินภาค 1,สินเชื่อเคหะ,DCO2026,2026-08-28 09:00:00,marketing.gsb,GSB_final_lead_list_2026-08-28.xlsx
TL003493,20 - 30,"01. 0-5,000",ผู้ประกอบธุรกิจ / เจ้าของกิจการ,ธนาคารออมสินภาค 10,สินเชื่อเคหะ,DCO2026,2026-08-28 09:00:00,marketing.gsb,GSB_final_lead_list_2026-08-28.xlsx
TL003494,31 - 40,"02. 5,001-10,000",ผู้รับจ้างทั่วไป / ผู้ใช้แรงงาน,ธนาคารออมสินภาค 13,สินเชื่อเคหะ,DCO2026,2026-08-28 09:00:00,marketing.gsb,GSB_final_lead_list_2026-08-28.xlsx
TL003495,Under 20,"01. 0-5,000",ประกอบอาชีพอิสระ,ธนาคารออมสินภาค 12,สินเชื่อเคหะ,DCO2026,2026-08-28 09:00:00,marketing.gsb,GSB_final_lead_list_2026-08-28.xlsx
TL003496,61 - 65,"06. 40,001-50,000",ประกอบอาชีพอิสระ,ธนาคารออมสินภาค 1,สินเชื่อเคหะ,DCO2026,2026-08-28 09:00:00,marketing.gsb,GSB_final_lead_list_2026-08-28.xlsx
TL003497,31 - 40,"01. 0-5,000",ประกอบวิชาชีพเฉพาะ,ธนาคารออมสินภาค 1,สินเชื่อเคหะ,DCO2026,2026-08-28 09:00:00,marketing.gsb,GSB_final_lead_list_2026-08-28.xlsx
TL003498,20 - 30,"05. 30,001-40,000",ผู้ประกอบธุรกิจ / เจ้าของกิจการ,ธนาคารออมสินภาค 10,สินเชื่อเคหะ,DCO2026,2026-08-28 09:00:00,marketing.gsb,GSB_final_lead_list_2026-08-28.xlsx
TL003499,31 - 40,"06. 40,001-50,000",ข้าราชการและลูกจ้างในหน่วยงานของรัฐ,ธนาคารออมสินภาค 1,สินเชื่อเคหะ,DCO2026,2026-08-28 09:00:00,marketing.gsb,GSB_final_lead_list_2026-08-28.xlsx
TL003500,31 - 40,"06. 40,001-50,000",ประกอบอาชีพอิสระ,ธนาคารออมสินภาค 1,สินเชื่อเคหะ,DCO2026,2026-08-28 09:00:00,marketing.gsb,GSB_final_lead_list_2026-08-28.xlsx
TL003501,Under 20,"06. 40,001-50,000",ประกอบวิชาชีพเฉพาะ,ธนาคารออมสินภาค 10,สินเชื่อเคหะ,DCO2026,2026-08-28 09:00:00,marketing.gsb,GSB_final_lead_list_2026-08-28.xlsx
TL003502,Under 20,"06. 40,001-50,000",พนักงานและลูกจ้างในบริษัท,ธนาคารออมสินภาค 12,สินเชื่อเคหะ,DCO2026,2026-08-28 09:00:00,marketing.gsb,GSB_final_lead_list_2026-08-28.xlsx
TL003503,20 - 30,"02. 5,001-10,000",พนักงานและลูกจ้างในหน่วยงานรัฐวิสาหกิจ,ธนาคารออมสินภาค 1,สินเชื่อเคหะ,DCO2026,2026-08-28 09:00:00,marketing.gsb,GSB_final_lead_list_2026-08-28.xlsx
TL003504,31 - 40,"06. 40,001-50,000",พนักงานและลูกจ้างในบริษัท,ธนาคารออมสินภาค 12,สินเชื่อเคหะ,DCO2026,2026-08-28 09:00:00,marketing.gsb,GSB_final_lead_list_2026-08-28.xlsx
TL003505,61 - 65,"04. 20,001-30,000",ผู้ประกอบธุรกิจ / เจ้าของกิจการ,ธนาคารออมสินภาค 1,สินเชื่อเคหะ,DCO2026,2026-08-28 09:00:00,marketing.gsb,GSB_final_lead_list_2026-08-28.xlsx
TL003506,41 - 50,"04. 20,001-30,000",พนักงานและลูกจ้างในบริษัท,ธนาคารออมสินภาค 11,สินเชื่อเคหะ,DCO2026,2026-08-28 09:00:00,marketing.gsb,GSB_final_lead_list_2026-08-28.xlsx
TL003507,20 - 30,"04. 20,001-30,000",ผู้รับจ้างทั่วไป / ผู้ใช้แรงงาน,ธนาคารออมสินภาค 13,สินเชื่อเคหะ,DCO2026,2026-08-28 09:00:00,marketing.gsb,GSB_final_lead_list_2026-08-28.xlsx
TL003508,51 - 60,"07. >50,000",ประกอบวิชาชีพเฉพาะ,ธนาคารออมสินภาค 10,สินเชื่อเคหะ,DCO2026,2026-08-28 09:00:00,marketing.gsb,GSB_final_lead_list_2026-08-28.xlsx
TL003509,65 Up,"05. 30,001-40,000",ผู้รับจ้างทั่วไป / ผู้ใช้แรงงาน,ธนาคารออมสินภาค 1,สินเชื่อเคหะ,DCO2026,2026-08-28 09:00:00,marketing.gsb,GSB_final_lead_list_2026-08-28.xlsx
TL003510,31 - 40,"06. 40,001-50,000",ผู้รับจ้างทั่วไป / ผู้ใช้แรงงาน,ธนาคารออมสินภาค 11,สินเชื่อเคหะ,DCO2026,2026-08-28 09:00:00,marketing.gsb,GSB_final_lead_list_2026-08-28.xlsx
TL003511,20 - 30,"05. 30,001-40,000",ผู้รับจ้างทั่วไป / ผู้ใช้แรงงาน,ธนาคารออมสินภาค 13,สินเชื่อเคหะ,DCO2026,2026-08-28 09:00:00,marketing.gsb,GSB_final_lead_list_2026-08-28.xlsx
TL003512,31 - 40,"06. 40,001-50,000",พนักงานและลูกจ้างในบริษัท,ธนาคารออมสินภาค 12,สินเชื่อเคหะ,DCO2026,2026-08-28 09:00:00,marketing.gsb,GSB_final_lead_list_2026-08-28.xlsx
TL003513,31 - 40,"07. >50,000",ประกอบวิชาชีพเฉพาะ,ธนาคารออมสินภาค 12,สินเชื่อเคหะ,DCO2026,2026-08-28 09:00:00,marketing.gsb,GSB_final_lead_list_2026-08-28.xlsx
TL003514,31 - 40,"04. 20,001-30,000",พนักงานและลูกจ้างในบริษัท,ธนาคารออมสินภาค 12,สินเชื่อเคหะ,DCO2026,2026-08-28 09:00:00,marketing.gsb,GSB_final_lead_list_2026-08-28.xlsx
TL003515,31 - 40,"06. 40,001-50,000",ประกอบอาชีพอิสระ,ธนาคารออมสินภาค 13,สินเชื่อเคหะ,DCO2026,2026-08-28 09:00:00,marketing.gsb,GSB_final_lead_list_2026-08-28.xlsx
TL003516,41 - 50,"05. 30,001-40,000",ประกอบอาชีพอิสระ,ธนาคารออมสินภาค 10,สินเชื่อเคหะ,DCO2026,2026-08-28 09:00:00,marketing.gsb,GSB_final_lead_list_2026-08-28.xlsx
TL003517,20 - 30,"05. 30,001-40,000",พนักงานและลูกจ้างในหน่วยงานรัฐวิสาหกิจ,ธนาคารออมสินภาค 13,สินเชื่อเคหะ,DCO2026,2026-08-28 09:00:00,marketing.gsb,GSB_final_lead_list_2026-08-28.xlsx
TL003518,31 - 40,"05. 30,001-40,000",ข้าราชการและลูกจ้างในหน่วยงานของรัฐ,ธนาคารออมสินภาค 11,สินเชื่อเคหะ,DCO2026,2026-08-28 09:00:00,marketing.gsb,GSB_final_lead_list_2026-08-28.xlsx
TL003519,51 - 60,"04. 20,001-30,000",ผู้ประกอบธุรกิจ / เจ้าของกิจการ,ธนาคารออมสินภาค 11,สินเชื่อเคหะ,DCO2026,2026-08-28 09:00:00,marketing.gsb,GSB_final_lead_list_2026-08-28.xlsx
TL003520,20 - 30,"06. 40,001-50,000",พนักงานและลูกจ้างในบริษัท,ธนาคารออมสินภาค 12,สินเชื่อเคหะ,DCO2026,2026-08-28 09:00:00,marketing.gsb,GSB_final_lead_list_2026-08-28.xlsx
TL003521,61 - 65,"06. 40,001-50,000",พนักงานและลูกจ้างในหน่วยงานรัฐวิสาหกิจ,ธนาคารออมสินภาค 1,สินเชื่อเคหะ,DCO2026,2026-08-28 09:00:00,marketing.gsb,GSB_final_lead_list_2026-08-28.xlsx
TL003522,31 - 40,"06. 40,001-50,000",พนักงานและลูกจ้างในหน่วยงานรัฐวิสาหกิจ,ธนาคารออมสินภาค 13,สินเชื่อเคหะ,DCO2026,2026-08-28 09:00:00,marketing.gsb,GSB_final_lead_list_2026-08-28.xlsx
TL003523,31 - 40,"04. 20,001-30,000",พนักงานและลูกจ้างในหน่วยงานรัฐวิสาหกิจ,ธนาคารออมสินภาค 11,สินเชื่อเคหะ,DCO2026,2026-08-28 09:00:00,marketing.gsb,GSB_final_lead_list_2026-08-28.xlsx
TL003524,41 - 50,"06. 40,001-50,000",ผู้ประกอบธุรกิจ / เจ้าของกิจการ,ธนาคารออมสินภาค 1,สินเชื่อเคหะ,DCO2026,2026-08-28 09:00:00,marketing.gsb,GSB_final_lead_list_2026-08-28.xlsx
TL003525,51 - 60,"06. 40,001-50,000",ข้าราชการและลูกจ้างในหน่วยงานของรัฐ,ธนาคารออมสินภาค 10,สินเชื่อเคหะ,DCO2026,2026-08-28 09:00:00,marketing.gsb,GSB_final_lead_list_2026-08-28.xlsx
TL003526,20 - 30,"06. 40,001-50,000",ผู้ประกอบธุรกิจ / เจ้าของกิจการ,ธนาคารออมสินภาค 13,สินเชื่อเคหะ,DCO2026,2026-08-28 09:00:00,marketing.gsb,GSB_final_lead_list_2026-08-28.xlsx
TL003527,31 - 40,"05. 30,001-40,000",ผู้ประกอบธุรกิจ / เจ้าของกิจการ,ธนาคารออมสินภาค 10,สินเชื่อเคหะ,DCO2026,2026-08-28 09:00:00,marketing.gsb,GSB_final_lead_list_2026-08-28.xlsx
TL003528,65 Up,"04. 20,001-30,000",ประกอบอาชีพอิสระ,ธนาคารออมสินภาค 13,สินเชื่อเคหะ,DCO2026,2026-08-28 09:00:00,marketing.gsb,GSB_final_lead_list_2026-08-28.xlsx
TL003529,31 - 40,"04. 20,001-30,000",ผู้ประกอบธุรกิจ / เจ้าของกิจการ,ธนาคารออมสินภาค 10,สินเชื่อเคหะ,DCO2026,2026-08-28 09:00:00,marketing.gsb,GSB_final_lead_list_2026-08-28.xlsx
TL003530,31 - 40,"05. 30,001-40,000",ประกอบอาชีพอิสระ,ธนาคารออมสินภาค 1,สินเชื่อเคหะ,DCO2026,2026-08-28 09:00:00,marketing.gsb,GSB_final_lead_list_2026-08-28.xlsx
TL003531,41 - 50,"06. 40,001-50,000",พนักงานและลูกจ้างในบริษัท,ธนาคารออมสินภาค 11,สินเชื่อเคหะ,DCO2026,2026-08-28 09:00:00,marketing.gsb,GSB_final_lead_list_2026-08-28.xlsx
TL003532,31 - 40,"04. 20,001-30,000",ข้าราชการและลูกจ้างในหน่วยงานของรัฐ,ธนาคารออมสินภาค 10,สินเชื่อเคหะ,DCO2026,2026-08-28 09:00:00,marketing.gsb,GSB_final_lead_list_2026-08-28.xlsx
TL003533,61 - 65,"04. 20,001-30,000",พนักงานและลูกจ้างในหน่วยงานรัฐวิสาหกิจ,ธนาคารออมสินภาค 10,สินเชื่อเคหะ,DCO2026,2026-08-28 09:00:00,marketing.gsb,GSB_final_lead_list_2026-08-28.xlsx
TL003534,41 - 50,"06. 40,001-50,000",พนักงานและลูกจ้างในหน่วยงานรัฐวิสาหกิจ,ธนาคารออมสินภาค 11,สินเชื่อเคหะ,DCO2026,2026-08-28 09:00:00,marketing.gsb,GSB_final_lead_list_2026-08-28.xlsx
TL003535,20 - 30,"04. 20,001-30,000",ผู้รับจ้างทั่วไป / ผู้ใช้แรงงาน,ธนาคารออมสินภาค 13,สินเชื่อเคหะ,DCO2026,2026-08-28 09:00:00,marketing.gsb,GSB_final_lead_list_2026-08-28.xlsx
TL003536,41 - 50,"03. 10,001-20,000",ประกอบวิชาชีพเฉพาะ,ธนาคารออมสินภาค 1,สินเชื่อเคหะ,DCO2026,2026-08-28 09:00:00,marketing.gsb,GSB_final_lead_list_2026-08-28.xlsx
TL003537,41 - 50,"04. 20,001-30,000",ผู้รับจ้างทั่วไป / ผู้ใช้แรงงาน,ธนาคารออมสินภาค 1,สินเชื่อเคหะ,DCO2026,2026-08-28 09:00:00,marketing.gsb,GSB_final_lead_list_2026-08-28.xlsx
TL003538,31 - 40,"05. 30,001-40,000",พนักงานและลูกจ้างในหน่วยงานรัฐวิสาหกิจ,ธนาคารออมสินภาค 12,สินเชื่อเคหะ,DCO2026,2026-08-28 09:00:00,marketing.gsb,GSB_final_lead_list_2026-08-28.xlsx
TL003539,31 - 40,"04. 20,001-30,000",พนักงานและลูกจ้างในบริษัท,ธนาคารออมสินภาค 12,สินเชื่อเคหะ,DCO2026,2026-08-28 09:00:00,marketing.gsb,GSB_final_lead_list_2026-08-28.xlsx
TL003540,51 - 60,"02. 5,001-10,000",ประกอบอาชีพอิสระ,ธนาคารออมสินภาค 12,สินเชื่อเคหะ,DCO2026,2026-08-28 09:00:00,marketing.gsb,GSB_final_lead_list_2026-08-28.xlsx
TL003541,31 - 40,"05. 30,001-40,000",ประกอบอาชีพอิสระ,ธนาคารออมสินภาค 1,สินเชื่อเคหะ,DCO2026,2026-08-28 09:00:00,marketing.gsb,GSB_final_lead_list_2026-08-28.xlsx
TL003542,20 - 30,"03. 10,001-20,000",ผู้ประกอบธุรกิจ / เจ้าของกิจการ,ธนาคารออมสินภาค 11,สินเชื่อเคหะ,DCO2026,2026-08-28 09:00:00,marketing.gsb,GSB_final_lead_list_2026-08-28.xlsx
TL003543,51 - 60,"02. 5,001-10,000",ผู้ประกอบธุรกิจ / เจ้าของกิจการ,ธนาคารออมสินภาค 13,สินเชื่อเคหะ,DCO2026,2026-08-28 09:00:00,marketing.gsb,GSB_final_lead_list_2026-08-28.xlsx
TL003544,31 - 40,"01. 0-5,000",ประกอบวิชาชีพเฉพาะ,ธนาคารออมสินภาค 11,สินเชื่อเคหะ,DCO2026,2026-08-28 09:00:00,marketing.gsb,GSB_final_lead_list_2026-08-28.xlsx
TL003545,20 - 30,"04. 20,001-30,000",ประกอบอาชีพอิสระ,ธนาคารออมสินภาค 11,สินเชื่อเคหะ,DCO2026,2026-08-28 09:00:00,marketing.gsb,GSB_final_lead_list_2026-08-28.xlsx
TL003546,20 - 30,"05. 30,001-40,000",พนักงานและลูกจ้างในหน่วยงานรัฐวิสาหกิจ,ธนาคารออมสินภาค 10,สินเชื่อเคหะ,DCO2026,2026-08-28 09:00:00,marketing.gsb,GSB_final_lead_list_2026-08-28.xlsx
TL003547,20 - 30,"06. 40,001-50,000",พนักงานและลูกจ้างในหน่วยงานรัฐวิสาหกิจ,ธนาคารออมสินภาค 1,สินเชื่อเคหะ,DCO2026,2026-08-28 09:00:00,marketing.gsb,GSB_final_lead_list_2026-08-28.xlsx
TL003548,20 - 30,"04. 20,001-30,000",พนักงานและลูกจ้างในบริษัท,ธนาคารออมสินภาค 1,สินเชื่อเคหะ,DCO2026,2026-08-28 09:00:00,marketing.gsb,GSB_final_lead_list_2026-08-28.xlsx
TL003549,20 - 30,"06. 40,001-50,000",พนักงานและลูกจ้างในหน่วยงานรัฐวิสาหกิจ,ธนาคารออมสินภาค 1,สินเชื่อเคหะ,DCO2026,2026-08-28 09:00:00,marketing.gsb,GSB_final_lead_list_2026-08-28.xlsx
TL003550,20 - 30,"06. 40,001-50,000",พนักงานและลูกจ้างในบริษัท,ธนาคารออมสินภาค 13,สินเชื่อเคหะ,DCO2026,2026-08-28 09:00:00,marketing.gsb,GSB_final_lead_list_2026-08-28.xlsx
TL003551,51 - 60,"06. 40,001-50,000",ผู้ประกอบธุรกิจ / เจ้าของกิจการ,ธนาคารออมสินภาค 10,สินเชื่อเคหะ,DCO2026,2026-08-28 09:00:00,marketing.gsb,GSB_final_lead_list_2026-08-28.xlsx
TL003552,31 - 40,"04. 20,001-30,000",ผู้รับจ้างทั่วไป / ผู้ใช้แรงงาน,ธนาคารออมสินภาค 10,สินเชื่อเคหะ,DCO2026,2026-08-28 09:00:00,marketing.gsb,GSB_final_lead_list_2026-08-28.xlsx
TL003553,20 - 30,"04. 20,001-30,000",ประกอบอาชีพอิสระ,ธนาคารออมสินภาค 11,สินเชื่อเคหะ,DCO2026,2026-08-28 09:00:00,marketing.gsb,GSB_final_lead_list_2026-08-28.xlsx
TL003554,51 - 60,"01. 0-5,000",ข้าราชการและลูกจ้างในหน่วยงานของรัฐ,ธนาคารออมสินภาค 1,สินเชื่อเคหะ,DCO2026,2026-08-28 09:00:00,marketing.gsb,GSB_final_lead_list_2026-08-28.xlsx
TL003555,41 - 50,"05. 30,001-40,000",ข้าราชการและลูกจ้างในหน่วยงานของรัฐ,ธนาคารออมสินภาค 11,สินเชื่อเคหะ,DCO2026,2026-08-28 09:00:00,marketing.gsb,GSB_final_lead_list_2026-08-28.xlsx
TL003556,51 - 60,"06. 40,001-50,000",พนักงานและลูกจ้างในหน่วยงานรัฐวิสาหกิจ,ธนาคารออมสินภาค 10,สินเชื่อเคหะ,DCO2026,2026-08-28 09:00:00,marketing.gsb,GSB_final_lead_list_2026-08-28.xlsx
TL003557,31 - 40,"01. 0-5,000",พนักงานและลูกจ้างในหน่วยงานรัฐวิสาหกิจ,ธนาคารออมสินภาค 11,สินเชื่อเคหะ,DCO2026,2026-08-28 09:00:00,marketing.gsb,GSB_final_lead_list_2026-08-28.xlsx
TL003558,41 - 50,"02. 5,001-10,000",ประกอบวิชาชีพเฉพาะ,ธนาคารออมสินภาค 10,สินเชื่อเคหะ,DCO2026,2026-08-28 09:00:00,marketing.gsb,GSB_final_lead_list_2026-08-28.xlsx
TL003559,20 - 30,"04. 20,001-30,000",ประกอบวิชาชีพเฉพาะ,ธนาคารออมสินภาค 12,สินเชื่อเคหะ,DCO2026,2026-08-28 09:00:00,marketing.gsb,GSB_final_lead_list_2026-08-28.xlsx
TL003560,31 - 40,"01. 0-5,000",ข้าราชการและลูกจ้างในหน่วยงานของรัฐ,ธนาคารออมสินภาค 13,สินเชื่อเคหะ,DCO2026,2026-08-28 09:00:00,marketing.gsb,GSB_final_lead_list_2026-08-28.xlsx
TL003561,20 - 30,"02. 5,001-10,000",ผู้ประกอบธุรกิจ / เจ้าของกิจการ,ธนาคารออมสินภาค 12,สินเชื่อเคหะ,DCO2026,2026-08-28 09:00:00,marketing.gsb,GSB_final_lead_list_2026-08-28.xlsx
TL003562,20 - 30,"02. 5,001-10,000",พนักงานและลูกจ้างในหน่วยงานรัฐวิสาหกิจ,ธนาคารออมสินภาค 10,สินเชื่อเคหะ,DCO2026,2026-08-28 09:00:00,marketing.gsb,GSB_final_lead_list_2026-08-28.xlsx
TL003563,20 - 30,"04. 20,001-30,000",ข้าราชการและลูกจ้างในหน่วยงานของรัฐ,ธนาคารออมสินภาค 1,สินเชื่อเคหะ,DCO2026,2026-08-28 09:00:00,marketing.gsb,GSB_final_lead_list_2026-08-28.xlsx
TL003564,20 - 30,"03. 10,001-20,000",ประกอบอาชีพอิสระ,ธนาคารออมสินภาค 10,สินเชื่อเคหะ,DCO2026,2026-08-28 09:00:00,marketing.gsb,GSB_final_lead_list_2026-08-28.xlsx
TL003565,20 - 30,"06. 40,001-50,000",ผู้รับจ้างทั่วไป / ผู้ใช้แรงงาน,ธนาคารออมสินภาค 11,สินเชื่อเคหะ,DCO2026,2026-08-28 09:00:00,marketing.gsb,GSB_final_lead_list_2026-08-28.xlsx
TL003566,20 - 30,"06. 40,001-50,000",ผู้ประกอบธุรกิจ / เจ้าของกิจการ,ธนาคารออมสินภาค 12,สินเชื่อเคหะ,DCO2026,2026-08-28 09:00:00,marketing.gsb,GSB_final_lead_list_2026-08-28.xlsx
TL003567,Under 20,"03. 10,001-20,000",ข้าราชการและลูกจ้างในหน่วยงานของรัฐ,ธนาคารออมสินภาค 1,สินเชื่อเคหะ,DCO2026,2026-08-28 09:00:00,marketing.gsb,GSB_final_lead_list_2026-08-28.xlsx
TL003568,31 - 40,"03. 10,001-20,000",พนักงานและลูกจ้างในหน่วยงานรัฐวิสาหกิจ,ธนาคารออมสินภาค 10,สินเชื่อเคหะ,DCO2026,2026-08-28 09:00:00,marketing.gsb,GSB_final_lead_list_2026-08-28.xlsx
TL003569,20 - 30,"04. 20,001-30,000",พนักงานและลูกจ้างในหน่วยงานรัฐวิสาหกิจ,ธนาคารออมสินภาค 13,สินเชื่อเคหะ,DCO2026,2026-08-28 09:00:00,marketing.gsb,GSB_final_lead_list_2026-08-28.xlsx
TL003570,31 - 40,"06. 40,001-50,000",ข้าราชการและลูกจ้างในหน่วยงานของรัฐ,ธนาคารออมสินภาค 12,สินเชื่อเคหะ,DCO2026,2026-08-28 09:00:00,marketing.gsb,GSB_final_lead_list_2026-08-28.xlsx
TL003571,20 - 30,"05. 30,001-40,000",ผู้รับจ้างทั่วไป / ผู้ใช้แรงงาน,ธนาคารออมสินภาค 11,สินเชื่อเคหะ,DCO2026,2026-08-28 09:00:00,marketing.gsb,GSB_final_lead_list_2026-08-28.xlsx
TL003572,Under 20,"06. 40,001-50,000",ประกอบวิชาชีพเฉพาะ,ธนาคารออมสินภาค 13,สินเชื่อเคหะ,DCO2026,2026-08-28 09:00:00,marketing.gsb,GSB_final_lead_list_2026-08-28.xlsx
TL003573,41 - 50,"06. 40,001-50,000",พนักงานและลูกจ้างในหน่วยงานรัฐวิสาหกิจ,ธนาคารออมสินภาค 11,สินเชื่อเคหะ,DCO2026,2026-08-28 09:00:00,marketing.gsb,GSB_final_lead_list_2026-08-28.xlsx
TL003574,41 - 50,"04. 20,001-30,000",พนักงานและลูกจ้างในบริษัท,ธนาคารออมสินภาค 13,สินเชื่อเคหะ,DCO2026,2026-08-28 09:00:00,marketing.gsb,GSB_final_lead_list_2026-08-28.xlsx
TL003575,31 - 40,"01. 0-5,000",ผู้ประกอบธุรกิจ / เจ้าของกิจการ,ธนาคารออมสินภาค 13,สินเชื่อเคหะ,DCO2026,2026-08-28 09:00:00,marketing.gsb,GSB_final_lead_list_2026-08-28.xlsx
TL003576,61 - 65,"02. 5,001-10,000",ประกอบอาชีพอิสระ,ธนาคารออมสินภาค 1,สินเชื่อเคหะ,DCO2026,2026-08-28 09:00:00,marketing.gsb,GSB_final_lead_list_2026-08-28.xlsx
TL003577,41 - 50,"05. 30,001-40,000",ประกอบอาชีพอิสระ,ธนาคารออมสินภาค 1,สินเชื่อเคหะ,DCO2026,2026-08-28 09:00:00,marketing.gsb,GSB_final_lead_list_2026-08-28.xlsx
TL003578,41 - 50,"07. >50,000",พนักงานและลูกจ้างในหน่วยงานรัฐวิสาหกิจ,ธนาคารออมสินภาค 12,สินเชื่อเคหะ,DCO2026,2026-08-28 09:00:00,marketing.gsb,GSB_final_lead_list_2026-08-28.xlsx
TL003579,51 - 60,"05. 30,001-40,000",ข้าราชการและลูกจ้างในหน่วยงานของรัฐ,ธนาคารออมสินภาค 10,สินเชื่อเคหะ,DCO2026,2026-08-28 09:00:00,marketing.gsb,GSB_final_lead_list_2026-08-28.xlsx
TL003580,51 - 60,"03. 10,001-20,000",ข้าราชการและลูกจ้างในหน่วยงานของรัฐ,ธนาคารออมสินภาค 11,สินเชื่อเคหะ,DCO2026,2026-08-28 09:00:00,marketing.gsb,GSB_final_lead_list_2026-08-28.xlsx
TL003581,31 - 40,"06. 40,001-50,000",ผู้ประกอบธุรกิจ / เจ้าของกิจการ,ธนาคารออมสินภาค 1,สินเชื่อเคหะ,DCO2026,2026-08-28 09:00:00,marketing.gsb,GSB_final_lead_list_2026-08-28.xlsx
TL003582,31 - 40,"05. 30,001-40,000",พนักงานและลูกจ้างในบริษัท,ธนาคารออมสินภาค 13,สินเชื่อเคหะ,DCO2026,2026-08-28 09:00:00,marketing.gsb,GSB_final_lead_list_2026-08-28.xlsx
TL003583,31 - 40,"03. 10,001-20,000",ข้าราชการและลูกจ้างในหน่วยงานของรัฐ,ธนาคารออมสินภาค 13,สินเชื่อเคหะ,DCO2026,2026-08-28 09:00:00,marketing.gsb,GSB_final_lead_list_2026-08-28.xlsx
TL003584,51 - 60,"05. 30,001-40,000",ประกอบอาชีพอิสระ,ธนาคารออมสินภาค 11,สินเชื่อเคหะ,DCO2026,2026-08-28 09:00:00,marketing.gsb,GSB_final_lead_list_2026-08-28.xlsx
TL003585,20 - 30,"07. >50,000",ผู้ประกอบธุรกิจ / เจ้าของกิจการ,ธนาคารออมสินภาค 13,สินเชื่อเคหะ,DCO2026,2026-08-28 09:00:00,marketing.gsb,GSB_final_lead_list_2026-08-28.xlsx
TL003586,41 - 50,"05. 30,001-40,000",ผู้ประกอบธุรกิจ / เจ้าของกิจการ,ธนาคารออมสินภาค 13,สินเชื่อเคหะ,DCO2026,2026-08-28 09:00:00,marketing.gsb,GSB_final_lead_list_2026-08-28.xlsx
TL003587,41 - 50,"05. 30,001-40,000",ประกอบอาชีพอิสระ,ธนาคารออมสินภาค 13,สินเชื่อเคหะ,DCO2026,2026-08-28 09:00:00,marketing.gsb,GSB_final_lead_list_2026-08-28.xlsx
TL003588,20 - 30,"02. 5,001-10,000",ผู้รับจ้างทั่วไป / ผู้ใช้แรงงาน,ธนาคารออมสินภาค 11,สินเชื่อเคหะ,DCO2026,2026-08-28 09:00:00,marketing.gsb,GSB_final_lead_list_2026-08-28.xlsx
TL003589,31 - 40,"01. 0-5,000",ประกอบอาชีพอิสระ,ธนาคารออมสินภาค 13,สินเชื่อเคหะ,DCO2026,2026-08-28 09:00:00,marketing.gsb,GSB_final_lead_list_2026-08-28.xlsx
TL003590,31 - 40,"06. 40,001-50,000",ประกอบวิชาชีพเฉพาะ,ธนาคารออมสินภาค 1,สินเชื่อเคหะ,DCO2026,2026-08-28 09:00:00,marketing.gsb,GSB_final_lead_list_2026-08-28.xlsx
TL003591,41 - 50,"05. 30,001-40,000",ผู้ประกอบธุรกิจ / เจ้าของกิจการ,ธนาคารออมสินภาค 1,สินเชื่อเคหะ,DCO2026,2026-08-28 09:00:00,marketing.gsb,GSB_final_lead_list_2026-08-28.xlsx
TL003592,41 - 50,"02. 5,001-10,000",ประกอบวิชาชีพเฉพาะ,ธนาคารออมสินภาค 11,สินเชื่อเคหะ,DCO2026,2026-08-28 09:00:00,marketing.gsb,GSB_final_lead_list_2026-08-28.xlsx
TL003593,20 - 30,"05. 30,001-40,000",ประกอบอาชีพอิสระ,ธนาคารออมสินภาค 13,สินเชื่อเคหะ,DCO2026,2026-08-28 09:00:00,marketing.gsb,GSB_final_lead_list_2026-08-28.xlsx
TL003594,20 - 30,"05. 30,001-40,000",พนักงานและลูกจ้างในบริษัท,ธนาคารออมสินภาค 12,สินเชื่อเคหะ,DCO2026,2026-08-28 09:00:00,marketing.gsb,GSB_final_lead_list_2026-08-28.xlsx
TL003595,51 - 60,"01. 0-5,000",พนักงานและลูกจ้างในหน่วยงานรัฐวิสาหกิจ,ธนาคารออมสินภาค 1,สินเชื่อเคหะ,DCO2026,2026-08-28 09:00:00,marketing.gsb,GSB_final_lead_list_2026-08-28.xlsx
TL003596,31 - 40,"01. 0-5,000",ประกอบวิชาชีพเฉพาะ,ธนาคารออมสินภาค 12,สินเชื่อเคหะ,DCO2026,2026-08-28 09:00:00,marketing.gsb,GSB_final_lead_list_2026-08-28.xlsx
TL003597,20 - 30,"05. 30,001-40,000",ผู้รับจ้างทั่วไป / ผู้ใช้แรงงาน,ธนาคารออมสินภาค 13,สินเชื่อเคหะ,DCO2026,2026-08-28 09:00:00,marketing.gsb,GSB_final_lead_list_2026-08-28.xlsx
TL003598,20 - 30,"03. 10,001-20,000",พนักงานและลูกจ้างในบริษัท,ธนาคารออมสินภาค 11,สินเชื่อเคหะ,DCO2026,2026-08-28 09:00:00,marketing.gsb,GSB_final_lead_list_2026-08-28.xlsx
TL003599,31 - 40,"04. 20,001-30,000",ผู้ประกอบธุรกิจ / เจ้าของกิจการ,ธนาคารออมสินภาค 13,สินเชื่อเคหะ,DCO2026,2026-08-28 09:00:00,marketing.gsb,GSB_final_lead_list_2026-08-28.xlsx
TL003600,20 - 30,"05. 30,001-40,000",พนักงานและลูกจ้างในหน่วยงานรัฐวิสาหกิจ,ธนาคารออมสินภาค 12,สินเชื่อเคหะ,DCO2026,2026-08-28 09:00:00,marketing.gsb,GSB_final_lead_list_2026-08-28.xlsx
TL003601,31 - 40,"05. 30,001-40,000",ประกอบอาชีพอิสระ,ธนาคารออมสินภาค 12,สินเชื่อเคหะ,DCO2026,2026-08-28 09:00:00,marketing.gsb,GSB_final_lead_list_2026-08-28.xlsx
TL003602,51 - 60,"01. 0-5,000",ประกอบวิชาชีพเฉพาะ,ธนาคารออมสินภาค 1,สินเชื่อเคหะ,DCO2026,2026-08-28 09:00:00,marketing.gsb,GSB_final_lead_list_2026-08-28.xlsx
TL003603,20 - 30,"01. 0-5,000",พนักงานและลูกจ้างในบริษัท,ธนาคารออมสินภาค 1,สินเชื่อเคหะ,DCO2026,2026-08-28 09:00:00,marketing.gsb,GSB_final_lead_list_2026-08-28.xlsx
TL003604,31 - 40,"06. 40,001-50,000",ประกอบอาชีพอิสระ,ธนาคารออมสินภาค 1,สินเชื่อเคหะ,DCO2026,2026-08-28 09:00:00,marketing.gsb,GSB_final_lead_list_2026-08-28.xlsx
TL003605,20 - 30,"05. 30,001-40,000",ผู้รับจ้างทั่วไป / ผู้ใช้แรงงาน,ธนาคารออมสินภาค 10,สินเชื่อเคหะ,DCO2026,2026-08-28 09:00:00,marketing.gsb,GSB_final_lead_list_2026-08-28.xlsx
TL003606,20 - 30,"06. 40,001-50,000",ผู้รับจ้างทั่วไป / ผู้ใช้แรงงาน,ธนาคารออมสินภาค 1,สินเชื่อเคหะ,DCO2026,2026-08-28 09:00:00,marketing.gsb,GSB_final_lead_list_2026-08-28.xlsx
TL003607,41 - 50,"02. 5,001-10,000",พนักงานและลูกจ้างในหน่วยงานรัฐวิสาหกิจ,ธนาคารออมสินภาค 13,สินเชื่อเคหะ,DCO2026,2026-08-28 09:00:00,marketing.gsb,GSB_final_lead_list_2026-08-28.xlsx
TL003608,20 - 30,"04. 20,001-30,000",พนักงานและลูกจ้างในหน่วยงานรัฐวิสาหกิจ,ธนาคารออมสินภาค 12,สินเชื่อเคหะ,DCO2026,2026-08-28 09:00:00,marketing.gsb,GSB_final_lead_list_2026-08-28.xlsx
TL003609,51 - 60,"07. >50,000",ผู้รับจ้างทั่วไป / ผู้ใช้แรงงาน,ธนาคารออมสินภาค 10,สินเชื่อเคหะ,DCO2026,2026-08-28 09:00:00,marketing.gsb,GSB_final_lead_list_2026-08-28.xlsx
TL003610,31 - 40,"07. >50,000",พนักงานและลูกจ้างในบริษัท,ธนาคารออมสินภาค 13,สินเชื่อเคหะ,DCO2026,2026-08-28 09:00:00,marketing.gsb,GSB_final_lead_list_2026-08-28.xlsx
TL003611,20 - 30,"05. 30,001-40,000",พนักงานและลูกจ้างในหน่วยงานรัฐวิสาหกิจ,ธนาคารออมสินภาค 11,สินเชื่อเคหะ,DCO2026,2026-08-28 09:00:00,marketing.gsb,GSB_final_lead_list_2026-08-28.xlsx
TL003612,65 Up,"05. 30,001-40,000",พนักงานและลูกจ้างในบริษัท,ธนาคารออมสินภาค 12,สินเชื่อเคหะ,DCO2026,2026-08-28 09:00:00,marketing.gsb,GSB_final_lead_list_2026-08-28.xlsx
TL003613,Under 20,"04. 20,001-30,000",ผู้รับจ้างทั่วไป / ผู้ใช้แรงงาน,ธนาคารออมสินภาค 11,สินเชื่อเคหะ,DCO2026,2026-08-28 09:00:00,marketing.gsb,GSB_final_lead_list_2026-08-28.xlsx
TL003614,41 - 50,"05. 30,001-40,000",ประกอบวิชาชีพเฉพาะ,ธนาคารออมสินภาค 10,สินเชื่อเคหะ,DCO2026,2026-08-28 09:00:00,marketing.gsb,GSB_final_lead_list_2026-08-28.xlsx
TL003615,31 - 40,"06. 40,001-50,000",ประกอบวิชาชีพเฉพาะ,ธนาคารออมสินภาค 13,สินเชื่อเคหะ,DCO2026,2026-08-28 09:00:00,marketing.gsb,GSB_final_lead_list_2026-08-28.xlsx
TL003616,31 - 40,"04. 20,001-30,000",ผู้ประกอบธุรกิจ / เจ้าของกิจการ,ธนาคารออมสินภาค 12,สินเชื่อเคหะ,DCO2026,2026-08-28 09:00:00,marketing.gsb,GSB_final_lead_list_2026-08-28.xlsx
TL003617,20 - 30,"06. 40,001-50,000",ประกอบวิชาชีพเฉพาะ,ธนาคารออมสินภาค 11,สินเชื่อเคหะ,DCO2026,2026-08-28 09:00:00,marketing.gsb,GSB_final_lead_list_2026-08-28.xlsx
TL003618,51 - 60,"06. 40,001-50,000",พนักงานและลูกจ้างในหน่วยงานรัฐวิสาหกิจ,ธนาคารออมสินภาค 12,สินเชื่อเคหะ,DCO2026,2026-08-28 09:00:00,marketing.gsb,GSB_final_lead_list_2026-08-28.xlsx
TL003619,31 - 40,"01. 0-5,000",ประกอบวิชาชีพเฉพาะ,ธนาคารออมสินภาค 13,สินเชื่อเคหะ,DCO2026,2026-08-28 09:00:00,marketing.gsb,GSB_final_lead_list_2026-08-28.xlsx
TL003620,20 - 30,"06. 40,001-50,000",ประกอบอาชีพอิสระ,ธนาคารออมสินภาค 11,สินเชื่อเคหะ,DCO2026,2026-08-28 09:00:00,marketing.gsb,GSB_final_lead_list_2026-08-28.xlsx
TL003621,41 - 50,"05. 30,001-40,000",ข้าราชการและลูกจ้างในหน่วยงานของรัฐ,ธนาคารออมสินภาค 10,สินเชื่อเคหะ,DCO2026,2026-08-28 09:00:00,marketing.gsb,GSB_final_lead_list_2026-08-28.xlsx
TL003622,51 - 60,"03. 10,001-20,000",ประกอบอาชีพอิสระ,ธนาคารออมสินภาค 13,สินเชื่อเคหะ,DCO2026,2026-08-28 09:00:00,marketing.gsb,GSB_final_lead_list_2026-08-28.xlsx
TL003623,41 - 50,"02. 5,001-10,000",พนักงานและลูกจ้างในหน่วยงานรัฐวิสาหกิจ,ธนาคารออมสินภาค 13,สินเชื่อเคหะ,DCO2026,2026-08-28 09:00:00,marketing.gsb,GSB_final_lead_list_2026-08-28.xlsx
TL003624,41 - 50,"05. 30,001-40,000",ข้าราชการและลูกจ้างในหน่วยงานของรัฐ,ธนาคารออมสินภาค 11,สินเชื่อเคหะ,DCO2026,2026-08-28 09:00:00,marketing.gsb,GSB_final_lead_list_2026-08-28.xlsx
TL003625,61 - 65,"02. 5,001-10,000",ผู้รับจ้างทั่วไป / ผู้ใช้แรงงาน,ธนาคารออมสินภาค 12,สินเชื่อเคหะ,DCO2026,2026-08-28 09:00:00,marketing.gsb,GSB_final_lead_list_2026-08-28.xlsx
TL003626,41 - 50,"06. 40,001-50,000",ผู้ประกอบธุรกิจ / เจ้าของกิจการ,ธนาคารออมสินภาค 12,สินเชื่อเคหะ,DCO2026,2026-08-28 09:00:00,marketing.gsb,GSB_final_lead_list_2026-08-28.xlsx
TL003627,20 - 30,"05. 30,001-40,000",พนักงานและลูกจ้างในบริษัท,ธนาคารออมสินภาค 13,สินเชื่อเคหะ,DCO2026,2026-08-28 09:00:00,marketing.gsb,GSB_final_lead_list_2026-08-28.xlsx
TL003628,41 - 50,"04. 20,001-30,000",ประกอบวิชาชีพเฉพาะ,ธนาคารออมสินภาค 11,สินเชื่อเคหะ,DCO2026,2026-08-28 09:00:00,marketing.gsb,GSB_final_lead_list_2026-08-28.xlsx
TL003629,51 - 60,"04. 20,001-30,000",พนักงานและลูกจ้างในบริษัท,ธนาคารออมสินภาค 1,สินเชื่อเคหะ,DCO2026,2026-08-28 09:00:00,marketing.gsb,GSB_final_lead_list_2026-08-28.xlsx
TL003630,31 - 40,"05. 30,001-40,000",ข้าราชการและลูกจ้างในหน่วยงานของรัฐ,ธนาคารออมสินภาค 11,สินเชื่อเคหะ,DCO2026,2026-08-28 09:00:00,marketing.gsb,GSB_final_lead_list_2026-08-28.xlsx
TL003631,31 - 40,"02. 5,001-10,000",ข้าราชการและลูกจ้างในหน่วยงานของรัฐ,ธนาคารออมสินภาค 13,สินเชื่อเคหะ,DCO2026,2026-08-28 09:00:00,marketing.gsb,GSB_final_lead_list_2026-08-28.xlsx
TL003632,20 - 30,"04. 20,001-30,000",ประกอบวิชาชีพเฉพาะ,ธนาคารออมสินภาค 10,สินเชื่อเคหะ,DCO2026,2026-08-28 09:00:00,marketing.gsb,GSB_final_lead_list_2026-08-28.xlsx
TL003633,20 - 30,"04. 20,001-30,000",ประกอบวิชาชีพเฉพาะ,ธนาคารออมสินภาค 1,สินเชื่อเคหะ,DCO2026,2026-08-28 09:00:00,marketing.gsb,GSB_final_lead_list_2026-08-28.xlsx
TL003634,31 - 40,"04. 20,001-30,000",ประกอบวิชาชีพเฉพาะ,ธนาคารออมสินภาค 13,สินเชื่อเคหะ,DCO2026,2026-08-28 09:00:00,marketing.gsb,GSB_final_lead_list_2026-08-28.xlsx
TL003635,41 - 50,"05. 30,001-40,000",ผู้ประกอบธุรกิจ / เจ้าของกิจการ,ธนาคารออมสินภาค 10,สินเชื่อเคหะ,DCO2026,2026-08-28 09:00:00,marketing.gsb,GSB_final_lead_list_2026-08-28.xlsx
TL003636,51 - 60,"04. 20,001-30,000",ประกอบอาชีพอิสระ,ธนาคารออมสินภาค 1,สินเชื่อเคหะ,DCO2026,2026-08-28 09:00:00,marketing.gsb,GSB_final_lead_list_2026-08-28.xlsx
TL003637,31 - 40,"01. 0-5,000",ข้าราชการและลูกจ้างในหน่วยงานของรัฐ,ธนาคารออมสินภาค 11,สินเชื่อเคหะ,DCO2026,2026-08-28 09:00:00,marketing.gsb,GSB_final_lead_list_2026-08-28.xlsx
TL003638,Under 20,"06. 40,001-50,000",พนักงานและลูกจ้างในหน่วยงานรัฐวิสาหกิจ,ธนาคารออมสินภาค 1,สินเชื่อเคหะ,DCO2026,2026-08-28 09:00:00,marketing.gsb,GSB_final_lead_list_2026-08-28.xlsx
TL003639,51 - 60,"06. 40,001-50,000",ประกอบวิชาชีพเฉพาะ,ธนาคารออมสินภาค 13,สินเชื่อเคหะ,DCO2026,2026-08-28 09:00:00,marketing.gsb,GSB_final_lead_list_2026-08-28.xlsx
TL003640,51 - 60,"05. 30,001-40,000",ประกอบอาชีพอิสระ,ธนาคารออมสินภาค 10,สินเชื่อเคหะ,DCO2026,2026-08-28 09:00:00,marketing.gsb,GSB_final_lead_list_2026-08-28.xlsx
TL003641,Under 20,"04. 20,001-30,000",ข้าราชการและลูกจ้างในหน่วยงานของรัฐ,ธนาคารออมสินภาค 1,สินเชื่อเคหะ,DCO2026,2026-08-28 09:00:00,marketing.gsb,GSB_final_lead_list_2026-08-28.xlsx
TL003642,51 - 60,"02. 5,001-10,000",ผู้รับจ้างทั่วไป / ผู้ใช้แรงงาน,ธนาคารออมสินภาค 1,สินเชื่อเคหะ,DCO2026,2026-08-28 09:00:00,marketing.gsb,GSB_final_lead_list_2026-08-28.xlsx
TL003643,31 - 40,"05. 30,001-40,000",ผู้ประกอบธุรกิจ / เจ้าของกิจการ,ธนาคารออมสินภาค 12,สินเชื่อเคหะ,DCO2026,2026-08-28 09:00:00,marketing.gsb,GSB_final_lead_list_2026-08-28.xlsx
TL003644,20 - 30,"04. 20,001-30,000",ผู้รับจ้างทั่วไป / ผู้ใช้แรงงาน,ธนาคารออมสินภาค 11,สินเชื่อเคหะ,DCO2026,2026-08-28 09:00:00,marketing.gsb,GSB_final_lead_list_2026-08-28.xlsx
TL003645,41 - 50,"07. >50,000",ผู้ประกอบธุรกิจ / เจ้าของกิจการ,ธนาคารออมสินภาค 1,สินเชื่อเคหะ,DCO2026,2026-08-28 09:00:00,marketing.gsb,GSB_final_lead_list_2026-08-28.xlsx
TL003646,20 - 30,"06. 40,001-50,000",ผู้รับจ้างทั่วไป / ผู้ใช้แรงงาน,ธนาคารออมสินภาค 1,สินเชื่อเคหะ,DCO2026,2026-08-28 09:00:00,marketing.gsb,GSB_final_lead_list_2026-08-28.xlsx
TL003647,20 - 30,"06. 40,001-50,000",พนักงานและลูกจ้างในหน่วยงานรัฐวิสาหกิจ,ธนาคารออมสินภาค 12,สินเชื่อเคหะ,DCO2026,2026-08-28 09:00:00,marketing.gsb,GSB_final_lead_list_2026-08-28.xlsx
TL003648,41 - 50,"02. 5,001-10,000",พนักงานและลูกจ้างในบริษัท,ธนาคารออมสินภาค 10,สินเชื่อเคหะ,DCO2026,2026-08-28 09:00:00,marketing.gsb,GSB_final_lead_list_2026-08-28.xlsx
TL003649,20 - 30,"05. 30,001-40,000",พนักงานและลูกจ้างในบริษัท,ธนาคารออมสินภาค 10,สินเชื่อเคหะ,DCO2026,2026-08-28 09:00:00,marketing.gsb,GSB_final_lead_list_2026-08-28.xlsx
TL003650,31 - 40,"04. 20,001-30,000",ผู้รับจ้างทั่วไป / ผู้ใช้แรงงาน,ธนาคารออมสินภาค 1,สินเชื่อเคหะ,DCO2026,2026-08-28 09:00:00,marketing.gsb,GSB_final_lead_list_2026-08-28.xlsx
TL003651,20 - 30,"04. 20,001-30,000",ข้าราชการและลูกจ้างในหน่วยงานของรัฐ,ธนาคารออมสินภาค 12,สินเชื่อเคหะ,DCO2026,2026-08-28 09:00:00,marketing.gsb,GSB_final_lead_list_2026-08-28.xlsx
TL003652,31 - 40,"05. 30,001-40,000",ผู้ประกอบธุรกิจ / เจ้าของกิจการ,ธนาคารออมสินภาค 10,สินเชื่อเคหะ,DCO2026,2026-08-28 09:00:00,marketing.gsb,GSB_final_lead_list_2026-08-28.xlsx
TL003653,31 - 40,"06. 40,001-50,000",ประกอบวิชาชีพเฉพาะ,ธนาคารออมสินภาค 13,สินเชื่อเคหะ,DCO2026,2026-08-28 09:00:00,marketing.gsb,GSB_final_lead_list_2026-08-28.xlsx
TL003654,51 - 60,"05. 30,001-40,000",พนักงานและลูกจ้างในหน่วยงานรัฐวิสาหกิจ,ธนาคารออมสินภาค 12,สินเชื่อเคหะ,DCO2026,2026-08-28 09:00:00,marketing.gsb,GSB_final_lead_list_2026-08-28.xlsx
TL003655,61 - 65,"04. 20,001-30,000",ผู้ประกอบธุรกิจ / เจ้าของกิจการ,ธนาคารออมสินภาค 10,สินเชื่อเคหะ,DCO2026,2026-08-28 09:00:00,marketing.gsb,GSB_final_lead_list_2026-08-28.xlsx
TL003656,41 - 50,"05. 30,001-40,000",ข้าราชการและลูกจ้างในหน่วยงานของรัฐ,ธนาคารออมสินภาค 1,สินเชื่อเคหะ,DCO2026,2026-08-28 09:00:00,marketing.gsb,GSB_final_lead_list_2026-08-28.xlsx
TL003657,20 - 30,"06. 40,001-50,000",พนักงานและลูกจ้างในบริษัท,ธนาคารออมสินภาค 1,สินเชื่อเคหะ,DCO2026,2026-08-28 09:00:00,marketing.gsb,GSB_final_lead_list_2026-08-28.xlsx
TL003658,20 - 30,"06. 40,001-50,000",ประกอบวิชาชีพเฉพาะ,ธนาคารออมสินภาค 13,สินเชื่อเคหะ,DCO2026,2026-08-28 09:00:00,marketing.gsb,GSB_final_lead_list_2026-08-28.xlsx
TL003659,31 - 40,"06. 40,001-50,000",ผู้รับจ้างทั่วไป / ผู้ใช้แรงงาน,ธนาคารออมสินภาค 11,สินเชื่อเคหะ,DCO2026,2026-08-28 09:00:00,marketing.gsb,GSB_final_lead_list_2026-08-28.xlsx
TL003660,41 - 50,"05. 30,001-40,000",พนักงานและลูกจ้างในบริษัท,ธนาคารออมสินภาค 1,สินเชื่อเคหะ,DCO2026,2026-08-28 09:00:00,marketing.gsb,GSB_final_lead_list_2026-08-28.xlsx
TL003661,20 - 30,"02. 5,001-10,000",ข้าราชการและลูกจ้างในหน่วยงานของรัฐ,ธนาคารออมสินภาค 12,สินเชื่อเคหะ,DCO2026,2026-08-28 09:00:00,marketing.gsb,GSB_final_lead_list_2026-08-28.xlsx
TL003662,41 - 50,"05. 30,001-40,000",ข้าราชการและลูกจ้างในหน่วยงานของรัฐ,ธนาคารออมสินภาค 13,สินเชื่อเคหะ,DCO2026,2026-08-28 09:00:00,marketing.gsb,GSB_final_lead_list_2026-08-28.xlsx
TL003663,20 - 30,"01. 0-5,000",ผู้ประกอบธุรกิจ / เจ้าของกิจการ,ธนาคารออมสินภาค 10,สินเชื่อเคหะ,DCO2026,2026-08-28 09:00:00,marketing.gsb,GSB_final_lead_list_2026-08-28.xlsx
TL003664,61 - 65,"02. 5,001-10,000",ผู้รับจ้างทั่วไป / ผู้ใช้แรงงาน,ธนาคารออมสินภาค 10,สินเชื่อเคหะ,DCO2026,2026-08-28 09:00:00,marketing.gsb,GSB_final_lead_list_2026-08-28.xlsx
TL003665,20 - 30,"01. 0-5,000",พนักงานและลูกจ้างในบริษัท,ธนาคารออมสินภาค 12,สินเชื่อเคหะ,DCO2026,2026-08-28 09:00:00,marketing.gsb,GSB_final_lead_list_2026-08-28.xlsx
TL003666,31 - 40,"02. 5,001-10,000",ข้าราชการและลูกจ้างในหน่วยงานของรัฐ,ธนาคารออมสินภาค 12,สินเชื่อเคหะ,DCO2026,2026-08-28 09:00:00,marketing.gsb,GSB_final_lead_list_2026-08-28.xlsx
TL003667,20 - 30,"05. 30,001-40,000",พนักงานและลูกจ้างในบริษัท,ธนาคารออมสินภาค 11,สินเชื่อเคหะ,DCO2026,2026-08-28 09:00:00,marketing.gsb,GSB_final_lead_list_2026-08-28.xlsx
TL003668,61 - 65,"02. 5,001-10,000",ผู้รับจ้างทั่วไป / ผู้ใช้แรงงาน,ธนาคารออมสินภาค 10,สินเชื่อเคหะ,DCO2026,2026-08-28 09:00:00,marketing.gsb,GSB_final_lead_list_2026-08-28.xlsx
TL003669,41 - 50,"04. 20,001-30,000",ประกอบวิชาชีพเฉพาะ,ธนาคารออมสินภาค 10,สินเชื่อเคหะ,DCO2026,2026-08-28 09:00:00,marketing.gsb,GSB_final_lead_list_2026-08-28.xlsx
TL003670,31 - 40,"06. 40,001-50,000",ผู้ประกอบธุรกิจ / เจ้าของกิจการ,ธนาคารออมสินภาค 13,สินเชื่อเคหะ,DCO2026,2026-08-28 09:00:00,marketing.gsb,GSB_final_lead_list_2026-08-28.xlsx
TL003671,20 - 30,"06. 40,001-50,000",ผู้รับจ้างทั่วไป / ผู้ใช้แรงงาน,ธนาคารออมสินภาค 13,สินเชื่อเคหะ,DCO2026,2026-08-28 09:00:00,marketing.gsb,GSB_final_lead_list_2026-08-28.xlsx
TL003672,20 - 30,"05. 30,001-40,000",ผู้ประกอบธุรกิจ / เจ้าของกิจการ,ธนาคารออมสินภาค 12,สินเชื่อเคหะ,DCO2026,2026-08-28 09:00:00,marketing.gsb,GSB_final_lead_list_2026-08-28.xlsx
TL003673,41 - 50,"05. 30,001-40,000",ข้าราชการและลูกจ้างในหน่วยงานของรัฐ,ธนาคารออมสินภาค 10,สินเชื่อเคหะ,DCO2026,2026-08-28 09:00:00,marketing.gsb,GSB_final_lead_list_2026-08-28.xlsx
TL003674,20 - 30,"04. 20,001-30,000",ประกอบวิชาชีพเฉพาะ,ธนาคารออมสินภาค 13,สินเชื่อเคหะ,DCO2026,2026-08-28 09:00:00,marketing.gsb,GSB_final_lead_list_2026-08-28.xlsx
TL003675,20 - 30,"05. 30,001-40,000",ประกอบอาชีพอิสระ,ธนาคารออมสินภาค 12,สินเชื่อเคหะ,DCO2026,2026-08-28 09:00:00,marketing.gsb,GSB_final_lead_list_2026-08-28.xlsx
TL003676,41 - 50,"01. 0-5,000",ประกอบวิชาชีพเฉพาะ,ธนาคารออมสินภาค 1,สินเชื่อเคหะ,DCO2026,2026-08-28 09:00:00,marketing.gsb,GSB_final_lead_list_2026-08-28.xlsx
TL003677,51 - 60,"04. 20,001-30,000",ผู้รับจ้างทั่วไป / ผู้ใช้แรงงาน,ธนาคารออมสินภาค 12,สินเชื่อเคหะ,DCO2026,2026-08-28 09:00:00,marketing.gsb,GSB_final_lead_list_2026-08-28.xlsx
TL003678,31 - 40,"02. 5,001-10,000",พนักงานและลูกจ้างในหน่วยงานรัฐวิสาหกิจ,ธนาคารออมสินภาค 11,สินเชื่อเคหะ,DCO2026,2026-08-28 09:00:00,marketing.gsb,GSB_final_lead_list_2026-08-28.xlsx
TL003679,41 - 50,"05. 30,001-40,000",ผู้รับจ้างทั่วไป / ผู้ใช้แรงงาน,ธนาคารออมสินภาค 1,สินเชื่อเคหะ,DCO2026,2026-08-28 09:00:00,marketing.gsb,GSB_final_lead_list_2026-08-28.xlsx
TL003680,41 - 50,"05. 30,001-40,000",ประกอบวิชาชีพเฉพาะ,ธนาคารออมสินภาค 11,สินเชื่อเคหะ,DCO2026,2026-08-28 09:00:00,marketing.gsb,GSB_final_lead_list_2026-08-28.xlsx
TL003681,41 - 50,"02. 5,001-10,000",พนักงานและลูกจ้างในหน่วยงานรัฐวิสาหกิจ,ธนาคารออมสินภาค 10,สินเชื่อเคหะ,DCO2026,2026-08-28 09:00:00,marketing.gsb,GSB_final_lead_list_2026-08-28.xlsx
TL003682,31 - 40,"06. 40,001-50,000",ผู้รับจ้างทั่วไป / ผู้ใช้แรงงาน,ธนาคารออมสินภาค 13,สินเชื่อเคหะ,DCO2026,2026-08-28 09:00:00,marketing.gsb,GSB_final_lead_list_2026-08-28.xlsx
TL003683,20 - 30,"06. 40,001-50,000",พนักงานและลูกจ้างในหน่วยงานรัฐวิสาหกิจ,ธนาคารออมสินภาค 12,สินเชื่อเคหะ,DCO2026,2026-08-28 09:00:00,marketing.gsb,GSB_final_lead_list_2026-08-28.xlsx
TL003684,31 - 40,"04. 20,001-30,000",พนักงานและลูกจ้างในหน่วยงานรัฐวิสาหกิจ,ธนาคารออมสินภาค 12,สินเชื่อเคหะ,DCO2026,2026-08-28 09:00:00,marketing.gsb,GSB_final_lead_list_2026-08-28.xlsx
TL003685,20 - 30,"05. 30,001-40,000",ประกอบอาชีพอิสระ,ธนาคารออมสินภาค 12,สินเชื่อเคหะ,DCO2026,2026-08-28 09:00:00,marketing.gsb,GSB_final_lead_list_2026-08-28.xlsx
TL003686,20 - 30,"02. 5,001-10,000",พนักงานและลูกจ้างในหน่วยงานรัฐวิสาหกิจ,ธนาคารออมสินภาค 1,สินเชื่อเคหะ,DCO2026,2026-08-28 09:00:00,marketing.gsb,GSB_final_lead_list_2026-08-28.xlsx
TL003687,51 - 60,"06. 40,001-50,000",ข้าราชการและลูกจ้างในหน่วยงานของรัฐ,ธนาคารออมสินภาค 11,สินเชื่อเคหะ,DCO2026,2026-08-28 09:00:00,marketing.gsb,GSB_final_lead_list_2026-08-28.xlsx
TL003688,31 - 40,"06. 40,001-50,000",ผู้รับจ้างทั่วไป / ผู้ใช้แรงงาน,ธนาคารออมสินภาค 11,สินเชื่อเคหะ,DCO2026,2026-08-28 09:00:00,marketing.gsb,GSB_final_lead_list_2026-08-28.xlsx
TL003689,20 - 30,"06. 40,001-50,000",ผู้รับจ้างทั่วไป / ผู้ใช้แรงงาน,ธนาคารออมสินภาค 10,สินเชื่อเคหะ,DCO2026,2026-08-28 09:00:00,marketing.gsb,GSB_final_lead_list_2026-08-28.xlsx
TL003690,61 - 65,"05. 30,001-40,000",พนักงานและลูกจ้างในหน่วยงานรัฐวิสาหกิจ,ธนาคารออมสินภาค 11,สินเชื่อเคหะ,DCO2026,2026-08-28 09:00:00,marketing.gsb,GSB_final_lead_list_2026-08-28.xlsx
TL003691,20 - 30,"06. 40,001-50,000",ผู้ประกอบธุรกิจ / เจ้าของกิจการ,ธนาคารออมสินภาค 11,สินเชื่อเคหะ,DCO2026,2026-08-28 09:00:00,marketing.gsb,GSB_final_lead_list_2026-08-28.xlsx
TL003692,65 Up,"04. 20,001-30,000",ผู้รับจ้างทั่วไป / ผู้ใช้แรงงาน,ธนาคารออมสินภาค 12,สินเชื่อเคหะ,DCO2026,2026-08-28 09:00:00,marketing.gsb,GSB_final_lead_list_2026-08-28.xlsx
TL003693,20 - 30,"06. 40,001-50,000",พนักงานและลูกจ้างในหน่วยงานรัฐวิสาหกิจ,ธนาคารออมสินภาค 12,สินเชื่อเคหะ,DCO2026,2026-08-28 09:00:00,marketing.gsb,GSB_final_lead_list_2026-08-28.xlsx
TL003694,20 - 30,"04. 20,001-30,000",ผู้ประกอบธุรกิจ / เจ้าของกิจการ,ธนาคารออมสินภาค 12,สินเชื่อเคหะ,DCO2026,2026-08-28 09:00:00,marketing.gsb,GSB_final_lead_list_2026-08-28.xlsx
TL003695,51 - 60,"04. 20,001-30,000",พนักงานและลูกจ้างในหน่วยงานรัฐวิสาหกิจ,ธนาคารออมสินภาค 11,สินเชื่อเคหะ,DCO2026,2026-08-28 09:00:00,marketing.gsb,GSB_final_lead_list_2026-08-28.xlsx
TL003696,20 - 30,"04. 20,001-30,000",พนักงานและลูกจ้างในหน่วยงานรัฐวิสาหกิจ,ธนาคารออมสินภาค 12,สินเชื่อเคหะ,DCO2026,2026-08-28 09:00:00,marketing.gsb,GSB_final_lead_list_2026-08-28.xlsx
TL003697,51 - 60,"04. 20,001-30,000",พนักงานและลูกจ้างในหน่วยงานรัฐวิสาหกิจ,ธนาคารออมสินภาค 1,สินเชื่อเคหะ,DCO2026,2026-08-28 09:00:00,marketing.gsb,GSB_final_lead_list_2026-08-28.xlsx
TL003698,20 - 30,"04. 20,001-30,000",ประกอบวิชาชีพเฉพาะ,ธนาคารออมสินภาค 1,สินเชื่อเคหะ,DCO2026,2026-08-28 09:00:00,marketing.gsb,GSB_final_lead_list_2026-08-28.xlsx
TL003699,61 - 65,"02. 5,001-10,000",ประกอบวิชาชีพเฉพาะ,ธนาคารออมสินภาค 11,สินเชื่อเคหะ,DCO2026,2026-08-28 09:00:00,marketing.gsb,GSB_final_lead_list_2026-08-28.xlsx
TL003700,20 - 30,"05. 30,001-40,000",พนักงานและลูกจ้างในบริษัท,ธนาคารออมสินภาค 12,สินเชื่อเคหะ,DCO2026,2026-08-28 09:00:00,marketing.gsb,GSB_final_lead_list_2026-08-28.xlsx
TL003701,51 - 60,"06. 40,001-50,000",พนักงานและลูกจ้างในหน่วยงานรัฐวิสาหกิจ,ธนาคารออมสินภาค 10,สินเชื่อเคหะ,DCO2026,2026-08-28 09:00:00,marketing.gsb,GSB_final_lead_list_2026-08-28.xlsx
TL003702,65 Up,"06. 40,001-50,000",ข้าราชการและลูกจ้างในหน่วยงานของรัฐ,ธนาคารออมสินภาค 12,สินเชื่อเคหะ,DCO2026,2026-08-28 09:00:00,marketing.gsb,GSB_final_lead_list_2026-08-28.xlsx
TL003703,20 - 30,"04. 20,001-30,000",ประกอบอาชีพอิสระ,ธนาคารออมสินภาค 11,สินเชื่อเคหะ,DCO2026,2026-08-28 09:00:00,marketing.gsb,GSB_final_lead_list_2026-08-28.xlsx
TL003704,31 - 40,"05. 30,001-40,000",ประกอบอาชีพอิสระ,ธนาคารออมสินภาค 1,สินเชื่อเคหะ,DCO2026,2026-08-28 09:00:00,marketing.gsb,GSB_final_lead_list_2026-08-28.xlsx
TL003705,41 - 50,"01. 0-5,000",ผู้รับจ้างทั่วไป / ผู้ใช้แรงงาน,ธนาคารออมสินภาค 12,สินเชื่อเคหะ,DCO2026,2026-08-28 09:00:00,marketing.gsb,GSB_final_lead_list_2026-08-28.xlsx
TL003706,20 - 30,"02. 5,001-10,000",ข้าราชการและลูกจ้างในหน่วยงานของรัฐ,ธนาคารออมสินภาค 12,สินเชื่อเคหะ,DCO2026,2026-08-28 09:00:00,marketing.gsb,GSB_final_lead_list_2026-08-28.xlsx
TL003707,41 - 50,"06. 40,001-50,000",ผู้รับจ้างทั่วไป / ผู้ใช้แรงงาน,ธนาคารออมสินภาค 11,สินเชื่อเคหะ,DCO2026,2026-08-28 09:00:00,marketing.gsb,GSB_final_lead_list_2026-08-28.xlsx
TL003708,41 - 50,"01. 0-5,000",พนักงานและลูกจ้างในหน่วยงานรัฐวิสาหกิจ,ธนาคารออมสินภาค 11,สินเชื่อเคหะ,DCO2026,2026-08-28 09:00:00,marketing.gsb,GSB_final_lead_list_2026-08-28.xlsx
TL003709,20 - 30,"04. 20,001-30,000",ข้าราชการและลูกจ้างในหน่วยงานของรัฐ,ธนาคารออมสินภาค 12,สินเชื่อเคหะ,DCO2026,2026-08-28 09:00:00,marketing.gsb,GSB_final_lead_list_2026-08-28.xlsx
TL003710,20 - 30,"03. 10,001-20,000",ผู้รับจ้างทั่วไป / ผู้ใช้แรงงาน,ธนาคารออมสินภาค 1,สินเชื่อเคหะ,DCO2026,2026-08-28 09:00:00,marketing.gsb,GSB_final_lead_list_2026-08-28.xlsx
TL003711,61 - 65,"04. 20,001-30,000",ผู้ประกอบธุรกิจ / เจ้าของกิจการ,ธนาคารออมสินภาค 12,สินเชื่อเคหะ,DCO2026,2026-08-28 09:00:00,marketing.gsb,GSB_final_lead_list_2026-08-28.xlsx
TL003712,41 - 50,"04. 20,001-30,000",พนักงานและลูกจ้างในหน่วยงานรัฐวิสาหกิจ,ธนาคารออมสินภาค 11,สินเชื่อเคหะ,DCO2026,2026-08-28 09:00:00,marketing.gsb,GSB_final_lead_list_2026-08-28.xlsx
TL003713,31 - 40,"06. 40,001-50,000",พนักงานและลูกจ้างในบริษัท,ธนาคารออมสินภาค 1,สินเชื่อเคหะ,DCO2026,2026-08-28 09:00:00,marketing.gsb,GSB_final_lead_list_2026-08-28.xlsx
TL003714,41 - 50,"02. 5,001-10,000",ข้าราชการและลูกจ้างในหน่วยงานของรัฐ,ธนาคารออมสินภาค 10,สินเชื่อเคหะ,DCO2026,2026-08-28 09:00:00,marketing.gsb,GSB_final_lead_list_2026-08-28.xlsx
TL003715,31 - 40,"02. 5,001-10,000",พนักงานและลูกจ้างในบริษัท,ธนาคารออมสินภาค 10,สินเชื่อเคหะ,DCO2026,2026-08-28 09:00:00,marketing.gsb,GSB_final_lead_list_2026-08-28.xlsx
TL003716,61 - 65,"05. 30,001-40,000",ประกอบอาชีพอิสระ,ธนาคารออมสินภาค 1,สินเชื่อเคหะ,DCO2026,2026-08-28 09:00:00,marketing.gsb,GSB_final_lead_list_2026-08-28.xlsx
TL003717,61 - 65,"04. 20,001-30,000",พนักงานและลูกจ้างในบริษัท,ธนาคารออมสินภาค 12,สินเชื่อเคหะ,DCO2026,2026-08-28 09:00:00,marketing.gsb,GSB_final_lead_list_2026-08-28.xlsx
TL003718,31 - 40,"04. 20,001-30,000",ประกอบวิชาชีพเฉพาะ,ธนาคารออมสินภาค 13,สินเชื่อเคหะ,DCO2026,2026-08-28 09:00:00,marketing.gsb,GSB_final_lead_list_2026-08-28.xlsx
TL003719,20 - 30,"05. 30,001-40,000",ประกอบวิชาชีพเฉพาะ,ธนาคารออมสินภาค 11,สินเชื่อเคหะ,DCO2026,2026-08-28 09:00:00,marketing.gsb,GSB_final_lead_list_2026-08-28.xlsx
TL003720,20 - 30,"06. 40,001-50,000",ข้าราชการและลูกจ้างในหน่วยงานของรัฐ,ธนาคารออมสินภาค 11,สินเชื่อเคหะ,DCO2026,2026-08-28 09:00:00,marketing.gsb,GSB_final_lead_list_2026-08-28.xlsx
TL003721,31 - 40,"05. 30,001-40,000",พนักงานและลูกจ้างในบริษัท,ธนาคารออมสินภาค 11,สินเชื่อเคหะ,DCO2026,2026-08-28 09:00:00,marketing.gsb,GSB_final_lead_list_2026-08-28.xlsx
TL003722,41 - 50,"05. 30,001-40,000",ผู้ประกอบธุรกิจ / เจ้าของกิจการ,ธนาคารออมสินภาค 12,สินเชื่อเคหะ,DCO2026,2026-08-28 09:00:00,marketing.gsb,GSB_final_lead_list_2026-08-28.xlsx
TL003723,Under 20,"06. 40,001-50,000",ประกอบวิชาชีพเฉพาะ,ธนาคารออมสินภาค 10,สินเชื่อเคหะ,DCO2026,2026-08-28 09:00:00,marketing.gsb,GSB_final_lead_list_2026-08-28.xlsx
TL003724,20 - 30,"04. 20,001-30,000",ผู้รับจ้างทั่วไป / ผู้ใช้แรงงาน,ธนาคารออมสินภาค 11,สินเชื่อเคหะ,DCO2026,2026-08-28 09:00:00,marketing.gsb,GSB_final_lead_list_2026-08-28.xlsx
TL003725,41 - 50,"06. 40,001-50,000",พนักงานและลูกจ้างในบริษัท,ธนาคารออมสินภาค 10,สินเชื่อเคหะ,DCO2026,2026-08-28 09:00:00,marketing.gsb,GSB_final_lead_list_2026-08-28.xlsx
TL003726,61 - 65,"06. 40,001-50,000",ประกอบอาชีพอิสระ,ธนาคารออมสินภาค 12,สินเชื่อเคหะ,DCO2026,2026-08-28 09:00:00,marketing.gsb,GSB_final_lead_list_2026-08-28.xlsx
TL003727,65 Up,"03. 10,001-20,000",พนักงานและลูกจ้างในบริษัท,ธนาคารออมสินภาค 12,สินเชื่อเคหะ,DCO2026,2026-08-28 09:00:00,marketing.gsb,GSB_final_lead_list_2026-08-28.xlsx
TL003728,20 - 30,"02. 5,001-10,000",พนักงานและลูกจ้างในหน่วยงานรัฐวิสาหกิจ,ธนาคารออมสินภาค 1,สินเชื่อเคหะ,DCO2026,2026-08-28 09:00:00,marketing.gsb,GSB_final_lead_list_2026-08-28.xlsx
TL003729,41 - 50,"05. 30,001-40,000",พนักงานและลูกจ้างในบริษัท,ธนาคารออมสินภาค 10,สินเชื่อเคหะ,DCO2026,2026-08-28 09:00:00,marketing.gsb,GSB_final_lead_list_2026-08-28.xlsx
TL003730,61 - 65,"04. 20,001-30,000",พนักงานและลูกจ้างในบริษัท,ธนาคารออมสินภาค 12,สินเชื่อเคหะ,DCO2026,2026-08-28 09:00:00,marketing.gsb,GSB_final_lead_list_2026-08-28.xlsx
TL003731,20 - 30,"01. 0-5,000",ผู้ประกอบธุรกิจ / เจ้าของกิจการ,ธนาคารออมสินภาค 12,สินเชื่อเคหะ,DCO2026,2026-08-28 09:00:00,marketing.gsb,GSB_final_lead_list_2026-08-28.xlsx
TL003732,41 - 50,"01. 0-5,000",ผู้ประกอบธุรกิจ / เจ้าของกิจการ,ธนาคารออมสินภาค 11,สินเชื่อเคหะ,DCO2026,2026-08-28 09:00:00,marketing.gsb,GSB_final_lead_list_2026-08-28.xlsx
TL003733,51 - 60,"06. 40,001-50,000",ผู้รับจ้างทั่วไป / ผู้ใช้แรงงาน,ธนาคารออมสินภาค 11,สินเชื่อเคหะ,DCO2026,2026-08-28 09:00:00,marketing.gsb,GSB_final_lead_list_2026-08-28.xlsx
TL003734,20 - 30,"04. 20,001-30,000",ผู้รับจ้างทั่วไป / ผู้ใช้แรงงาน,ธนาคารออมสินภาค 11,สินเชื่อเคหะ,DCO2026,2026-08-28 09:00:00,marketing.gsb,GSB_final_lead_list_2026-08-28.xlsx
TL003735,20 - 30,"03. 10,001-20,000",พนักงานและลูกจ้างในบริษัท,ธนาคารออมสินภาค 10,สินเชื่อเคหะ,DCO2026,2026-08-28 09:00:00,marketing.gsb,GSB_final_lead_list_2026-08-28.xlsx
TL003736,20 - 30,"05. 30,001-40,000",ผู้ประกอบธุรกิจ / เจ้าของกิจการ,ธนาคารออมสินภาค 11,สินเชื่อเคหะ,DCO2026,2026-08-28 09:00:00,marketing.gsb,GSB_final_lead_list_2026-08-28.xlsx
TL003737,20 - 30,"04. 20,001-30,000",ประกอบวิชาชีพเฉพาะ,ธนาคารออมสินภาค 1,สินเชื่อเคหะ,DCO2026,2026-08-28 09:00:00,marketing.gsb,GSB_final_lead_list_2026-08-28.xlsx
TL003738,51 - 60,"03. 10,001-20,000",พนักงานและลูกจ้างในหน่วยงานรัฐวิสาหกิจ,ธนาคารออมสินภาค 11,สินเชื่อเคหะ,DCO2026,2026-08-28 09:00:00,marketing.gsb,GSB_final_lead_list_2026-08-28.xlsx
TL003739,20 - 30,"06. 40,001-50,000",พนักงานและลูกจ้างในบริษัท,ธนาคารออมสินภาค 13,สินเชื่อเคหะ,DCO2026,2026-08-28 09:00:00,marketing.gsb,GSB_final_lead_list_2026-08-28.xlsx
TL003740,20 - 30,"06. 40,001-50,000",ข้าราชการและลูกจ้างในหน่วยงานของรัฐ,ธนาคารออมสินภาค 13,สินเชื่อเคหะ,DCO2026,2026-08-28 09:00:00,marketing.gsb,GSB_final_lead_list_2026-08-28.xlsx
TL003741,31 - 40,"02. 5,001-10,000",พนักงานและลูกจ้างในหน่วยงานรัฐวิสาหกิจ,ธนาคารออมสินภาค 13,สินเชื่อเคหะ,DCO2026,2026-08-28 09:00:00,marketing.gsb,GSB_final_lead_list_2026-08-28.xlsx
TL003742,31 - 40,"04. 20,001-30,000",พนักงานและลูกจ้างในหน่วยงานรัฐวิสาหกิจ,ธนาคารออมสินภาค 13,สินเชื่อเคหะ,DCO2026,2026-08-28 09:00:00,marketing.gsb,GSB_final_lead_list_2026-08-28.xlsx
TL003743,31 - 40,"05. 30,001-40,000",พนักงานและลูกจ้างในบริษัท,ธนาคารออมสินภาค 12,สินเชื่อเคหะ,DCO2026,2026-08-28 09:00:00,marketing.gsb,GSB_final_lead_list_2026-08-28.xlsx
TL003744,20 - 30,"04. 20,001-30,000",พนักงานและลูกจ้างในบริษัท,ธนาคารออมสินภาค 12,สินเชื่อเคหะ,DCO2026,2026-08-28 09:00:00,marketing.gsb,GSB_final_lead_list_2026-08-28.xlsx
TL003745,41 - 50,"04. 20,001-30,000",พนักงานและลูกจ้างในบริษัท,ธนาคารออมสินภาค 11,สินเชื่อเคหะ,DCO2026,2026-08-28 09:00:00,marketing.gsb,GSB_final_lead_list_2026-08-28.xlsx
TL003746,31 - 40,"04. 20,001-30,000",ประกอบอาชีพอิสระ,ธนาคารออมสินภาค 10,สินเชื่อเคหะ,DCO2026,2026-08-28 09:00:00,marketing.gsb,GSB_final_lead_list_2026-08-28.xlsx
TL003747,31 - 40,"02. 5,001-10,000",ข้าราชการและลูกจ้างในหน่วยงานของรัฐ,ธนาคารออมสินภาค 11,สินเชื่อเคหะ,DCO2026,2026-08-28 09:00:00,marketing.gsb,GSB_final_lead_list_2026-08-28.xlsx
TL003748,51 - 60,"04. 20,001-30,000",ผู้รับจ้างทั่วไป / ผู้ใช้แรงงาน,ธนาคารออมสินภาค 10,สินเชื่อเคหะ,DCO2026,2026-08-28 09:00:00,marketing.gsb,GSB_final_lead_list_2026-08-28.xlsx
TL003749,41 - 50,"06. 40,001-50,000",พนักงานและลูกจ้างในหน่วยงานรัฐวิสาหกิจ,ธนาคารออมสินภาค 12,สินเชื่อเคหะ,DCO2026,2026-08-28 09:00:00,marketing.gsb,GSB_final_lead_list_2026-08-28.xlsx
TL003750,20 - 30,"05. 30,001-40,000",ประกอบอาชีพอิสระ,ธนาคารออมสินภาค 12,สินเชื่อเคหะ,DCO2026,2026-08-28 09:00:00,marketing.gsb,GSB_final_lead_list_2026-08-28.xlsx
TL003751,31 - 40,"05. 30,001-40,000",พนักงานและลูกจ้างในบริษัท,ธนาคารออมสินภาค 11,สินเชื่อเคหะ,DCO2026,2026-08-28 09:00:00,marketing.gsb,GSB_final_lead_list_2026-08-28.xlsx
TL003752,31 - 40,"01. 0-5,000",ผู้ประกอบธุรกิจ / เจ้าของกิจการ,ธนาคารออมสินภาค 13,สินเชื่อเคหะ,DCO2026,2026-08-28 09:00:00,marketing.gsb,GSB_final_lead_list_2026-08-28.xlsx
TL003753,31 - 40,"06. 40,001-50,000",พนักงานและลูกจ้างในบริษัท,ธนาคารออมสินภาค 1,สินเชื่อเคหะ,DCO2026,2026-08-28 09:00:00,marketing.gsb,GSB_final_lead_list_2026-08-28.xlsx
TL003754,51 - 60,"06. 40,001-50,000",ประกอบวิชาชีพเฉพาะ,ธนาคารออมสินภาค 1,สินเชื่อเคหะ,DCO2026,2026-08-28 09:00:00,marketing.gsb,GSB_final_lead_list_2026-08-28.xlsx
TL003755,20 - 30,"01. 0-5,000",ผู้ประกอบธุรกิจ / เจ้าของกิจการ,ธนาคารออมสินภาค 11,สินเชื่อเคหะ,DCO2026,2026-08-28 09:00:00,marketing.gsb,GSB_final_lead_list_2026-08-28.xlsx
TL003756,20 - 30,"05. 30,001-40,000",ผู้ประกอบธุรกิจ / เจ้าของกิจการ,ธนาคารออมสินภาค 1,สินเชื่อเคหะ,DCO2026,2026-08-28 09:00:00,marketing.gsb,GSB_final_lead_list_2026-08-28.xlsx
TL003757,51 - 60,"05. 30,001-40,000",ผู้รับจ้างทั่วไป / ผู้ใช้แรงงาน,ธนาคารออมสินภาค 1,สินเชื่อเคหะ,DCO2026,2026-08-28 09:00:00,marketing.gsb,GSB_final_lead_list_2026-08-28.xlsx
TL003758,41 - 50,"04. 20,001-30,000",ประกอบอาชีพอิสระ,ธนาคารออมสินภาค 12,สินเชื่อเคหะ,DCO2026,2026-08-28 09:00:00,marketing.gsb,GSB_final_lead_list_2026-08-28.xlsx
TL003759,20 - 30,"01. 0-5,000",พนักงานและลูกจ้างในบริษัท,ธนาคารออมสินภาค 11,สินเชื่อเคหะ,DCO2026,2026-08-28 09:00:00,marketing.gsb,GSB_final_lead_list_2026-08-28.xlsx
TL003760,41 - 50,"05. 30,001-40,000",ผู้ประกอบธุรกิจ / เจ้าของกิจการ,ธนาคารออมสินภาค 1,สินเชื่อเคหะ,DCO2026,2026-08-28 09:00:00,marketing.gsb,GSB_final_lead_list_2026-08-28.xlsx
TL003761,61 - 65,"06. 40,001-50,000",ประกอบอาชีพอิสระ,ธนาคารออมสินภาค 11,สินเชื่อเคหะ,DCO2026,2026-08-28 09:00:00,marketing.gsb,GSB_final_lead_list_2026-08-28.xlsx
TL003762,41 - 50,"03. 10,001-20,000",ประกอบอาชีพอิสระ,ธนาคารออมสินภาค 13,สินเชื่อเคหะ,DCO2026,2026-08-28 09:00:00,marketing.gsb,GSB_final_lead_list_2026-08-28.xlsx
TL003763,20 - 30,"04. 20,001-30,000",ผู้ประกอบธุรกิจ / เจ้าของกิจการ,ธนาคารออมสินภาค 10,สินเชื่อเคหะ,DCO2026,2026-08-28 09:00:00,marketing.gsb,GSB_final_lead_list_2026-08-28.xlsx
TL003764,31 - 40,"02. 5,001-10,000",ข้าราชการและลูกจ้างในหน่วยงานของรัฐ,ธนาคารออมสินภาค 12,สินเชื่อเคหะ,DCO2026,2026-08-28 09:00:00,marketing.gsb,GSB_final_lead_list_2026-08-28.xlsx
TL003765,31 - 40,"06. 40,001-50,000",พนักงานและลูกจ้างในหน่วยงานรัฐวิสาหกิจ,ธนาคารออมสินภาค 12,สินเชื่อเคหะ,DCO2026,2026-08-28 09:00:00,marketing.gsb,GSB_final_lead_list_2026-08-28.xlsx
TL003766,20 - 30,"05. 30,001-40,000",พนักงานและลูกจ้างในหน่วยงานรัฐวิสาหกิจ,ธนาคารออมสินภาค 1,สินเชื่อเคหะ,DCO2026,2026-08-28 09:00:00,marketing.gsb,GSB_final_lead_list_2026-08-28.xlsx
TL003767,20 - 30,"05. 30,001-40,000",ผู้ประกอบธุรกิจ / เจ้าของกิจการ,ธนาคารออมสินภาค 12,สินเชื่อเคหะ,DCO2026,2026-08-28 09:00:00,marketing.gsb,GSB_final_lead_list_2026-08-28.xlsx
TL003768,31 - 40,"06. 40,001-50,000",ผู้รับจ้างทั่วไป / ผู้ใช้แรงงาน,ธนาคารออมสินภาค 13,สินเชื่อเคหะ,DCO2026,2026-08-28 09:00:00,marketing.gsb,GSB_final_lead_list_2026-08-28.xlsx
TL003769,41 - 50,"04. 20,001-30,000",ประกอบอาชีพอิสระ,ธนาคารออมสินภาค 13,สินเชื่อเคหะ,DCO2026,2026-08-28 09:00:00,marketing.gsb,GSB_final_lead_list_2026-08-28.xlsx
TL003770,20 - 30,"06. 40,001-50,000",ประกอบอาชีพอิสระ,ธนาคารออมสินภาค 1,สินเชื่อเคหะ,DCO2026,2026-08-28 09:00:00,marketing.gsb,GSB_final_lead_list_2026-08-28.xlsx
TL003771,31 - 40,"05. 30,001-40,000",ผู้ประกอบธุรกิจ / เจ้าของกิจการ,ธนาคารออมสินภาค 11,สินเชื่อเคหะ,DCO2026,2026-08-28 09:00:00,marketing.gsb,GSB_final_lead_list_2026-08-28.xlsx
TL003772,31 - 40,"05. 30,001-40,000",ผู้ประกอบธุรกิจ / เจ้าของกิจการ,ธนาคารออมสินภาค 13,สินเชื่อเคหะ,DCO2026,2026-08-28 09:00:00,marketing.gsb,GSB_final_lead_list_2026-08-28.xlsx
TL003773,31 - 40,"06. 40,001-50,000",ประกอบอาชีพอิสระ,ธนาคารออมสินภาค 11,สินเชื่อเคหะ,DCO2026,2026-08-28 09:00:00,marketing.gsb,GSB_final_lead_list_2026-08-28.xlsx
TL003774,51 - 60,"05. 30,001-40,000",ประกอบอาชีพอิสระ,ธนาคารออมสินภาค 1,สินเชื่อเคหะ,DCO2026,2026-08-28 09:00:00,marketing.gsb,GSB_final_lead_list_2026-08-28.xlsx
TL003775,41 - 50,"06. 40,001-50,000",ผู้ประกอบธุรกิจ / เจ้าของกิจการ,ธนาคารออมสินภาค 10,สินเชื่อเคหะ,DCO2026,2026-08-28 09:00:00,marketing.gsb,GSB_final_lead_list_2026-08-28.xlsx
TL003776,51 - 60,"05. 30,001-40,000",ผู้ประกอบธุรกิจ / เจ้าของกิจการ,ธนาคารออมสินภาค 10,สินเชื่อเคหะ,DCO2026,2026-08-28 09:00:00,marketing.gsb,GSB_final_lead_list_2026-08-28.xlsx
TL003777,61 - 65,"04. 20,001-30,000",ผู้ประกอบธุรกิจ / เจ้าของกิจการ,ธนาคารออมสินภาค 12,สินเชื่อเคหะ,DCO2026,2026-08-28 09:00:00,marketing.gsb,GSB_final_lead_list_2026-08-28.xlsx
TL003778,51 - 60,"06. 40,001-50,000",พนักงานและลูกจ้างในบริษัท,ธนาคารออมสินภาค 13,สินเชื่อเคหะ,DCO2026,2026-08-28 09:00:00,marketing.gsb,GSB_final_lead_list_2026-08-28.xlsx
TL003779,51 - 60,"01. 0-5,000",พนักงานและลูกจ้างในบริษัท,ธนาคารออมสินภาค 13,สินเชื่อเคหะ,DCO2026,2026-08-28 09:00:00,marketing.gsb,GSB_final_lead_list_2026-08-28.xlsx
TL003780,31 - 40,"04. 20,001-30,000",ประกอบอาชีพอิสระ,ธนาคารออมสินภาค 12,สินเชื่อเคหะ,DCO2026,2026-08-28 09:00:00,marketing.gsb,GSB_final_lead_list_2026-08-28.xlsx
TL003781,20 - 30,"05. 30,001-40,000",พนักงานและลูกจ้างในบริษัท,ธนาคารออมสินภาค 13,สินเชื่อเคหะ,DCO2026,2026-08-28 09:00:00,marketing.gsb,GSB_final_lead_list_2026-08-28.xlsx
TL003782,20 - 30,"04. 20,001-30,000",ผู้รับจ้างทั่วไป / ผู้ใช้แรงงาน,ธนาคารออมสินภาค 12,สินเชื่อเคหะ,DCO2026,2026-08-28 09:00:00,marketing.gsb,GSB_final_lead_list_2026-08-28.xlsx
TL003783,31 - 40,"05. 30,001-40,000",พนักงานและลูกจ้างในหน่วยงานรัฐวิสาหกิจ,ธนาคารออมสินภาค 10,สินเชื่อเคหะ,DCO2026,2026-08-28 09:00:00,marketing.gsb,GSB_final_lead_list_2026-08-28.xlsx
TL003784,31 - 40,"07. >50,000",ประกอบอาชีพอิสระ,ธนาคารออมสินภาค 13,สินเชื่อเคหะ,DCO2026,2026-08-28 09:00:00,marketing.gsb,GSB_final_lead_list_2026-08-28.xlsx
TL003785,31 - 40,"02. 5,001-10,000",ผู้ประกอบธุรกิจ / เจ้าของกิจการ,ธนาคารออมสินภาค 11,สินเชื่อเคหะ,DCO2026,2026-08-28 09:00:00,marketing.gsb,GSB_final_lead_list_2026-08-28.xlsx
TL003786,20 - 30,"05. 30,001-40,000",ผู้ประกอบธุรกิจ / เจ้าของกิจการ,ธนาคารออมสินภาค 10,สินเชื่อเคหะ,DCO2026,2026-08-28 09:00:00,marketing.gsb,GSB_final_lead_list_2026-08-28.xlsx
TL003787,41 - 50,"01. 0-5,000",พนักงานและลูกจ้างในบริษัท,ธนาคารออมสินภาค 11,สินเชื่อเคหะ,DCO2026,2026-08-28 09:00:00,marketing.gsb,GSB_final_lead_list_2026-08-28.xlsx
TL003788,41 - 50,"05. 30,001-40,000",ข้าราชการและลูกจ้างในหน่วยงานของรัฐ,ธนาคารออมสินภาค 13,สินเชื่อเคหะ,DCO2026,2026-08-28 09:00:00,marketing.gsb,GSB_final_lead_list_2026-08-28.xlsx
TL003789,41 - 50,"06. 40,001-50,000",ประกอบวิชาชีพเฉพาะ,ธนาคารออมสินภาค 12,สินเชื่อเคหะ,DCO2026,2026-08-28 09:00:00,marketing.gsb,GSB_final_lead_list_2026-08-28.xlsx
TL003790,41 - 50,"07. >50,000",ผู้ประกอบธุรกิจ / เจ้าของกิจการ,ธนาคารออมสินภาค 10,สินเชื่อเคหะ,DCO2026,2026-08-28 09:00:00,marketing.gsb,GSB_final_lead_list_2026-08-28.xlsx
TL003791,31 - 40,"06. 40,001-50,000",ประกอบอาชีพอิสระ,ธนาคารออมสินภาค 12,สินเชื่อเคหะ,DCO2026,2026-08-28 09:00:00,marketing.gsb,GSB_final_lead_list_2026-08-28.xlsx
TL003792,41 - 50,"02. 5,001-10,000",ประกอบอาชีพอิสระ,ธนาคารออมสินภาค 1,สินเชื่อเคหะ,DCO2026,2026-08-28 09:00:00,marketing.gsb,GSB_final_lead_list_2026-08-28.xlsx
TL003793,20 - 30,"05. 30,001-40,000",ประกอบวิชาชีพเฉพาะ,ธนาคารออมสินภาค 12,สินเชื่อเคหะ,DCO2026,2026-08-28 09:00:00,marketing.gsb,GSB_final_lead_list_2026-08-28.xlsx
TL003794,20 - 30,"03. 10,001-20,000",ผู้ประกอบธุรกิจ / เจ้าของกิจการ,ธนาคารออมสินภาค 1,สินเชื่อเคหะ,DCO2026,2026-08-28 09:00:00,marketing.gsb,GSB_final_lead_list_2026-08-28.xlsx
TL003795,31 - 40,"06. 40,001-50,000",ประกอบอาชีพอิสระ,ธนาคารออมสินภาค 12,สินเชื่อเคหะ,DCO2026,2026-08-28 09:00:00,marketing.gsb,GSB_final_lead_list_2026-08-28.xlsx
TL003796,31 - 40,"03. 10,001-20,000",ข้าราชการและลูกจ้างในหน่วยงานของรัฐ,ธนาคารออมสินภาค 10,สินเชื่อเคหะ,DCO2026,2026-08-28 09:00:00,marketing.gsb,GSB_final_lead_list_2026-08-28.xlsx
TL003797,20 - 30,"05. 30,001-40,000",ประกอบวิชาชีพเฉพาะ,ธนาคารออมสินภาค 13,สินเชื่อเคหะ,DCO2026,2026-08-28 09:00:00,marketing.gsb,GSB_final_lead_list_2026-08-28.xlsx
TL003798,41 - 50,"05. 30,001-40,000",ประกอบวิชาชีพเฉพาะ,ธนาคารออมสินภาค 10,สินเชื่อเคหะ,DCO2026,2026-08-28 09:00:00,marketing.gsb,GSB_final_lead_list_2026-08-28.xlsx
TL003799,41 - 50,"03. 10,001-20,000",พนักงานและลูกจ้างในบริษัท,ธนาคารออมสินภาค 11,สินเชื่อเคหะ,DCO2026,2026-08-28 09:00:00,marketing.gsb,GSB_final_lead_list_2026-08-28.xlsx
TL003800,31 - 40,"01. 0-5,000",ประกอบวิชาชีพเฉพาะ,ธนาคารออมสินภาค 13,สินเชื่อเคหะ,DCO2026,2026-08-28 09:00:00,marketing.gsb,GSB_final_lead_list_2026-08-28.xlsx
TL003801,20 - 30,"04. 20,001-30,000",ผู้รับจ้างทั่วไป / ผู้ใช้แรงงาน,ธนาคารออมสินภาค 12,สินเชื่อเคหะ,DCO2026,2026-08-28 09:00:00,marketing.gsb,GSB_final_lead_list_2026-08-28.xlsx
TL003802,31 - 40,"06. 40,001-50,000",พนักงานและลูกจ้างในหน่วยงานรัฐวิสาหกิจ,ธนาคารออมสินภาค 10,สินเชื่อเคหะ,DCO2026,2026-08-28 09:00:00,marketing.gsb,GSB_final_lead_list_2026-08-28.xlsx
TL003803,20 - 30,"04. 20,001-30,000",ผู้รับจ้างทั่วไป / ผู้ใช้แรงงาน,ธนาคารออมสินภาค 11,สินเชื่อเคหะ,DCO2026,2026-08-28 09:00:00,marketing.gsb,GSB_final_lead_list_2026-08-28.xlsx
TL003804,20 - 30,"07. >50,000",ประกอบอาชีพอิสระ,ธนาคารออมสินภาค 11,สินเชื่อเคหะ,DCO2026,2026-08-28 09:00:00,marketing.gsb,GSB_final_lead_list_2026-08-28.xlsx
TL003805,20 - 30,"04. 20,001-30,000",ประกอบอาชีพอิสระ,ธนาคารออมสินภาค 12,สินเชื่อเคหะ,DCO2026,2026-08-28 09:00:00,marketing.gsb,GSB_final_lead_list_2026-08-28.xlsx
TL003806,Under 20,"05. 30,001-40,000",ข้าราชการและลูกจ้างในหน่วยงานของรัฐ,ธนาคารออมสินภาค 1,สินเชื่อเคหะ,DCO2026,2026-08-28 09:00:00,marketing.gsb,GSB_final_lead_list_2026-08-28.xlsx
TL003807,41 - 50,"06. 40,001-50,000",ผู้ประกอบธุรกิจ / เจ้าของกิจการ,ธนาคารออมสินภาค 10,สินเชื่อเคหะ,DCO2026,2026-08-28 09:00:00,marketing.gsb,GSB_final_lead_list_2026-08-28.xlsx
TL003808,20 - 30,"06. 40,001-50,000",พนักงานและลูกจ้างในบริษัท,ธนาคารออมสินภาค 11,สินเชื่อเคหะ,DCO2026,2026-08-28 09:00:00,marketing.gsb,GSB_final_lead_list_2026-08-28.xlsx
TL003809,31 - 40,"02. 5,001-10,000",พนักงานและลูกจ้างในหน่วยงานรัฐวิสาหกิจ,ธนาคารออมสินภาค 11,สินเชื่อเคหะ,DCO2026,2026-08-28 09:00:00,marketing.gsb,GSB_final_lead_list_2026-08-28.xlsx
TL003810,20 - 30,"03. 10,001-20,000",พนักงานและลูกจ้างในหน่วยงานรัฐวิสาหกิจ,ธนาคารออมสินภาค 11,สินเชื่อเคหะ,DCO2026,2026-08-28 09:00:00,marketing.gsb,GSB_final_lead_list_2026-08-28.xlsx
TL003811,Under 20,"04. 20,001-30,000",ประกอบวิชาชีพเฉพาะ,ธนาคารออมสินภาค 1,สินเชื่อเคหะ,DCO2026,2026-08-28 09:00:00,marketing.gsb,GSB_final_lead_list_2026-08-28.xlsx
TL003812,51 - 60,"03. 10,001-20,000",ประกอบอาชีพอิสระ,ธนาคารออมสินภาค 1,สินเชื่อเคหะ,DCO2026,2026-08-28 09:00:00,marketing.gsb,GSB_final_lead_list_2026-08-28.xlsx
TL003813,61 - 65,"01. 0-5,000",ผู้รับจ้างทั่วไป / ผู้ใช้แรงงาน,ธนาคารออมสินภาค 11,สินเชื่อเคหะ,DCO2026,2026-08-28 09:00:00,marketing.gsb,GSB_final_lead_list_2026-08-28.xlsx
TL003814,41 - 50,"04. 20,001-30,000",ข้าราชการและลูกจ้างในหน่วยงานของรัฐ,ธนาคารออมสินภาค 11,สินเชื่อเคหะ,DCO2026,2026-08-28 09:00:00,marketing.gsb,GSB_final_lead_list_2026-08-28.xlsx
TL003815,41 - 50,"06. 40,001-50,000",พนักงานและลูกจ้างในบริษัท,ธนาคารออมสินภาค 12,สินเชื่อเคหะ,DCO2026,2026-08-28 09:00:00,marketing.gsb,GSB_final_lead_list_2026-08-28.xlsx
TL003816,51 - 60,"04. 20,001-30,000",พนักงานและลูกจ้างในบริษัท,ธนาคารออมสินภาค 1,สินเชื่อเคหะ,DCO2026,2026-08-28 09:00:00,marketing.gsb,GSB_final_lead_list_2026-08-28.xlsx
TL003817,20 - 30,"05. 30,001-40,000",พนักงานและลูกจ้างในบริษัท,ธนาคารออมสินภาค 13,สินเชื่อเคหะ,DCO2026,2026-08-28 09:00:00,marketing.gsb,GSB_final_lead_list_2026-08-28.xlsx
TL003818,31 - 40,"05. 30,001-40,000",ประกอบอาชีพอิสระ,ธนาคารออมสินภาค 10,สินเชื่อเคหะ,DCO2026,2026-08-28 09:00:00,marketing.gsb,GSB_final_lead_list_2026-08-28.xlsx
TL003819,31 - 40,"05. 30,001-40,000",ผู้ประกอบธุรกิจ / เจ้าของกิจการ,ธนาคารออมสินภาค 13,สินเชื่อเคหะ,DCO2026,2026-08-28 09:00:00,marketing.gsb,GSB_final_lead_list_2026-08-28.xlsx
TL003820,51 - 60,"06. 40,001-50,000",ผู้รับจ้างทั่วไป / ผู้ใช้แรงงาน,ธนาคารออมสินภาค 13,สินเชื่อเคหะ,DCO2026,2026-08-28 09:00:00,marketing.gsb,GSB_final_lead_list_2026-08-28.xlsx
TL003821,20 - 30,"04. 20,001-30,000",ข้าราชการและลูกจ้างในหน่วยงานของรัฐ,ธนาคารออมสินภาค 1,สินเชื่อเคหะ,DCO2026,2026-08-28 09:00:00,marketing.gsb,GSB_final_lead_list_2026-08-28.xlsx
TL003822,31 - 40,"04. 20,001-30,000",ผู้รับจ้างทั่วไป / ผู้ใช้แรงงาน,ธนาคารออมสินภาค 13,สินเชื่อเคหะ,DCO2026,2026-08-28 09:00:00,marketing.gsb,GSB_final_lead_list_2026-08-28.xlsx
TL003823,51 - 60,"04. 20,001-30,000",พนักงานและลูกจ้างในหน่วยงานรัฐวิสาหกิจ,ธนาคารออมสินภาค 11,สินเชื่อเคหะ,DCO2026,2026-08-28 09:00:00,marketing.gsb,GSB_final_lead_list_2026-08-28.xlsx
TL003824,65 Up,"04. 20,001-30,000",ข้าราชการและลูกจ้างในหน่วยงานของรัฐ,ธนาคารออมสินภาค 13,สินเชื่อเคหะ,DCO2026,2026-08-28 09:00:00,marketing.gsb,GSB_final_lead_list_2026-08-28.xlsx
TL003825,20 - 30,"01. 0-5,000",ผู้ประกอบธุรกิจ / เจ้าของกิจการ,ธนาคารออมสินภาค 12,สินเชื่อเคหะ,DCO2026,2026-08-28 09:00:00,marketing.gsb,GSB_final_lead_list_2026-08-28.xlsx
TL003826,20 - 30,"04. 20,001-30,000",ข้าราชการและลูกจ้างในหน่วยงานของรัฐ,ธนาคารออมสินภาค 13,สินเชื่อเคหะ,DCO2026,2026-08-28 09:00:00,marketing.gsb,GSB_final_lead_list_2026-08-28.xlsx
TL003827,31 - 40,"02. 5,001-10,000",ข้าราชการและลูกจ้างในหน่วยงานของรัฐ,ธนาคารออมสินภาค 12,สินเชื่อเคหะ,DCO2026,2026-08-28 09:00:00,marketing.gsb,GSB_final_lead_list_2026-08-28.xlsx
TL003828,41 - 50,"04. 20,001-30,000",ข้าราชการและลูกจ้างในหน่วยงานของรัฐ,ธนาคารออมสินภาค 13,สินเชื่อเคหะ,DCO2026,2026-08-28 09:00:00,marketing.gsb,GSB_final_lead_list_2026-08-28.xlsx
TL003829,31 - 40,"06. 40,001-50,000",พนักงานและลูกจ้างในหน่วยงานรัฐวิสาหกิจ,ธนาคารออมสินภาค 11,สินเชื่อเคหะ,DCO2026,2026-08-28 09:00:00,marketing.gsb,GSB_final_lead_list_2026-08-28.xlsx
TL003830,20 - 30,"04. 20,001-30,000",พนักงานและลูกจ้างในบริษัท,ธนาคารออมสินภาค 12,สินเชื่อเคหะ,DCO2026,2026-08-28 09:00:00,marketing.gsb,GSB_final_lead_list_2026-08-28.xlsx
TL003831,20 - 30,"06. 40,001-50,000",พนักงานและลูกจ้างในหน่วยงานรัฐวิสาหกิจ,ธนาคารออมสินภาค 11,สินเชื่อเคหะ,DCO2026,2026-08-28 09:00:00,marketing.gsb,GSB_final_lead_list_2026-08-28.xlsx
TL003832,20 - 30,"04. 20,001-30,000",พนักงานและลูกจ้างในบริษัท,ธนาคารออมสินภาค 11,สินเชื่อเคหะ,DCO2026,2026-08-28 09:00:00,marketing.gsb,GSB_final_lead_list_2026-08-28.xlsx
TL003833,31 - 40,"05. 30,001-40,000",ผู้รับจ้างทั่วไป / ผู้ใช้แรงงาน,ธนาคารออมสินภาค 1,สินเชื่อเคหะ,DCO2026,2026-08-28 09:00:00,marketing.gsb,GSB_final_lead_list_2026-08-28.xlsx
TL003834,20 - 30,"04. 20,001-30,000",พนักงานและลูกจ้างในบริษัท,ธนาคารออมสินภาค 12,สินเชื่อเคหะ,DCO2026,2026-08-28 09:00:00,marketing.gsb,GSB_final_lead_list_2026-08-28.xlsx
TL003835,41 - 50,"06. 40,001-50,000",ข้าราชการและลูกจ้างในหน่วยงานของรัฐ,ธนาคารออมสินภาค 10,สินเชื่อเคหะ,DCO2026,2026-08-28 09:00:00,marketing.gsb,GSB_final_lead_list_2026-08-28.xlsx
TL003836,Under 20,"02. 5,001-10,000",ข้าราชการและลูกจ้างในหน่วยงานของรัฐ,ธนาคารออมสินภาค 11,สินเชื่อเคหะ,DCO2026,2026-08-28 09:00:00,marketing.gsb,GSB_final_lead_list_2026-08-28.xlsx
TL003837,20 - 30,"06. 40,001-50,000",ผู้รับจ้างทั่วไป / ผู้ใช้แรงงาน,ธนาคารออมสินภาค 11,สินเชื่อเคหะ,DCO2026,2026-08-28 09:00:00,marketing.gsb,GSB_final_lead_list_2026-08-28.xlsx
TL003838,31 - 40,"04. 20,001-30,000",ผู้รับจ้างทั่วไป / ผู้ใช้แรงงาน,ธนาคารออมสินภาค 12,สินเชื่อเคหะ,DCO2026,2026-08-28 09:00:00,marketing.gsb,GSB_final_lead_list_2026-08-28.xlsx
TL003839,31 - 40,"05. 30,001-40,000",ผู้รับจ้างทั่วไป / ผู้ใช้แรงงาน,ธนาคารออมสินภาค 13,สินเชื่อเคหะ,DCO2026,2026-08-28 09:00:00,marketing.gsb,GSB_final_lead_list_2026-08-28.xlsx
TL003840,20 - 30,"06. 40,001-50,000",พนักงานและลูกจ้างในหน่วยงานรัฐวิสาหกิจ,ธนาคารออมสินภาค 13,สินเชื่อเคหะ,DCO2026,2026-08-28 09:00:00,marketing.gsb,GSB_final_lead_list_2026-08-28.xlsx
TL003841,41 - 50,"04. 20,001-30,000",ประกอบอาชีพอิสระ,ธนาคารออมสินภาค 10,สินเชื่อเคหะ,DCO2026,2026-08-28 09:00:00,marketing.gsb,GSB_final_lead_list_2026-08-28.xlsx
TL003842,20 - 30,"04. 20,001-30,000",พนักงานและลูกจ้างในหน่วยงานรัฐวิสาหกิจ,ธนาคารออมสินภาค 13,สินเชื่อเคหะ,DCO2026,2026-08-28 09:00:00,marketing.gsb,GSB_final_lead_list_2026-08-28.xlsx
TL003843,20 - 30,"06. 40,001-50,000",ผู้รับจ้างทั่วไป / ผู้ใช้แรงงาน,ธนาคารออมสินภาค 10,สินเชื่อเคหะ,DCO2026,2026-08-28 09:00:00,marketing.gsb,GSB_final_lead_list_2026-08-28.xlsx
TL003844,20 - 30,"04. 20,001-30,000",ประกอบวิชาชีพเฉพาะ,ธนาคารออมสินภาค 12,สินเชื่อเคหะ,DCO2026,2026-08-28 09:00:00,marketing.gsb,GSB_final_lead_list_2026-08-28.xlsx
TL003845,31 - 40,"05. 30,001-40,000",ประกอบวิชาชีพเฉพาะ,ธนาคารออมสินภาค 12,สินเชื่อเคหะ,DCO2026,2026-08-28 09:00:00,marketing.gsb,GSB_final_lead_list_2026-08-28.xlsx
TL003846,31 - 40,"02. 5,001-10,000",ผู้รับจ้างทั่วไป / ผู้ใช้แรงงาน,ธนาคารออมสินภาค 13,สินเชื่อเคหะ,DCO2026,2026-08-28 09:00:00,marketing.gsb,GSB_final_lead_list_2026-08-28.xlsx
TL003847,20 - 30,"05. 30,001-40,000",ผู้ประกอบธุรกิจ / เจ้าของกิจการ,ธนาคารออมสินภาค 10,สินเชื่อเคหะ,DCO2026,2026-08-28 09:00:00,marketing.gsb,GSB_final_lead_list_2026-08-28.xlsx
TL003848,31 - 40,"04. 20,001-30,000",ผู้ประกอบธุรกิจ / เจ้าของกิจการ,ธนาคารออมสินภาค 12,สินเชื่อเคหะ,DCO2026,2026-08-28 09:00:00,marketing.gsb,GSB_final_lead_list_2026-08-28.xlsx
TL003849,20 - 30,"07. >50,000",ผู้ประกอบธุรกิจ / เจ้าของกิจการ,ธนาคารออมสินภาค 11,สินเชื่อเคหะ,DCO2026,2026-08-28 09:00:00,marketing.gsb,GSB_final_lead_list_2026-08-28.xlsx
TL003850,31 - 40,"02. 5,001-10,000",ประกอบวิชาชีพเฉพาะ,ธนาคารออมสินภาค 12,สินเชื่อเคหะ,DCO2026,2026-08-28 09:00:00,marketing.gsb,GSB_final_lead_list_2026-08-28.xlsx
TL003851,51 - 60,"07. >50,000",ประกอบอาชีพอิสระ,ธนาคารออมสินภาค 10,สินเชื่อเคหะ,DCO2026,2026-08-28 09:00:00,marketing.gsb,GSB_final_lead_list_2026-08-28.xlsx
TL003852,41 - 50,"06. 40,001-50,000",ประกอบวิชาชีพเฉพาะ,ธนาคารออมสินภาค 13,สินเชื่อเคหะ,DCO2026,2026-08-28 09:00:00,marketing.gsb,GSB_final_lead_list_2026-08-28.xlsx
TL003853,20 - 30,"05. 30,001-40,000",ผู้ประกอบธุรกิจ / เจ้าของกิจการ,ธนาคารออมสินภาค 12,สินเชื่อเคหะ,DCO2026,2026-08-28 09:00:00,marketing.gsb,GSB_final_lead_list_2026-08-28.xlsx
TL003854,41 - 50,"02. 5,001-10,000",ผู้ประกอบธุรกิจ / เจ้าของกิจการ,ธนาคารออมสินภาค 10,สินเชื่อเคหะ,DCO2026,2026-08-28 09:00:00,marketing.gsb,GSB_final_lead_list_2026-08-28.xlsx
TL003855,51 - 60,"04. 20,001-30,000",พนักงานและลูกจ้างในหน่วยงานรัฐวิสาหกิจ,ธนาคารออมสินภาค 12,สินเชื่อเคหะ,DCO2026,2026-08-28 09:00:00,marketing.gsb,GSB_final_lead_list_2026-08-28.xlsx
TL003856,41 - 50,"01. 0-5,000",ข้าราชการและลูกจ้างในหน่วยงานของรัฐ,ธนาคารออมสินภาค 11,สินเชื่อเคหะ,DCO2026,2026-08-28 09:00:00,marketing.gsb,GSB_final_lead_list_2026-08-28.xlsx
TL003857,31 - 40,"04. 20,001-30,000",ประกอบอาชีพอิสระ,ธนาคารออมสินภาค 1,สินเชื่อเคหะ,DCO2026,2026-08-28 09:00:00,marketing.gsb,GSB_final_lead_list_2026-08-28.xlsx
TL003858,Under 20,"04. 20,001-30,000",พนักงานและลูกจ้างในบริษัท,ธนาคารออมสินภาค 11,สินเชื่อเคหะ,DCO2026,2026-08-28 09:00:00,marketing.gsb,GSB_final_lead_list_2026-08-28.xlsx
TL003859,31 - 40,"06. 40,001-50,000",ผู้ประกอบธุรกิจ / เจ้าของกิจการ,ธนาคารออมสินภาค 11,สินเชื่อเคหะ,DCO2026,2026-08-28 09:00:00,marketing.gsb,GSB_final_lead_list_2026-08-28.xlsx
TL003860,41 - 50,"05. 30,001-40,000",ผู้รับจ้างทั่วไป / ผู้ใช้แรงงาน,ธนาคารออมสินภาค 10,สินเชื่อเคหะ,DCO2026,2026-08-28 09:00:00,marketing.gsb,GSB_final_lead_list_2026-08-28.xlsx
TL003861,41 - 50,"05. 30,001-40,000",พนักงานและลูกจ้างในหน่วยงานรัฐวิสาหกิจ,ธนาคารออมสินภาค 11,สินเชื่อเคหะ,DCO2026,2026-08-28 09:00:00,marketing.gsb,GSB_final_lead_list_2026-08-28.xlsx
TL003862,31 - 40,"06. 40,001-50,000",ผู้ประกอบธุรกิจ / เจ้าของกิจการ,ธนาคารออมสินภาค 10,สินเชื่อเคหะ,DCO2026,2026-08-28 09:00:00,marketing.gsb,GSB_final_lead_list_2026-08-28.xlsx
TL003863,31 - 40,"04. 20,001-30,000",ผู้รับจ้างทั่วไป / ผู้ใช้แรงงาน,ธนาคารออมสินภาค 12,สินเชื่อเคหะ,DCO2026,2026-08-28 09:00:00,marketing.gsb,GSB_final_lead_list_2026-08-28.xlsx
TL003864,20 - 30,"05. 30,001-40,000",พนักงานและลูกจ้างในบริษัท,ธนาคารออมสินภาค 12,สินเชื่อเคหะ,DCO2026,2026-08-28 09:00:00,marketing.gsb,GSB_final_lead_list_2026-08-28.xlsx
TL003865,41 - 50,"01. 0-5,000",ข้าราชการและลูกจ้างในหน่วยงานของรัฐ,ธนาคารออมสินภาค 10,สินเชื่อเคหะ,DCO2026,2026-08-28 09:00:00,marketing.gsb,GSB_final_lead_list_2026-08-28.xlsx
TL003866,51 - 60,"06. 40,001-50,000",ประกอบวิชาชีพเฉพาะ,ธนาคารออมสินภาค 11,สินเชื่อเคหะ,DCO2026,2026-08-28 09:00:00,marketing.gsb,GSB_final_lead_list_2026-08-28.xlsx
TL003867,20 - 30,"05. 30,001-40,000",ประกอบวิชาชีพเฉพาะ,ธนาคารออมสินภาค 1,สินเชื่อเคหะ,DCO2026,2026-08-28 09:00:00,marketing.gsb,GSB_final_lead_list_2026-08-28.xlsx
TL003868,51 - 60,"01. 0-5,000",พนักงานและลูกจ้างในบริษัท,ธนาคารออมสินภาค 10,สินเชื่อเคหะ,DCO2026,2026-08-28 09:00:00,marketing.gsb,GSB_final_lead_list_2026-08-28.xlsx
TL003869,20 - 30,"07. >50,000",ผู้รับจ้างทั่วไป / ผู้ใช้แรงงาน,ธนาคารออมสินภาค 10,สินเชื่อเคหะ,DCO2026,2026-08-28 09:00:00,marketing.gsb,GSB_final_lead_list_2026-08-28.xlsx
TL003870,31 - 40,"03. 10,001-20,000",ประกอบวิชาชีพเฉพาะ,ธนาคารออมสินภาค 1,สินเชื่อเคหะ,DCO2026,2026-08-28 09:00:00,marketing.gsb,GSB_final_lead_list_2026-08-28.xlsx
TL003871,41 - 50,"05. 30,001-40,000",พนักงานและลูกจ้างในหน่วยงานรัฐวิสาหกิจ,ธนาคารออมสินภาค 11,สินเชื่อเคหะ,DCO2026,2026-08-28 09:00:00,marketing.gsb,GSB_final_lead_list_2026-08-28.xlsx
TL003872,20 - 30,"03. 10,001-20,000",ผู้รับจ้างทั่วไป / ผู้ใช้แรงงาน,ธนาคารออมสินภาค 12,สินเชื่อเคหะ,DCO2026,2026-08-28 09:00:00,marketing.gsb,GSB_final_lead_list_2026-08-28.xlsx
TL003873,65 Up,"06. 40,001-50,000",ข้าราชการและลูกจ้างในหน่วยงานของรัฐ,ธนาคารออมสินภาค 12,สินเชื่อเคหะ,DCO2026,2026-08-28 09:00:00,marketing.gsb,GSB_final_lead_list_2026-08-28.xlsx
TL003874,61 - 65,"06. 40,001-50,000",ประกอบอาชีพอิสระ,ธนาคารออมสินภาค 1,สินเชื่อเคหะ,DCO2026,2026-08-28 09:00:00,marketing.gsb,GSB_final_lead_list_2026-08-28.xlsx
TL003875,41 - 50,"03. 10,001-20,000",พนักงานและลูกจ้างในบริษัท,ธนาคารออมสินภาค 10,สินเชื่อเคหะ,DCO2026,2026-08-28 09:00:00,marketing.gsb,GSB_final_lead_list_2026-08-28.xlsx
TL003876,51 - 60,"05. 30,001-40,000",พนักงานและลูกจ้างในหน่วยงานรัฐวิสาหกิจ,ธนาคารออมสินภาค 11,สินเชื่อเคหะ,DCO2026,2026-08-28 09:00:00,marketing.gsb,GSB_final_lead_list_2026-08-28.xlsx
TL003877,20 - 30,"05. 30,001-40,000",พนักงานและลูกจ้างในบริษัท,ธนาคารออมสินภาค 11,สินเชื่อเคหะ,DCO2026,2026-08-28 09:00:00,marketing.gsb,GSB_final_lead_list_2026-08-28.xlsx
TL003878,65 Up,"04. 20,001-30,000",ผู้ประกอบธุรกิจ / เจ้าของกิจการ,ธนาคารออมสินภาค 11,สินเชื่อเคหะ,DCO2026,2026-08-28 09:00:00,marketing.gsb,GSB_final_lead_list_2026-08-28.xlsx
TL003879,20 - 30,"04. 20,001-30,000",ประกอบวิชาชีพเฉพาะ,ธนาคารออมสินภาค 12,สินเชื่อเคหะ,DCO2026,2026-08-28 09:00:00,marketing.gsb,GSB_final_lead_list_2026-08-28.xlsx
TL003880,31 - 40,"06. 40,001-50,000",ผู้รับจ้างทั่วไป / ผู้ใช้แรงงาน,ธนาคารออมสินภาค 11,สินเชื่อเคหะ,DCO2026,2026-08-28 09:00:00,marketing.gsb,GSB_final_lead_list_2026-08-28.xlsx
TL003881,20 - 30,"04. 20,001-30,000",ประกอบวิชาชีพเฉพาะ,ธนาคารออมสินภาค 10,สินเชื่อเคหะ,DCO2026,2026-08-28 09:00:00,marketing.gsb,GSB_final_lead_list_2026-08-28.xlsx
TL003882,31 - 40,"02. 5,001-10,000",ประกอบอาชีพอิสระ,ธนาคารออมสินภาค 10,สินเชื่อเคหะ,DCO2026,2026-08-28 09:00:00,marketing.gsb,GSB_final_lead_list_2026-08-28.xlsx
TL003883,65 Up,"01. 0-5,000",พนักงานและลูกจ้างในหน่วยงานรัฐวิสาหกิจ,ธนาคารออมสินภาค 10,สินเชื่อเคหะ,DCO2026,2026-08-28 09:00:00,marketing.gsb,GSB_final_lead_list_2026-08-28.xlsx
TL003884,41 - 50,"06. 40,001-50,000",พนักงานและลูกจ้างในบริษัท,ธนาคารออมสินภาค 1,สินเชื่อเคหะ,DCO2026,2026-08-28 09:00:00,marketing.gsb,GSB_final_lead_list_2026-08-28.xlsx
TL003885,41 - 50,"04. 20,001-30,000",ประกอบวิชาชีพเฉพาะ,ธนาคารออมสินภาค 11,สินเชื่อเคหะ,DCO2026,2026-08-28 09:00:00,marketing.gsb,GSB_final_lead_list_2026-08-28.xlsx
TL003886,31 - 40,"01. 0-5,000",พนักงานและลูกจ้างในบริษัท,ธนาคารออมสินภาค 11,สินเชื่อเคหะ,DCO2026,2026-08-28 09:00:00,marketing.gsb,GSB_final_lead_list_2026-08-28.xlsx
TL003887,20 - 30,"06. 40,001-50,000",ผู้ประกอบธุรกิจ / เจ้าของกิจการ,ธนาคารออมสินภาค 10,สินเชื่อเคหะ,DCO2026,2026-08-28 09:00:00,marketing.gsb,GSB_final_lead_list_2026-08-28.xlsx
TL003888,Under 20,"04. 20,001-30,000",ประกอบอาชีพอิสระ,ธนาคารออมสินภาค 13,สินเชื่อเคหะ,DCO2026,2026-08-28 09:00:00,marketing.gsb,GSB_final_lead_list_2026-08-28.xlsx
TL003889,41 - 50,"06. 40,001-50,000",ประกอบอาชีพอิสระ,ธนาคารออมสินภาค 1,สินเชื่อเคหะ,DCO2026,2026-08-28 09:00:00,marketing.gsb,GSB_final_lead_list_2026-08-28.xlsx
TL003890,20 - 30,"06. 40,001-50,000",พนักงานและลูกจ้างในหน่วยงานรัฐวิสาหกิจ,ธนาคารออมสินภาค 1,สินเชื่อเคหะ,DCO2026,2026-08-28 09:00:00,marketing.gsb,GSB_final_lead_list_2026-08-28.xlsx
TL003891,20 - 30,"02. 5,001-10,000",พนักงานและลูกจ้างในหน่วยงานรัฐวิสาหกิจ,ธนาคารออมสินภาค 10,สินเชื่อเคหะ,DCO2026,2026-08-28 09:00:00,marketing.gsb,GSB_final_lead_list_2026-08-28.xlsx
TL003892,41 - 50,"02. 5,001-10,000",ประกอบอาชีพอิสระ,ธนาคารออมสินภาค 10,สินเชื่อเคหะ,DCO2026,2026-08-28 09:00:00,marketing.gsb,GSB_final_lead_list_2026-08-28.xlsx
TL003893,41 - 50,"01. 0-5,000",ผู้ประกอบธุรกิจ / เจ้าของกิจการ,ธนาคารออมสินภาค 1,สินเชื่อเคหะ,DCO2026,2026-08-28 09:00:00,marketing.gsb,GSB_final_lead_list_2026-08-28.xlsx
TL003894,31 - 40,"05. 30,001-40,000",ข้าราชการและลูกจ้างในหน่วยงานของรัฐ,ธนาคารออมสินภาค 10,สินเชื่อเคหะ,DCO2026,2026-08-28 09:00:00,marketing.gsb,GSB_final_lead_list_2026-08-28.xlsx
TL003895,41 - 50,"02. 5,001-10,000",ผู้รับจ้างทั่วไป / ผู้ใช้แรงงาน,ธนาคารออมสินภาค 1,สินเชื่อเคหะ,DCO2026,2026-08-28 09:00:00,marketing.gsb,GSB_final_lead_list_2026-08-28.xlsx
TL003896,41 - 50,"04. 20,001-30,000",ประกอบวิชาชีพเฉพาะ,ธนาคารออมสินภาค 11,สินเชื่อเคหะ,DCO2026,2026-08-28 09:00:00,marketing.gsb,GSB_final_lead_list_2026-08-28.xlsx
TL003897,41 - 50,"04. 20,001-30,000",ผู้ประกอบธุรกิจ / เจ้าของกิจการ,ธนาคารออมสินภาค 1,สินเชื่อเคหะ,DCO2026,2026-08-28 09:00:00,marketing.gsb,GSB_final_lead_list_2026-08-28.xlsx
TL003898,31 - 40,"05. 30,001-40,000",พนักงานและลูกจ้างในบริษัท,ธนาคารออมสินภาค 12,สินเชื่อเคหะ,DCO2026,2026-08-28 09:00:00,marketing.gsb,GSB_final_lead_list_2026-08-28.xlsx
TL003899,41 - 50,"03. 10,001-20,000",ผู้ประกอบธุรกิจ / เจ้าของกิจการ,ธนาคารออมสินภาค 10,สินเชื่อเคหะ,DCO2026,2026-08-28 09:00:00,marketing.gsb,GSB_final_lead_list_2026-08-28.xlsx
TL003900,41 - 50,"06. 40,001-50,000",ประกอบอาชีพอิสระ,ธนาคารออมสินภาค 1,สินเชื่อเคหะ,DCO2026,2026-08-28 09:00:00,marketing.gsb,GSB_final_lead_list_2026-08-28.xlsx
TL003901,20 - 30,"05. 30,001-40,000",ประกอบอาชีพอิสระ,ธนาคารออมสินภาค 13,สินเชื่อเคหะ,DCO2026,2026-08-28 09:00:00,marketing.gsb,GSB_final_lead_list_2026-08-28.xlsx
TL003902,51 - 60,"05. 30,001-40,000",ข้าราชการและลูกจ้างในหน่วยงานของรัฐ,ธนาคารออมสินภาค 10,สินเชื่อเคหะ,DCO2026,2026-08-28 09:00:00,marketing.gsb,GSB_final_lead_list_2026-08-28.xlsx
TL003903,41 - 50,"06. 40,001-50,000",ข้าราชการและลูกจ้างในหน่วยงานของรัฐ,ธนาคารออมสินภาค 11,สินเชื่อเคหะ,DCO2026,2026-08-28 09:00:00,marketing.gsb,GSB_final_lead_list_2026-08-28.xlsx
TL003904,31 - 40,"02. 5,001-10,000",ประกอบวิชาชีพเฉพาะ,ธนาคารออมสินภาค 12,สินเชื่อเคหะ,DCO2026,2026-08-28 09:00:00,marketing.gsb,GSB_final_lead_list_2026-08-28.xlsx
TL003905,31 - 40,"01. 0-5,000",พนักงานและลูกจ้างในหน่วยงานรัฐวิสาหกิจ,ธนาคารออมสินภาค 12,สินเชื่อเคหะ,DCO2026,2026-08-28 09:00:00,marketing.gsb,GSB_final_lead_list_2026-08-28.xlsx
TL003906,31 - 40,"02. 5,001-10,000",ผู้ประกอบธุรกิจ / เจ้าของกิจการ,ธนาคารออมสินภาค 12,สินเชื่อเคหะ,DCO2026,2026-08-28 09:00:00,marketing.gsb,GSB_final_lead_list_2026-08-28.xlsx
TL003907,51 - 60,"05. 30,001-40,000",ผู้รับจ้างทั่วไป / ผู้ใช้แรงงาน,ธนาคารออมสินภาค 11,สินเชื่อเคหะ,DCO2026,2026-08-28 09:00:00,marketing.gsb,GSB_final_lead_list_2026-08-28.xlsx
TL003908,31 - 40,"04. 20,001-30,000",ผู้รับจ้างทั่วไป / ผู้ใช้แรงงาน,ธนาคารออมสินภาค 13,สินเชื่อเคหะ,DCO2026,2026-08-28 09:00:00,marketing.gsb,GSB_final_lead_list_2026-08-28.xlsx
TL003909,41 - 50,"01. 0-5,000",ผู้รับจ้างทั่วไป / ผู้ใช้แรงงาน,ธนาคารออมสินภาค 12,สินเชื่อเคหะ,DCO2026,2026-08-28 09:00:00,marketing.gsb,GSB_final_lead_list_2026-08-28.xlsx
TL003910,20 - 30,"05. 30,001-40,000",พนักงานและลูกจ้างในบริษัท,ธนาคารออมสินภาค 10,สินเชื่อเคหะ,DCO2026,2026-08-28 09:00:00,marketing.gsb,GSB_final_lead_list_2026-08-28.xlsx
TL003911,31 - 40,"04. 20,001-30,000",ผู้ประกอบธุรกิจ / เจ้าของกิจการ,ธนาคารออมสินภาค 11,สินเชื่อเคหะ,DCO2026,2026-08-28 09:00:00,marketing.gsb,GSB_final_lead_list_2026-08-28.xlsx
TL003912,31 - 40,"06. 40,001-50,000",พนักงานและลูกจ้างในบริษัท,ธนาคารออมสินภาค 1,สินเชื่อเคหะ,DCO2026,2026-08-28 09:00:00,marketing.gsb,GSB_final_lead_list_2026-08-28.xlsx
TL003913,20 - 30,"05. 30,001-40,000",พนักงานและลูกจ้างในบริษัท,ธนาคารออมสินภาค 1,สินเชื่อเคหะ,DCO2026,2026-08-28 09:00:00,marketing.gsb,GSB_final_lead_list_2026-08-28.xlsx
TL003914,31 - 40,"02. 5,001-10,000",พนักงานและลูกจ้างในบริษัท,ธนาคารออมสินภาค 13,สินเชื่อเคหะ,DCO2026,2026-08-28 09:00:00,marketing.gsb,GSB_final_lead_list_2026-08-28.xlsx
TL003915,51 - 60,"01. 0-5,000",ผู้ประกอบธุรกิจ / เจ้าของกิจการ,ธนาคารออมสินภาค 10,สินเชื่อเคหะ,DCO2026,2026-08-28 09:00:00,marketing.gsb,GSB_final_lead_list_2026-08-28.xlsx
TL003916,31 - 40,"02. 5,001-10,000",พนักงานและลูกจ้างในหน่วยงานรัฐวิสาหกิจ,ธนาคารออมสินภาค 1,สินเชื่อเคหะ,DCO2026,2026-08-28 09:00:00,marketing.gsb,GSB_final_lead_list_2026-08-28.xlsx
TL003917,20 - 30,"04. 20,001-30,000",ประกอบอาชีพอิสระ,ธนาคารออมสินภาค 12,สินเชื่อเคหะ,DCO2026,2026-08-28 09:00:00,marketing.gsb,GSB_final_lead_list_2026-08-28.xlsx
TL003918,41 - 50,"06. 40,001-50,000",พนักงานและลูกจ้างในบริษัท,ธนาคารออมสินภาค 11,สินเชื่อเคหะ,DCO2026,2026-08-28 09:00:00,marketing.gsb,GSB_final_lead_list_2026-08-28.xlsx
TL003919,61 - 65,"03. 10,001-20,000",ประกอบอาชีพอิสระ,ธนาคารออมสินภาค 11,สินเชื่อเคหะ,DCO2026,2026-08-28 09:00:00,marketing.gsb,GSB_final_lead_list_2026-08-28.xlsx
TL003920,65 Up,"04. 20,001-30,000",พนักงานและลูกจ้างในบริษัท,ธนาคารออมสินภาค 10,สินเชื่อเคหะ,DCO2026,2026-08-28 09:00:00,marketing.gsb,GSB_final_lead_list_2026-08-28.xlsx
TL003921,31 - 40,"02. 5,001-10,000",พนักงานและลูกจ้างในหน่วยงานรัฐวิสาหกิจ,ธนาคารออมสินภาค 10,สินเชื่อเคหะ,DCO2026,2026-08-28 09:00:00,marketing.gsb,GSB_final_lead_list_2026-08-28.xlsx
TL003922,20 - 30,"02. 5,001-10,000",ข้าราชการและลูกจ้างในหน่วยงานของรัฐ,ธนาคารออมสินภาค 11,สินเชื่อเคหะ,DCO2026,2026-08-28 09:00:00,marketing.gsb,GSB_final_lead_list_2026-08-28.xlsx
TL003923,41 - 50,"06. 40,001-50,000",พนักงานและลูกจ้างในหน่วยงานรัฐวิสาหกิจ,ธนาคารออมสินภาค 12,สินเชื่อเคหะ,DCO2026,2026-08-28 09:00:00,marketing.gsb,GSB_final_lead_list_2026-08-28.xlsx
TL003924,51 - 60,"01. 0-5,000",ผู้รับจ้างทั่วไป / ผู้ใช้แรงงาน,ธนาคารออมสินภาค 11,สินเชื่อเคหะ,DCO2026,2026-08-28 09:00:00,marketing.gsb,GSB_final_lead_list_2026-08-28.xlsx
TL003925,31 - 40,"04. 20,001-30,000",ผู้รับจ้างทั่วไป / ผู้ใช้แรงงาน,ธนาคารออมสินภาค 13,สินเชื่อเคหะ,DCO2026,2026-08-28 09:00:00,marketing.gsb,GSB_final_lead_list_2026-08-28.xlsx
TL003926,20 - 30,"05. 30,001-40,000",ข้าราชการและลูกจ้างในหน่วยงานของรัฐ,ธนาคารออมสินภาค 12,สินเชื่อเคหะ,DCO2026,2026-08-28 09:00:00,marketing.gsb,GSB_final_lead_list_2026-08-28.xlsx
TL003927,51 - 60,"01. 0-5,000",ประกอบวิชาชีพเฉพาะ,ธนาคารออมสินภาค 11,สินเชื่อเคหะ,DCO2026,2026-08-28 09:00:00,marketing.gsb,GSB_final_lead_list_2026-08-28.xlsx
TL003928,51 - 60,"03. 10,001-20,000",พนักงานและลูกจ้างในหน่วยงานรัฐวิสาหกิจ,ธนาคารออมสินภาค 10,สินเชื่อเคหะ,DCO2026,2026-08-28 09:00:00,marketing.gsb,GSB_final_lead_list_2026-08-28.xlsx
TL003929,51 - 60,"04. 20,001-30,000",ผู้รับจ้างทั่วไป / ผู้ใช้แรงงาน,ธนาคารออมสินภาค 11,สินเชื่อเคหะ,DCO2026,2026-08-28 09:00:00,marketing.gsb,GSB_final_lead_list_2026-08-28.xlsx
TL003930,31 - 40,"06. 40,001-50,000",ประกอบวิชาชีพเฉพาะ,ธนาคารออมสินภาค 12,สินเชื่อเคหะ,DCO2026,2026-08-28 09:00:00,marketing.gsb,GSB_final_lead_list_2026-08-28.xlsx
TL003931,20 - 30,"06. 40,001-50,000",ผู้ประกอบธุรกิจ / เจ้าของกิจการ,ธนาคารออมสินภาค 11,สินเชื่อเคหะ,DCO2026,2026-08-28 09:00:00,marketing.gsb,GSB_final_lead_list_2026-08-28.xlsx
TL003932,61 - 65,"06. 40,001-50,000",พนักงานและลูกจ้างในบริษัท,ธนาคารออมสินภาค 12,สินเชื่อเคหะ,DCO2026,2026-08-28 09:00:00,marketing.gsb,GSB_final_lead_list_2026-08-28.xlsx
TL003933,51 - 60,"04. 20,001-30,000",ข้าราชการและลูกจ้างในหน่วยงานของรัฐ,ธนาคารออมสินภาค 1,สินเชื่อเคหะ,DCO2026,2026-08-28 09:00:00,marketing.gsb,GSB_final_lead_list_2026-08-28.xlsx
TL003934,20 - 30,"05. 30,001-40,000",ข้าราชการและลูกจ้างในหน่วยงานของรัฐ,ธนาคารออมสินภาค 10,สินเชื่อเคหะ,DCO2026,2026-08-28 09:00:00,marketing.gsb,GSB_final_lead_list_2026-08-28.xlsx
TL003935,51 - 60,"05. 30,001-40,000",พนักงานและลูกจ้างในบริษัท,ธนาคารออมสินภาค 1,สินเชื่อเคหะ,DCO2026,2026-08-28 09:00:00,marketing.gsb,GSB_final_lead_list_2026-08-28.xlsx
TL003936,20 - 30,"05. 30,001-40,000",ข้าราชการและลูกจ้างในหน่วยงานของรัฐ,ธนาคารออมสินภาค 11,สินเชื่อเคหะ,DCO2026,2026-08-28 09:00:00,marketing.gsb,GSB_final_lead_list_2026-08-28.xlsx
TL003937,31 - 40,"04. 20,001-30,000",ผู้ประกอบธุรกิจ / เจ้าของกิจการ,ธนาคารออมสินภาค 11,สินเชื่อเคหะ,DCO2026,2026-08-28 09:00:00,marketing.gsb,GSB_final_lead_list_2026-08-28.xlsx
TL003938,41 - 50,"02. 5,001-10,000",ผู้รับจ้างทั่วไป / ผู้ใช้แรงงาน,ธนาคารออมสินภาค 12,สินเชื่อเคหะ,DCO2026,2026-08-28 09:00:00,marketing.gsb,GSB_final_lead_list_2026-08-28.xlsx
TL003939,41 - 50,"05. 30,001-40,000",พนักงานและลูกจ้างในบริษัท,ธนาคารออมสินภาค 13,สินเชื่อเคหะ,DCO2026,2026-08-28 09:00:00,marketing.gsb,GSB_final_lead_list_2026-08-28.xlsx
TL003940,20 - 30,"02. 5,001-10,000",พนักงานและลูกจ้างในบริษัท,ธนาคารออมสินภาค 13,สินเชื่อเคหะ,DCO2026,2026-08-28 09:00:00,marketing.gsb,GSB_final_lead_list_2026-08-28.xlsx
TL003941,65 Up,"05. 30,001-40,000",ข้าราชการและลูกจ้างในหน่วยงานของรัฐ,ธนาคารออมสินภาค 1,สินเชื่อเคหะ,DCO2026,2026-08-28 09:00:00,marketing.gsb,GSB_final_lead_list_2026-08-28.xlsx
TL003942,61 - 65,"06. 40,001-50,000",ผู้ประกอบธุรกิจ / เจ้าของกิจการ,ธนาคารออมสินภาค 10,สินเชื่อเคหะ,DCO2026,2026-08-28 09:00:00,marketing.gsb,GSB_final_lead_list_2026-08-28.xlsx
TL003943,20 - 30,"05. 30,001-40,000",พนักงานและลูกจ้างในหน่วยงานรัฐวิสาหกิจ,ธนาคารออมสินภาค 11,สินเชื่อเคหะ,DCO2026,2026-08-28 09:00:00,marketing.gsb,GSB_final_lead_list_2026-08-28.xlsx
TL003944,20 - 30,"05. 30,001-40,000",ประกอบอาชีพอิสระ,ธนาคารออมสินภาค 10,สินเชื่อเคหะ,DCO2026,2026-08-28 09:00:00,marketing.gsb,GSB_final_lead_list_2026-08-28.xlsx
TL003945,41 - 50,"01. 0-5,000",ข้าราชการและลูกจ้างในหน่วยงานของรัฐ,ธนาคารออมสินภาค 1,สินเชื่อเคหะ,DCO2026,2026-08-28 09:00:00,marketing.gsb,GSB_final_lead_list_2026-08-28.xlsx
TL003946,20 - 30,"06. 40,001-50,000",ข้าราชการและลูกจ้างในหน่วยงานของรัฐ,ธนาคารออมสินภาค 1,สินเชื่อเคหะ,DCO2026,2026-08-28 09:00:00,marketing.gsb,GSB_final_lead_list_2026-08-28.xlsx
TL003947,51 - 60,"05. 30,001-40,000",พนักงานและลูกจ้างในหน่วยงานรัฐวิสาหกิจ,ธนาคารออมสินภาค 13,สินเชื่อเคหะ,DCO2026,2026-08-28 09:00:00,marketing.gsb,GSB_final_lead_list_2026-08-28.xlsx
TL003948,51 - 60,"02. 5,001-10,000",ผู้ประกอบธุรกิจ / เจ้าของกิจการ,ธนาคารออมสินภาค 11,สินเชื่อเคหะ,DCO2026,2026-08-28 09:00:00,marketing.gsb,GSB_final_lead_list_2026-08-28.xlsx
TL003949,41 - 50,"04. 20,001-30,000",ผู้ประกอบธุรกิจ / เจ้าของกิจการ,ธนาคารออมสินภาค 1,สินเชื่อเคหะ,DCO2026,2026-08-28 09:00:00,marketing.gsb,GSB_final_lead_list_2026-08-28.xlsx
TL003950,51 - 60,"05. 30,001-40,000",ประกอบวิชาชีพเฉพาะ,ธนาคารออมสินภาค 12,สินเชื่อเคหะ,DCO2026,2026-08-28 09:00:00,marketing.gsb,GSB_final_lead_list_2026-08-28.xlsx
TL003951,31 - 40,"04. 20,001-30,000",ประกอบอาชีพอิสระ,ธนาคารออมสินภาค 11,สินเชื่อเคหะ,DCO2026,2026-08-28 09:00:00,marketing.gsb,GSB_final_lead_list_2026-08-28.xlsx
TL003952,31 - 40,"06. 40,001-50,000",ผู้ประกอบธุรกิจ / เจ้าของกิจการ,ธนาคารออมสินภาค 12,สินเชื่อเคหะ,DCO2026,2026-08-28 09:00:00,marketing.gsb,GSB_final_lead_list_2026-08-28.xlsx
TL003953,31 - 40,"05. 30,001-40,000",ข้าราชการและลูกจ้างในหน่วยงานของรัฐ,ธนาคารออมสินภาค 10,สินเชื่อเคหะ,DCO2026,2026-08-28 09:00:00,marketing.gsb,GSB_final_lead_list_2026-08-28.xlsx
TL003954,31 - 40,"02. 5,001-10,000",พนักงานและลูกจ้างในบริษัท,ธนาคารออมสินภาค 13,สินเชื่อเคหะ,DCO2026,2026-08-28 09:00:00,marketing.gsb,GSB_final_lead_list_2026-08-28.xlsx
TL003955,20 - 30,"05. 30,001-40,000",ประกอบอาชีพอิสระ,ธนาคารออมสินภาค 11,สินเชื่อเคหะ,DCO2026,2026-08-28 09:00:00,marketing.gsb,GSB_final_lead_list_2026-08-28.xlsx
TL003956,41 - 50,"04. 20,001-30,000",ประกอบวิชาชีพเฉพาะ,ธนาคารออมสินภาค 11,สินเชื่อเคหะ,DCO2026,2026-08-28 09:00:00,marketing.gsb,GSB_final_lead_list_2026-08-28.xlsx
TL003957,31 - 40,"02. 5,001-10,000",ข้าราชการและลูกจ้างในหน่วยงานของรัฐ,ธนาคารออมสินภาค 10,สินเชื่อเคหะ,DCO2026,2026-08-28 09:00:00,marketing.gsb,GSB_final_lead_list_2026-08-28.xlsx
TL003958,20 - 30,"02. 5,001-10,000",พนักงานและลูกจ้างในหน่วยงานรัฐวิสาหกิจ,ธนาคารออมสินภาค 13,สินเชื่อเคหะ,DCO2026,2026-08-28 09:00:00,marketing.gsb,GSB_final_lead_list_2026-08-28.xlsx
TL003959,20 - 30,"03. 10,001-20,000",ข้าราชการและลูกจ้างในหน่วยงานของรัฐ,ธนาคารออมสินภาค 1,สินเชื่อเคหะ,DCO2026,2026-08-28 09:00:00,marketing.gsb,GSB_final_lead_list_2026-08-28.xlsx
TL003960,Under 20,"07. >50,000",พนักงานและลูกจ้างในหน่วยงานรัฐวิสาหกิจ,ธนาคารออมสินภาค 11,สินเชื่อเคหะ,DCO2026,2026-08-28 09:00:00,marketing.gsb,GSB_final_lead_list_2026-08-28.xlsx
TL003961,51 - 60,"07. >50,000",ข้าราชการและลูกจ้างในหน่วยงานของรัฐ,ธนาคารออมสินภาค 11,สินเชื่อเคหะ,DCO2026,2026-08-28 09:00:00,marketing.gsb,GSB_final_lead_list_2026-08-28.xlsx
TL003962,41 - 50,"02. 5,001-10,000",ข้าราชการและลูกจ้างในหน่วยงานของรัฐ,ธนาคารออมสินภาค 1,สินเชื่อเคหะ,DCO2026,2026-08-28 09:00:00,marketing.gsb,GSB_final_lead_list_2026-08-28.xlsx
TL003963,20 - 30,"02. 5,001-10,000",ข้าราชการและลูกจ้างในหน่วยงานของรัฐ,ธนาคารออมสินภาค 13,สินเชื่อเคหะ,DCO2026,2026-08-28 09:00:00,marketing.gsb,GSB_final_lead_list_2026-08-28.xlsx
TL003964,20 - 30,"05. 30,001-40,000",ผู้ประกอบธุรกิจ / เจ้าของกิจการ,ธนาคารออมสินภาค 10,สินเชื่อเคหะ,DCO2026,2026-08-28 09:00:00,marketing.gsb,GSB_final_lead_list_2026-08-28.xlsx
TL003965,41 - 50,"01. 0-5,000",ประกอบวิชาชีพเฉพาะ,ธนาคารออมสินภาค 10,สินเชื่อเคหะ,DCO2026,2026-08-28 09:00:00,marketing.gsb,GSB_final_lead_list_2026-08-28.xlsx
TL003966,20 - 30,"01. 0-5,000",ประกอบอาชีพอิสระ,ธนาคารออมสินภาค 11,สินเชื่อเคหะ,DCO2026,2026-08-28 09:00:00,marketing.gsb,GSB_final_lead_list_2026-08-28.xlsx
TL003967,31 - 40,"05. 30,001-40,000",ข้าราชการและลูกจ้างในหน่วยงานของรัฐ,ธนาคารออมสินภาค 12,สินเชื่อเคหะ,DCO2026,2026-08-28 09:00:00,marketing.gsb,GSB_final_lead_list_2026-08-28.xlsx
TL003968,20 - 30,"02. 5,001-10,000",ประกอบอาชีพอิสระ,ธนาคารออมสินภาค 10,สินเชื่อเคหะ,DCO2026,2026-08-28 09:00:00,marketing.gsb,GSB_final_lead_list_2026-08-28.xlsx
TL003969,20 - 30,"02. 5,001-10,000",พนักงานและลูกจ้างในหน่วยงานรัฐวิสาหกิจ,ธนาคารออมสินภาค 1,สินเชื่อเคหะ,DCO2026,2026-08-28 09:00:00,marketing.gsb,GSB_final_lead_list_2026-08-28.xlsx
TL003970,51 - 60,"06. 40,001-50,000",ข้าราชการและลูกจ้างในหน่วยงานของรัฐ,ธนาคารออมสินภาค 10,สินเชื่อเคหะ,DCO2026,2026-08-28 09:00:00,marketing.gsb,GSB_final_lead_list_2026-08-28.xlsx
TL003971,61 - 65,"02. 5,001-10,000",พนักงานและลูกจ้างในหน่วยงานรัฐวิสาหกิจ,ธนาคารออมสินภาค 12,สินเชื่อเคหะ,DCO2026,2026-08-28 09:00:00,marketing.gsb,GSB_final_lead_list_2026-08-28.xlsx
TL003972,20 - 30,"06. 40,001-50,000",ผู้รับจ้างทั่วไป / ผู้ใช้แรงงาน,ธนาคารออมสินภาค 13,สินเชื่อเคหะ,DCO2026,2026-08-28 09:00:00,marketing.gsb,GSB_final_lead_list_2026-08-28.xlsx
TL003973,51 - 60,"04. 20,001-30,000",ผู้รับจ้างทั่วไป / ผู้ใช้แรงงาน,ธนาคารออมสินภาค 1,สินเชื่อเคหะ,DCO2026,2026-08-28 09:00:00,marketing.gsb,GSB_final_lead_list_2026-08-28.xlsx
TL003974,51 - 60,"05. 30,001-40,000",ผู้ประกอบธุรกิจ / เจ้าของกิจการ,ธนาคารออมสินภาค 12,สินเชื่อเคหะ,DCO2026,2026-08-28 09:00:00,marketing.gsb,GSB_final_lead_list_2026-08-28.xlsx
TL003975,61 - 65,"06. 40,001-50,000",พนักงานและลูกจ้างในบริษัท,ธนาคารออมสินภาค 12,สินเชื่อเคหะ,DCO2026,2026-08-28 09:00:00,marketing.gsb,GSB_final_lead_list_2026-08-28.xlsx
TL003976,20 - 30,"06. 40,001-50,000",พนักงานและลูกจ้างในบริษัท,ธนาคารออมสินภาค 10,สินเชื่อเคหะ,DCO2026,2026-08-28 09:00:00,marketing.gsb,GSB_final_lead_list_2026-08-28.xlsx
TL003977,61 - 65,"06. 40,001-50,000",ผู้รับจ้างทั่วไป / ผู้ใช้แรงงาน,ธนาคารออมสินภาค 10,สินเชื่อเคหะ,DCO2026,2026-08-28 09:00:00,marketing.gsb,GSB_final_lead_list_2026-08-28.xlsx
TL003978,20 - 30,"04. 20,001-30,000",พนักงานและลูกจ้างในหน่วยงานรัฐวิสาหกิจ,ธนาคารออมสินภาค 11,สินเชื่อเคหะ,DCO2026,2026-08-28 09:00:00,marketing.gsb,GSB_final_lead_list_2026-08-28.xlsx
TL003979,20 - 30,"03. 10,001-20,000",ประกอบวิชาชีพเฉพาะ,ธนาคารออมสินภาค 13,สินเชื่อเคหะ,DCO2026,2026-08-28 09:00:00,marketing.gsb,GSB_final_lead_list_2026-08-28.xlsx
TL003980,31 - 40,"02. 5,001-10,000",ข้าราชการและลูกจ้างในหน่วยงานของรัฐ,ธนาคารออมสินภาค 11,สินเชื่อเคหะ,DCO2026,2026-08-28 09:00:00,marketing.gsb,GSB_final_lead_list_2026-08-28.xlsx
TL003981,Under 20,"01. 0-5,000",ผู้ประกอบธุรกิจ / เจ้าของกิจการ,ธนาคารออมสินภาค 11,สินเชื่อเคหะ,DCO2026,2026-08-28 09:00:00,marketing.gsb,GSB_final_lead_list_2026-08-28.xlsx
TL003982,20 - 30,"03. 10,001-20,000",ข้าราชการและลูกจ้างในหน่วยงานของรัฐ,ธนาคารออมสินภาค 11,สินเชื่อเคหะ,DCO2026,2026-08-28 09:00:00,marketing.gsb,GSB_final_lead_list_2026-08-28.xlsx
TL003983,41 - 50,"05. 30,001-40,000",ผู้รับจ้างทั่วไป / ผู้ใช้แรงงาน,ธนาคารออมสินภาค 1,สินเชื่อเคหะ,DCO2026,2026-08-28 09:00:00,marketing.gsb,GSB_final_lead_list_2026-08-28.xlsx
TL003984,20 - 30,"06. 40,001-50,000",ประกอบวิชาชีพเฉพาะ,ธนาคารออมสินภาค 13,สินเชื่อเคหะ,DCO2026,2026-08-28 09:00:00,marketing.gsb,GSB_final_lead_list_2026-08-28.xlsx
TL003985,51 - 60,"03. 10,001-20,000",ข้าราชการและลูกจ้างในหน่วยงานของรัฐ,ธนาคารออมสินภาค 13,สินเชื่อเคหะ,DCO2026,2026-08-28 09:00:00,marketing.gsb,GSB_final_lead_list_2026-08-28.xlsx
TL003986,51 - 60,"04. 20,001-30,000",ข้าราชการและลูกจ้างในหน่วยงานของรัฐ,ธนาคารออมสินภาค 13,สินเชื่อเคหะ,DCO2026,2026-08-28 09:00:00,marketing.gsb,GSB_final_lead_list_2026-08-28.xlsx
TL003987,31 - 40,"01. 0-5,000",พนักงานและลูกจ้างในหน่วยงานรัฐวิสาหกิจ,ธนาคารออมสินภาค 12,สินเชื่อเคหะ,DCO2026,2026-08-28 09:00:00,marketing.gsb,GSB_final_lead_list_2026-08-28.xlsx
TL003988,51 - 60,"04. 20,001-30,000",ผู้ประกอบธุรกิจ / เจ้าของกิจการ,ธนาคารออมสินภาค 1,สินเชื่อเคหะ,DCO2026,2026-08-28 09:00:00,marketing.gsb,GSB_final_lead_list_2026-08-28.xlsx
TL003989,65 Up,"06. 40,001-50,000",ผู้ประกอบธุรกิจ / เจ้าของกิจการ,ธนาคารออมสินภาค 11,สินเชื่อเคหะ,DCO2026,2026-08-28 09:00:00,marketing.gsb,GSB_final_lead_list_2026-08-28.xlsx
TL003990,31 - 40,"02. 5,001-10,000",พนักงานและลูกจ้างในบริษัท,ธนาคารออมสินภาค 12,สินเชื่อเคหะ,DCO2026,2026-08-28 09:00:00,marketing.gsb,GSB_final_lead_list_2026-08-28.xlsx
TL003991,Under 20,"04. 20,001-30,000",ผู้ประกอบธุรกิจ / เจ้าของกิจการ,ธนาคารออมสินภาค 13,สินเชื่อเคหะ,DCO2026,2026-08-28 09:00:00,marketing.gsb,GSB_final_lead_list_2026-08-28.xlsx
TL003992,20 - 30,"04. 20,001-30,000",พนักงานและลูกจ้างในหน่วยงานรัฐวิสาหกิจ,ธนาคารออมสินภาค 13,สินเชื่อเคหะ,DCO2026,2026-08-28 09:00:00,marketing.gsb,GSB_final_lead_list_2026-08-28.xlsx
TL003993,20 - 30,"06. 40,001-50,000",ผู้รับจ้างทั่วไป / ผู้ใช้แรงงาน,ธนาคารออมสินภาค 13,สินเชื่อเคหะ,DCO2026,2026-08-28 09:00:00,marketing.gsb,GSB_final_lead_list_2026-08-28.xlsx
TL003994,Under 20,"03. 10,001-20,000",ประกอบอาชีพอิสระ,ธนาคารออมสินภาค 1,สินเชื่อเคหะ,DCO2026,2026-08-28 09:00:00,marketing.gsb,GSB_final_lead_list_2026-08-28.xlsx
TL003995,31 - 40,"02. 5,001-10,000",ข้าราชการและลูกจ้างในหน่วยงานของรัฐ,ธนาคารออมสินภาค 13,สินเชื่อเคหะ,DCO2026,2026-08-28 09:00:00,marketing.gsb,GSB_final_lead_list_2026-08-28.xlsx
TL003996,31 - 40,"04. 20,001-30,000",ประกอบวิชาชีพเฉพาะ,ธนาคารออมสินภาค 10,สินเชื่อเคหะ,DCO2026,2026-08-28 09:00:00,marketing.gsb,GSB_final_lead_list_2026-08-28.xlsx
TL003997,41 - 50,"05. 30,001-40,000",ประกอบอาชีพอิสระ,ธนาคารออมสินภาค 12,สินเชื่อเคหะ,DCO2026,2026-08-28 09:00:00,marketing.gsb,GSB_final_lead_list_2026-08-28.xlsx
TL003998,31 - 40,"05. 30,001-40,000",ประกอบวิชาชีพเฉพาะ,ธนาคารออมสินภาค 12,สินเชื่อเคหะ,DCO2026,2026-08-28 09:00:00,marketing.gsb,GSB_final_lead_list_2026-08-28.xlsx
TL003999,61 - 65,"04. 20,001-30,000",ประกอบอาชีพอิสระ,ธนาคารออมสินภาค 13,สินเชื่อเคหะ,DCO2026,2026-08-28 09:00:00,marketing.gsb,GSB_final_lead_list_2026-08-28.xlsx
TL004000,31 - 40,"04. 20,001-30,000",พนักงานและลูกจ้างในหน่วยงานรัฐวิสาหกิจ,ธนาคารออมสินภาค 13,สินเชื่อเคหะ,DCO2026,2026-08-28 09:00:00,marketing.gsb,GSB_final_lead_list_2026-08-28.xlsx
TL004001,20 - 30,"05. 30,001-40,000",พนักงานและลูกจ้างในบริษัท,ธนาคารออมสินภาค 13,สินเชื่อเคหะ,DCO2026,2026-08-28 09:00:00,marketing.gsb,GSB_final_lead_list_2026-08-28.xlsx
TL004002,31 - 40,"05. 30,001-40,000",ข้าราชการและลูกจ้างในหน่วยงานของรัฐ,ธนาคารออมสินภาค 11,สินเชื่อเคหะ,DCO2026,2026-08-28 09:00:00,marketing.gsb,GSB_final_lead_list_2026-08-28.xlsx
TL004003,20 - 30,"05. 30,001-40,000",พนักงานและลูกจ้างในบริษัท,ธนาคารออมสินภาค 1,สินเชื่อเคหะ,DCO2026,2026-08-28 09:00:00,marketing.gsb,GSB_final_lead_list_2026-08-28.xlsx
TL004004,31 - 40,"02. 5,001-10,000",ประกอบอาชีพอิสระ,ธนาคารออมสินภาค 10,สินเชื่อเคหะ,DCO2026,2026-08-28 09:00:00,marketing.gsb,GSB_final_lead_list_2026-08-28.xlsx
TL004005,31 - 40,"03. 10,001-20,000",พนักงานและลูกจ้างในหน่วยงานรัฐวิสาหกิจ,ธนาคารออมสินภาค 13,สินเชื่อเคหะ,DCO2026,2026-08-28 09:00:00,marketing.gsb,GSB_final_lead_list_2026-08-28.xlsx
TL004006,20 - 30,"01. 0-5,000",พนักงานและลูกจ้างในบริษัท,ธนาคารออมสินภาค 1,สินเชื่อเคหะ,DCO2026,2026-08-28 09:00:00,marketing.gsb,GSB_final_lead_list_2026-08-28.xlsx
TL004007,31 - 40,"05. 30,001-40,000",พนักงานและลูกจ้างในหน่วยงานรัฐวิสาหกิจ,ธนาคารออมสินภาค 11,สินเชื่อเคหะ,DCO2026,2026-08-28 09:00:00,marketing.gsb,GSB_final_lead_list_2026-08-28.xlsx
TL004008,20 - 30,"06. 40,001-50,000",ประกอบอาชีพอิสระ,ธนาคารออมสินภาค 13,สินเชื่อเคหะ,DCO2026,2026-08-28 09:00:00,marketing.gsb,GSB_final_lead_list_2026-08-28.xlsx
TL004009,51 - 60,"05. 30,001-40,000",ประกอบอาชีพอิสระ,ธนาคารออมสินภาค 10,สินเชื่อเคหะ,DCO2026,2026-08-28 09:00:00,marketing.gsb,GSB_final_lead_list_2026-08-28.xlsx
TL004010,41 - 50,"05. 30,001-40,000",ผู้ประกอบธุรกิจ / เจ้าของกิจการ,ธนาคารออมสินภาค 13,สินเชื่อเคหะ,DCO2026,2026-08-28 09:00:00,marketing.gsb,GSB_final_lead_list_2026-08-28.xlsx
TL004011,51 - 60,"06. 40,001-50,000",ข้าราชการและลูกจ้างในหน่วยงานของรัฐ,ธนาคารออมสินภาค 13,สินเชื่อเคหะ,DCO2026,2026-08-28 09:00:00,marketing.gsb,GSB_final_lead_list_2026-08-28.xlsx
TL004012,31 - 40,"06. 40,001-50,000",พนักงานและลูกจ้างในหน่วยงานรัฐวิสาหกิจ,ธนาคารออมสินภาค 12,สินเชื่อเคหะ,DCO2026,2026-08-28 09:00:00,marketing.gsb,GSB_final_lead_list_2026-08-28.xlsx
TL004013,Under 20,"02. 5,001-10,000",ข้าราชการและลูกจ้างในหน่วยงานของรัฐ,ธนาคารออมสินภาค 1,สินเชื่อเคหะ,DCO2026,2026-08-28 09:00:00,marketing.gsb,GSB_final_lead_list_2026-08-28.xlsx
TL004014,20 - 30,"03. 10,001-20,000",ประกอบอาชีพอิสระ,ธนาคารออมสินภาค 11,สินเชื่อเคหะ,DCO2026,2026-08-28 09:00:00,marketing.gsb,GSB_final_lead_list_2026-08-28.xlsx
TL004015,31 - 40,"03. 10,001-20,000",พนักงานและลูกจ้างในบริษัท,ธนาคารออมสินภาค 10,สินเชื่อเคหะ,DCO2026,2026-08-28 09:00:00,marketing.gsb,GSB_final_lead_list_2026-08-28.xlsx
TL004016,31 - 40,"06. 40,001-50,000",พนักงานและลูกจ้างในหน่วยงานรัฐวิสาหกิจ,ธนาคารออมสินภาค 10,สินเชื่อเคหะ,DCO2026,2026-08-28 09:00:00,marketing.gsb,GSB_final_lead_list_2026-08-28.xlsx
TL004017,31 - 40,"05. 30,001-40,000",ประกอบวิชาชีพเฉพาะ,ธนาคารออมสินภาค 11,สินเชื่อเคหะ,DCO2026,2026-08-28 09:00:00,marketing.gsb,GSB_final_lead_list_2026-08-28.xlsx
TL004018,51 - 60,"06. 40,001-50,000",พนักงานและลูกจ้างในหน่วยงานรัฐวิสาหกิจ,ธนาคารออมสินภาค 12,สินเชื่อเคหะ,DCO2026,2026-08-28 09:00:00,marketing.gsb,GSB_final_lead_list_2026-08-28.xlsx
TL004019,31 - 40,"03. 10,001-20,000",พนักงานและลูกจ้างในหน่วยงานรัฐวิสาหกิจ,ธนาคารออมสินภาค 1,สินเชื่อเคหะ,DCO2026,2026-08-28 09:00:00,marketing.gsb,GSB_final_lead_list_2026-08-28.xlsx
TL004020,20 - 30,"01. 0-5,000",พนักงานและลูกจ้างในหน่วยงานรัฐวิสาหกิจ,ธนาคารออมสินภาค 11,สินเชื่อเคหะ,DCO2026,2026-08-28 09:00:00,marketing.gsb,GSB_final_lead_list_2026-08-28.xlsx
TL004021,31 - 40,"05. 30,001-40,000",ผู้รับจ้างทั่วไป / ผู้ใช้แรงงาน,ธนาคารออมสินภาค 1,สินเชื่อเคหะ,DCO2026,2026-08-28 09:00:00,marketing.gsb,GSB_final_lead_list_2026-08-28.xlsx
TL004022,20 - 30,"03. 10,001-20,000",ผู้ประกอบธุรกิจ / เจ้าของกิจการ,ธนาคารออมสินภาค 10,สินเชื่อเคหะ,DCO2026,2026-08-28 09:00:00,marketing.gsb,GSB_final_lead_list_2026-08-28.xlsx
TL004023,51 - 60,"06. 40,001-50,000",พนักงานและลูกจ้างในบริษัท,ธนาคารออมสินภาค 1,สินเชื่อเคหะ,DCO2026,2026-08-28 09:00:00,marketing.gsb,GSB_final_lead_list_2026-08-28.xlsx
TL004024,41 - 50,"03. 10,001-20,000",พนักงานและลูกจ้างในบริษัท,ธนาคารออมสินภาค 11,สินเชื่อเคหะ,DCO2026,2026-08-28 09:00:00,marketing.gsb,GSB_final_lead_list_2026-08-28.xlsx
TL004025,20 - 30,"07. >50,000",ผู้ประกอบธุรกิจ / เจ้าของกิจการ,ธนาคารออมสินภาค 12,สินเชื่อเคหะ,DCO2026,2026-08-28 09:00:00,marketing.gsb,GSB_final_lead_list_2026-08-28.xlsx
TL004026,Under 20,"01. 0-5,000",พนักงานและลูกจ้างในหน่วยงานรัฐวิสาหกิจ,ธนาคารออมสินภาค 13,สินเชื่อเคหะ,DCO2026,2026-08-28 09:00:00,marketing.gsb,GSB_final_lead_list_2026-08-28.xlsx
TL004027,51 - 60,"05. 30,001-40,000",ประกอบวิชาชีพเฉพาะ,ธนาคารออมสินภาค 12,สินเชื่อเคหะ,DCO2026,2026-08-28 09:00:00,marketing.gsb,GSB_final_lead_list_2026-08-28.xlsx
TL004028,51 - 60,"06. 40,001-50,000",พนักงานและลูกจ้างในหน่วยงานรัฐวิสาหกิจ,ธนาคารออมสินภาค 10,สินเชื่อเคหะ,DCO2026,2026-08-28 09:00:00,marketing.gsb,GSB_final_lead_list_2026-08-28.xlsx
TL004029,31 - 40,"02. 5,001-10,000",ผู้ประกอบธุรกิจ / เจ้าของกิจการ,ธนาคารออมสินภาค 13,สินเชื่อเคหะ,DCO2026,2026-08-28 09:00:00,marketing.gsb,GSB_final_lead_list_2026-08-28.xlsx
TL004030,31 - 40,"03. 10,001-20,000",ผู้ประกอบธุรกิจ / เจ้าของกิจการ,ธนาคารออมสินภาค 11,สินเชื่อเคหะ,DCO2026,2026-08-28 09:00:00,marketing.gsb,GSB_final_lead_list_2026-08-28.xlsx
TL004031,61 - 65,"04. 20,001-30,000",พนักงานและลูกจ้างในบริษัท,ธนาคารออมสินภาค 11,สินเชื่อเคหะ,DCO2026,2026-08-28 09:00:00,marketing.gsb,GSB_final_lead_list_2026-08-28.xlsx
TL004032,31 - 40,"04. 20,001-30,000",ประกอบวิชาชีพเฉพาะ,ธนาคารออมสินภาค 10,สินเชื่อเคหะ,DCO2026,2026-08-28 09:00:00,marketing.gsb,GSB_final_lead_list_2026-08-28.xlsx
TL004033,31 - 40,"04. 20,001-30,000",ประกอบอาชีพอิสระ,ธนาคารออมสินภาค 12,สินเชื่อเคหะ,DCO2026,2026-08-28 09:00:00,marketing.gsb,GSB_final_lead_list_2026-08-28.xlsx
TL004034,20 - 30,"04. 20,001-30,000",ประกอบอาชีพอิสระ,ธนาคารออมสินภาค 10,สินเชื่อเคหะ,DCO2026,2026-08-28 09:00:00,marketing.gsb,GSB_final_lead_list_2026-08-28.xlsx
TL004035,51 - 60,"02. 5,001-10,000",ประกอบวิชาชีพเฉพาะ,ธนาคารออมสินภาค 12,สินเชื่อเคหะ,DCO2026,2026-08-28 09:00:00,marketing.gsb,GSB_final_lead_list_2026-08-28.xlsx
TL004036,61 - 65,"04. 20,001-30,000",ข้าราชการและลูกจ้างในหน่วยงานของรัฐ,ธนาคารออมสินภาค 11,สินเชื่อเคหะ,DCO2026,2026-08-28 09:00:00,marketing.gsb,GSB_final_lead_list_2026-08-28.xlsx
TL004037,41 - 50,"05. 30,001-40,000",ผู้ประกอบธุรกิจ / เจ้าของกิจการ,ธนาคารออมสินภาค 11,สินเชื่อเคหะ,DCO2026,2026-08-28 09:00:00,marketing.gsb,GSB_final_lead_list_2026-08-28.xlsx
TL004038,51 - 60,"05. 30,001-40,000",พนักงานและลูกจ้างในหน่วยงานรัฐวิสาหกิจ,ธนาคารออมสินภาค 10,สินเชื่อเคหะ,DCO2026,2026-08-28 09:00:00,marketing.gsb,GSB_final_lead_list_2026-08-28.xlsx
TL004039,31 - 40,"06. 40,001-50,000",ผู้ประกอบธุรกิจ / เจ้าของกิจการ,ธนาคารออมสินภาค 10,สินเชื่อเคหะ,DCO2026,2026-08-28 09:00:00,marketing.gsb,GSB_final_lead_list_2026-08-28.xlsx
TL004040,41 - 50,"04. 20,001-30,000",พนักงานและลูกจ้างในบริษัท,ธนาคารออมสินภาค 10,สินเชื่อเคหะ,DCO2026,2026-08-28 09:00:00,marketing.gsb,GSB_final_lead_list_2026-08-28.xlsx
TL004041,31 - 40,"03. 10,001-20,000",ประกอบอาชีพอิสระ,ธนาคารออมสินภาค 13,สินเชื่อเคหะ,DCO2026,2026-08-28 09:00:00,marketing.gsb,GSB_final_lead_list_2026-08-28.xlsx
TL004042,31 - 40,"05. 30,001-40,000",พนักงานและลูกจ้างในบริษัท,ธนาคารออมสินภาค 13,สินเชื่อเคหะ,DCO2026,2026-08-28 09:00:00,marketing.gsb,GSB_final_lead_list_2026-08-28.xlsx
TL004043,20 - 30,"05. 30,001-40,000",ข้าราชการและลูกจ้างในหน่วยงานของรัฐ,ธนาคารออมสินภาค 13,สินเชื่อเคหะ,DCO2026,2026-08-28 09:00:00,marketing.gsb,GSB_final_lead_list_2026-08-28.xlsx
TL004044,41 - 50,"05. 30,001-40,000",พนักงานและลูกจ้างในบริษัท,ธนาคารออมสินภาค 12,สินเชื่อเคหะ,DCO2026,2026-08-28 09:00:00,marketing.gsb,GSB_final_lead_list_2026-08-28.xlsx
TL004045,20 - 30,"06. 40,001-50,000",ประกอบอาชีพอิสระ,ธนาคารออมสินภาค 12,สินเชื่อเคหะ,DCO2026,2026-08-28 09:00:00,marketing.gsb,GSB_final_lead_list_2026-08-28.xlsx
TL004046,61 - 65,"06. 40,001-50,000",ผู้รับจ้างทั่วไป / ผู้ใช้แรงงาน,ธนาคารออมสินภาค 12,สินเชื่อเคหะ,DCO2026,2026-08-28 09:00:00,marketing.gsb,GSB_final_lead_list_2026-08-28.xlsx
TL004047,Under 20,"06. 40,001-50,000",พนักงานและลูกจ้างในหน่วยงานรัฐวิสาหกิจ,ธนาคารออมสินภาค 12,สินเชื่อเคหะ,DCO2026,2026-08-28 09:00:00,marketing.gsb,GSB_final_lead_list_2026-08-28.xlsx
TL004048,20 - 30,"04. 20,001-30,000",พนักงานและลูกจ้างในหน่วยงานรัฐวิสาหกิจ,ธนาคารออมสินภาค 10,สินเชื่อเคหะ,DCO2026,2026-08-28 09:00:00,marketing.gsb,GSB_final_lead_list_2026-08-28.xlsx
TL004049,20 - 30,"04. 20,001-30,000",ผู้ประกอบธุรกิจ / เจ้าของกิจการ,ธนาคารออมสินภาค 12,สินเชื่อเคหะ,DCO2026,2026-08-28 09:00:00,marketing.gsb,GSB_final_lead_list_2026-08-28.xlsx
TL004050,20 - 30,"02. 5,001-10,000",พนักงานและลูกจ้างในบริษัท,ธนาคารออมสินภาค 12,สินเชื่อเคหะ,DCO2026,2026-08-28 09:00:00,marketing.gsb,GSB_final_lead_list_2026-08-28.xlsx
TL004051,65 Up,"03. 10,001-20,000",ข้าราชการและลูกจ้างในหน่วยงานของรัฐ,ธนาคารออมสินภาค 13,สินเชื่อเคหะ,DCO2026,2026-08-28 09:00:00,marketing.gsb,GSB_final_lead_list_2026-08-28.xlsx
TL004052,31 - 40,"02. 5,001-10,000",ข้าราชการและลูกจ้างในหน่วยงานของรัฐ,ธนาคารออมสินภาค 12,สินเชื่อเคหะ,DCO2026,2026-08-28 09:00:00,marketing.gsb,GSB_final_lead_list_2026-08-28.xlsx
TL004053,41 - 50,"02. 5,001-10,000",ข้าราชการและลูกจ้างในหน่วยงานของรัฐ,ธนาคารออมสินภาค 11,สินเชื่อเคหะ,DCO2026,2026-08-28 09:00:00,marketing.gsb,GSB_final_lead_list_2026-08-28.xlsx
TL004054,65 Up,"01. 0-5,000",พนักงานและลูกจ้างในหน่วยงานรัฐวิสาหกิจ,ธนาคารออมสินภาค 11,สินเชื่อเคหะ,DCO2026,2026-08-28 09:00:00,marketing.gsb,GSB_final_lead_list_2026-08-28.xlsx
TL004055,51 - 60,"05. 30,001-40,000",พนักงานและลูกจ้างในบริษัท,ธนาคารออมสินภาค 11,สินเชื่อเคหะ,DCO2026,2026-08-28 09:00:00,marketing.gsb,GSB_final_lead_list_2026-08-28.xlsx
TL004056,20 - 30,"05. 30,001-40,000",ประกอบวิชาชีพเฉพาะ,ธนาคารออมสินภาค 12,สินเชื่อเคหะ,DCO2026,2026-08-28 09:00:00,marketing.gsb,GSB_final_lead_list_2026-08-28.xlsx
TL004057,31 - 40,"07. >50,000",ข้าราชการและลูกจ้างในหน่วยงานของรัฐ,ธนาคารออมสินภาค 12,สินเชื่อเคหะ,DCO2026,2026-08-28 09:00:00,marketing.gsb,GSB_final_lead_list_2026-08-28.xlsx
TL004058,Under 20,"06. 40,001-50,000",พนักงานและลูกจ้างในบริษัท,ธนาคารออมสินภาค 10,สินเชื่อเคหะ,DCO2026,2026-08-28 09:00:00,marketing.gsb,GSB_final_lead_list_2026-08-28.xlsx
TL004059,20 - 30,"01. 0-5,000",ประกอบวิชาชีพเฉพาะ,ธนาคารออมสินภาค 1,สินเชื่อเคหะ,DCO2026,2026-08-28 09:00:00,marketing.gsb,GSB_final_lead_list_2026-08-28.xlsx
TL004060,41 - 50,"04. 20,001-30,000",ข้าราชการและลูกจ้างในหน่วยงานของรัฐ,ธนาคารออมสินภาค 10,สินเชื่อเคหะ,DCO2026,2026-08-28 09:00:00,marketing.gsb,GSB_final_lead_list_2026-08-28.xlsx
TL004061,20 - 30,"05. 30,001-40,000",ประกอบอาชีพอิสระ,ธนาคารออมสินภาค 13,สินเชื่อเคหะ,DCO2026,2026-08-28 09:00:00,marketing.gsb,GSB_final_lead_list_2026-08-28.xlsx
TL004062,41 - 50,"04. 20,001-30,000",ประกอบอาชีพอิสระ,ธนาคารออมสินภาค 11,สินเชื่อเคหะ,DCO2026,2026-08-28 09:00:00,marketing.gsb,GSB_final_lead_list_2026-08-28.xlsx
TL004063,41 - 50,"03. 10,001-20,000",ผู้รับจ้างทั่วไป / ผู้ใช้แรงงาน,ธนาคารออมสินภาค 11,สินเชื่อเคหะ,DCO2026,2026-08-28 09:00:00,marketing.gsb,GSB_final_lead_list_2026-08-28.xlsx
TL004064,20 - 30,"07. >50,000",พนักงานและลูกจ้างในหน่วยงานรัฐวิสาหกิจ,ธนาคารออมสินภาค 1,สินเชื่อเคหะ,DCO2026,2026-08-28 09:00:00,marketing.gsb,GSB_final_lead_list_2026-08-28.xlsx
TL004065,20 - 30,"04. 20,001-30,000",ผู้ประกอบธุรกิจ / เจ้าของกิจการ,ธนาคารออมสินภาค 1,สินเชื่อเคหะ,DCO2026,2026-08-28 09:00:00,marketing.gsb,GSB_final_lead_list_2026-08-28.xlsx
TL004066,51 - 60,"05. 30,001-40,000",พนักงานและลูกจ้างในหน่วยงานรัฐวิสาหกิจ,ธนาคารออมสินภาค 1,สินเชื่อเคหะ,DCO2026,2026-08-28 09:00:00,marketing.gsb,GSB_final_lead_list_2026-08-28.xlsx
TL004067,41 - 50,"06. 40,001-50,000",ประกอบอาชีพอิสระ,ธนาคารออมสินภาค 1,สินเชื่อเคหะ,DCO2026,2026-08-28 09:00:00,marketing.gsb,GSB_final_lead_list_2026-08-28.xlsx
TL004068,31 - 40,"05. 30,001-40,000",ประกอบอาชีพอิสระ,ธนาคารออมสินภาค 10,สินเชื่อเคหะ,DCO2026,2026-08-28 09:00:00,marketing.gsb,GSB_final_lead_list_2026-08-28.xlsx
TL004069,20 - 30,"04. 20,001-30,000",ประกอบวิชาชีพเฉพาะ,ธนาคารออมสินภาค 10,สินเชื่อเคหะ,DCO2026,2026-08-28 09:00:00,marketing.gsb,GSB_final_lead_list_2026-08-28.xlsx
TL004070,Under 20,"06. 40,001-50,000",ประกอบวิชาชีพเฉพาะ,ธนาคารออมสินภาค 11,สินเชื่อเคหะ,DCO2026,2026-08-28 09:00:00,marketing.gsb,GSB_final_lead_list_2026-08-28.xlsx
TL004071,51 - 60,"01. 0-5,000",ประกอบวิชาชีพเฉพาะ,ธนาคารออมสินภาค 13,สินเชื่อเคหะ,DCO2026,2026-08-28 09:00:00,marketing.gsb,GSB_final_lead_list_2026-08-28.xlsx
TL004072,65 Up,"06. 40,001-50,000",พนักงานและลูกจ้างในบริษัท,ธนาคารออมสินภาค 11,สินเชื่อเคหะ,DCO2026,2026-08-28 09:00:00,marketing.gsb,GSB_final_lead_list_2026-08-28.xlsx
TL004073,20 - 30,"02. 5,001-10,000",ผู้รับจ้างทั่วไป / ผู้ใช้แรงงาน,ธนาคารออมสินภาค 1,สินเชื่อเคหะ,DCO2026,2026-08-28 09:00:00,marketing.gsb,GSB_final_lead_list_2026-08-28.xlsx
TL004074,61 - 65,"05. 30,001-40,000",ประกอบวิชาชีพเฉพาะ,ธนาคารออมสินภาค 13,สินเชื่อเคหะ,DCO2026,2026-08-28 09:00:00,marketing.gsb,GSB_final_lead_list_2026-08-28.xlsx
TL004075,31 - 40,"02. 5,001-10,000",ผู้ประกอบธุรกิจ / เจ้าของกิจการ,ธนาคารออมสินภาค 1,สินเชื่อเคหะ,DCO2026,2026-08-28 09:00:00,marketing.gsb,GSB_final_lead_list_2026-08-28.xlsx
TL004076,41 - 50,"02. 5,001-10,000",พนักงานและลูกจ้างในบริษัท,ธนาคารออมสินภาค 13,สินเชื่อเคหะ,DCO2026,2026-08-28 09:00:00,marketing.gsb,GSB_final_lead_list_2026-08-28.xlsx
TL004077,41 - 50,"04. 20,001-30,000",พนักงานและลูกจ้างในบริษัท,ธนาคารออมสินภาค 10,สินเชื่อเคหะ,DCO2026,2026-08-28 09:00:00,marketing.gsb,GSB_final_lead_list_2026-08-28.xlsx
TL004078,31 - 40,"05. 30,001-40,000",ประกอบอาชีพอิสระ,ธนาคารออมสินภาค 13,สินเชื่อเคหะ,DCO2026,2026-08-28 09:00:00,marketing.gsb,GSB_final_lead_list_2026-08-28.xlsx
TL004079,20 - 30,"06. 40,001-50,000",พนักงานและลูกจ้างในบริษัท,ธนาคารออมสินภาค 12,สินเชื่อเคหะ,DCO2026,2026-08-28 09:00:00,marketing.gsb,GSB_final_lead_list_2026-08-28.xlsx
TL004080,31 - 40,"06. 40,001-50,000",ประกอบวิชาชีพเฉพาะ,ธนาคารออมสินภาค 11,สินเชื่อเคหะ,DCO2026,2026-08-28 09:00:00,marketing.gsb,GSB_final_lead_list_2026-08-28.xlsx
TL004081,20 - 30,"01. 0-5,000",ประกอบอาชีพอิสระ,ธนาคารออมสินภาค 11,สินเชื่อเคหะ,DCO2026,2026-08-28 09:00:00,marketing.gsb,GSB_final_lead_list_2026-08-28.xlsx
TL004082,31 - 40,"06. 40,001-50,000",พนักงานและลูกจ้างในบริษัท,ธนาคารออมสินภาค 12,สินเชื่อเคหะ,DCO2026,2026-08-28 09:00:00,marketing.gsb,GSB_final_lead_list_2026-08-28.xlsx
TL004083,31 - 40,"03. 10,001-20,000",ผู้ประกอบธุรกิจ / เจ้าของกิจการ,ธนาคารออมสินภาค 10,สินเชื่อเคหะ,DCO2026,2026-08-28 09:00:00,marketing.gsb,GSB_final_lead_list_2026-08-28.xlsx
TL004084,31 - 40,"06. 40,001-50,000",ผู้ประกอบธุรกิจ / เจ้าของกิจการ,ธนาคารออมสินภาค 12,สินเชื่อเคหะ,DCO2026,2026-08-28 09:00:00,marketing.gsb,GSB_final_lead_list_2026-08-28.xlsx
TL004085,31 - 40,"04. 20,001-30,000",พนักงานและลูกจ้างในหน่วยงานรัฐวิสาหกิจ,ธนาคารออมสินภาค 1,สินเชื่อเคหะ,DCO2026,2026-08-28 09:00:00,marketing.gsb,GSB_final_lead_list_2026-08-28.xlsx
TL004086,20 - 30,"01. 0-5,000",ผู้รับจ้างทั่วไป / ผู้ใช้แรงงาน,ธนาคารออมสินภาค 11,สินเชื่อเคหะ,DCO2026,2026-08-28 09:00:00,marketing.gsb,GSB_final_lead_list_2026-08-28.xlsx
TL004087,41 - 50,"01. 0-5,000",ประกอบอาชีพอิสระ,ธนาคารออมสินภาค 13,สินเชื่อเคหะ,DCO2026,2026-08-28 09:00:00,marketing.gsb,GSB_final_lead_list_2026-08-28.xlsx
TL004088,41 - 50,"02. 5,001-10,000",ผู้ประกอบธุรกิจ / เจ้าของกิจการ,ธนาคารออมสินภาค 1,สินเชื่อเคหะ,DCO2026,2026-08-28 09:00:00,marketing.gsb,GSB_final_lead_list_2026-08-28.xlsx
TL004089,51 - 60,"03. 10,001-20,000",ประกอบวิชาชีพเฉพาะ,ธนาคารออมสินภาค 10,สินเชื่อเคหะ,DCO2026,2026-08-28 09:00:00,marketing.gsb,GSB_final_lead_list_2026-08-28.xlsx
TL004090,51 - 60,"01. 0-5,000",ผู้รับจ้างทั่วไป / ผู้ใช้แรงงาน,ธนาคารออมสินภาค 10,สินเชื่อเคหะ,DCO2026,2026-08-28 09:00:00,marketing.gsb,GSB_final_lead_list_2026-08-28.xlsx
TL004091,41 - 50,"05. 30,001-40,000",ประกอบอาชีพอิสระ,ธนาคารออมสินภาค 1,สินเชื่อเคหะ,DCO2026,2026-08-28 09:00:00,marketing.gsb,GSB_final_lead_list_2026-08-28.xlsx
TL004092,65 Up,"06. 40,001-50,000",พนักงานและลูกจ้างในบริษัท,ธนาคารออมสินภาค 10,สินเชื่อเคหะ,DCO2026,2026-08-28 09:00:00,marketing.gsb,GSB_final_lead_list_2026-08-28.xlsx
TL004093,41 - 50,"05. 30,001-40,000",ข้าราชการและลูกจ้างในหน่วยงานของรัฐ,ธนาคารออมสินภาค 1,สินเชื่อเคหะ,DCO2026,2026-08-28 09:00:00,marketing.gsb,GSB_final_lead_list_2026-08-28.xlsx
TL004094,65 Up,"05. 30,001-40,000",ผู้ประกอบธุรกิจ / เจ้าของกิจการ,ธนาคารออมสินภาค 11,สินเชื่อเคหะ,DCO2026,2026-08-28 09:00:00,marketing.gsb,GSB_final_lead_list_2026-08-28.xlsx
TL004095,51 - 60,"04. 20,001-30,000",พนักงานและลูกจ้างในบริษัท,ธนาคารออมสินภาค 13,สินเชื่อเคหะ,DCO2026,2026-08-28 09:00:00,marketing.gsb,GSB_final_lead_list_2026-08-28.xlsx
TL004096,20 - 30,"02. 5,001-10,000",พนักงานและลูกจ้างในหน่วยงานรัฐวิสาหกิจ,ธนาคารออมสินภาค 1,สินเชื่อเคหะ,DCO2026,2026-08-28 09:00:00,marketing.gsb,GSB_final_lead_list_2026-08-28.xlsx
TL004097,20 - 30,"06. 40,001-50,000",พนักงานและลูกจ้างในหน่วยงานรัฐวิสาหกิจ,ธนาคารออมสินภาค 11,สินเชื่อเคหะ,DCO2026,2026-08-28 09:00:00,marketing.gsb,GSB_final_lead_list_2026-08-28.xlsx
TL004098,20 - 30,"06. 40,001-50,000",ประกอบวิชาชีพเฉพาะ,ธนาคารออมสินภาค 13,สินเชื่อเคหะ,DCO2026,2026-08-28 09:00:00,marketing.gsb,GSB_final_lead_list_2026-08-28.xlsx
TL004099,20 - 30,"04. 20,001-30,000",ประกอบวิชาชีพเฉพาะ,ธนาคารออมสินภาค 1,สินเชื่อเคหะ,DCO2026,2026-08-28 09:00:00,marketing.gsb,GSB_final_lead_list_2026-08-28.xlsx
TL004100,41 - 50,"05. 30,001-40,000",ประกอบวิชาชีพเฉพาะ,ธนาคารออมสินภาค 11,สินเชื่อเคหะ,DCO2026,2026-08-28 09:00:00,marketing.gsb,GSB_final_lead_list_2026-08-28.xlsx
TL004101,41 - 50,"05. 30,001-40,000",ผู้ประกอบธุรกิจ / เจ้าของกิจการ,ธนาคารออมสินภาค 1,สินเชื่อเคหะ,DCO2026,2026-08-28 09:00:00,marketing.gsb,GSB_final_lead_list_2026-08-28.xlsx
TL004102,20 - 30,"03. 10,001-20,000",ข้าราชการและลูกจ้างในหน่วยงานของรัฐ,ธนาคารออมสินภาค 1,สินเชื่อเคหะ,DCO2026,2026-08-28 09:00:00,marketing.gsb,GSB_final_lead_list_2026-08-28.xlsx
TL004103,65 Up,"06. 40,001-50,000",ประกอบวิชาชีพเฉพาะ,ธนาคารออมสินภาค 11,สินเชื่อเคหะ,DCO2026,2026-08-28 09:00:00,marketing.gsb,GSB_final_lead_list_2026-08-28.xlsx
TL004104,Under 20,"06. 40,001-50,000",ผู้รับจ้างทั่วไป / ผู้ใช้แรงงาน,ธนาคารออมสินภาค 11,สินเชื่อเคหะ,DCO2026,2026-08-28 09:00:00,marketing.gsb,GSB_final_lead_list_2026-08-28.xlsx
TL004105,31 - 40,"05. 30,001-40,000",ประกอบวิชาชีพเฉพาะ,ธนาคารออมสินภาค 13,สินเชื่อเคหะ,DCO2026,2026-08-28 09:00:00,marketing.gsb,GSB_final_lead_list_2026-08-28.xlsx
TL004106,20 - 30,"05. 30,001-40,000",ผู้ประกอบธุรกิจ / เจ้าของกิจการ,ธนาคารออมสินภาค 10,สินเชื่อเคหะ,DCO2026,2026-08-28 09:00:00,marketing.gsb,GSB_final_lead_list_2026-08-28.xlsx
TL004107,51 - 60,"04. 20,001-30,000",ผู้รับจ้างทั่วไป / ผู้ใช้แรงงาน,ธนาคารออมสินภาค 10,สินเชื่อเคหะ,DCO2026,2026-08-28 09:00:00,marketing.gsb,GSB_final_lead_list_2026-08-28.xlsx
TL004108,31 - 40,"06. 40,001-50,000",ผู้ประกอบธุรกิจ / เจ้าของกิจการ,ธนาคารออมสินภาค 13,สินเชื่อเคหะ,DCO2026,2026-08-28 09:00:00,marketing.gsb,GSB_final_lead_list_2026-08-28.xlsx
TL004109,41 - 50,"05. 30,001-40,000",ผู้ประกอบธุรกิจ / เจ้าของกิจการ,ธนาคารออมสินภาค 13,สินเชื่อเคหะ,DCO2026,2026-08-28 09:00:00,marketing.gsb,GSB_final_lead_list_2026-08-28.xlsx
TL004110,41 - 50,"06. 40,001-50,000",ประกอบอาชีพอิสระ,ธนาคารออมสินภาค 13,สินเชื่อเคหะ,DCO2026,2026-08-28 09:00:00,marketing.gsb,GSB_final_lead_list_2026-08-28.xlsx
TL004111,20 - 30,"04. 20,001-30,000",ผู้รับจ้างทั่วไป / ผู้ใช้แรงงาน,ธนาคารออมสินภาค 13,สินเชื่อเคหะ,DCO2026,2026-08-28 09:00:00,marketing.gsb,GSB_final_lead_list_2026-08-28.xlsx
TL004112,41 - 50,"05. 30,001-40,000",ข้าราชการและลูกจ้างในหน่วยงานของรัฐ,ธนาคารออมสินภาค 12,สินเชื่อเคหะ,DCO2026,2026-08-28 09:00:00,marketing.gsb,GSB_final_lead_list_2026-08-28.xlsx
TL004113,65 Up,"02. 5,001-10,000",พนักงานและลูกจ้างในหน่วยงานรัฐวิสาหกิจ,ธนาคารออมสินภาค 11,สินเชื่อเคหะ,DCO2026,2026-08-28 09:00:00,marketing.gsb,GSB_final_lead_list_2026-08-28.xlsx
TL004114,41 - 50,"06. 40,001-50,000",พนักงานและลูกจ้างในบริษัท,ธนาคารออมสินภาค 12,สินเชื่อเคหะ,DCO2026,2026-08-28 09:00:00,marketing.gsb,GSB_final_lead_list_2026-08-28.xlsx
TL004115,20 - 30,"07. >50,000",ผู้ประกอบธุรกิจ / เจ้าของกิจการ,ธนาคารออมสินภาค 11,สินเชื่อเคหะ,DCO2026,2026-08-28 09:00:00,marketing.gsb,GSB_final_lead_list_2026-08-28.xlsx
TL004116,65 Up,"06. 40,001-50,000",ผู้รับจ้างทั่วไป / ผู้ใช้แรงงาน,ธนาคารออมสินภาค 1,สินเชื่อเคหะ,DCO2026,2026-08-28 09:00:00,marketing.gsb,GSB_final_lead_list_2026-08-28.xlsx
TL004117,20 - 30,"02. 5,001-10,000",ผู้รับจ้างทั่วไป / ผู้ใช้แรงงาน,ธนาคารออมสินภาค 12,สินเชื่อเคหะ,DCO2026,2026-08-28 09:00:00,marketing.gsb,GSB_final_lead_list_2026-08-28.xlsx
TL004118,20 - 30,"04. 20,001-30,000",ประกอบอาชีพอิสระ,ธนาคารออมสินภาค 12,สินเชื่อเคหะ,DCO2026,2026-08-28 09:00:00,marketing.gsb,GSB_final_lead_list_2026-08-28.xlsx
TL004119,41 - 50,"05. 30,001-40,000",พนักงานและลูกจ้างในบริษัท,ธนาคารออมสินภาค 10,สินเชื่อเคหะ,DCO2026,2026-08-28 09:00:00,marketing.gsb,GSB_final_lead_list_2026-08-28.xlsx
TL004120,51 - 60,"02. 5,001-10,000",ผู้รับจ้างทั่วไป / ผู้ใช้แรงงาน,ธนาคารออมสินภาค 10,สินเชื่อเคหะ,DCO2026,2026-08-28 09:00:00,marketing.gsb,GSB_final_lead_list_2026-08-28.xlsx
TL004121,31 - 40,"03. 10,001-20,000",ผู้รับจ้างทั่วไป / ผู้ใช้แรงงาน,ธนาคารออมสินภาค 1,สินเชื่อเคหะ,DCO2026,2026-08-28 09:00:00,marketing.gsb,GSB_final_lead_list_2026-08-28.xlsx
TL004122,31 - 40,"02. 5,001-10,000",ผู้ประกอบธุรกิจ / เจ้าของกิจการ,ธนาคารออมสินภาค 1,สินเชื่อเคหะ,DCO2026,2026-08-28 09:00:00,marketing.gsb,GSB_final_lead_list_2026-08-28.xlsx
TL004123,41 - 50,"02. 5,001-10,000",พนักงานและลูกจ้างในหน่วยงานรัฐวิสาหกิจ,ธนาคารออมสินภาค 13,สินเชื่อเคหะ,DCO2026,2026-08-28 09:00:00,marketing.gsb,GSB_final_lead_list_2026-08-28.xlsx
TL004124,20 - 30,"02. 5,001-10,000",พนักงานและลูกจ้างในหน่วยงานรัฐวิสาหกิจ,ธนาคารออมสินภาค 13,สินเชื่อเคหะ,DCO2026,2026-08-28 09:00:00,marketing.gsb,GSB_final_lead_list_2026-08-28.xlsx
TL004125,61 - 65,"01. 0-5,000",ผู้รับจ้างทั่วไป / ผู้ใช้แรงงาน,ธนาคารออมสินภาค 10,สินเชื่อเคหะ,DCO2026,2026-08-28 09:00:00,marketing.gsb,GSB_final_lead_list_2026-08-28.xlsx
TL004126,31 - 40,"04. 20,001-30,000",พนักงานและลูกจ้างในบริษัท,ธนาคารออมสินภาค 13,สินเชื่อเคหะ,DCO2026,2026-08-28 09:00:00,marketing.gsb,GSB_final_lead_list_2026-08-28.xlsx
TL004127,20 - 30,"04. 20,001-30,000",พนักงานและลูกจ้างในหน่วยงานรัฐวิสาหกิจ,ธนาคารออมสินภาค 10,สินเชื่อเคหะ,DCO2026,2026-08-28 09:00:00,marketing.gsb,GSB_final_lead_list_2026-08-28.xlsx
TL004128,51 - 60,"06. 40,001-50,000",ผู้รับจ้างทั่วไป / ผู้ใช้แรงงาน,ธนาคารออมสินภาค 10,สินเชื่อเคหะ,DCO2026,2026-08-28 09:00:00,marketing.gsb,GSB_final_lead_list_2026-08-28.xlsx
TL004129,31 - 40,"06. 40,001-50,000",ประกอบวิชาชีพเฉพาะ,ธนาคารออมสินภาค 1,สินเชื่อเคหะ,DCO2026,2026-08-28 09:00:00,marketing.gsb,GSB_final_lead_list_2026-08-28.xlsx
TL004130,41 - 50,"04. 20,001-30,000",ประกอบวิชาชีพเฉพาะ,ธนาคารออมสินภาค 13,สินเชื่อเคหะ,DCO2026,2026-08-28 09:00:00,marketing.gsb,GSB_final_lead_list_2026-08-28.xlsx
TL004131,31 - 40,"04. 20,001-30,000",ประกอบอาชีพอิสระ,ธนาคารออมสินภาค 10,สินเชื่อเคหะ,DCO2026,2026-08-28 09:00:00,marketing.gsb,GSB_final_lead_list_2026-08-28.xlsx
TL004132,20 - 30,"06. 40,001-50,000",ผู้รับจ้างทั่วไป / ผู้ใช้แรงงาน,ธนาคารออมสินภาค 1,สินเชื่อเคหะ,DCO2026,2026-08-28 09:00:00,marketing.gsb,GSB_final_lead_list_2026-08-28.xlsx
TL004133,41 - 50,"06. 40,001-50,000",ประกอบอาชีพอิสระ,ธนาคารออมสินภาค 1,สินเชื่อเคหะ,DCO2026,2026-08-28 09:00:00,marketing.gsb,GSB_final_lead_list_2026-08-28.xlsx
TL004134,31 - 40,"02. 5,001-10,000",ประกอบอาชีพอิสระ,ธนาคารออมสินภาค 12,สินเชื่อเคหะ,DCO2026,2026-08-28 09:00:00,marketing.gsb,GSB_final_lead_list_2026-08-28.xlsx
TL004135,20 - 30,"05. 30,001-40,000",พนักงานและลูกจ้างในบริษัท,ธนาคารออมสินภาค 1,สินเชื่อเคหะ,DCO2026,2026-08-28 09:00:00,marketing.gsb,GSB_final_lead_list_2026-08-28.xlsx
TL004136,20 - 30,"06. 40,001-50,000",ประกอบอาชีพอิสระ,ธนาคารออมสินภาค 11,สินเชื่อเคหะ,DCO2026,2026-08-28 09:00:00,marketing.gsb,GSB_final_lead_list_2026-08-28.xlsx
TL004137,31 - 40,"02. 5,001-10,000",ผู้ประกอบธุรกิจ / เจ้าของกิจการ,ธนาคารออมสินภาค 1,สินเชื่อเคหะ,DCO2026,2026-08-28 09:00:00,marketing.gsb,GSB_final_lead_list_2026-08-28.xlsx
TL004138,31 - 40,"06. 40,001-50,000",ผู้ประกอบธุรกิจ / เจ้าของกิจการ,ธนาคารออมสินภาค 1,สินเชื่อเคหะ,DCO2026,2026-08-28 09:00:00,marketing.gsb,GSB_final_lead_list_2026-08-28.xlsx
TL004139,31 - 40,"01. 0-5,000",ข้าราชการและลูกจ้างในหน่วยงานของรัฐ,ธนาคารออมสินภาค 1,สินเชื่อเคหะ,DCO2026,2026-08-28 09:00:00,marketing.gsb,GSB_final_lead_list_2026-08-28.xlsx
TL004140,31 - 40,"07. >50,000",ประกอบวิชาชีพเฉพาะ,ธนาคารออมสินภาค 12,สินเชื่อเคหะ,DCO2026,2026-08-28 09:00:00,marketing.gsb,GSB_final_lead_list_2026-08-28.xlsx
TL004141,20 - 30,"02. 5,001-10,000",พนักงานและลูกจ้างในหน่วยงานรัฐวิสาหกิจ,ธนาคารออมสินภาค 10,สินเชื่อเคหะ,DCO2026,2026-08-28 09:00:00,marketing.gsb,GSB_final_lead_list_2026-08-28.xlsx
TL004142,41 - 50,"05. 30,001-40,000",ข้าราชการและลูกจ้างในหน่วยงานของรัฐ,ธนาคารออมสินภาค 10,สินเชื่อเคหะ,DCO2026,2026-08-28 09:00:00,marketing.gsb,GSB_final_lead_list_2026-08-28.xlsx
TL004143,41 - 50,"01. 0-5,000",พนักงานและลูกจ้างในหน่วยงานรัฐวิสาหกิจ,ธนาคารออมสินภาค 10,สินเชื่อเคหะ,DCO2026,2026-08-28 09:00:00,marketing.gsb,GSB_final_lead_list_2026-08-28.xlsx
TL004144,41 - 50,"02. 5,001-10,000",ผู้ประกอบธุรกิจ / เจ้าของกิจการ,ธนาคารออมสินภาค 12,สินเชื่อเคหะ,DCO2026,2026-08-28 09:00:00,marketing.gsb,GSB_final_lead_list_2026-08-28.xlsx
TL004145,51 - 60,"04. 20,001-30,000",พนักงานและลูกจ้างในหน่วยงานรัฐวิสาหกิจ,ธนาคารออมสินภาค 13,สินเชื่อเคหะ,DCO2026,2026-08-28 09:00:00,marketing.gsb,GSB_final_lead_list_2026-08-28.xlsx
TL004146,Under 20,"06. 40,001-50,000",ผู้ประกอบธุรกิจ / เจ้าของกิจการ,ธนาคารออมสินภาค 11,สินเชื่อเคหะ,DCO2026,2026-08-28 09:00:00,marketing.gsb,GSB_final_lead_list_2026-08-28.xlsx
TL004147,31 - 40,"06. 40,001-50,000",ประกอบวิชาชีพเฉพาะ,ธนาคารออมสินภาค 12,สินเชื่อเคหะ,DCO2026,2026-08-28 09:00:00,marketing.gsb,GSB_final_lead_list_2026-08-28.xlsx
TL004148,51 - 60,"02. 5,001-10,000",ข้าราชการและลูกจ้างในหน่วยงานของรัฐ,ธนาคารออมสินภาค 1,สินเชื่อเคหะ,DCO2026,2026-08-28 09:00:00,marketing.gsb,GSB_final_lead_list_2026-08-28.xlsx
TL004149,41 - 50,"05. 30,001-40,000",พนักงานและลูกจ้างในบริษัท,ธนาคารออมสินภาค 12,สินเชื่อเคหะ,DCO2026,2026-08-28 09:00:00,marketing.gsb,GSB_final_lead_list_2026-08-28.xlsx
TL004150,41 - 50,"06. 40,001-50,000",ประกอบวิชาชีพเฉพาะ,ธนาคารออมสินภาค 10,สินเชื่อเคหะ,DCO2026,2026-08-28 09:00:00,marketing.gsb,GSB_final_lead_list_2026-08-28.xlsx
TL004151,41 - 50,"05. 30,001-40,000",ผู้ประกอบธุรกิจ / เจ้าของกิจการ,ธนาคารออมสินภาค 1,สินเชื่อเคหะ,DCO2026,2026-08-28 09:00:00,marketing.gsb,GSB_final_lead_list_2026-08-28.xlsx
TL004152,61 - 65,"05. 30,001-40,000",ผู้รับจ้างทั่วไป / ผู้ใช้แรงงาน,ธนาคารออมสินภาค 10,สินเชื่อเคหะ,DCO2026,2026-08-28 09:00:00,marketing.gsb,GSB_final_lead_list_2026-08-28.xlsx
TL004153,51 - 60,"06. 40,001-50,000",พนักงานและลูกจ้างในหน่วยงานรัฐวิสาหกิจ,ธนาคารออมสินภาค 10,สินเชื่อเคหะ,DCO2026,2026-08-28 09:00:00,marketing.gsb,GSB_final_lead_list_2026-08-28.xlsx
TL004154,20 - 30,"06. 40,001-50,000",ประกอบวิชาชีพเฉพาะ,ธนาคารออมสินภาค 11,สินเชื่อเคหะ,DCO2026,2026-08-28 09:00:00,marketing.gsb,GSB_final_lead_list_2026-08-28.xlsx
TL004155,41 - 50,"02. 5,001-10,000",ประกอบวิชาชีพเฉพาะ,ธนาคารออมสินภาค 12,สินเชื่อเคหะ,DCO2026,2026-08-28 09:00:00,marketing.gsb,GSB_final_lead_list_2026-08-28.xlsx
TL004156,20 - 30,"05. 30,001-40,000",ผู้ประกอบธุรกิจ / เจ้าของกิจการ,ธนาคารออมสินภาค 13,สินเชื่อเคหะ,DCO2026,2026-08-28 09:00:00,marketing.gsb,GSB_final_lead_list_2026-08-28.xlsx
TL004157,31 - 40,"04. 20,001-30,000",ผู้ประกอบธุรกิจ / เจ้าของกิจการ,ธนาคารออมสินภาค 11,สินเชื่อเคหะ,DCO2026,2026-08-28 09:00:00,marketing.gsb,GSB_final_lead_list_2026-08-28.xlsx
TL004158,31 - 40,"05. 30,001-40,000",ประกอบอาชีพอิสระ,ธนาคารออมสินภาค 10,สินเชื่อเคหะ,DCO2026,2026-08-28 09:00:00,marketing.gsb,GSB_final_lead_list_2026-08-28.xlsx
TL004159,41 - 50,"06. 40,001-50,000",พนักงานและลูกจ้างในหน่วยงานรัฐวิสาหกิจ,ธนาคารออมสินภาค 1,สินเชื่อเคหะ,DCO2026,2026-08-28 09:00:00,marketing.gsb,GSB_final_lead_list_2026-08-28.xlsx
TL004160,20 - 30,"06. 40,001-50,000",พนักงานและลูกจ้างในหน่วยงานรัฐวิสาหกิจ,ธนาคารออมสินภาค 10,สินเชื่อเคหะ,DCO2026,2026-08-28 09:00:00,marketing.gsb,GSB_final_lead_list_2026-08-28.xlsx
TL004161,61 - 65,"01. 0-5,000",พนักงานและลูกจ้างในหน่วยงานรัฐวิสาหกิจ,ธนาคารออมสินภาค 13,สินเชื่อเคหะ,DCO2026,2026-08-28 09:00:00,marketing.gsb,GSB_final_lead_list_2026-08-28.xlsx
TL004162,41 - 50,"03. 10,001-20,000",ประกอบอาชีพอิสระ,ธนาคารออมสินภาค 11,สินเชื่อเคหะ,DCO2026,2026-08-28 09:00:00,marketing.gsb,GSB_final_lead_list_2026-08-28.xlsx
TL004163,31 - 40,"05. 30,001-40,000",ข้าราชการและลูกจ้างในหน่วยงานของรัฐ,ธนาคารออมสินภาค 10,สินเชื่อเคหะ,DCO2026,2026-08-28 09:00:00,marketing.gsb,GSB_final_lead_list_2026-08-28.xlsx
TL004164,51 - 60,"05. 30,001-40,000",ข้าราชการและลูกจ้างในหน่วยงานของรัฐ,ธนาคารออมสินภาค 11,สินเชื่อเคหะ,DCO2026,2026-08-28 09:00:00,marketing.gsb,GSB_final_lead_list_2026-08-28.xlsx
TL004165,31 - 40,"03. 10,001-20,000",พนักงานและลูกจ้างในบริษัท,ธนาคารออมสินภาค 13,สินเชื่อเคหะ,DCO2026,2026-08-28 09:00:00,marketing.gsb,GSB_final_lead_list_2026-08-28.xlsx
TL004166,31 - 40,"04. 20,001-30,000",ประกอบวิชาชีพเฉพาะ,ธนาคารออมสินภาค 13,สินเชื่อเคหะ,DCO2026,2026-08-28 09:00:00,marketing.gsb,GSB_final_lead_list_2026-08-28.xlsx
TL004167,20 - 30,"06. 40,001-50,000",ประกอบอาชีพอิสระ,ธนาคารออมสินภาค 12,สินเชื่อเคหะ,DCO2026,2026-08-28 09:00:00,marketing.gsb,GSB_final_lead_list_2026-08-28.xlsx
TL004168,65 Up,"04. 20,001-30,000",พนักงานและลูกจ้างในบริษัท,ธนาคารออมสินภาค 1,สินเชื่อเคหะ,DCO2026,2026-08-28 09:00:00,marketing.gsb,GSB_final_lead_list_2026-08-28.xlsx
TL004169,31 - 40,"05. 30,001-40,000",พนักงานและลูกจ้างในบริษัท,ธนาคารออมสินภาค 13,สินเชื่อเคหะ,DCO2026,2026-08-28 09:00:00,marketing.gsb,GSB_final_lead_list_2026-08-28.xlsx
TL004170,31 - 40,"02. 5,001-10,000",พนักงานและลูกจ้างในบริษัท,ธนาคารออมสินภาค 13,สินเชื่อเคหะ,DCO2026,2026-08-28 09:00:00,marketing.gsb,GSB_final_lead_list_2026-08-28.xlsx
TL004171,41 - 50,"02. 5,001-10,000",พนักงานและลูกจ้างในบริษัท,ธนาคารออมสินภาค 13,สินเชื่อเคหะ,DCO2026,2026-08-28 09:00:00,marketing.gsb,GSB_final_lead_list_2026-08-28.xlsx
TL004172,20 - 30,"05. 30,001-40,000",ประกอบอาชีพอิสระ,ธนาคารออมสินภาค 13,สินเชื่อเคหะ,DCO2026,2026-08-28 09:00:00,marketing.gsb,GSB_final_lead_list_2026-08-28.xlsx
TL004173,51 - 60,"01. 0-5,000",ประกอบวิชาชีพเฉพาะ,ธนาคารออมสินภาค 1,สินเชื่อเคหะ,DCO2026,2026-08-28 09:00:00,marketing.gsb,GSB_final_lead_list_2026-08-28.xlsx
TL004174,51 - 60,"04. 20,001-30,000",ผู้รับจ้างทั่วไป / ผู้ใช้แรงงาน,ธนาคารออมสินภาค 10,สินเชื่อเคหะ,DCO2026,2026-08-28 09:00:00,marketing.gsb,GSB_final_lead_list_2026-08-28.xlsx
TL004175,20 - 30,"05. 30,001-40,000",ข้าราชการและลูกจ้างในหน่วยงานของรัฐ,ธนาคารออมสินภาค 13,สินเชื่อเคหะ,DCO2026,2026-08-28 09:00:00,marketing.gsb,GSB_final_lead_list_2026-08-28.xlsx
TL004176,20 - 30,"04. 20,001-30,000",ผู้ประกอบธุรกิจ / เจ้าของกิจการ,ธนาคารออมสินภาค 13,สินเชื่อเคหะ,DCO2026,2026-08-28 09:00:00,marketing.gsb,GSB_final_lead_list_2026-08-28.xlsx
TL004177,41 - 50,"04. 20,001-30,000",พนักงานและลูกจ้างในบริษัท,ธนาคารออมสินภาค 10,สินเชื่อเคหะ,DCO2026,2026-08-28 09:00:00,marketing.gsb,GSB_final_lead_list_2026-08-28.xlsx
TL004178,41 - 50,"05. 30,001-40,000",ประกอบวิชาชีพเฉพาะ,ธนาคารออมสินภาค 13,สินเชื่อเคหะ,DCO2026,2026-08-28 09:00:00,marketing.gsb,GSB_final_lead_list_2026-08-28.xlsx
TL004179,51 - 60,"02. 5,001-10,000",ประกอบอาชีพอิสระ,ธนาคารออมสินภาค 11,สินเชื่อเคหะ,DCO2026,2026-08-28 09:00:00,marketing.gsb,GSB_final_lead_list_2026-08-28.xlsx
TL004180,31 - 40,"06. 40,001-50,000",ประกอบวิชาชีพเฉพาะ,ธนาคารออมสินภาค 13,สินเชื่อเคหะ,DCO2026,2026-08-28 09:00:00,marketing.gsb,GSB_final_lead_list_2026-08-28.xlsx
TL004181,61 - 65,"05. 30,001-40,000",พนักงานและลูกจ้างในบริษัท,ธนาคารออมสินภาค 13,สินเชื่อเคหะ,DCO2026,2026-08-28 09:00:00,marketing.gsb,GSB_final_lead_list_2026-08-28.xlsx
TL004182,51 - 60,"04. 20,001-30,000",ประกอบวิชาชีพเฉพาะ,ธนาคารออมสินภาค 1,สินเชื่อเคหะ,DCO2026,2026-08-28 09:00:00,marketing.gsb,GSB_final_lead_list_2026-08-28.xlsx
TL004183,31 - 40,"01. 0-5,000",ผู้ประกอบธุรกิจ / เจ้าของกิจการ,ธนาคารออมสินภาค 10,สินเชื่อเคหะ,DCO2026,2026-08-28 09:00:00,marketing.gsb,GSB_final_lead_list_2026-08-28.xlsx
TL004184,20 - 30,"02. 5,001-10,000",ประกอบอาชีพอิสระ,ธนาคารออมสินภาค 12,สินเชื่อเคหะ,DCO2026,2026-08-28 09:00:00,marketing.gsb,GSB_final_lead_list_2026-08-28.xlsx
TL004185,41 - 50,"05. 30,001-40,000",พนักงานและลูกจ้างในหน่วยงานรัฐวิสาหกิจ,ธนาคารออมสินภาค 12,สินเชื่อเคหะ,DCO2026,2026-08-28 09:00:00,marketing.gsb,GSB_final_lead_list_2026-08-28.xlsx
TL004186,51 - 60,"04. 20,001-30,000",ผู้ประกอบธุรกิจ / เจ้าของกิจการ,ธนาคารออมสินภาค 12,สินเชื่อเคหะ,DCO2026,2026-08-28 09:00:00,marketing.gsb,GSB_final_lead_list_2026-08-28.xlsx
TL004187,Under 20,"02. 5,001-10,000",ผู้ประกอบธุรกิจ / เจ้าของกิจการ,ธนาคารออมสินภาค 13,สินเชื่อเคหะ,DCO2026,2026-08-28 09:00:00,marketing.gsb,GSB_final_lead_list_2026-08-28.xlsx
TL004188,20 - 30,"05. 30,001-40,000",พนักงานและลูกจ้างในหน่วยงานรัฐวิสาหกิจ,ธนาคารออมสินภาค 1,สินเชื่อเคหะ,DCO2026,2026-08-28 09:00:00,marketing.gsb,GSB_final_lead_list_2026-08-28.xlsx
TL004189,41 - 50,"06. 40,001-50,000",ผู้ประกอบธุรกิจ / เจ้าของกิจการ,ธนาคารออมสินภาค 10,สินเชื่อเคหะ,DCO2026,2026-08-28 09:00:00,marketing.gsb,GSB_final_lead_list_2026-08-28.xlsx
TL004190,20 - 30,"03. 10,001-20,000",พนักงานและลูกจ้างในหน่วยงานรัฐวิสาหกิจ,ธนาคารออมสินภาค 13,สินเชื่อเคหะ,DCO2026,2026-08-28 09:00:00,marketing.gsb,GSB_final_lead_list_2026-08-28.xlsx
TL004191,41 - 50,"01. 0-5,000",พนักงานและลูกจ้างในหน่วยงานรัฐวิสาหกิจ,ธนาคารออมสินภาค 11,สินเชื่อเคหะ,DCO2026,2026-08-28 09:00:00,marketing.gsb,GSB_final_lead_list_2026-08-28.xlsx
TL004192,20 - 30,"04. 20,001-30,000",ข้าราชการและลูกจ้างในหน่วยงานของรัฐ,ธนาคารออมสินภาค 11,สินเชื่อเคหะ,DCO2026,2026-08-28 09:00:00,marketing.gsb,GSB_final_lead_list_2026-08-28.xlsx
TL004193,41 - 50,"04. 20,001-30,000",ผู้ประกอบธุรกิจ / เจ้าของกิจการ,ธนาคารออมสินภาค 11,สินเชื่อเคหะ,DCO2026,2026-08-28 09:00:00,marketing.gsb,GSB_final_lead_list_2026-08-28.xlsx
TL004194,20 - 30,"05. 30,001-40,000",พนักงานและลูกจ้างในบริษัท,ธนาคารออมสินภาค 12,สินเชื่อเคหะ,DCO2026,2026-08-28 09:00:00,marketing.gsb,GSB_final_lead_list_2026-08-28.xlsx
TL004195,41 - 50,"05. 30,001-40,000",ข้าราชการและลูกจ้างในหน่วยงานของรัฐ,ธนาคารออมสินภาค 1,สินเชื่อเคหะ,DCO2026,2026-08-28 09:00:00,marketing.gsb,GSB_final_lead_list_2026-08-28.xlsx
TL004196,20 - 30,"06. 40,001-50,000",ข้าราชการและลูกจ้างในหน่วยงานของรัฐ,ธนาคารออมสินภาค 13,สินเชื่อเคหะ,DCO2026,2026-08-28 09:00:00,marketing.gsb,GSB_final_lead_list_2026-08-28.xlsx
TL004197,31 - 40,"03. 10,001-20,000",ข้าราชการและลูกจ้างในหน่วยงานของรัฐ,ธนาคารออมสินภาค 10,สินเชื่อเคหะ,DCO2026,2026-08-28 09:00:00,marketing.gsb,GSB_final_lead_list_2026-08-28.xlsx
TL004198,31 - 40,"02. 5,001-10,000",ข้าราชการและลูกจ้างในหน่วยงานของรัฐ,ธนาคารออมสินภาค 1,สินเชื่อเคหะ,DCO2026,2026-08-28 09:00:00,marketing.gsb,GSB_final_lead_list_2026-08-28.xlsx
TL004199,20 - 30,"05. 30,001-40,000",ผู้รับจ้างทั่วไป / ผู้ใช้แรงงาน,ธนาคารออมสินภาค 13,สินเชื่อเคหะ,DCO2026,2026-08-28 09:00:00,marketing.gsb,GSB_final_lead_list_2026-08-28.xlsx
